date,os_type,campaign_name,campaign_id,spend,impressions,clicks,backend_orders,backend_gmv,product,cpm,cpc,ctr,cpa_purchase,aov,backend_roi
2026-05-29,ANDROID,dhgate_dpa-and_US_ACT&Nopay 30D_purchase_IAP_Kelsey_20260511,M0ZXR7rklCeN7J9o,72.47,43904,1166,6,327.11,dpa-and,1.65064686588921,0.0621526586620926,0.026557944606414,12.0783333333333,54.5183333333333,4.51372981923555
2026-05-30,IOS,dhgate_product318_T1_Purchase 30D_purchase_IAP_Kelsey_20260428,mayu0PGeMJEYQhWJ,100.65,7193,753,37,1592.17,product318,13.9927707493396,0.133665338645418,0.104685110524121,2.72027027027027,43.0316216216216,15.8188772975658
2026-05-30,IOS,dhgate_product317_UK_ACT&Nopay 30D_purchase_IAP_Kelsey_20260427,H9HAtL9q0yyc4Gdy,85.51,3614,832,30,1088.06,product317,23.6607636967349,0.102776442307692,0.23021582733813,2.85033333333333,36.2686666666667,12.7243597240089
2026-05-30,ANDROID,dhgate_product317_UK_ACT&Nopay 30D_purchase_IAP_Kelsey_20260427,tDzMEZEldS4Kei0r,48.38,2267,831,26,727.59,product317,21.3409792677547,0.0582190132370638,0.366563740626379,1.86076923076923,27.9842307692308,15.0390657296403
2026-05-30,ANDROID,dhgate_product317_FR_ACT&Nopay 30D_purchase_IAP_Kelsey_20260526,zbor8ujPF081oChW,46.03,4538,1498,6,190.8,product317,10.1432349052446,0.0307276368491322,0.330101366240635,7.67166666666667,31.8,4.14512274603519
2026-05-30,IOS,dhgate_product317_CA_ACT&Nopay 30D_purchase_IAP_Kelsey_20260526,cvR7ymoBxgm2d26z,32.16,990,430,2,128.51,product317,32.4848484848485,0.0747906976744186,0.434343434343434,16.08,64.255,3.99595771144279
2026-05-30,ANDROID,dhgate_product315_UK_ACT&Nopay 30D_purchase_IAP_Kelsey_20260425,bedUOEtGfoRFbmze,50.35,5808,651,22,863.33,product315,8.66907713498623,0.0773425499231951,0.112086776859504,2.28863636363636,39.2422727272727,17.1465739821251
2026-05-30,IOS,dhgate_product314_UK_Purchase 30D_purchase_IAP_Kelsey_20260424,NmHyz3ZrSwNTmf0j,50.19,2015,356,6,298.06,product314,24.9081885856079,0.140983146067416,0.176674937965261,8.365,49.6766666666667,5.93863319386332
2026-05-30,IOS,dhgate_product319_US_Purchase 30D_purchase_IAP_Kelsey_20260429,SGOG7us7fBY7c5lH,50.19,3509,446,15,1110.49,product319,14.3032202906811,0.112533632286996,0.127101738387005,3.346,74.0326666666667,22.1257222554294
2026-05-30,IOS,dhgate_product301_US_ACT&Nopay 30D_purchase_IAP_Kelsey_20260422,OG6WHvKPBaUM1wDo,50.16,6177,495,6,249.95,product301,8.1204468188441,0.101333333333333,0.0801359883438562,8.36,41.6583333333333,4.98305422647528
2026-05-30,IOS,dhgate_product300_T1_Purchase 30D_purchase_IAP_Kelsey_20260421,wGMfDvBHm0s02IeZ,50.57,6439,402,10,357.36,product300,7.853703991303,0.125796019900498,0.0624320546668737,5.057,35.736,7.06664030057346
2026-05-30,ANDROID,dhgate_product148_T1_Purchase 30D_purchase_IAP_Kelsey_20260415,dVlitdxzfmXStKCR,97.8,10357,961,36,1502.5,product148,9.44288886743265,0.101768990634755,0.0927874867239548,2.71666666666667,41.7361111111111,15.3629856850716
2026-05-30,IOS,dhgate_product138_FR_ACT&Nopay 30D_purchase_IAP_Kelsey_20260403,zNcB24si9mbzBPed,92.14,9742,1215,24,1952.25,product138,9.4580168343256,0.0758353909465021,0.124717717101211,3.83916666666667,81.34375,21.1878662904276
2026-05-30,IOS,dhgate_product137_US_Purchase 30D_purchase_IAP_Kelsey_20260402,Eo7scqEETcYxo6WH,50.17,3221,235,3,808.99,product137,15.5759081030736,0.213489361702128,0.0729587084756287,16.7233333333333,269.663333333333,16.124975084712
2026-05-30,IOS,dhgate_product121_US_Purchase 30D_purchase_IAP_Kelsey_20260222,HGuWXrsF7XcJ6CCt,50.13,3415,251,22,876.38,product121,14.6793557833089,0.199721115537849,0.0734992679355783,2.27863636363636,39.8354545454545,17.4821464193098
2026-05-30,IOS,dhgate_dpa-ios_US_ACT&Nopay 30D_purchase_IAP_Kelsey_20260515,y55faIMh7doL5RvO,100.12,146234,819,21,661.39,dpa-ios,0.684656099128794,0.122246642246642,0.00560061271660489,4.76761904761905,31.4947619047619,6.60597283260088
2026-05-30,ANDROID,dhgate_dpa-and_US_ACT&Nopay 30D_purchase_IAP_Kelsey_20260511,M0ZXR7rklCeN7J9o,50.5,24689,1106,11,400.49,dpa-and,2.04544534002997,0.0456600361663653,0.0447972781400624,4.59090909090909,36.4081818181818,7.93049504950495
2026-05-30,ANDROID,dhgate_product301_US_ACT&Nopay 30D_purchase_IAP_Kelsey_20260422,uNF1ALuKQFoHzngn,92.81,3414,1536,7,320.82,product301,27.1851200937317,0.0604231770833333,0.449912126537786,13.2585714285714,45.8314285714286,3.45673957547678
2026-05-30,ANDROID,dhgate_product321_US_Purchase 30D_purchase_IAP_Kelsey_20260502,REqYVaM8BdMh2U81,42.25,1760,311,7,442.55,product321,24.0056818181818,0.135852090032154,0.176704545454545,6.03571428571429,63.2214285714286,10.4745562130178
2026-05-30,IOS,dhgate_product367_UK_Purchase 30D_purchase_IAP_Kelsey_20260530,B6nfe2NZpKCjpgca,0.06,4,3,0,0.0,product367,15.0,0.02,0.75,,,0.0
2026-05-30,ANDROID,dhgate_product322_US_Purchase 30D_purchase_IAP_Kelsey_20260504,UEOt0CeUKtYLfLaH,50.36,2601,330,8,237.59,product322,19.361783929258,0.152606060606061,0.126874279123414,6.295,29.69875,4.71783161239079
2026-05-30,ANDROID,dhgate_product366_UK_Purchase 30D_purchase_IAP_Kelsey_20260529,tlDSznDFDWyzbPVr,33.49,1261,457,6,112.35,product366,26.558287073751,0.0732822757111597,0.362410785091197,5.58166666666667,18.725,3.35473275604658
2026-05-30,IOS,dhgate_product366_UK_Purchase 30D_purchase_IAP_Kelsey_20260529,AuNEgf9zqO65aSdr,39.32,879,455,9,231.42,product366,44.7326507394767,0.0864175824175824,0.517633674630262,4.36888888888889,25.7133333333333,5.88555442522889
2026-05-30,IOS,dhgate_product365_US_Purchase 30D_purchase_IAP_Kelsey_20260528,gisdp4kMGc6WK5GP,50.13,1039,466,7,279.76,product365,48.2483156881617,0.107575107296137,0.448508180943215,7.16142857142857,39.9657142857143,5.58069020546579
2026-05-30,ANDROID,dhgate_product365_US_Purchase 30D_purchase_IAP_Kelsey_20260528,WNhjy86kVGDJDol3,43.58,2061,349,0,0.0,product365,21.1450752062106,0.12487106017192,0.169335274138768,,,0.0
2026-05-30,ANDROID,dhgate_product364_US_Purchase 30D_purchase_IAP_Kelsey_20260527,QXrf4REyep7GNYPS,44.07,1330,314,0,0.0,product364,33.1353383458647,0.140350318471338,0.23609022556391,,,0.0
2026-05-30,IOS,dhgate_product364_US_Purchase 30D_purchase_IAP_Kelsey_20260527,qX4oco28gDbrpBri,50.18,1005,443,7,278.84,product364,49.9303482587065,0.113273137697517,0.440796019900498,7.16857142857143,39.8342857142857,5.55679553607015
2026-05-30,ANDROID,dhgate_product359_UK_ACT&Nopay 30D_purchase_IAP_Kelsey_20260523,RWeVcrW8HneV8sUj,41.95,2410,814,15,610.39,product359,17.4066390041494,0.0515356265356265,0.337759336099585,2.79666666666667,40.6926666666667,14.5504171632896
2026-05-30,IOS,dhgate_product357_UK_ACT&Nopay 30D_purchase_IAP_Kelsey_20260521,secYrwGRxGvE22kr,42.68,1157,649,11,588.36,product357,36.8885047536733,0.0657627118644068,0.560933448573898,3.88,53.4872727272727,13.7853795688847
2026-05-30,IOS,dhgate_product321_US_Purchase 30D_purchase_IAP_Kelsey_20260502,ihMCrglFMezOy59I,50.11,4143,234,1,22.49,product321,12.0951001689597,0.214145299145299,0.056480811006517,50.11,22.49,0.448812612253043
2026-05-30,IOS,dhgate_product350_US_Purchase 30D_purchase_IAP_Kelsey_20260517,eZwoS7yMwcYqxbzm,50.58,903,451,19,616.23,product350,56.0132890365449,0.112150776053215,0.499446290143965,2.66210526315789,32.4331578947368,12.1832740213523
2026-05-30,IOS,dhgate_product340_US_Purchase 30D_purchase_IAP_Kelsey_20260516,yznk4uz7IRlNu5TH,50.22,1072,453,17,643.89,product340,46.8470149253731,0.110860927152318,0.422574626865672,2.95411764705882,37.8758823529412,12.8213859020311
2026-05-30,IOS,dhgate_product338_T1_ACT&Nopay 30D_purchase_IAP_Kelsey_20260515,aiZBaGOKYFBuq0Ps,39.42,2392,1211,13,664.96,product338,16.4799331103679,0.0325516102394715,0.506270903010033,3.03230769230769,51.1507692307692,16.8685946220193
2026-05-30,ANDROID,dhgate_product337_T1_ACT&Nopay 30D_purchase_IAP_Kelsey_20260513,Hi3okRpzvLX7H2oQ,50.29,5362,1753,6,291.87,product337,9.37896307348004,0.028687963491158,0.326930249906751,8.38166666666667,48.645,5.80373831775701
2026-05-30,IOS,dhgate_product337_T1_ACT&Nopay 30D_purchase_IAP_Kelsey_20260513,pMbmqjxpXWy9uySH,50.16,6638,709,8,276.61,product337,7.55649291955408,0.0707475317348378,0.106809279903585,6.27,34.57625,5.51455342902711
2026-05-30,IOS,dhgate_product336_T1_Purchase 30D_purchase_IAP_Kelsey_20260512,IbA1O59ht1JcwImf,50.22,3162,469,16,539.7,product336,15.8823529411765,0.107078891257996,0.148323845667299,3.13875,33.73125,10.7467144563919
2026-05-30,ANDROID,dhgate_product332_T1_Purchase 30D_purchase_IAP_Kelsey_20260511,xRPnz3ozCwa6ycwg,50.16,7831,718,13,479.97,product332,6.40531222066147,0.0698607242339833,0.091686885455242,3.85846153846154,36.9207692307692,9.56877990430622
2026-05-30,IOS,dhgate_product326_US_ACT&Nopay 30D_purchase_IAP_Kelsey_20260506,zMf9PKJzCf4uVI7T,49.39,1319,726,10,434.44,product326,37.4450341167551,0.068030303030303,0.550416982562547,4.939,43.444,8.79611257339542
2026-05-30,ANDROID,dhgate_product351_US_Purchase 30D_purchase_IAP_Kelsey_20260518,QTLyTb1PbE3fo5hj,50.73,1844,329,4,124.41,product351,27.5108459869848,0.15419452887538,0.178416485900217,12.6825,31.1025,2.45239503252513
2026-05-31,IOS,dhgate_product317_CA_ACT&Nopay 30D_purchase_IAP_Kelsey_20260526,cvR7ymoBxgm2d26z,34.21,889,425,4,153.18,product317,38.4814398200225,0.0804941176470588,0.478065241844769,8.5525,38.295,4.4776381175095
2026-05-31,ANDROID,dhgate_product317_FR_ACT&Nopay 30D_purchase_IAP_Kelsey_20260526,zbor8ujPF081oChW,42.06,3667,1407,14,681.65,product317,11.469866375784,0.0298933901918977,0.383692391600764,3.00428571428571,48.6892857142857,16.2066096053257
2026-05-31,IOS,dhgate_product319_US_Purchase 30D_purchase_IAP_Kelsey_20260429,SGOG7us7fBY7c5lH,50.37,3795,396,14,559.46,product319,13.2727272727273,0.12719696969697,0.104347826086957,3.59785714285714,39.9614285714286,11.1070081397657
2026-05-31,IOS,dhgate_product317_UK_ACT&Nopay 30D_purchase_IAP_Kelsey_20260427,H9HAtL9q0yyc4Gdy,100.3,3836,791,23,597.99,product317,26.1470281543274,0.126801517067004,0.206204379562044,4.36086956521739,25.9995652173913,5.96201395812562
2026-05-31,IOS,dhgate_product318_T1_Purchase 30D_purchase_IAP_Kelsey_20260428,mayu0PGeMJEYQhWJ,100.33,8502,699,32,1377.93,product318,11.8007527640555,0.143533619456366,0.0822159491884263,3.1353125,43.0603125,13.733977873019
2026-05-31,ANDROID,dhgate_product315_UK_ACT&Nopay 30D_purchase_IAP_Kelsey_20260425,bedUOEtGfoRFbmze,50.23,6407,648,12,504.53,product315,7.83986265022632,0.0775154320987654,0.101139378804433,4.18583333333333,42.0441666666667,10.0443957794147
2026-05-31,ANDROID,dhgate_product317_UK_ACT&Nopay 30D_purchase_IAP_Kelsey_20260427,tDzMEZEldS4Kei0r,50.38,2073,792,20,645.42,product317,24.3029425952726,0.0636111111111111,0.38205499276411,2.519,32.271,12.8110361254466
2026-05-31,IOS,dhgate_product314_UK_Purchase 30D_purchase_IAP_Kelsey_20260424,NmHyz3ZrSwNTmf0j,50.28,2127,334,15,468.35,product314,23.638928067701,0.150538922155689,0.157028678890456,3.352,31.2233333333333,9.3148369132856
2026-05-31,IOS,dhgate_product138_FR_ACT&Nopay 30D_purchase_IAP_Kelsey_20260403,zNcB24si9mbzBPed,100.56,11934,1267,20,722.3,product138,8.42634489693313,0.0793685872138911,0.106167253226077,5.028,36.115,7.18277645186953
2026-05-31,ANDROID,dhgate_product301_US_ACT&Nopay 30D_purchase_IAP_Kelsey_20260422,uNF1ALuKQFoHzngn,84.8,3338,1596,5,408.4,product301,25.4044337926902,0.0531328320802005,0.47813061713601,16.96,81.68,4.81603773584906
2026-05-31,IOS,dhgate_product300_T1_Purchase 30D_purchase_IAP_Kelsey_20260421,wGMfDvBHm0s02IeZ,50.2,7302,363,12,627.73,product300,6.87482881402356,0.138292011019284,0.0497124075595727,4.18333333333333,52.3108333333333,12.5045816733068
2026-05-31,ANDROID,dhgate_product148_T1_Purchase 30D_purchase_IAP_Kelsey_20260415,dVlitdxzfmXStKCR,96.53,10476,859,37,1488.23,product148,9.21439480717831,0.112374854481956,0.0819969453990073,2.60891891891892,40.2224324324324,15.4172796021962
2026-05-31,IOS,dhgate_product137_US_Purchase 30D_purchase_IAP_Kelsey_20260402,Eo7scqEETcYxo6WH,50.46,4120,238,1,35.84,product137,12.247572815534,0.212016806722689,0.0577669902912621,50.46,35.84,0.710265556876734
2026-05-31,IOS,dhgate_product121_US_Purchase 30D_purchase_IAP_Kelsey_20260222,HGuWXrsF7XcJ6CCt,50.27,3785,234,13,520.56,product121,13.2813738441215,0.21482905982906,0.0618229854689564,3.86692307692308,40.0430769230769,10.355281480008
2026-05-31,IOS,dhgate_dpa-ios_US_ACT&Nopay 30D_purchase_IAP_Kelsey_20260515,y55faIMh7doL5RvO,100.13,167652,672,4,272.75,dpa-ios,0.597249063536373,0.149002976190476,0.0040083029131773,25.0325,68.1875,2.72395885349046
2026-05-31,ANDROID,dhgate_dpa-and_US_ACT&Nopay 30D_purchase_IAP_Kelsey_20260511,M0ZXR7rklCeN7J9o,50.19,31984,1358,9,359.13,dpa-and,1.56922211105553,0.0369587628865979,0.0424587293646823,5.57666666666667,39.9033333333333,7.15540944411237
2026-05-31,ANDROID,dhgate_product321_US_Purchase 30D_purchase_IAP_Kelsey_20260502,REqYVaM8BdMh2U81,50.19,4124,339,4,329.99,product321,12.1702230843841,0.148053097345133,0.0822017458777886,12.5475,82.4975,6.57481570033871
2026-05-31,IOS,dhgate_product301_US_ACT&Nopay 30D_purchase_IAP_Kelsey_20260422,OG6WHvKPBaUM1wDo,50.25,7085,501,12,472.91,product301,7.0924488355681,0.100299401197605,0.0707127734650671,4.1875,39.4091666666667,9.41114427860697
2026-05-31,IOS,dhgate_product321_US_Purchase 30D_purchase_IAP_Kelsey_20260502,ihMCrglFMezOy59I,50.54,4749,247,13,791.93,product321,10.6422404716782,0.204615384615385,0.0520109496736155,3.88769230769231,60.9176923076923,15.6693707954096
2026-05-31,ANDROID,dhgate_product322_US_Purchase 30D_purchase_IAP_Kelsey_20260504,UEOt0CeUKtYLfLaH,50.79,3276,329,11,606.57,product322,15.503663003663,0.154376899696049,0.10042735042735,4.61727272727273,55.1427272727273,11.9427052569403
2026-05-31,ANDROID,dhgate_product368_T1_Purchase 30D_purchase_IAP_Kelsey_20260531,b3s2CGS3sMxfFWgV,11.3,680,261,1,20.58,product368,16.6176470588235,0.0432950191570881,0.383823529411765,11.3,20.58,1.8212389380531
2026-05-31,IOS,dhgate_product326_US_ACT&Nopay 30D_purchase_IAP_Kelsey_20260506,zMf9PKJzCf4uVI7T,39.36,1069,633,8,465.58,product326,36.8194574368569,0.0621800947867299,0.592142188961646,4.92,58.1975,11.8287601626016
2026-05-31,IOS,dhgate_product368_T1_Purchase 30D_purchase_IAP_Kelsey_20260531,Ta2k2BeVyS7dWN4n,16.45,679,342,2,44.05,product368,24.2268041237113,0.0480994152046784,0.503681885125184,8.225,22.025,2.67781155015198
2026-05-31,ANDROID,dhgate_product367_UK_Purchase 30D_purchase_IAP_Kelsey_20260530,AsUotp8z2P369W1o,27.74,1429,523,5,120.44,product367,19.4121763470959,0.0530401529636711,0.365990202939118,5.548,24.088,4.34174477289113
2026-05-31,IOS,dhgate_product367_UK_Purchase 30D_purchase_IAP_Kelsey_20260530,B6nfe2NZpKCjpgca,49.65,1156,577,0,0.0,product367,42.9498269896194,0.0860485268630849,0.499134948096886,,,0.0
2026-05-31,IOS,dhgate_product366_UK_Purchase 30D_purchase_IAP_Kelsey_20260529,AuNEgf9zqO65aSdr,48.36,950,442,6,140.79,product366,50.9052631578947,0.109411764705882,0.465263157894737,8.06,23.465,2.91129032258065
2026-05-31,ANDROID,dhgate_product366_UK_Purchase 30D_purchase_IAP_Kelsey_20260529,tlDSznDFDWyzbPVr,30.97,1180,366,8,280.99,product366,26.2457627118644,0.0846174863387978,0.310169491525424,3.87125,35.12375,9.07297384565709
2026-05-31,IOS,dhgate_product365_US_Purchase 30D_purchase_IAP_Kelsey_20260528,gisdp4kMGc6WK5GP,50.92,1122,442,4,220.09,product365,45.3832442067736,0.115203619909502,0.393939393939394,12.73,55.0225,4.32227022780833
2026-05-31,IOS,dhgate_product364_US_Purchase 30D_purchase_IAP_Kelsey_20260527,qX4oco28gDbrpBri,50.12,1101,441,8,360.65,product364,45.5222524977293,0.113650793650794,0.400544959128065,6.265,45.08125,7.19573024740623
2026-05-31,ANDROID,dhgate_product364_US_Purchase 30D_purchase_IAP_Kelsey_20260527,QXrf4REyep7GNYPS,50.36,1723,370,2,42.69,product364,29.2280905397562,0.136108108108108,0.214741729541497,25.18,21.345,0.847696584590945
2026-05-31,ANDROID,dhgate_product365_US_Purchase 30D_purchase_IAP_Kelsey_20260528,WNhjy86kVGDJDol3,50.06,1309,407,4,126.38,product365,38.2429335370512,0.122997542997543,0.310924369747899,12.515,31.595,2.52457051538154
2026-05-31,IOS,dhgate_product357_UK_ACT&Nopay 30D_purchase_IAP_Kelsey_20260521,secYrwGRxGvE22kr,50.32,1198,675,13,451.14,product357,42.0033388981636,0.0745481481481482,0.563439065108514,3.87076923076923,34.7030769230769,8.9654213036566
2026-05-31,ANDROID,dhgate_product359_UK_ACT&Nopay 30D_purchase_IAP_Kelsey_20260523,RWeVcrW8HneV8sUj,46.57,2706,944,3,117.48,product359,17.209903917221,0.0493326271186441,0.348854397634885,15.5233333333333,39.16,2.52265406914323
2026-05-31,IOS,dhgate_product336_T1_Purchase 30D_purchase_IAP_Kelsey_20260512,IbA1O59ht1JcwImf,50.18,3142,419,13,450.16,product336,15.9707192870783,0.119761336515513,0.133354551241248,3.86,34.6276923076923,8.97090474292547
2026-05-31,IOS,dhgate_product337_T1_ACT&Nopay 30D_purchase_IAP_Kelsey_20260513,pMbmqjxpXWy9uySH,50.17,8572,683,20,1515.3,product337,5.8527764815679,0.0734553440702782,0.0796780214652357,2.5085,75.765,30.2033087502492
2026-05-31,ANDROID,dhgate_product337_T1_ACT&Nopay 30D_purchase_IAP_Kelsey_20260513,Hi3okRpzvLX7H2oQ,42.28,4283,1685,14,446.54,product337,9.87158533738034,0.0250919881305638,0.393415830025683,3.02,31.8957142857143,10.5614947965941
2026-05-31,ANDROID,dhgate_product332_T1_Purchase 30D_purchase_IAP_Kelsey_20260511,xRPnz3ozCwa6ycwg,50.17,7745,562,5,186.02,product332,6.47772756617172,0.089270462633452,0.0725629438347321,10.034,37.204,3.70779350209288
2026-05-31,IOS,dhgate_product340_US_Purchase 30D_purchase_IAP_Kelsey_20260516,yznk4uz7IRlNu5TH,50.06,1089,506,21,662.78,product340,45.9687786960514,0.0989328063241107,0.464646464646465,2.38380952380952,31.5609523809524,13.2397123451858
2026-05-31,IOS,dhgate_product350_US_Purchase 30D_purchase_IAP_Kelsey_20260517,eZwoS7yMwcYqxbzm,50.38,853,400,17,586.77,product350,59.0621336459555,0.12595,0.468933177022274,2.96352941176471,34.5158823529412,11.6468836840016
2026-05-31,ANDROID,dhgate_product351_US_Purchase 30D_purchase_IAP_Kelsey_20260518,QTLyTb1PbE3fo5hj,50.07,1041,333,5,262.69,product351,48.0979827089337,0.15036036036036,0.319884726224784,10.014,52.538,5.24645496305173
2026-05-31,IOS,dhgate_product338_T1_ACT&Nopay 30D_purchase_IAP_Kelsey_20260515,aiZBaGOKYFBuq0Ps,33.72,2571,920,7,318.14,product338,13.1155192532089,0.0366521739130435,0.357837417347336,4.81714285714286,45.4485714285714,9.43475682087782
2026-06-01,ANDROID,dhgate_product315_UK_ACT&Nopay 30D_purchase_IAP_Kelsey_20260425,bedUOEtGfoRFbmze,48.39,5659,705,11,452.21,product315,8.5509807386464,0.0686382978723404,0.124580314543206,4.39909090909091,41.11,9.34511262657574
2026-06-01,ANDROID,dhgate_product321_US_Purchase 30D_purchase_IAP_Kelsey_20260502,REqYVaM8BdMh2U81,50.1,2854,353,4,122.64,product321,17.5543097407148,0.141926345609065,0.123686054660126,12.525,30.66,2.44790419161677
2026-06-01,IOS,dhgate_product319_US_Purchase 30D_purchase_IAP_Kelsey_20260429,SGOG7us7fBY7c5lH,50.66,3131,432,28,1054.0,product319,16.1801341424465,0.117268518518519,0.137975087831364,1.80928571428571,37.6428571428571,20.8053691275168
2026-06-01,IOS,dhgate_product318_T1_Purchase 30D_purchase_IAP_Kelsey_20260428,mayu0PGeMJEYQhWJ,100.57,6786,759,52,2429.26,product318,14.8202180960802,0.132503293807642,0.11184792219275,1.93403846153846,46.7165384615385,24.1549169732525
2026-06-01,IOS,dhgate_product317_UK_ACT&Nopay 30D_purchase_IAP_Kelsey_20260427,H9HAtL9q0yyc4Gdy,100.58,3621,867,16,520.36,product317,27.7768572217619,0.1160092272203,0.23943661971831,6.28625,32.5225,5.17359315967389
2026-06-01,ANDROID,dhgate_product317_UK_ACT&Nopay 30D_purchase_IAP_Kelsey_20260427,tDzMEZEldS4Kei0r,42.27,1753,670,20,790.23,product317,24.1129492298916,0.063089552238806,0.382201939532231,2.1135,39.5115,18.694819020582
2026-06-01,ANDROID,dhgate_product317_FR_ACT&Nopay 30D_purchase_IAP_Kelsey_20260526,zbor8ujPF081oChW,45.44,4496,1684,17,793.39,product317,10.1067615658363,0.0269833729216152,0.374555160142349,2.67294117647059,46.67,17.4601672535211
2026-06-01,IOS,dhgate_product317_CA_ACT&Nopay 30D_purchase_IAP_Kelsey_20260526,cvR7ymoBxgm2d26z,22.91,708,308,0,0.0,product317,32.3587570621469,0.0743831168831169,0.435028248587571,,,0.0
2026-06-01,IOS,dhgate_product314_UK_Purchase 30D_purchase_IAP_Kelsey_20260424,NmHyz3ZrSwNTmf0j,50.34,2015,353,12,391.19,product314,24.9826302729529,0.142606232294618,0.175186104218362,4.195,32.5991666666667,7.7709574890743
2026-06-01,IOS,dhgate_product321_US_Purchase 30D_purchase_IAP_Kelsey_20260502,ihMCrglFMezOy59I,50.03,4521,218,8,321.21,product321,11.0661358106614,0.229495412844037,0.0482194204821942,6.25375,40.15125,6.4203477913252
2026-06-01,ANDROID,dhgate_product301_US_ACT&Nopay 30D_purchase_IAP_Kelsey_20260422,uNF1ALuKQFoHzngn,85.52,3482,1617,12,595.83,product301,24.5605973578403,0.0528880643166357,0.464388282596209,7.12666666666667,49.6525,6.96714218896165
2026-06-01,IOS,dhgate_product300_T1_Purchase 30D_purchase_IAP_Kelsey_20260421,wGMfDvBHm0s02IeZ,50.27,4903,358,15,564.42,product300,10.2529063838466,0.140418994413408,0.0730165204976545,3.35133333333333,37.628,11.2277700417744
2026-06-01,ANDROID,dhgate_product148_T1_Purchase 30D_purchase_IAP_Kelsey_20260415,dVlitdxzfmXStKCR,100.5,11020,952,11,479.43,product148,9.11978221415608,0.105567226890756,0.0863883847549909,9.13636363636364,43.5845454545455,4.77044776119403
2026-06-01,IOS,dhgate_product138_FR_ACT&Nopay 30D_purchase_IAP_Kelsey_20260403,zNcB24si9mbzBPed,100.27,8512,1320,55,2454.9,product138,11.7798402255639,0.0759621212121212,0.155075187969925,1.82309090909091,44.6345454545454,24.4828961803132
2026-06-01,IOS,dhgate_product137_US_Purchase 30D_purchase_IAP_Kelsey_20260402,Eo7scqEETcYxo6WH,50.11,3741,226,17,839.89,product137,13.3948142207966,0.221725663716814,0.0604116546377974,2.94764705882353,49.4052941176471,16.7609259628817
2026-06-01,IOS,dhgate_product121_US_Purchase 30D_purchase_IAP_Kelsey_20260222,HGuWXrsF7XcJ6CCt,50.1,3628,231,8,380.39,product121,13.8092613009923,0.216883116883117,0.0636714443219405,6.2625,47.54875,7.59261477045908
2026-06-01,IOS,dhgate_dpa-ios_US_ACT&Nopay 30D_purchase_IAP_Kelsey_20260515,y55faIMh7doL5RvO,100.14,160734,1111,9,338.12,dpa-ios,0.623016909925716,0.0901350135013501,0.0069120410118581,11.1266666666667,37.5688888888889,3.37647293788696
2026-06-01,ANDROID,dhgate_dpa-and_US_ACT&Nopay 30D_purchase_IAP_Kelsey_20260511,M0ZXR7rklCeN7J9o,50.25,41874,1134,8,363.52,dpa-and,1.20002865740077,0.0443121693121693,0.0270812437311936,6.28125,45.44,7.23422885572139
2026-06-01,IOS,dhgate_product301_US_ACT&Nopay 30D_purchase_IAP_Kelsey_20260422,OG6WHvKPBaUM1wDo,50.08,6878,488,9,287.11,product301,7.28118639139285,0.102622950819672,0.0709508578075022,5.56444444444444,31.9011111111111,5.73302715654952
2026-06-01,IOS,dhgate_product326_US_ACT&Nopay 30D_purchase_IAP_Kelsey_20260506,zMf9PKJzCf4uVI7T,44.05,1236,742,13,528.61,product326,35.6391585760518,0.059366576819407,0.600323624595469,3.38846153846154,40.6623076923077,12.000227014756
2026-06-01,ANDROID,dhgate_product322_US_Purchase 30D_purchase_IAP_Kelsey_20260504,UEOt0CeUKtYLfLaH,50.29,2356,339,7,240.78,product322,21.3455008488964,0.14834808259587,0.143887945670628,7.18428571428571,34.3971428571429,4.7878305826208
2026-06-01,IOS,dhgate_product336_T1_Purchase 30D_purchase_IAP_Kelsey_20260512,IbA1O59ht1JcwImf,50.2,2842,492,19,786.7,product336,17.6636171710063,0.102032520325203,0.173117522871217,2.6421052631579,41.4052631578947,15.6713147410359
2026-06-01,ANDROID,dhgate_product332_T1_Purchase 30D_purchase_IAP_Kelsey_20260511,xRPnz3ozCwa6ycwg,48.69,8093,740,15,422.53,product332,6.01631039169653,0.0657972972972973,0.0914370443593229,3.246,28.1686666666667,8.67796262066133
2026-06-01,IOS,dhgate_product369_US_ACT&Nopay 30D_purchase_IAP_Kelsey_20260601,c3VF4BRyeEfmmeHV,12.72,553,227,0,0.0,product369,23.001808318264,0.0560352422907489,0.410488245931284,,,0.0
2026-06-01,IOS,dhgate_product368_T1_Purchase 30D_purchase_IAP_Kelsey_20260531,Ta2k2BeVyS7dWN4n,26.57,1234,573,4,183.56,product368,21.5316045380875,0.046369982547993,0.464343598055105,6.6425,45.89,6.90854347007904
2026-06-01,ANDROID,dhgate_product368_T1_Purchase 30D_purchase_IAP_Kelsey_20260531,b3s2CGS3sMxfFWgV,38.66,2410,707,5,183.09,product368,16.0414937759336,0.0546817538896747,0.293360995850622,7.732,36.618,4.73590274185204
2026-06-01,ANDROID,dhgate_product367_UK_Purchase 30D_purchase_IAP_Kelsey_20260530,AsUotp8z2P369W1o,35.93,1855,586,5,269.04,product367,19.3692722371968,0.0613139931740614,0.315902964959569,7.186,53.808,7.48789312552185
2026-06-01,IOS,dhgate_product367_UK_Purchase 30D_purchase_IAP_Kelsey_20260530,B6nfe2NZpKCjpgca,46.79,1169,456,3,78.07,product367,40.0256629597947,0.102609649122807,0.390076988879384,15.5966666666667,26.0233333333333,1.66851891429793
2026-06-01,ANDROID,dhgate_product366_UK_Purchase 30D_purchase_IAP_Kelsey_20260529,tlDSznDFDWyzbPVr,40.22,1338,502,7,152.0,product366,30.0597907324365,0.0801195219123506,0.375186846038864,5.74571428571429,21.7142857142857,3.77921432123322
2026-06-01,ANDROID,dhgate_product365_US_Purchase 30D_purchase_IAP_Kelsey_20260528,WNhjy86kVGDJDol3,48.44,1810,402,6,330.57,product365,26.7624309392265,0.120497512437811,0.222099447513812,8.07333333333333,55.095,6.82431874483898
2026-06-01,IOS,dhgate_product365_US_Purchase 30D_purchase_IAP_Kelsey_20260528,gisdp4kMGc6WK5GP,50.74,986,482,13,509.12,product365,51.4604462474645,0.105269709543568,0.488843813387424,3.90307692307692,39.1630769230769,10.0338983050847
2026-06-01,IOS,dhgate_product364_US_Purchase 30D_purchase_IAP_Kelsey_20260527,qX4oco28gDbrpBri,50.15,1075,445,11,533.31,product364,46.6511627906977,0.112696629213483,0.413953488372093,4.55909090909091,48.4827272727273,10.634297108674
2026-06-01,IOS,dhgate_product366_UK_Purchase 30D_purchase_IAP_Kelsey_20260529,AuNEgf9zqO65aSdr,48.81,1487,444,10,358.45,product366,32.8244788164089,0.109932432432432,0.298587760591796,4.881,35.845,7.34378201188281
2026-06-01,ANDROID,dhgate_product359_UK_ACT&Nopay 30D_purchase_IAP_Kelsey_20260523,RWeVcrW8HneV8sUj,50.08,2310,936,9,250.95,product359,21.6796536796537,0.0535042735042735,0.405194805194805,5.56444444444444,27.8833333333333,5.01098242811502
2026-06-01,ANDROID,dhgate_product364_US_Purchase 30D_purchase_IAP_Kelsey_20260527,QXrf4REyep7GNYPS,48.48,2025,385,5,199.45,product364,23.9407407407407,0.125922077922078,0.190123456790123,9.696,39.89,4.11406765676568
2026-06-01,IOS,dhgate_product337_T1_ACT&Nopay 30D_purchase_IAP_Kelsey_20260513,pMbmqjxpXWy9uySH,50.17,8381,700,15,831.24,product337,5.98615916955017,0.0716714285714286,0.0835222527144732,3.34466666666667,55.416,16.568467211481
2026-06-01,ANDROID,dhgate_product337_T1_ACT&Nopay 30D_purchase_IAP_Kelsey_20260513,Hi3okRpzvLX7H2oQ,44.08,5270,2062,6,168.46,product337,8.36432637571157,0.0213773035887488,0.391271347248577,7.34666666666667,28.0766666666667,3.82168784029038
2026-06-01,IOS,dhgate_product338_T1_ACT&Nopay 30D_purchase_IAP_Kelsey_20260515,aiZBaGOKYFBuq0Ps,49.54,5829,766,25,1024.18,product338,8.49888488591525,0.0646736292428198,0.131411905987305,1.9816,40.9672,20.6737989503432
2026-06-01,ANDROID,dhgate_product369_US_ACT&Nopay 30D_purchase_IAP_Kelsey_20260601,n7f3WCGhTngQWJhC,4.5,417,214,0,0.0,product369,10.7913669064748,0.0210280373831776,0.513189448441247,,,0.0
2026-06-01,IOS,dhgate_product350_US_Purchase 30D_purchase_IAP_Kelsey_20260517,eZwoS7yMwcYqxbzm,50.86,1016,472,21,929.57,product350,50.0590551181102,0.107754237288136,0.464566929133858,2.42190476190476,44.2652380952381,18.2770349980338
2026-06-01,ANDROID,dhgate_product351_US_Purchase 30D_purchase_IAP_Kelsey_20260518,QTLyTb1PbE3fo5hj,50.23,1526,359,4,67.23,product351,32.916120576671,0.13991643454039,0.235255570117955,12.5575,16.8075,1.3384431614573
2026-06-01,IOS,dhgate_product357_UK_ACT&Nopay 30D_purchase_IAP_Kelsey_20260521,secYrwGRxGvE22kr,47.84,1263,680,7,301.54,product357,37.8780680918448,0.0703529411764706,0.53840063341251,6.83428571428571,43.0771428571429,6.30309364548495
2026-06-01,IOS,dhgate_product340_US_Purchase 30D_purchase_IAP_Kelsey_20260516,yznk4uz7IRlNu5TH,48.64,1121,506,21,799.11,product340,43.3898305084746,0.0961264822134387,0.451382694023194,2.31619047619048,38.0528571428572,16.4290707236842
2026-06-02,ANDROID,dhgate_product317_FR_ACT&Nopay 30D_purchase_IAP_Kelsey_20260526,zbor8ujPF081oChW,45.28,5071,1808,18,481.36,product317,8.92920528495366,0.0250442477876106,0.356537172155393,2.51555555555556,26.7422222222222,10.63074204947
2026-06-02,IOS,dhgate_product326_US_ACT&Nopay 30D_purchase_IAP_Kelsey_20260506,zMf9PKJzCf4uVI7T,47.92,1380,826,12,513.41,product326,34.7246376811594,0.0580145278450363,0.598550724637681,3.99333333333333,42.7841666666667,10.713898163606
2026-06-02,ANDROID,dhgate_product322_US_Purchase 30D_purchase_IAP_Kelsey_20260504,UEOt0CeUKtYLfLaH,50.23,4795,269,5,142.5,product322,10.4754953076121,0.186728624535316,0.0561001042752868,10.046,28.5,2.83695002986263
2026-06-02,IOS,dhgate_product321_US_Purchase 30D_purchase_IAP_Kelsey_20260502,ihMCrglFMezOy59I,50.0,4896,212,9,765.78,product321,10.2124183006536,0.235849056603774,0.0433006535947712,5.55555555555556,85.0866666666667,15.3156
2026-06-02,ANDROID,dhgate_product321_US_Purchase 30D_purchase_IAP_Kelsey_20260502,REqYVaM8BdMh2U81,50.34,4307,345,6,188.7,product321,11.6879498490829,0.145913043478261,0.0801021592755979,8.39,31.45,3.74851013110846
2026-06-02,IOS,dhgate_product319_US_Purchase 30D_purchase_IAP_Kelsey_20260429,SGOG7us7fBY7c5lH,82.6,4426,685,17,595.69,product319,18.6624491640307,0.120583941605839,0.154767284229553,4.85882352941176,35.0405882352941,7.21174334140436
2026-06-02,IOS,dhgate_product318_T1_Purchase 30D_purchase_IAP_Kelsey_20260428,mayu0PGeMJEYQhWJ,135.29,7339,998,20,842.51,product318,18.4343916064859,0.135561122244489,0.135985829132034,6.7645,42.1255,6.22743735678912
2026-06-02,IOS,dhgate_product317_UK_ACT&Nopay 30D_purchase_IAP_Kelsey_20260427,H9HAtL9q0yyc4Gdy,100.31,3854,886,34,1221.55,product317,26.0275038920602,0.113216704288939,0.229891022314478,2.95029411764706,35.9279411764706,12.1777489781677
2026-06-02,ANDROID,dhgate_product317_UK_ACT&Nopay 30D_purchase_IAP_Kelsey_20260427,tDzMEZEldS4Kei0r,63.22,2435,838,25,768.8,product317,25.9630390143737,0.0754415274463007,0.344147843942505,2.5288,30.752,12.1607086365074
2026-06-02,IOS,dhgate_product317_CA_ACT&Nopay 30D_purchase_IAP_Kelsey_20260526,cvR7ymoBxgm2d26z,23.33,654,307,3,162.65,product317,35.6727828746177,0.0759934853420195,0.469418960244648,7.77666666666667,54.2166666666667,6.97171024432062
2026-06-02,ANDROID,dhgate_dpa-and_US_ACT&Nopay 30D_purchase_IAP_Kelsey_20260511,M0ZXR7rklCeN7J9o,74.53,40405,2017,4,133.13,dpa-and,1.84457369137483,0.036950917203768,0.0499195644103453,18.6325,33.2825,1.78626056621495
2026-06-02,IOS,dhgate_product314_UK_Purchase 30D_purchase_IAP_Kelsey_20260424,NmHyz3ZrSwNTmf0j,50.34,1606,309,19,709.81,product314,31.3449564134496,0.162912621359223,0.192403486924035,2.64947368421053,37.3584210526316,14.1003178386969
2026-06-02,IOS,dhgate_product301_US_ACT&Nopay 30D_purchase_IAP_Kelsey_20260422,OG6WHvKPBaUM1wDo,50.14,6480,497,24,1492.58,product301,7.73765432098765,0.100885311871227,0.0766975308641975,2.08916666666667,62.1908333333333,29.7682489030714
2026-06-02,ANDROID,dhgate_product301_US_ACT&Nopay 30D_purchase_IAP_Kelsey_20260422,uNF1ALuKQFoHzngn,63.68,2532,1142,6,421.17,product301,25.1500789889415,0.0557618213660245,0.451026856240126,10.6133333333333,70.195,6.61385050251256
2026-06-02,IOS,dhgate_product300_T1_Purchase 30D_purchase_IAP_Kelsey_20260421,wGMfDvBHm0s02IeZ,50.22,4012,407,12,479.7,product300,12.5174476570289,0.123390663390663,0.101445663010967,4.185,39.975,9.55197132616488
2026-06-02,ANDROID,dhgate_product148_T1_Purchase 30D_purchase_IAP_Kelsey_20260415,dVlitdxzfmXStKCR,100.29,9352,894,29,1969.03,product148,10.7239093242087,0.112181208053691,0.0955945252352438,3.45827586206897,67.8975862068966,19.6333632465849
2026-06-02,IOS,dhgate_product138_FR_ACT&Nopay 30D_purchase_IAP_Kelsey_20260403,zNcB24si9mbzBPed,135.03,8666,1839,34,1425.52,product138,15.5815831987076,0.0734257748776509,0.212208631433187,3.97147058823529,41.9270588235294,10.5570613937643
2026-06-02,IOS,dhgate_product137_US_Purchase 30D_purchase_IAP_Kelsey_20260402,Eo7scqEETcYxo6WH,50.1,4177,237,10,374.99,product137,11.9942542494613,0.211392405063291,0.0567392865693081,5.01,37.499,7.48483033932136
2026-06-02,IOS,dhgate_product121_US_Purchase 30D_purchase_IAP_Kelsey_20260222,HGuWXrsF7XcJ6CCt,50.03,3623,200,5,188.43,product121,13.8089980678995,0.25015,0.0552028705492686,10.006,37.686,3.76634019588247
2026-06-02,IOS,dhgate_dpa-ios_US_ACT&Nopay 30D_purchase_IAP_Kelsey_20260515,y55faIMh7doL5RvO,98.0,114389,1031,2,75.13,dpa-ios,0.856725734117791,0.0950533462657614,0.00901310440689227,49.0,37.565,0.766632653061224
2026-06-02,ANDROID,dhgate_product315_UK_ACT&Nopay 30D_purchase_IAP_Kelsey_20260425,bedUOEtGfoRFbmze,48.07,5364,682,22,673.9,product315,8.96159582401193,0.0704838709677419,0.127143922445936,2.185,30.6318181818182,14.0191387559809
2026-06-02,ANDROID,dhgate_product332_T1_Purchase 30D_purchase_IAP_Kelsey_20260511,xRPnz3ozCwa6ycwg,50.11,7689,586,1,20.24,product332,6.51710235401223,0.0855119453924915,0.0762127714917415,50.11,20.24,0.403911394931151
2026-06-02,IOS,dhgate_product337_T1_ACT&Nopay 30D_purchase_IAP_Kelsey_20260513,pMbmqjxpXWy9uySH,48.51,7784,713,10,570.44,product337,6.23201438848921,0.0680364656381487,0.0915981500513875,4.851,57.044,11.759224902082
2026-06-02,ANDROID,dhgate_product337_T1_ACT&Nopay 30D_purchase_IAP_Kelsey_20260513,Hi3okRpzvLX7H2oQ,45.85,5221,1954,9,359.41,product337,8.78184255889677,0.0234646878198567,0.374257805018196,5.09444444444445,39.9344444444444,7.83882224645584
2026-06-02,IOS,dhgate_product370_UK_ACT&Nopay 30D_purchase_IAP_Kelsey_20260602,u2rFWDCBsR8FziTt,14.19,510,246,1,33.92,product370,27.8235294117647,0.0576829268292683,0.482352941176471,14.19,33.92,2.39041578576462
2026-06-02,IOS,dhgate_product336_T1_Purchase 30D_purchase_IAP_Kelsey_20260512,IbA1O59ht1JcwImf,50.16,2998,500,10,370.82,product336,16.7311541027352,0.10032,0.166777851901268,5.016,37.082,7.39274322169059
2026-06-02,ANDROID,dhgate_product369_US_ACT&Nopay 30D_purchase_IAP_Kelsey_20260601,n7f3WCGhTngQWJhC,39.92,2904,1095,0,0.0,product369,13.7465564738292,0.0364566210045662,0.377066115702479,,,0.0
2026-06-02,IOS,dhgate_product369_US_ACT&Nopay 30D_purchase_IAP_Kelsey_20260601,c3VF4BRyeEfmmeHV,43.02,1638,825,5,223.01,product369,26.2637362637363,0.0521454545454546,0.503663003663004,8.604,44.602,5.1838679683868
2026-06-02,IOS,dhgate_product368_T1_Purchase 30D_purchase_IAP_Kelsey_20260531,Ta2k2BeVyS7dWN4n,36.07,1630,743,5,355.62,product368,22.1288343558282,0.0485464333781965,0.455828220858896,7.214,71.124,9.85916273911838
2026-06-02,ANDROID,dhgate_product368_T1_Purchase 30D_purchase_IAP_Kelsey_20260531,b3s2CGS3sMxfFWgV,47.16,2815,876,7,222.63,product368,16.753108348135,0.0538356164383562,0.311190053285968,6.73714285714286,31.8042857142857,4.72073791348601
2026-06-02,ANDROID,dhgate_product367_UK_Purchase 30D_purchase_IAP_Kelsey_20260530,AsUotp8z2P369W1o,44.62,2669,707,4,108.68,product367,16.7178718621206,0.0631117397454031,0.26489321843387,11.155,27.17,2.43567906768265
2026-06-02,IOS,dhgate_product367_UK_Purchase 30D_purchase_IAP_Kelsey_20260530,B6nfe2NZpKCjpgca,16.06,418,228,0,0.0,product367,38.4210526315789,0.0704385964912281,0.545454545454545,,,0.0
2026-06-02,IOS,dhgate_product366_UK_Purchase 30D_purchase_IAP_Kelsey_20260529,AuNEgf9zqO65aSdr,32.53,1172,254,3,143.83,product366,27.7559726962457,0.128070866141732,0.216723549488055,10.8433333333333,47.9433333333333,4.42145711650784
2026-06-02,ANDROID,dhgate_product366_UK_Purchase 30D_purchase_IAP_Kelsey_20260529,tlDSznDFDWyzbPVr,48.87,1793,522,6,153.37,product366,27.2559955382041,0.0936206896551724,0.291132180702733,8.145,25.5616666666667,3.13832617147534
2026-06-02,ANDROID,dhgate_product370_UK_ACT&Nopay 30D_purchase_IAP_Kelsey_20260602,FhZfCMsFGbjzmgDR,7.47,586,237,0,0.0,product370,12.7474402730375,0.0315189873417722,0.404436860068259,,,0.0
2026-06-02,IOS,dhgate_product365_US_Purchase 30D_purchase_IAP_Kelsey_20260528,gisdp4kMGc6WK5GP,46.9,982,454,6,234.04,product365,47.7596741344196,0.103303964757709,0.462321792260693,7.81666666666667,39.0066666666667,4.99019189765458
2026-06-02,ANDROID,dhgate_product365_US_Purchase 30D_purchase_IAP_Kelsey_20260528,WNhjy86kVGDJDol3,33.86,1507,251,1,20.56,product365,22.4684804246848,0.134900398406375,0.166556071665561,33.86,20.56,0.607206142941524
2026-06-02,IOS,dhgate_product340_US_Purchase 30D_purchase_IAP_Kelsey_20260516,yznk4uz7IRlNu5TH,50.3,1124,550,19,1001.1,product340,44.7508896797153,0.0914545454545455,0.48932384341637,2.64736842105263,52.6894736842105,19.9025844930418
2026-06-02,IOS,dhgate_product350_US_Purchase 30D_purchase_IAP_Kelsey_20260517,eZwoS7yMwcYqxbzm,94.89,2946,661,15,588.84,product350,32.2097759674134,0.143555219364599,0.224372029871012,6.326,39.256,6.20550110654442
2026-06-02,ANDROID,dhgate_product351_US_Purchase 30D_purchase_IAP_Kelsey_20260518,QTLyTb1PbE3fo5hj,43.41,2073,254,9,280.8,product351,20.9406657018813,0.170905511811024,0.122527737578389,4.82333333333333,31.2,6.46855563234278
2026-06-02,IOS,dhgate_product338_T1_ACT&Nopay 30D_purchase_IAP_Kelsey_20260515,aiZBaGOKYFBuq0Ps,45.42,5208,712,22,825.81,product338,8.72119815668203,0.0637921348314607,0.136712749615975,2.06454545454545,37.5368181818182,18.1816380449141
2026-06-02,ANDROID,dhgate_product359_UK_ACT&Nopay 30D_purchase_IAP_Kelsey_20260523,RWeVcrW8HneV8sUj,43.89,2214,821,9,255.15,product359,19.8238482384824,0.0534591961023143,0.370822041553749,4.87666666666667,28.35,5.8133971291866
2026-06-02,ANDROID,dhgate_product364_US_Purchase 30D_purchase_IAP_Kelsey_20260527,QXrf4REyep7GNYPS,30.82,1990,198,2,74.4,product364,15.4874371859296,0.155656565656566,0.0994974874371859,15.41,37.2,2.41401687216093
2026-06-02,IOS,dhgate_product364_US_Purchase 30D_purchase_IAP_Kelsey_20260527,qX4oco28gDbrpBri,49.68,1291,491,3,77.07,product364,38.4817970565453,0.101181262729124,0.380325329202169,16.56,25.69,1.55132850241546
2026-06-02,IOS,dhgate_product357_UK_ACT&Nopay 30D_purchase_IAP_Kelsey_20260521,secYrwGRxGvE22kr,50.15,1334,740,12,377.6,product357,37.5937031484258,0.0677702702702703,0.55472263868066,4.17916666666667,31.4666666666667,7.52941176470588
2026-06-03,IOS,dhgate_product314_UK_Purchase 30D_purchase_IAP_Kelsey_20260424,NmHyz3ZrSwNTmf0j,48.61,1791,328,12,403.2,product314,27.14126186488,0.148201219512195,0.183137911781128,4.05083333333333,33.6,8.29458959061921
2026-06-03,IOS,dhgate_product319_US_Purchase 30D_purchase_IAP_Kelsey_20260429,SGOG7us7fBY7c5lH,100.71,6640,799,32,1642.81,product319,15.1671686746988,0.126045056320401,0.120331325301205,3.1471875,51.3378125,16.3122827921756
2026-06-03,IOS,dhgate_product318_T1_Purchase 30D_purchase_IAP_Kelsey_20260428,mayu0PGeMJEYQhWJ,150.47,9783,1113,26,1009.38,product318,15.3807625472759,0.135193171608266,0.11376878258203,5.78730769230769,38.8223076923077,6.70818103276401
2026-06-03,IOS,dhgate_product317_UK_ACT&Nopay 30D_purchase_IAP_Kelsey_20260427,H9HAtL9q0yyc4Gdy,100.94,3969,829,29,1230.7,product317,25.4320987654321,0.121761158021713,0.208868732678256,3.48068965517241,42.4379310344828,12.1923915197147
2026-06-03,ANDROID,dhgate_product317_UK_ACT&Nopay 30D_purchase_IAP_Kelsey_20260427,tDzMEZEldS4Kei0r,89.68,3632,1304,16,593.5,product317,24.6916299559471,0.0687730061349693,0.359030837004405,5.605,37.09375,6.61797502230152
2026-06-03,ANDROID,dhgate_product317_FR_ACT&Nopay 30D_purchase_IAP_Kelsey_20260526,zbor8ujPF081oChW,50.16,4928,1837,20,868.05,product317,10.1785714285714,0.0273053892215569,0.372767857142857,2.508,43.4025,17.3056220095694
2026-06-03,ANDROID,dhgate_product315_UK_ACT&Nopay 30D_purchase_IAP_Kelsey_20260425,bedUOEtGfoRFbmze,50.47,5923,793,40,1348.55,product315,8.52101975350329,0.0636443883984868,0.133884855647476,1.26175,33.71375,26.7198335644938
2026-06-03,IOS,dhgate_product301_US_ACT&Nopay 30D_purchase_IAP_Kelsey_20260422,OG6WHvKPBaUM1wDo,50.1,7568,424,15,739.46,product301,6.61997885835095,0.118160377358491,0.0560253699788584,3.34,49.2973333333333,14.7596806387226
2026-06-03,IOS,dhgate_product137_US_Purchase 30D_purchase_IAP_Kelsey_20260402,Eo7scqEETcYxo6WH,50.0,4020,217,8,682.6,product137,12.4378109452736,0.230414746543779,0.0539800995024876,6.25,85.325,13.652
2026-06-03,IOS,dhgate_product300_T1_Purchase 30D_purchase_IAP_Kelsey_20260421,wGMfDvBHm0s02IeZ,50.48,4802,388,7,238.47,product300,10.512286547272,0.130103092783505,0.0807996668054977,7.21142857142857,34.0671428571429,4.72404912836767
2026-06-03,ANDROID,dhgate_product148_T1_Purchase 30D_purchase_IAP_Kelsey_20260415,dVlitdxzfmXStKCR,95.11,10951,990,39,1233.4,product148,8.68505159346178,0.0960707070707071,0.0904027029495023,2.43871794871795,31.625641025641,12.9681421511934
2026-06-03,IOS,dhgate_product138_FR_ACT&Nopay 30D_purchase_IAP_Kelsey_20260403,zNcB24si9mbzBPed,150.72,12616,1886,35,1894.57,product138,11.9467343056436,0.079915164369035,0.149492707672796,4.30628571428571,54.1305714285714,12.5701300424628
2026-06-03,IOS,dhgate_product121_US_Purchase 30D_purchase_IAP_Kelsey_20260222,HGuWXrsF7XcJ6CCt,50.08,4281,220,12,709.14,product121,11.6982013548236,0.227636363636364,0.0513898621817332,4.17333333333333,59.095,14.1601437699681
2026-06-03,IOS,dhgate_dpa-ios_US_ACT&Nopay 30D_purchase_IAP_Kelsey_20260515,y55faIMh7doL5RvO,100.73,144767,653,4,103.62,dpa-ios,0.695807746240511,0.154257274119449,0.0045106964985114,25.1825,25.905,1.02869055891989
2026-06-03,ANDROID,dhgate_dpa-and_US_ACT&Nopay 30D_purchase_IAP_Kelsey_20260511,M0ZXR7rklCeN7J9o,97.03,45030,1521,15,651.85,dpa-and,2.15478569842327,0.06379355687048,0.0337774816788808,6.46866666666667,43.4566666666667,6.71802535298361
2026-06-03,ANDROID,dhgate_product321_US_Purchase 30D_purchase_IAP_Kelsey_20260502,REqYVaM8BdMh2U81,46.96,2767,346,4,275.73,product321,16.9714492229852,0.135722543352601,0.125045175280087,11.74,68.9325,5.87159284497445
2026-06-03,ANDROID,dhgate_product301_US_ACT&Nopay 30D_purchase_IAP_Kelsey_20260422,uNF1ALuKQFoHzngn,36.14,1544,769,15,600.95,product301,23.4067357512953,0.0469960988296489,0.498056994818653,2.40933333333333,40.0633333333333,16.6283895960155
2026-06-03,IOS,dhgate_product321_US_Purchase 30D_purchase_IAP_Kelsey_20260502,ihMCrglFMezOy59I,50.15,5352,197,7,392.85,product321,9.3703288490284,0.254568527918782,0.0368086696562033,7.16428571428571,56.1214285714286,7.83349950149551
2026-06-03,ANDROID,dhgate_product366_UK_Purchase 30D_purchase_IAP_Kelsey_20260529,tlDSznDFDWyzbPVr,31.04,1072,426,13,466.38,product366,28.955223880597,0.0728638497652582,0.397388059701493,2.38769230769231,35.8753846153846,15.0251288659794
2026-06-03,IOS,dhgate_product326_US_ACT&Nopay 30D_purchase_IAP_Kelsey_20260506,zMf9PKJzCf4uVI7T,50.21,1492,847,17,939.75,product326,33.6528150134048,0.0592798110979929,0.56769436997319,2.95352941176471,55.2794117647059,18.71639115714
2026-06-03,ANDROID,dhgate_product322_US_Purchase 30D_purchase_IAP_Kelsey_20260504,UEOt0CeUKtYLfLaH,50.41,3350,389,5,241.63,product322,15.0477611940299,0.129588688946015,0.116119402985075,10.082,48.326,4.79329498115453
2026-06-03,ANDROID,dhgate_product369_US_ACT&Nopay 30D_purchase_IAP_Kelsey_20260601,n7f3WCGhTngQWJhC,39.99,2330,956,2,59.99,product369,17.1630901287554,0.0418305439330544,0.410300429184549,19.995,29.995,1.50012503125781
2026-06-03,IOS,dhgate_product369_US_ACT&Nopay 30D_purchase_IAP_Kelsey_20260601,c3VF4BRyeEfmmeHV,39.44,1497,742,0,0.0,product369,26.3460253841015,0.0531536388140162,0.495657982631931,,,0.0
2026-06-03,IOS,dhgate_product368_T1_Purchase 30D_purchase_IAP_Kelsey_20260531,Ta2k2BeVyS7dWN4n,48.25,2800,780,16,770.95,product368,17.2321428571429,0.0618589743589744,0.278571428571429,3.015625,48.184375,15.9782383419689
2026-06-03,ANDROID,dhgate_product368_T1_Purchase 30D_purchase_IAP_Kelsey_20260531,b3s2CGS3sMxfFWgV,36.5,2243,804,6,330.91,product368,16.2728488631297,0.0453980099502488,0.358448506464556,6.08333333333333,55.1516666666667,9.06602739726027
2026-06-03,ANDROID,dhgate_product367_UK_Purchase 30D_purchase_IAP_Kelsey_20260530,AsUotp8z2P369W1o,40.47,1803,622,9,480.28,product367,22.4459234608985,0.065064308681672,0.344980587909041,4.49666666666667,53.3644444444444,11.8675562144799
2026-06-03,IOS,dhgate_product370_UK_ACT&Nopay 30D_purchase_IAP_Kelsey_20260602,u2rFWDCBsR8FziTt,49.46,1688,797,5,90.3,product370,29.3009478672986,0.0620577164366374,0.472156398104265,9.892,18.06,1.82571775171856
2026-06-03,IOS,dhgate_product364_US_Purchase 30D_purchase_IAP_Kelsey_20260527,qX4oco28gDbrpBri,50.1,1217,529,11,438.86,product364,41.1668036154478,0.0947069943289225,0.434675431388661,4.55454545454546,39.8963636363636,8.75968063872255
2026-06-03,ANDROID,dhgate_product370_UK_ACT&Nopay 30D_purchase_IAP_Kelsey_20260602,FhZfCMsFGbjzmgDR,40.28,2629,920,3,45.18,product370,15.321414986687,0.0437826086956522,0.349942944085204,13.4266666666667,15.06,1.12164846077458
2026-06-03,IOS,dhgate_product357_UK_ACT&Nopay 30D_purchase_IAP_Kelsey_20260521,secYrwGRxGvE22kr,50.17,1311,695,9,311.69,product357,38.2684973302822,0.0721870503597122,0.530129672006102,5.57444444444444,34.6322222222222,6.21267689854495
2026-06-03,IOS,dhgate_product350_US_Purchase 30D_purchase_IAP_Kelsey_20260517,eZwoS7yMwcYqxbzm,100.38,6779,425,26,1037.88,product350,14.8074937306387,0.236188235294118,0.0626936126272312,3.86076923076923,39.9184615384615,10.3395098625224
2026-06-03,IOS,dhgate_product340_US_Purchase 30D_purchase_IAP_Kelsey_20260516,yznk4uz7IRlNu5TH,50.14,1086,530,21,830.52,product340,46.1694290976059,0.0946037735849057,0.488029465930018,2.38761904761905,39.5485714285714,16.5640207419226
2026-06-03,IOS,dhgate_product338_T1_ACT&Nopay 30D_purchase_IAP_Kelsey_20260515,aiZBaGOKYFBuq0Ps,50.23,6103,758,19,1280.37,product338,8.23037850237588,0.0662664907651715,0.124201212518434,2.64368421052632,67.3878947368421,25.4901453314752
2026-06-03,ANDROID,dhgate_product337_T1_ACT&Nopay 30D_purchase_IAP_Kelsey_20260513,Hi3okRpzvLX7H2oQ,42.23,4716,1815,6,133.9,product337,8.95462256149279,0.023267217630854,0.384860050890585,7.03833333333333,22.3166666666667,3.17073170731707
2026-06-03,IOS,dhgate_product337_T1_ACT&Nopay 30D_purchase_IAP_Kelsey_20260513,pMbmqjxpXWy9uySH,50.26,8785,768,2,192.24,product337,5.72111553784861,0.0654427083333333,0.0874217416050085,25.13,96.12,3.82491046557899
2026-06-03,IOS,dhgate_product336_T1_Purchase 30D_purchase_IAP_Kelsey_20260512,IbA1O59ht1JcwImf,50.38,3920,492,14,392.23,product336,12.8520408163265,0.10239837398374,0.125510204081633,3.59857142857143,28.0164285714286,7.78543072647876
2026-06-03,ANDROID,dhgate_product332_T1_Purchase 30D_purchase_IAP_Kelsey_20260511,xRPnz3ozCwa6ycwg,33.33,5664,385,5,117.62,product332,5.88453389830509,0.0865714285714286,0.0679731638418079,6.666,23.524,3.52895289528953
2026-06-03,ANDROID,dhgate_product359_UK_ACT&Nopay 30D_purchase_IAP_Kelsey_20260523,RWeVcrW8HneV8sUj,47.26,2297,905,10,312.56,product359,20.5746626033957,0.0522209944751381,0.393992163691772,4.726,31.256,6.6136267456623
2026-06-04,IOS,dhgate_product318_T1_Purchase 30D_purchase_IAP_Kelsey_20260428,mayu0PGeMJEYQhWJ,150.13,9182,1184,31,1730.83,product318,16.3504683075583,0.126798986486487,0.128947941624918,4.84290322580645,55.8332258064516,11.5288749750217
2026-06-04,IOS,dhgate_product317_UK_ACT&Nopay 30D_purchase_IAP_Kelsey_20260427,H9HAtL9q0yyc4Gdy,93.09,4240,793,31,1513.41,product317,21.9551886792453,0.117389659520807,0.187028301886792,3.00290322580645,48.8196774193548,16.2574927489526
2026-06-04,ANDROID,dhgate_product317_UK_ACT&Nopay 30D_purchase_IAP_Kelsey_20260427,tDzMEZEldS4Kei0r,92.9,3635,1326,35,1261.58,product317,25.5570839064649,0.0700603318250377,0.364786795048143,2.65428571428571,36.0451428571429,13.5799784714747
2026-06-04,ANDROID,dhgate_product317_FR_ACT&Nopay 30D_purchase_IAP_Kelsey_20260526,zbor8ujPF081oChW,46.69,5604,1960,10,513.89,product317,8.3315488936474,0.0238214285714286,0.349750178443969,4.669,51.389,11.0064253587492
2026-06-04,ANDROID,dhgate_product315_UK_ACT&Nopay 30D_purchase_IAP_Kelsey_20260425,bedUOEtGfoRFbmze,50.17,6996,692,11,297.42,product315,7.17124070897656,0.0725,0.0989136649514008,4.56090909090909,27.0381818181818,5.9282439705003
2026-06-04,IOS,dhgate_product314_UK_Purchase 30D_purchase_IAP_Kelsey_20260424,NmHyz3ZrSwNTmf0j,45.0,1990,329,22,1004.78,product314,22.6130653266332,0.13677811550152,0.165326633165829,2.04545454545455,45.6718181818182,22.3284444444445
2026-06-04,IOS,dhgate_product301_US_ACT&Nopay 30D_purchase_IAP_Kelsey_20260422,OG6WHvKPBaUM1wDo,50.17,6981,385,11,500.77,product301,7.18664947715227,0.130311688311688,0.0551496920212004,4.56090909090909,45.5245454545455,9.98146302571258
2026-06-04,IOS,dhgate_product137_US_Purchase 30D_purchase_IAP_Kelsey_20260402,Eo7scqEETcYxo6WH,50.35,4093,228,5,536.73,product137,12.301490349377,0.220833333333333,0.055704861959443,10.07,107.346,10.6599801390268
2026-06-04,IOS,dhgate_product300_T1_Purchase 30D_purchase_IAP_Kelsey_20260421,wGMfDvBHm0s02IeZ,50.42,4599,443,9,374.02,product300,10.9632528810611,0.113814898419865,0.09632528810611,5.60222222222222,41.5577777777778,7.41808806029353
2026-06-04,ANDROID,dhgate_product148_T1_Purchase 30D_purchase_IAP_Kelsey_20260415,dVlitdxzfmXStKCR,100.41,12796,941,28,929.44,product148,7.8469834323226,0.106705632306057,0.073538605814317,3.58607142857143,33.1942857142857,9.25644856090031
2026-06-04,IOS,dhgate_product138_FR_ACT&Nopay 30D_purchase_IAP_Kelsey_20260403,zNcB24si9mbzBPed,150.14,12811,1942,36,1451.25,product138,11.7196159550386,0.0773120494335736,0.151588478651159,4.17055555555556,40.3125,9.6659784201412
2026-06-04,IOS,dhgate_product121_US_Purchase 30D_purchase_IAP_Kelsey_20260222,HGuWXrsF7XcJ6CCt,50.15,3755,204,16,515.29,product121,13.3555259653795,0.245833333333333,0.0543275632490013,3.134375,32.205625,10.2749750747757
2026-06-04,IOS,dhgate_dpa-ios_US_ACT&Nopay 30D_purchase_IAP_Kelsey_20260515,y55faIMh7doL5RvO,101.07,9073,390,4,151.95,dpa-ios,11.1396451008487,0.259153846153846,0.0429846798192439,25.2675,37.9875,1.50341347580885
2026-06-04,ANDROID,dhgate_dpa-and_US_ACT&Nopay 30D_purchase_IAP_Kelsey_20260511,M0ZXR7rklCeN7J9o,100.69,8232,1267,4,140.42,dpa-and,12.2315354713314,0.0794711917916338,0.15391156462585,25.1725,35.105,1.39457741583077
2026-06-04,IOS,dhgate_product319_US_Purchase 30D_purchase_IAP_Kelsey_20260429,SGOG7us7fBY7c5lH,100.32,6900,842,29,1371.93,product319,14.5391304347826,0.119144893111639,0.122028985507246,3.45931034482759,47.3079310344828,13.675538277512
2026-06-04,ANDROID,dhgate_product301_US_ACT&Nopay 30D_purchase_IAP_Kelsey_20260422,uNF1ALuKQFoHzngn,42.95,1983,918,25,1336.6,product301,21.6591023701462,0.0467864923747277,0.462934947049924,1.718,53.464,31.1199068684517
2026-06-04,IOS,dhgate_product321_US_Purchase 30D_purchase_IAP_Kelsey_20260502,ihMCrglFMezOy59I,50.18,4981,188,6,218.65,product321,10.074282272636,0.266914893617021,0.0377434250150572,8.36333333333333,36.4416666666667,4.35731367078517
2026-06-04,ANDROID,dhgate_product322_US_Purchase 30D_purchase_IAP_Kelsey_20260504,UEOt0CeUKtYLfLaH,50.09,2814,444,8,382.39,product322,17.8002842928216,0.112815315315315,0.157782515991471,6.26125,47.79875,7.63405869435017
2026-06-04,IOS,dhgate_product326_US_ACT&Nopay 30D_purchase_IAP_Kelsey_20260506,zMf9PKJzCf4uVI7T,50.91,1473,819,6,223.19,product326,34.5621181262729,0.0621611721611722,0.556008146639511,8.485,37.1983333333333,4.38401099980358
2026-06-04,IOS,dhgate_product370_UK_ACT&Nopay 30D_purchase_IAP_Kelsey_20260602,u2rFWDCBsR8FziTt,51.59,1422,665,2,47.85,product370,36.2798874824191,0.0775789473684211,0.467651195499297,25.795,23.925,0.927505330490405
2026-06-04,ANDROID,dhgate_product370_UK_ACT&Nopay 30D_purchase_IAP_Kelsey_20260602,FhZfCMsFGbjzmgDR,37.96,2513,883,6,200.05,product370,15.1054516514127,0.0429898074745187,0.351372861122165,6.32666666666667,33.3416666666667,5.2700210748156
2026-06-04,ANDROID,dhgate_product369_US_ACT&Nopay 30D_purchase_IAP_Kelsey_20260601,n7f3WCGhTngQWJhC,33.75,2049,838,7,310.5,product369,16.4714494875549,0.0402744630071599,0.408979990239141,4.82142857142857,44.3571428571429,9.2
2026-06-04,IOS,dhgate_product369_US_ACT&Nopay 30D_purchase_IAP_Kelsey_20260601,c3VF4BRyeEfmmeHV,45.74,1517,777,2,32.45,product369,30.1516150296638,0.0588674388674389,0.51219512195122,22.87,16.225,0.709444687363358
2026-06-04,IOS,dhgate_product368_T1_Purchase 30D_purchase_IAP_Kelsey_20260531,Ta2k2BeVyS7dWN4n,45.46,3072,399,15,517.12,product368,14.7981770833333,0.113934837092732,0.1298828125,3.03066666666667,34.4746666666667,11.375274967004
2026-06-04,ANDROID,dhgate_product367_UK_Purchase 30D_purchase_IAP_Kelsey_20260530,AsUotp8z2P369W1o,34.7,1934,565,1,17.38,product367,17.9420889348501,0.0614159292035398,0.292140641158221,34.7,17.38,0.500864553314121
2026-06-04,ANDROID,dhgate_product366_UK_Purchase 30D_purchase_IAP_Kelsey_20260529,tlDSznDFDWyzbPVr,41.2,1760,545,9,197.42,product366,23.4090909090909,0.0755963302752294,0.309659090909091,4.57777777777778,21.9355555555556,4.79174757281553
2026-06-04,IOS,dhgate_product364_US_Purchase 30D_purchase_IAP_Kelsey_20260527,qX4oco28gDbrpBri,53.06,1093,456,17,690.39,product364,48.5452881976212,0.116359649122807,0.417200365965233,3.12117647058824,40.6111764705882,13.0114964191481
2026-06-04,ANDROID,dhgate_product368_T1_Purchase 30D_purchase_IAP_Kelsey_20260531,b3s2CGS3sMxfFWgV,37.36,2764,782,5,156.96,product368,13.5166425470333,0.0477749360613811,0.282923299565847,7.472,31.392,4.20128479657388
2026-06-04,IOS,dhgate_product357_UK_ACT&Nopay 30D_purchase_IAP_Kelsey_20260521,secYrwGRxGvE22kr,51.3,1280,668,13,484.53,product357,40.078125,0.0767964071856287,0.521875,3.94615384615385,37.2715384615385,9.44502923976608
2026-06-04,IOS,dhgate_product350_US_Purchase 30D_purchase_IAP_Kelsey_20260517,eZwoS7yMwcYqxbzm,102.43,6188,414,16,908.68,product350,16.5530058177117,0.247415458937198,0.0669036845507434,6.401875,56.7925,8.87122913209021
2026-06-04,IOS,dhgate_product340_US_Purchase 30D_purchase_IAP_Kelsey_20260516,yznk4uz7IRlNu5TH,51.55,1005,530,19,1131.88,product340,51.2935323383085,0.0972641509433962,0.527363184079602,2.71315789473684,59.5726315789474,21.956935014549
2026-06-04,IOS,dhgate_product338_T1_ACT&Nopay 30D_purchase_IAP_Kelsey_20260515,aiZBaGOKYFBuq0Ps,49.36,6375,724,12,473.1,product338,7.74274509803922,0.0681767955801105,0.11356862745098,4.11333333333333,39.425,9.58468395461912
2026-06-04,ANDROID,dhgate_product337_T1_ACT&Nopay 30D_purchase_IAP_Kelsey_20260513,Hi3okRpzvLX7H2oQ,40.17,5587,2113,5,165.52,product337,7.18990513692501,0.0190108849976337,0.378199391444425,8.034,33.104,4.12048792631317
2026-06-04,IOS,dhgate_product337_T1_ACT&Nopay 30D_purchase_IAP_Kelsey_20260513,pMbmqjxpXWy9uySH,49.68,8589,708,16,851.38,product337,5.78414250785889,0.0701694915254237,0.0824310164163465,3.105,53.21125,17.1372785829308
2026-06-04,IOS,dhgate_product336_T1_Purchase 30D_purchase_IAP_Kelsey_20260512,IbA1O59ht1JcwImf,51.47,3976,430,24,1011.65,product336,12.9451710261569,0.119697674418605,0.108148893360161,2.14458333333333,42.1520833333333,19.6551389158733
2026-06-04,ANDROID,dhgate_product359_UK_ACT&Nopay 30D_purchase_IAP_Kelsey_20260523,RWeVcrW8HneV8sUj,35.67,2191,730,11,212.45,product359,16.2802373345504,0.0488630136986301,0.333181195801004,3.24272727272727,19.3136363636364,5.95598542192318
2026-06-05,ANDROID,dhgate_product315_UK_ACT&Nopay 30D_purchase_IAP_Kelsey_20260425,bedUOEtGfoRFbmze,50.17,7225,720,24,636.79,product315,6.9439446366782,0.0696805555555556,0.0996539792387543,2.09041666666667,26.5329166666667,12.6926450069763
2026-06-05,IOS,dhgate_product319_US_Purchase 30D_purchase_IAP_Kelsey_20260429,SGOG7us7fBY7c5lH,100.6,7343,801,23,1323.67,product319,13.7001225657088,0.125593008739076,0.109083480866131,4.37391304347826,57.5508695652174,13.1577534791253
2026-06-05,IOS,dhgate_product318_T1_Purchase 30D_purchase_IAP_Kelsey_20260428,mayu0PGeMJEYQhWJ,150.82,9267,1040,40,1619.76,product318,16.2749541383403,0.145019230769231,0.112226178914428,3.7705,40.494,10.7396896963267
2026-06-05,IOS,dhgate_product317_UK_ACT&Nopay 30D_purchase_IAP_Kelsey_20260427,H9HAtL9q0yyc4Gdy,100.72,4373,790,24,789.01,product317,23.032243311228,0.127493670886076,0.180654013263206,4.19666666666667,32.8754166666667,7.83369737887212
2026-06-05,ANDROID,dhgate_product317_UK_ACT&Nopay 30D_purchase_IAP_Kelsey_20260427,tDzMEZEldS4Kei0r,81.37,3503,1248,17,520.18,product317,23.2286611475878,0.0652003205128205,0.356266057664859,4.7864705882353,30.5988235294118,6.39277374953914
2026-06-05,ANDROID,dhgate_product317_FR_ACT&Nopay 30D_purchase_IAP_Kelsey_20260526,zbor8ujPF081oChW,45.36,5441,2045,4,284.41,product317,8.33670281198309,0.0221809290953545,0.375850027568462,11.34,71.1025,6.27006172839506
2026-06-05,IOS,dhgate_product314_UK_Purchase 30D_purchase_IAP_Kelsey_20260424,NmHyz3ZrSwNTmf0j,50.13,2120,290,19,1218.85,product314,23.6462264150943,0.172862068965517,0.136792452830189,2.63842105263158,64.15,24.3137841611809
2026-06-05,ANDROID,dhgate_dpa-and_US_ACT&Nopay 30D_purchase_IAP_Kelsey_20260511,M0ZXR7rklCeN7J9o,97.05,6167,1249,7,188.89,dpa-and,15.7369871898816,0.0777021617293835,0.202529592994973,13.8642857142857,26.9842857142857,1.94631633178774
2026-06-05,ANDROID,dhgate_product301_US_ACT&Nopay 30D_purchase_IAP_Kelsey_20260422,uNF1ALuKQFoHzngn,43.53,2186,1011,10,395.66,product301,19.9130832570906,0.0430563798219585,0.462488563586459,4.353,39.566,9.08936365724787
2026-06-05,IOS,dhgate_product300_T1_Purchase 30D_purchase_IAP_Kelsey_20260421,wGMfDvBHm0s02IeZ,50.13,4790,380,5,387.2,product300,10.4655532359081,0.131921052631579,0.0793319415448852,10.026,77.44,7.72391781368442
2026-06-05,ANDROID,dhgate_product148_T1_Purchase 30D_purchase_IAP_Kelsey_20260415,dVlitdxzfmXStKCR,98.51,13278,882,34,1318.12,product148,7.41903901189938,0.111689342403628,0.0664256665160416,2.89735294117647,38.7682352941176,13.3805705004568
2026-06-05,IOS,dhgate_product138_FR_ACT&Nopay 30D_purchase_IAP_Kelsey_20260403,zNcB24si9mbzBPed,150.94,13395,1779,45,2034.31,product138,11.2683837252706,0.0848454187745925,0.132810750279955,3.35422222222222,45.2068888888889,13.4776069961574
2026-06-05,IOS,dhgate_product137_US_Purchase 30D_purchase_IAP_Kelsey_20260402,Eo7scqEETcYxo6WH,50.06,3411,209,13,837.44,product137,14.676048079742,0.239521531100478,0.0612723541483436,3.85076923076923,64.4184615384615,16.7287255293648
2026-06-05,IOS,dhgate_product121_US_Purchase 30D_purchase_IAP_Kelsey_20260222,HGuWXrsF7XcJ6CCt,50.03,3306,223,6,176.5,product121,15.1330913490623,0.224349775784753,0.0674531155474894,8.33833333333333,29.4166666666667,3.52788327003798
2026-06-05,IOS,dhgate_dpa-ios_US_ACT&Nopay 30D_purchase_IAP_Kelsey_20260515,y55faIMh7doL5RvO,99.37,9113,377,9,360.16,dpa-ios,10.904202787227,0.263580901856764,0.0413694721825963,11.0411111111111,40.0177777777778,3.62443393378283
2026-06-05,IOS,dhgate_product321_US_Purchase 30D_purchase_IAP_Kelsey_20260502,ihMCrglFMezOy59I,50.2,4423,206,7,195.99,product321,11.349762604567,0.24368932038835,0.0465747230386615,7.17142857142857,27.9985714285714,3.90418326693227
2026-06-05,IOS,dhgate_product301_US_ACT&Nopay 30D_purchase_IAP_Kelsey_20260422,OG6WHvKPBaUM1wDo,50.05,6908,408,22,805.09,product301,7.24522292993631,0.122671568627451,0.0590619571511291,2.275,36.595,16.0857142857143
2026-06-05,ANDROID,dhgate_product322_US_Purchase 30D_purchase_IAP_Kelsey_20260504,UEOt0CeUKtYLfLaH,50.26,3240,419,13,534.72,product322,15.5123456790123,0.119952267303103,0.129320987654321,3.86615384615385,41.1323076923077,10.6390768006367
2026-06-05,ANDROID,dhgate_product337_T1_ACT&Nopay 30D_purchase_IAP_Kelsey_20260513,Hi3okRpzvLX7H2oQ,45.51,5988,2362,16,467.1,product337,7.6002004008016,0.0192675698560542,0.394455577822311,2.844375,29.19375,10.2636783124588
2026-06-05,IOS,dhgate_product336_T1_Purchase 30D_purchase_IAP_Kelsey_20260512,IbA1O59ht1JcwImf,50.47,3980,418,12,385.04,product336,12.6809045226131,0.120741626794258,0.105025125628141,4.20583333333333,32.0866666666667,7.62908658609075
2026-06-05,ANDROID,dhgate_product372_T1_ACT&Nopay 30D_purchase_IAP_Kelsey_20260605,dNCh4PR4zw9zLcA5,8.73,2836,1053,0,0.0,product372,3.07827926657264,0.00829059829059829,0.3712976022567,,,0.0
2026-06-05,IOS,dhgate_product370_UK_ACT&Nopay 30D_purchase_IAP_Kelsey_20260602,u2rFWDCBsR8FziTt,37.76,956,493,5,133.14,product370,39.4979079497908,0.0765922920892495,0.515690376569038,7.552,26.628,3.52595338983051
2026-06-05,ANDROID,dhgate_product370_UK_ACT&Nopay 30D_purchase_IAP_Kelsey_20260602,FhZfCMsFGbjzmgDR,27.98,2068,734,13,315.46,product370,13.5299806576402,0.0381198910081744,0.354932301740812,2.15230769230769,24.2661538461538,11.2744817726948
2026-06-05,ANDROID,dhgate_product369_US_ACT&Nopay 30D_purchase_IAP_Kelsey_20260601,n7f3WCGhTngQWJhC,44.9,2923,1040,0,0.0,product369,15.360930550804,0.0431730769230769,0.355798836811495,,,0.0
2026-06-05,IOS,dhgate_product369_US_ACT&Nopay 30D_purchase_IAP_Kelsey_20260601,c3VF4BRyeEfmmeHV,23.45,849,446,7,277.29,product369,27.620730270907,0.0525784753363229,0.525323910482921,3.35,39.6128571428571,11.8247334754797
2026-06-05,IOS,dhgate_product368_T1_Purchase 30D_purchase_IAP_Kelsey_20260531,Ta2k2BeVyS7dWN4n,50.79,3651,464,11,339.11,product368,13.911257189811,0.109461206896552,0.127088468912627,4.61727272727273,30.8281818181818,6.67670801338846
2026-06-05,ANDROID,dhgate_product368_T1_Purchase 30D_purchase_IAP_Kelsey_20260531,b3s2CGS3sMxfFWgV,45.05,3323,978,17,505.3,product368,13.5570267830274,0.0460633946830266,0.29431236834186,2.65,29.7235294117647,11.2164261931188
2026-06-05,ANDROID,dhgate_product367_UK_Purchase 30D_purchase_IAP_Kelsey_20260530,AsUotp8z2P369W1o,38.13,1857,607,4,84.86,product367,20.5331179321486,0.0628171334431631,0.326871297792138,9.5325,21.215,2.22554419092578
2026-06-05,IOS,dhgate_product372_T1_ACT&Nopay 30D_purchase_IAP_Kelsey_20260605,U4gzqzcEnoe3yurD,8.25,683,398,0,0.0,product372,12.0790629575403,0.0207286432160804,0.582723279648609,,,0.0
2026-06-05,IOS,dhgate_product364_US_Purchase 30D_purchase_IAP_Kelsey_20260527,qX4oco28gDbrpBri,50.25,916,477,15,561.31,product364,54.8580786026201,0.105345911949686,0.520742358078603,3.35,37.4206666666667,11.1703482587065
2026-06-05,ANDROID,dhgate_product366_UK_Purchase 30D_purchase_IAP_Kelsey_20260529,tlDSznDFDWyzbPVr,38.65,1779,519,10,238.6,product366,21.725688589095,0.0744701348747592,0.291736930860034,3.865,23.86,6.17335058214748
2026-06-05,IOS,dhgate_product337_T1_ACT&Nopay 30D_purchase_IAP_Kelsey_20260513,pMbmqjxpXWy9uySH,50.27,8463,641,8,299.45,product337,5.93997400449013,0.078424336973479,0.075741462838237,6.28375,37.43125,5.95683310125323
2026-06-05,IOS,dhgate_product338_T1_ACT&Nopay 30D_purchase_IAP_Kelsey_20260515,aiZBaGOKYFBuq0Ps,50.34,5899,703,18,649.68,product338,8.53364977114765,0.0716073968705548,0.119172741142567,2.79666666666667,36.0933333333333,12.9058402860548
2026-06-05,IOS,dhgate_product326_US_ACT&Nopay 30D_purchase_IAP_Kelsey_20260506,zMf9PKJzCf4uVI7T,50.38,1349,772,17,971.72,product326,37.3461823573017,0.065259067357513,0.57227575982209,2.96352941176471,57.16,19.2878126240572
2026-06-05,IOS,dhgate_product350_US_Purchase 30D_purchase_IAP_Kelsey_20260517,eZwoS7yMwcYqxbzm,100.16,5628,425,14,509.69,product350,17.7967306325515,0.235670588235294,0.0755152807391613,7.15428571428571,36.4064285714286,5.08875798722045
2026-06-05,IOS,dhgate_product357_UK_ACT&Nopay 30D_purchase_IAP_Kelsey_20260521,secYrwGRxGvE22kr,50.6,1129,623,16,775.57,product357,44.8184233835252,0.0812199036918138,0.551815766164748,3.1625,48.473125,15.3274703557312
2026-06-05,ANDROID,dhgate_product359_UK_ACT&Nopay 30D_purchase_IAP_Kelsey_20260523,RWeVcrW8HneV8sUj,43.02,3606,1140,11,407.88,product359,11.9301164725458,0.0377368421052632,0.316139767054909,3.91090909090909,37.08,9.48117154811715
2026-06-05,IOS,dhgate_product340_US_Purchase 30D_purchase_IAP_Kelsey_20260516,yznk4uz7IRlNu5TH,68.91,1236,680,7,305.91,product340,55.752427184466,0.101338235294118,0.550161812297735,9.84428571428571,43.7014285714286,4.43926861123204
2026-06-06,IOS,dhgate_product321_US_Purchase 30D_purchase_IAP_Kelsey_20260502,ihMCrglFMezOy59I,50.39,5453,225,8,758.73,product321,9.2407848890519,0.223955555555556,0.0412616908123969,6.29875,94.84125,15.0571541972614
2026-06-06,IOS,dhgate_product319_US_Purchase 30D_purchase_IAP_Kelsey_20260429,SGOG7us7fBY7c5lH,100.48,6475,744,20,875.97,product319,15.5181467181467,0.13505376344086,0.114903474903475,5.024,43.7985,8.71785429936306
2026-06-06,IOS,dhgate_product318_T1_Purchase 30D_purchase_IAP_Kelsey_20260428,mayu0PGeMJEYQhWJ,151.57,7901,1048,11,419.03,product318,19.1836476395393,0.14462786259542,0.132641437792684,13.7790909090909,38.0936363636364,2.76459721580788
2026-06-06,IOS,dhgate_product317_UK_ACT&Nopay 30D_purchase_IAP_Kelsey_20260427,H9HAtL9q0yyc4Gdy,100.62,4486,746,21,809.24,product317,22.4297815425769,0.134879356568365,0.166295140436915,4.79142857142857,38.5352380952381,8.04253627509441
2026-06-06,ANDROID,dhgate_product317_UK_ACT&Nopay 30D_purchase_IAP_Kelsey_20260427,tDzMEZEldS4Kei0r,96.61,3833,1325,26,765.84,product317,25.2048004174276,0.0729132075471698,0.345682233237673,3.71576923076923,29.4553846153846,7.92712969671877
2026-06-06,ANDROID,dhgate_product317_FR_ACT&Nopay 30D_purchase_IAP_Kelsey_20260526,zbor8ujPF081oChW,41.73,4359,1656,16,709.82,product317,9.5732966276669,0.0251992753623188,0.379903647625602,2.608125,44.36375,17.0098250658998
2026-06-06,IOS,dhgate_product314_UK_Purchase 30D_purchase_IAP_Kelsey_20260424,NmHyz3ZrSwNTmf0j,50.13,1933,306,15,982.86,product314,25.9337816864977,0.163823529411765,0.158303155716503,3.342,65.524,19.606223818073
2026-06-06,ANDROID,dhgate_product301_US_ACT&Nopay 30D_purchase_IAP_Kelsey_20260422,uNF1ALuKQFoHzngn,77.92,2917,1319,12,593.09,product301,26.7123757284882,0.0590750568612585,0.452176894069249,6.49333333333333,49.4241666666667,7.61152464065708
2026-06-06,IOS,dhgate_product301_US_ACT&Nopay 30D_purchase_IAP_Kelsey_20260422,OG6WHvKPBaUM1wDo,50.19,8042,392,15,554.88,product301,6.24098482964437,0.128035714285714,0.0487440935090773,3.346,36.992,11.0555887627017
2026-06-06,ANDROID,dhgate_product148_T1_Purchase 30D_purchase_IAP_Kelsey_20260415,dVlitdxzfmXStKCR,96.76,12425,860,27,814.58,product148,7.78752515090543,0.112511627906977,0.069215291750503,3.5837037037037,30.1696296296296,8.41856138900372
2026-06-06,IOS,dhgate_product138_FR_ACT&Nopay 30D_purchase_IAP_Kelsey_20260403,zNcB24si9mbzBPed,150.61,10250,1745,38,2093.74,product138,14.6936585365854,0.0863094555873926,0.170243902439024,3.96342105263158,55.0984210526316,13.9017329526592
2026-06-06,IOS,dhgate_product137_US_Purchase 30D_purchase_IAP_Kelsey_20260402,Eo7scqEETcYxo6WH,50.72,4314,265,6,370.71,product137,11.7570700046361,0.191396226415094,0.0614279091330552,8.45333333333333,61.785,7.30895110410095
2026-06-06,ANDROID,dhgate_product322_US_Purchase 30D_purchase_IAP_Kelsey_20260504,UEOt0CeUKtYLfLaH,50.3,2287,441,12,394.99,product322,21.9938784433756,0.1140589569161,0.192829033668561,4.19166666666667,32.9158333333333,7.85268389662028
2026-06-06,ANDROID,dhgate_product315_UK_ACT&Nopay 30D_purchase_IAP_Kelsey_20260425,bedUOEtGfoRFbmze,47.79,7549,533,44,1339.5,product315,6.33063981984369,0.0896622889305816,0.0706053781957875,1.08613636363636,30.4431818181818,28.0288763339611
2026-06-06,IOS,dhgate_product300_T1_Purchase 30D_purchase_IAP_Kelsey_20260421,wGMfDvBHm0s02IeZ,50.4,3791,339,11,538.66,product300,13.294645212345,0.148672566371681,0.0894223160116064,4.58181818181818,48.9690909090909,10.6876984126984
2026-06-06,IOS,dhgate_product336_T1_Purchase 30D_purchase_IAP_Kelsey_20260512,IbA1O59ht1JcwImf,50.58,3999,422,14,758.99,product336,12.6481620405101,0.119857819905213,0.105526381595399,3.61285714285714,54.2135714285714,15.0057334914986
2026-06-06,IOS,dhgate_product337_T1_ACT&Nopay 30D_purchase_IAP_Kelsey_20260513,pMbmqjxpXWy9uySH,50.27,9113,618,8,290.35,product337,5.51629540217272,0.0813430420711974,0.0678152090420279,6.28375,36.29375,5.77581062263776
2026-06-06,IOS,dhgate_product326_US_ACT&Nopay 30D_purchase_IAP_Kelsey_20260506,zMf9PKJzCf4uVI7T,45.7,5688,355,23,1150.48,product326,8.03445850914205,0.128732394366197,0.0624120956399437,1.98695652173913,50.0208695652174,25.1746170678337
2026-06-06,IOS,dhgate_product372_T1_ACT&Nopay 30D_purchase_IAP_Kelsey_20260605,U4gzqzcEnoe3yurD,41.24,2489,1383,10,305.74,product372,16.5689031739655,0.0298192335502531,0.55564483728405,4.124,30.574,7.41367604267701
2026-06-06,ANDROID,dhgate_product372_T1_ACT&Nopay 30D_purchase_IAP_Kelsey_20260605,dNCh4PR4zw9zLcA5,42.38,9390,3679,2,88.94,product372,4.51331203407881,0.0115194346289753,0.391799787007455,21.19,44.47,2.09863142991977
2026-06-06,ANDROID,dhgate_product369_US_ACT&Nopay 30D_purchase_IAP_Kelsey_20260601,n7f3WCGhTngQWJhC,36.89,1897,847,1,97.93,product369,19.4464944649447,0.0435537190082645,0.446494464944649,36.89,97.93,2.65464895635674
2026-06-06,ANDROID,dhgate_product368_T1_Purchase 30D_purchase_IAP_Kelsey_20260531,b3s2CGS3sMxfFWgV,45.27,2794,891,15,429.19,product368,16.2025769506085,0.0508080808080808,0.318897637795276,3.018,28.6126666666667,9.48067152639717
2026-06-06,ANDROID,dhgate_product367_UK_Purchase 30D_purchase_IAP_Kelsey_20260530,AsUotp8z2P369W1o,41.87,1559,648,8,208.6,product367,26.8569595894804,0.0646141975308642,0.415651058370751,5.23375,26.075,4.9820874134225
2026-06-06,ANDROID,dhgate_product366_UK_Purchase 30D_purchase_IAP_Kelsey_20260529,tlDSznDFDWyzbPVr,33.96,1320,470,7,158.42,product366,25.7272727272727,0.0722553191489362,0.356060606060606,4.85142857142857,22.6314285714286,4.66489988221437
2026-06-06,IOS,dhgate_product368_T1_Purchase 30D_purchase_IAP_Kelsey_20260531,Ta2k2BeVyS7dWN4n,50.44,3108,416,15,613.9,product368,16.2290862290862,0.12125,0.133848133848134,3.36266666666667,40.9266666666667,12.1708961141951
2026-06-06,ANDROID,dhgate_product359_UK_ACT&Nopay 30D_purchase_IAP_Kelsey_20260523,RWeVcrW8HneV8sUj,49.44,4008,1221,3,133.89,product359,12.3353293413174,0.0404914004914005,0.304640718562874,16.48,44.63,2.70813106796117
2026-06-06,IOS,dhgate_product357_UK_ACT&Nopay 30D_purchase_IAP_Kelsey_20260521,secYrwGRxGvE22kr,50.53,1088,621,22,794.57,product357,46.4430147058824,0.0813687600644122,0.570772058823529,2.29681818181818,36.1168181818182,15.7247179893133
2026-06-06,IOS,dhgate_product350_US_Purchase 30D_purchase_IAP_Kelsey_20260517,eZwoS7yMwcYqxbzm,100.66,6793,448,22,1052.25,product350,14.8181952009421,0.2246875,0.0659502428971,4.57545454545455,47.8295454545455,10.4535068547586
2026-06-06,IOS,dhgate_product340_US_Purchase 30D_purchase_IAP_Kelsey_20260516,yznk4uz7IRlNu5TH,82.41,1427,813,21,872.25,product340,57.7505255781359,0.101365313653137,0.569726699369306,3.92428571428571,41.5357142857143,10.5842737531853
2026-06-06,IOS,dhgate_product338_T1_ACT&Nopay 30D_purchase_IAP_Kelsey_20260515,aiZBaGOKYFBuq0Ps,49.21,6876,629,24,1034.13,product338,7.15677719604421,0.0782352941176471,0.091477603257708,2.05041666666667,43.08875,21.0146311725259
2026-06-06,ANDROID,dhgate_product337_T1_ACT&Nopay 30D_purchase_IAP_Kelsey_20260513,Hi3okRpzvLX7H2oQ,44.64,5346,2157,14,643.71,product337,8.35016835016835,0.0206954102920723,0.40347923681257,3.18857142857143,45.9792857142857,14.4200268817204
2026-06-06,IOS,dhgate_product364_US_Purchase 30D_purchase_IAP_Kelsey_20260527,qX4oco28gDbrpBri,51.0,1001,504,11,400.8,product364,50.949050949051,0.101190476190476,0.503496503496504,4.63636363636364,36.4363636363636,7.85882352941177
2026-06-07,IOS,dhgate_product314_UK_Purchase 30D_purchase_IAP_Kelsey_20260424,NmHyz3ZrSwNTmf0j,49.34,1767,333,24,881.85,product314,27.9230333899264,0.148168168168168,0.188455008488964,2.05583333333333,36.74375,17.87292257803
2026-06-07,IOS,dhgate_product318_T1_Purchase 30D_purchase_IAP_Kelsey_20260428,mayu0PGeMJEYQhWJ,151.01,6412,1142,29,1078.0,product318,23.5511540860886,0.13223292469352,0.178103555832813,5.20724137931035,37.1724137931034,7.13860009270909
2026-06-07,IOS,dhgate_product317_UK_ACT&Nopay 30D_purchase_IAP_Kelsey_20260427,H9HAtL9q0yyc4Gdy,91.37,3199,729,21,813.86,product317,28.5620506408253,0.125336076817558,0.227883713660519,4.35095238095238,38.7552380952381,8.90729998905549
2026-06-07,ANDROID,dhgate_product317_UK_ACT&Nopay 30D_purchase_IAP_Kelsey_20260427,tDzMEZEldS4Kei0r,92.9,3266,1354,27,1005.61,product317,28.4445805266381,0.0686115214180207,0.414574402939375,3.44074074074074,37.2448148148148,10.8246501614639
2026-06-07,ANDROID,dhgate_product317_FR_ACT&Nopay 30D_purchase_IAP_Kelsey_20260526,zbor8ujPF081oChW,35.38,3236,1328,12,562.66,product317,10.9332509270705,0.0266415662650602,0.410383189122373,2.94833333333333,46.8883333333333,15.9033352176371
2026-06-07,ANDROID,dhgate_product315_UK_ACT&Nopay 30D_purchase_IAP_Kelsey_20260425,bedUOEtGfoRFbmze,49.49,6322,628,19,622.6,product315,7.8282189180639,0.0788057324840764,0.0993356532742803,2.60473684210526,32.7684210526316,12.5803192564154
2026-06-07,IOS,dhgate_product301_US_ACT&Nopay 30D_purchase_IAP_Kelsey_20260422,OG6WHvKPBaUM1wDo,50.14,4746,554,4,177.61,product301,10.5646860514117,0.0905054151624549,0.116729877791825,12.535,44.4025,3.54228161148783
2026-06-07,ANDROID,dhgate_dpa-and_US_ACT&Nopay 30D_purchase_IAP_Kelsey_20260511,M0ZXR7rklCeN7J9o,100.03,4597,985,11,379.24,dpa-and,21.7598433761149,0.101553299492386,0.214270176201871,9.09363636363636,34.4763636363636,3.79126262121364
2026-06-07,IOS,dhgate_product300_T1_Purchase 30D_purchase_IAP_Kelsey_20260421,wGMfDvBHm0s02IeZ,50.37,3232,396,8,252.68,product300,15.5847772277228,0.12719696969697,0.122524752475248,6.29625,31.585,5.01647806233869
2026-06-07,ANDROID,dhgate_product148_T1_Purchase 30D_purchase_IAP_Kelsey_20260415,dVlitdxzfmXStKCR,91.39,12388,876,32,943.66,product148,7.37730061349693,0.104326484018265,0.0707135938004521,2.8559375,29.489375,10.325637378269
2026-06-07,IOS,dhgate_product138_FR_ACT&Nopay 30D_purchase_IAP_Kelsey_20260403,zNcB24si9mbzBPed,150.63,7597,1856,63,2742.69,product138,19.8275635119126,0.0811584051724138,0.244306963274977,2.39095238095238,43.5347619047619,18.2081258713404
2026-06-07,IOS,dhgate_product137_US_Purchase 30D_purchase_IAP_Kelsey_20260402,Eo7scqEETcYxo6WH,50.44,2761,305,5,636.22,product137,18.2687432089823,0.165377049180328,0.110467222021007,10.088,127.244,12.6134020618557
2026-06-07,IOS,dhgate_product121_US_Purchase 30D_purchase_IAP_Kelsey_20260222,HGuWXrsF7XcJ6CCt,48.84,2658,261,5,262.46,product121,18.3747178329571,0.187126436781609,0.0981941309255079,9.768,52.492,5.37387387387387
2026-06-07,IOS,dhgate_dpa-ios_US_ACT&Nopay 30D_purchase_IAP_Kelsey_20260515,y55faIMh7doL5RvO,96.21,6118,420,5,230.28,dpa-ios,15.725727361883,0.229071428571429,0.068649885583524,19.242,46.056,2.39351418771438
2026-06-07,IOS,dhgate_product319_US_Purchase 30D_purchase_IAP_Kelsey_20260429,SGOG7us7fBY7c5lH,100.53,5511,810,24,850.68,product319,18.2416984213391,0.124111111111111,0.146978769733261,4.18875,35.445,8.46195165622202
2026-06-07,ANDROID,dhgate_product301_US_ACT&Nopay 30D_purchase_IAP_Kelsey_20260422,uNF1ALuKQFoHzngn,65.67,2340,1112,6,300.75,product301,28.0641025641026,0.0590557553956835,0.475213675213675,10.945,50.125,4.57971676564641
2026-06-07,IOS,dhgate_product321_US_Purchase 30D_purchase_IAP_Kelsey_20260502,ihMCrglFMezOy59I,50.13,3196,277,1,74.66,product321,15.6852315394243,0.180974729241877,0.0866708385481852,50.13,74.66,1.48932774785558
2026-06-07,ANDROID,dhgate_product368_T1_Purchase 30D_purchase_IAP_Kelsey_20260531,b3s2CGS3sMxfFWgV,40.18,2573,823,17,553.44,product368,15.6160124368442,0.0488213851761847,0.319860085503304,2.36352941176471,32.5552941176471,13.7740169238427
2026-06-07,IOS,dhgate_product326_US_ACT&Nopay 30D_purchase_IAP_Kelsey_20260506,zMf9PKJzCf4uVI7T,48.33,3190,524,18,722.75,product326,15.1504702194357,0.0922328244274809,0.164263322884013,2.685,40.1527777777778,14.9544796192841
2026-06-07,ANDROID,dhgate_product372_T1_ACT&Nopay 30D_purchase_IAP_Kelsey_20260605,dNCh4PR4zw9zLcA5,46.91,7182,2797,1,34.78,product372,6.53160679476469,0.0167715409367179,0.389445836814258,46.91,34.78,0.741419739927521
2026-06-07,ANDROID,dhgate_product369_US_ACT&Nopay 30D_purchase_IAP_Kelsey_20260601,n7f3WCGhTngQWJhC,36.85,1715,849,1,46.07,product369,21.4868804664723,0.0434040047114252,0.495043731778426,36.85,46.07,1.25020352781547
2026-06-07,IOS,dhgate_product368_T1_Purchase 30D_purchase_IAP_Kelsey_20260531,Ta2k2BeVyS7dWN4n,50.9,2271,460,4,296.28,product368,22.4130339057684,0.110652173913043,0.202553940995156,12.725,74.07,5.82082514734774
2026-06-07,IOS,dhgate_product372_T1_ACT&Nopay 30D_purchase_IAP_Kelsey_20260605,U4gzqzcEnoe3yurD,43.18,2227,1209,8,203.14,product372,19.3893129770992,0.0357154673283706,0.542882801975752,5.3975,25.3925,4.70449282075035
2026-06-07,ANDROID,dhgate_product367_UK_Purchase 30D_purchase_IAP_Kelsey_20260530,AsUotp8z2P369W1o,27.84,1043,448,18,491.14,product367,26.6922339405561,0.0621428571428571,0.429530201342282,1.54666666666667,27.2855555555556,17.6415229885057
2026-06-07,ANDROID,dhgate_product366_UK_Purchase 30D_purchase_IAP_Kelsey_20260529,tlDSznDFDWyzbPVr,33.98,1222,477,13,317.67,product366,27.8068739770867,0.0712368972746331,0.390343698854337,2.61384615384615,24.4361538461538,9.34873454973514
2026-06-07,IOS,dhgate_product364_US_Purchase 30D_purchase_IAP_Kelsey_20260527,qX4oco28gDbrpBri,50.16,820,422,11,414.83,product364,61.1707317073171,0.118862559241706,0.514634146341463,4.56,37.7118181818182,8.2701355661882
2026-06-07,ANDROID,dhgate_product322_US_Purchase 30D_purchase_IAP_Kelsey_20260504,UEOt0CeUKtYLfLaH,44.25,1438,360,3,73.8,product322,30.7719054242003,0.122916666666667,0.250347705146036,14.75,24.6,1.66779661016949
2026-06-07,IOS,dhgate_product357_UK_ACT&Nopay 30D_purchase_IAP_Kelsey_20260521,secYrwGRxGvE22kr,50.26,1139,580,7,284.64,product357,44.126426690079,0.0866551724137931,0.509218612818262,7.18,40.6628571428571,5.6633505769996
2026-06-07,IOS,dhgate_product350_US_Purchase 30D_purchase_IAP_Kelsey_20260517,eZwoS7yMwcYqxbzm,100.17,4388,518,17,930.13,product350,22.8281677301732,0.193378378378378,0.118049225159526,5.89235294117647,54.7135294117647,9.28551462513727
2026-06-07,IOS,dhgate_product340_US_Purchase 30D_purchase_IAP_Kelsey_20260516,yznk4uz7IRlNu5TH,81.89,1389,808,14,434.42,product340,58.9560835133189,0.10134900990099,0.581713462922966,5.84928571428571,31.03,5.30492123580413
2026-06-07,IOS,dhgate_product338_T1_ACT&Nopay 30D_purchase_IAP_Kelsey_20260515,aiZBaGOKYFBuq0Ps,50.25,4144,755,2,67.64,product338,12.1259652509653,0.0665562913907285,0.18219111969112,25.125,33.82,1.34606965174129
2026-06-07,ANDROID,dhgate_product337_T1_ACT&Nopay 30D_purchase_IAP_Kelsey_20260513,Hi3okRpzvLX7H2oQ,40.12,4135,1722,10,294.13,product337,9.70253929866989,0.0232984901277584,0.416444981862152,4.012,29.413,7.33125623130608
2026-06-07,IOS,dhgate_product337_T1_ACT&Nopay 30D_purchase_IAP_Kelsey_20260513,pMbmqjxpXWy9uySH,49.0,5494,702,9,315.58,product337,8.9188205314889,0.0698005698005698,0.127775755369494,5.44444444444445,35.0644444444445,6.44040816326531
2026-06-07,IOS,dhgate_product336_T1_Purchase 30D_purchase_IAP_Kelsey_20260512,IbA1O59ht1JcwImf,50.35,3013,439,6,514.01,product336,16.7109193494856,0.114692482915718,0.145701958181215,8.39166666666667,85.6683333333333,10.2087388282026
2026-06-07,ANDROID,dhgate_product359_UK_ACT&Nopay 30D_purchase_IAP_Kelsey_20260523,RWeVcrW8HneV8sUj,42.22,3346,1058,11,313.35,product359,12.6180514046623,0.0399054820415879,0.316198445905559,3.83818181818182,28.4863636363636,7.42183799147324
2026-06-08,IOS,dhgate_product319_US_Purchase 30D_purchase_IAP_Kelsey_20260429,SGOG7us7fBY7c5lH,100.65,6321,867,23,910.53,product319,15.9231134314191,0.116089965397924,0.137161841480778,4.37608695652174,39.5882608695652,9.04649776453055
2026-06-08,IOS,dhgate_product318_T1_Purchase 30D_purchase_IAP_Kelsey_20260428,mayu0PGeMJEYQhWJ,111.66,5064,858,22,995.35,product318,22.0497630331754,0.13013986013986,0.169431279620853,5.07545454545455,45.2431818181818,8.91411427547913
2026-06-08,ANDROID,dhgate_product317_UK_ACT&Nopay 30D_purchase_IAP_Kelsey_20260427,tDzMEZEldS4Kei0r,76.53,2745,1076,13,556.05,product317,27.879781420765,0.0711245353159851,0.391985428051002,5.88692307692308,42.7730769230769,7.26577812622501
2026-06-08,ANDROID,dhgate_product317_FR_ACT&Nopay 30D_purchase_IAP_Kelsey_20260526,zbor8ujPF081oChW,41.48,3562,1374,16,574.98,product317,11.6451431779899,0.0301892285298399,0.385738349241999,2.5925,35.93625,13.8616200578592
2026-06-08,ANDROID,dhgate_product315_UK_ACT&Nopay 30D_purchase_IAP_Kelsey_20260425,bedUOEtGfoRFbmze,62.96,7097,927,4,130.14,product315,8.87135409327885,0.0679180151024811,0.130618571227279,15.74,32.535,2.06702668360864
2026-06-08,IOS,dhgate_product314_UK_Purchase 30D_purchase_IAP_Kelsey_20260424,NmHyz3ZrSwNTmf0j,49.23,1732,358,6,152.0,product314,28.4237875288684,0.137513966480447,0.206697459584296,8.205,25.3333333333333,3.0875482429413
2026-06-08,ANDROID,dhgate_product301_US_ACT&Nopay 30D_purchase_IAP_Kelsey_20260422,uNF1ALuKQFoHzngn,84.17,2642,1315,4,119.79,product301,31.8584405753217,0.0640076045627376,0.49772899318698,21.0425,29.9475,1.42319116074611
2026-06-08,ANDROID,dhgate_product148_T1_Purchase 30D_purchase_IAP_Kelsey_20260415,dVlitdxzfmXStKCR,99.81,13103,1101,20,1043.07,product148,7.61733954056323,0.0906539509536785,0.0840265588033275,4.9905,52.1535,10.4505560565074
2026-06-08,IOS,dhgate_product300_T1_Purchase 30D_purchase_IAP_Kelsey_20260421,wGMfDvBHm0s02IeZ,50.79,3547,426,7,534.04,product300,14.3191429376938,0.119225352112676,0.120101494220468,7.25571428571429,76.2914285714286,10.5146682417799
2026-06-08,IOS,dhgate_product321_US_Purchase 30D_purchase_IAP_Kelsey_20260502,ihMCrglFMezOy59I,50.73,2814,273,7,322.48,product321,18.0277185501066,0.185824175824176,0.0970149253731343,7.24714285714286,46.0685714285714,6.35679085353834
2026-06-08,IOS,dhgate_product138_FR_ACT&Nopay 30D_purchase_IAP_Kelsey_20260403,zNcB24si9mbzBPed,149.64,9454,1799,35,1441.63,product138,15.8282208588957,0.0831795441912173,0.190289824412947,4.27542857142857,41.1894285714286,9.63398823843892
2026-06-08,IOS,dhgate_product137_US_Purchase 30D_purchase_IAP_Kelsey_20260402,Eo7scqEETcYxo6WH,50.23,2397,301,6,420.83,product137,20.9553608677514,0.16687707641196,0.125573633708803,8.37166666666667,70.1383333333333,8.37806091976906
2026-06-08,IOS,dhgate_product121_US_Purchase 30D_purchase_IAP_Kelsey_20260222,HGuWXrsF7XcJ6CCt,50.1,2106,283,0,0.0,product121,23.7891737891738,0.177031802120141,0.134377967711301,,,0.0
2026-06-08,IOS,dhgate_dpa-ios_US_ACT&Nopay 30D_purchase_IAP_Kelsey_20260515,y55faIMh7doL5RvO,97.96,6098,455,5,126.65,dpa-ios,16.0642833715972,0.215296703296703,0.0746146277468022,19.592,25.33,1.29287464271131
2026-06-08,ANDROID,dhgate_dpa-and_US_ACT&Nopay 30D_purchase_IAP_Kelsey_20260511,M0ZXR7rklCeN7J9o,99.16,5725,955,2,109.55,dpa-and,17.3205240174672,0.103832460732984,0.166812227074236,49.58,54.775,1.10478015328762
2026-06-08,IOS,dhgate_product301_US_ACT&Nopay 30D_purchase_IAP_Kelsey_20260422,OG6WHvKPBaUM1wDo,50.18,3903,558,12,510.74,product301,12.8567768383295,0.0899283154121864,0.142966948501153,4.18166666666667,42.5616666666667,10.1781586289358
2026-06-08,ANDROID,dhgate_product322_US_Purchase 30D_purchase_IAP_Kelsey_20260504,UEOt0CeUKtYLfLaH,50.2,1721,454,7,330.18,product322,29.1690877396862,0.11057268722467,0.263800116211505,7.17142857142857,47.1685714285714,6.57729083665339
2026-06-08,IOS,dhgate_product317_UK_ACT&Nopay 30D_purchase_IAP_Kelsey_20260427,H9HAtL9q0yyc4Gdy,97.91,3075,828,12,527.78,product317,31.8406504065041,0.118248792270531,0.269268292682927,8.15916666666667,43.9816666666667,5.39046062710653
2026-06-08,IOS,dhgate_product336_T1_Purchase 30D_purchase_IAP_Kelsey_20260512,IbA1O59ht1JcwImf,50.91,3436,471,7,159.25,product336,14.8166472642608,0.108089171974522,0.137077997671711,7.27285714285714,22.75,3.12806914162247
2026-06-08,IOS,dhgate_product373_T1_ACT&Nopay 30D_purchase_IAP_Kelsey_20260608,SOyFbWwwzNFEDvyp,8.08,632,323,0,0.0,product373,12.7848101265823,0.025015479876161,0.511075949367089,,,0.0
2026-06-08,IOS,dhgate_product372_T1_ACT&Nopay 30D_purchase_IAP_Kelsey_20260605,U4gzqzcEnoe3yurD,43.32,2300,1181,4,162.18,product372,18.8347826086957,0.0366807790008467,0.513478260869565,10.83,40.545,3.74376731301939
2026-06-08,ANDROID,dhgate_product372_T1_ACT&Nopay 30D_purchase_IAP_Kelsey_20260605,dNCh4PR4zw9zLcA5,34.4,4001,1606,5,94.0,product372,8.59785053736566,0.0214196762141968,0.401399650087478,6.88,18.8,2.73255813953488
2026-06-08,ANDROID,dhgate_product369_US_ACT&Nopay 30D_purchase_IAP_Kelsey_20260601,n7f3WCGhTngQWJhC,33.87,1593,746,0,0.0,product369,21.2617702448211,0.045402144772118,0.468298807281858,,,0.0
2026-06-08,IOS,dhgate_product368_T1_Purchase 30D_purchase_IAP_Kelsey_20260531,Ta2k2BeVyS7dWN4n,50.69,2274,486,10,489.83,product368,22.2911169744943,0.104300411522634,0.213720316622691,5.069,48.983,9.66324718879463
2026-06-08,ANDROID,dhgate_product368_T1_Purchase 30D_purchase_IAP_Kelsey_20260531,b3s2CGS3sMxfFWgV,42.93,2975,875,20,720.35,product368,14.4302521008403,0.0490628571428571,0.294117647058824,2.1465,36.0175,16.7796412764966
2026-06-08,ANDROID,dhgate_product367_UK_Purchase 30D_purchase_IAP_Kelsey_20260530,AsUotp8z2P369W1o,31.36,1360,500,6,176.39,product367,23.0588235294118,0.06272,0.367647058823529,5.22666666666667,29.3983333333333,5.62468112244898
2026-06-08,ANDROID,dhgate_product366_UK_Purchase 30D_purchase_IAP_Kelsey_20260529,tlDSznDFDWyzbPVr,40.02,1429,556,10,178.38,product366,28.0055983205039,0.0719784172661871,0.389083275017495,4.002,17.838,4.45727136431784
2026-06-08,ANDROID,dhgate_product373_T1_ACT&Nopay 30D_purchase_IAP_Kelsey_20260608,wFD7FFJteXnPqAV9,7.74,2616,999,0,0.0,product373,2.95871559633028,0.00774774774774775,0.381880733944954,,,0.0
2026-06-08,ANDROID,dhgate_product359_UK_ACT&Nopay 30D_purchase_IAP_Kelsey_20260523,RWeVcrW8HneV8sUj,47.08,3987,1178,7,176.46,product359,11.8083772259844,0.0399660441426146,0.295460245798846,6.72571428571429,25.2085714285714,3.74808836023789
2026-06-08,IOS,dhgate_product364_US_Purchase 30D_purchase_IAP_Kelsey_20260527,qX4oco28gDbrpBri,46.49,1010,519,6,220.56,product364,46.029702970297,0.0895761078998073,0.513861386138614,7.74833333333333,36.76,4.74424607442461
2026-06-08,IOS,dhgate_product337_T1_ACT&Nopay 30D_purchase_IAP_Kelsey_20260513,pMbmqjxpXWy9uySH,50.18,4603,725,12,392.4,product337,10.9015859222246,0.0692137931034483,0.157505974364545,4.18166666666667,32.7,7.81984854523715
2026-06-08,ANDROID,dhgate_product337_T1_ACT&Nopay 30D_purchase_IAP_Kelsey_20260513,Hi3okRpzvLX7H2oQ,40.03,3841,1483,1,23.16,product337,10.4217651653215,0.0269925826028321,0.386097370476438,40.03,23.16,0.578566075443417
2026-06-08,IOS,dhgate_product326_US_ACT&Nopay 30D_purchase_IAP_Kelsey_20260506,zMf9PKJzCf4uVI7T,49.78,2749,609,21,816.32,product326,18.1084030556566,0.0817405582922824,0.221535103674063,2.37047619047619,38.872380952381,16.3985536359984
2026-06-08,IOS,dhgate_product340_US_Purchase 30D_purchase_IAP_Kelsey_20260516,yznk4uz7IRlNu5TH,98.0,2377,751,17,703.28,product340,41.2284392090871,0.130492676431425,0.315944467816576,5.76470588235294,41.3694117647059,7.17632653061224
2026-06-08,IOS,dhgate_product350_US_Purchase 30D_purchase_IAP_Kelsey_20260517,eZwoS7yMwcYqxbzm,87.19,3504,488,12,874.4,product350,24.8829908675799,0.178668032786885,0.139269406392694,7.26583333333333,72.8666666666667,10.0286730129602
2026-06-08,IOS,dhgate_product357_UK_ACT&Nopay 30D_purchase_IAP_Kelsey_20260521,secYrwGRxGvE22kr,50.6,1150,616,17,463.62,product357,44.0,0.0821428571428571,0.535652173913043,2.97647058823529,27.2717647058824,9.16245059288538
2026-06-08,IOS,dhgate_product338_T1_ACT&Nopay 30D_purchase_IAP_Kelsey_20260515,aiZBaGOKYFBuq0Ps,45.85,3535,751,16,689.73,product338,12.970297029703,0.061051930758988,0.212446958981612,2.865625,43.108125,15.0431842966194
2026-06-09,IOS,dhgate_product319_US_Purchase 30D_purchase_IAP_Kelsey_20260429,SGOG7us7fBY7c5lH,100.75,6467,986,20,1413.85,product319,15.5790938611412,0.102180527383367,0.152466367713004,5.0375,70.6925,14.0332506203474
2026-06-09,IOS,dhgate_product318_T1_Purchase 30D_purchase_IAP_Kelsey_20260428,mayu0PGeMJEYQhWJ,100.4,4597,820,35,1583.66,product318,21.8403306504242,0.122439024390244,0.178377202523385,2.86857142857143,45.2474285714286,15.7735059760956
2026-06-09,IOS,dhgate_product317_UK_ACT&Nopay 30D_purchase_IAP_Kelsey_20260427,H9HAtL9q0yyc4Gdy,97.74,3263,804,21,707.02,product317,29.9540300337113,0.121567164179104,0.246399019307386,4.65428571428571,33.6676190476191,7.23368119500716
2026-06-09,ANDROID,dhgate_product317_UK_ACT&Nopay 30D_purchase_IAP_Kelsey_20260427,tDzMEZEldS4Kei0r,84.2,3127,1162,15,585.86,product317,26.9267668692037,0.072461273666093,0.371602174608251,5.61333333333333,39.0573333333333,6.95795724465558
2026-06-09,ANDROID,dhgate_product317_FR_ACT&Nopay 30D_purchase_IAP_Kelsey_20260526,zbor8ujPF081oChW,44.75,3632,1353,6,154.6,product317,12.3210352422908,0.0330746489283075,0.372522026431718,7.45833333333333,25.7666666666667,3.45474860335196
2026-06-09,ANDROID,dhgate_product315_UK_ACT&Nopay 30D_purchase_IAP_Kelsey_20260425,bedUOEtGfoRFbmze,100.45,10793,1530,13,481.54,product315,9.306958213657,0.0656535947712418,0.141758547206523,7.72692307692308,37.0415384615385,4.79382777501244
2026-06-09,IOS,dhgate_product314_UK_Purchase 30D_purchase_IAP_Kelsey_20260424,NmHyz3ZrSwNTmf0j,50.12,1815,400,15,496.73,product314,27.6143250688705,0.1253,0.220385674931129,3.34133333333333,33.1153333333333,9.91081404628891
2026-06-09,IOS,dhgate_product301_US_ACT&Nopay 30D_purchase_IAP_Kelsey_20260422,OG6WHvKPBaUM1wDo,50.1,4490,535,5,181.31,product301,11.1581291759465,0.0936448598130841,0.119153674832962,10.02,36.262,3.6189620758483
2026-06-09,IOS,dhgate_product300_T1_Purchase 30D_purchase_IAP_Kelsey_20260421,wGMfDvBHm0s02IeZ,50.18,3950,426,3,74.5,product300,12.7037974683544,0.117793427230047,0.107848101265823,16.7266666666667,24.8333333333333,1.48465524113193
2026-06-09,IOS,dhgate_product138_FR_ACT&Nopay 30D_purchase_IAP_Kelsey_20260403,zNcB24si9mbzBPed,150.13,10524,1784,41,1808.89,product138,14.2654884074496,0.0841535874439462,0.169517293804637,3.66170731707317,44.1192682926829,12.0488243522281
2026-06-09,IOS,dhgate_product137_US_Purchase 30D_purchase_IAP_Kelsey_20260402,Eo7scqEETcYxo6WH,50.09,3116,268,3,85.42,product137,16.0750962772786,0.186902985074627,0.086007702182285,16.6966666666667,28.4733333333333,1.70533040527051
2026-06-09,IOS,dhgate_dpa-ios_US_ACT&Nopay 30D_purchase_IAP_Kelsey_20260515,y55faIMh7doL5RvO,88.84,5572,409,11,417.85,dpa-ios,15.9440057430007,0.21721271393643,0.073402727925341,8.07636363636364,37.9863636363636,4.70339936965331
2026-06-09,ANDROID,dhgate_dpa-and_US_ACT&Nopay 30D_purchase_IAP_Kelsey_20260511,M0ZXR7rklCeN7J9o,100.6,6906,932,3,75.44,dpa-and,14.5670431508833,0.10793991416309,0.134955111497249,33.5333333333333,25.1466666666667,0.749900596421471
2026-06-09,IOS,dhgate_product321_US_Purchase 30D_purchase_IAP_Kelsey_20260502,ihMCrglFMezOy59I,50.12,4128,263,5,117.33,product321,12.1414728682171,0.190570342205323,0.0637112403100775,10.024,23.466,2.34098164405427
2026-06-09,ANDROID,dhgate_product301_US_ACT&Nopay 30D_purchase_IAP_Kelsey_20260422,uNF1ALuKQFoHzngn,69.75,2462,1177,4,295.38,product301,28.3306255077173,0.0592608326253186,0.478066612510154,17.4375,73.845,4.23483870967742
2026-06-09,ANDROID,dhgate_product148_T1_Purchase 30D_purchase_IAP_Kelsey_20260415,dVlitdxzfmXStKCR,95.53,12500,1060,24,908.08,product148,7.6424,0.090122641509434,0.0848,3.98041666666667,37.8366666666667,9.50570501413169
2026-06-09,ANDROID,dhgate_product322_US_Purchase 30D_purchase_IAP_Kelsey_20260504,UEOt0CeUKtYLfLaH,48.23,2528,527,14,583.3,product322,19.0783227848101,0.0915180265654649,0.208465189873418,3.445,41.6642857142857,12.0941322828115
2026-06-09,IOS,dhgate_product336_T1_Purchase 30D_purchase_IAP_Kelsey_20260512,IbA1O59ht1JcwImf,50.63,3493,479,13,623.13,product336,14.4947036931005,0.105699373695198,0.13713140566848,3.89461538461539,47.9330769230769,12.307525182698
2026-06-09,IOS,dhgate_product326_US_ACT&Nopay 30D_purchase_IAP_Kelsey_20260506,zMf9PKJzCf4uVI7T,89.83,4418,908,4,173.68,product326,20.3327297419647,0.098931718061674,0.205522861023087,22.4575,43.42,1.93342981186686
2026-06-09,ANDROID,dhgate_product373_T1_ACT&Nopay 30D_purchase_IAP_Kelsey_20260608,wFD7FFJteXnPqAV9,35.13,6723,2530,5,110.1,product373,5.22534582775547,0.0138853754940711,0.376320095195597,7.026,22.02,3.13407344150299
2026-06-09,IOS,dhgate_product373_T1_ACT&Nopay 30D_purchase_IAP_Kelsey_20260608,SOyFbWwwzNFEDvyp,41.6,2588,1195,0,0.0,product373,16.0741885625966,0.0348117154811716,0.461746522411128,,,0.0
2026-06-09,IOS,dhgate_product372_T1_ACT&Nopay 30D_purchase_IAP_Kelsey_20260605,U4gzqzcEnoe3yurD,39.69,2114,1090,7,383.37,product372,18.7748344370861,0.0364128440366972,0.515610217596973,5.67,54.7671428571429,9.65910808767952
2026-06-09,IOS,dhgate_product368_T1_Purchase 30D_purchase_IAP_Kelsey_20260531,Ta2k2BeVyS7dWN4n,50.35,2297,484,2,55.77,product368,21.9198955158903,0.104028925619835,0.210709621245102,25.175,27.885,1.10764647467726
2026-06-09,ANDROID,dhgate_product367_UK_Purchase 30D_purchase_IAP_Kelsey_20260530,AsUotp8z2P369W1o,36.55,1810,639,4,87.36,product367,20.1933701657459,0.0571987480438185,0.353038674033149,9.1375,21.84,2.39015047879617
2026-06-09,ANDROID,dhgate_product366_UK_Purchase 30D_purchase_IAP_Kelsey_20260529,tlDSznDFDWyzbPVr,35.73,1494,532,3,105.43,product366,23.9156626506024,0.0671616541353383,0.356091030789826,11.91,35.1433333333333,2.95074167366359
2026-06-09,ANDROID,dhgate_product368_T1_Purchase 30D_purchase_IAP_Kelsey_20260531,b3s2CGS3sMxfFWgV,40.81,2874,919,14,592.93,product368,14.1997216423104,0.0444069640914037,0.319763395963814,2.915,42.3521428571429,14.5290370007351
2026-06-09,ANDROID,dhgate_product359_UK_ACT&Nopay 30D_purchase_IAP_Kelsey_20260523,RWeVcrW8HneV8sUj,50.87,4718,1409,6,145.4,product359,10.7821110640102,0.0361036195883605,0.298643493005511,8.47833333333333,24.2333333333333,2.85826616866523
2026-06-09,IOS,dhgate_product357_UK_ACT&Nopay 30D_purchase_IAP_Kelsey_20260521,secYrwGRxGvE22kr,50.43,1146,631,18,552.45,product357,44.0052356020942,0.0799207606973059,0.550610820244328,2.80166666666667,30.6916666666667,10.9547888161808
2026-06-09,IOS,dhgate_product350_US_Purchase 30D_purchase_IAP_Kelsey_20260517,eZwoS7yMwcYqxbzm,100.49,4616,518,13,494.54,product350,21.7699306759099,0.193996138996139,0.112218370883882,7.73,38.0415384615385,4.92128570006966
2026-06-09,IOS,dhgate_product340_US_Purchase 30D_purchase_IAP_Kelsey_20260516,yznk4uz7IRlNu5TH,100.5,4565,491,8,441.15,product340,22.0153340635268,0.204684317718941,0.107557502738226,12.5625,55.14375,4.38955223880597
2026-06-09,IOS,dhgate_product338_T1_ACT&Nopay 30D_purchase_IAP_Kelsey_20260515,aiZBaGOKYFBuq0Ps,50.33,4098,763,9,438.88,product338,12.2816007808687,0.0659633027522936,0.186188384577843,5.59222222222222,48.7644444444444,8.72004768527717
2026-06-09,ANDROID,dhgate_product337_T1_ACT&Nopay 30D_purchase_IAP_Kelsey_20260513,Hi3okRpzvLX7H2oQ,37.01,3324,1309,4,122.7,product337,11.1341756919374,0.0282734912146677,0.393802647412756,9.2525,30.675,3.31532018373413
2026-06-09,IOS,dhgate_product337_T1_ACT&Nopay 30D_purchase_IAP_Kelsey_20260513,pMbmqjxpXWy9uySH,47.95,5620,673,10,542.01,product337,8.53202846975089,0.0712481426448737,0.119750889679715,4.795,54.201,11.3036496350365
2026-06-09,IOS,dhgate_product364_US_Purchase 30D_purchase_IAP_Kelsey_20260527,qX4oco28gDbrpBri,47.49,1021,498,14,858.45,product364,46.513222331048,0.0953614457831325,0.487757100881489,3.39214285714286,61.3178571428571,18.076437144662
2026-06-10,ANDROID,dhgate_product317_FR_ACT&Nopay 30D_purchase_IAP_Kelsey_20260526,zbor8ujPF081oChW,43.73,3847,1532,13,547.19,product317,11.3672991941773,0.0285443864229765,0.398232388874448,3.36384615384615,42.0915384615385,12.5129201920878
2026-06-10,IOS,dhgate_product321_US_Purchase 30D_purchase_IAP_Kelsey_20260502,ihMCrglFMezOy59I,50.13,5671,254,6,257.43,product321,8.83971080938106,0.197362204724409,0.0447892787868101,8.355,42.905,5.13524835427887
2026-06-10,IOS,dhgate_product319_US_Purchase 30D_purchase_IAP_Kelsey_20260429,SGOG7us7fBY7c5lH,100.36,8453,865,18,1025.86,product319,11.8727079143499,0.116023121387283,0.102330533538389,5.57555555555556,56.9922222222222,10.2218015145476
2026-06-10,IOS,dhgate_product318_T1_Purchase 30D_purchase_IAP_Kelsey_20260428,mayu0PGeMJEYQhWJ,100.5,5353,836,32,1100.01,product318,18.7745189613301,0.120215311004785,0.156174107976835,3.140625,34.3753125,10.9453731343284
2026-06-10,ANDROID,dhgate_product317_UK_ACT&Nopay 30D_purchase_IAP_Kelsey_20260427,tDzMEZEldS4Kei0r,89.46,3027,1218,14,426.57,product317,29.5540138751239,0.073448275862069,0.402378592666006,6.39,30.4692857142857,4.76827632461435
2026-06-10,IOS,dhgate_product317_UK_ACT&Nopay 30D_purchase_IAP_Kelsey_20260427,H9HAtL9q0yyc4Gdy,91.06,3641,775,20,807.46,product317,25.0096127437517,0.117496774193548,0.212853611645152,4.553,40.373,8.8673402152427
2026-06-10,ANDROID,dhgate_product315_UK_ACT&Nopay 30D_purchase_IAP_Kelsey_20260425,bedUOEtGfoRFbmze,100.8,11176,1717,18,493.09,product315,9.01932712956335,0.0587070471753058,0.153632784538296,5.6,27.3938888888889,4.89176587301587
2026-06-10,ANDROID,dhgate_dpa-and_US_ACT&Nopay 30D_purchase_IAP_Kelsey_20260511,M0ZXR7rklCeN7J9o,93.9,5014,706,2,62.18,dpa-and,18.7275628240925,0.13300283286119,0.140805743917032,46.95,31.09,0.662193823216188
2026-06-10,ANDROID,dhgate_product301_US_ACT&Nopay 30D_purchase_IAP_Kelsey_20260422,uNF1ALuKQFoHzngn,65.67,2135,1075,7,262.2,product301,30.7587822014052,0.0610883720930233,0.503512880562061,9.38142857142857,37.4571428571429,3.99269072635907
2026-06-10,IOS,dhgate_product301_US_ACT&Nopay 30D_purchase_IAP_Kelsey_20260422,OG6WHvKPBaUM1wDo,50.02,7375,485,3,102.34,product301,6.78237288135593,0.103134020618557,0.0657627118644068,16.6733333333333,34.1133333333333,2.04598160735706
2026-06-10,IOS,dhgate_product300_T1_Purchase 30D_purchase_IAP_Kelsey_20260421,wGMfDvBHm0s02IeZ,50.37,4683,441,2,446.0,product300,10.7559256886611,0.11421768707483,0.0941704035874439,25.185,223.0,8.85447687115346
2026-06-10,ANDROID,dhgate_product148_T1_Purchase 30D_purchase_IAP_Kelsey_20260415,dVlitdxzfmXStKCR,96.4,12014,1005,18,622.84,product148,8.0239720326286,0.0959203980099503,0.0836524055268853,5.35555555555556,34.6022222222222,6.46099585062241
2026-06-10,IOS,dhgate_product138_FR_ACT&Nopay 30D_purchase_IAP_Kelsey_20260403,zNcB24si9mbzBPed,150.46,14202,1779,28,1700.51,product138,10.5942824954232,0.084575604272063,0.125264047317279,5.37357142857143,60.7325,11.3020736408348
2026-06-10,IOS,dhgate_product137_US_Purchase 30D_purchase_IAP_Kelsey_20260402,Eo7scqEETcYxo6WH,50.23,4760,296,15,604.64,product137,10.5525210084034,0.169695945945946,0.0621848739495798,3.34866666666667,40.3093333333333,12.0374278319729
2026-06-10,IOS,dhgate_dpa-ios_US_ACT&Nopay 30D_purchase_IAP_Kelsey_20260515,y55faIMh7doL5RvO,95.37,6700,349,3,63.99,dpa-ios,14.234328358209,0.273266475644699,0.052089552238806,31.79,21.33,0.670965712488204
2026-06-10,IOS,dhgate_product314_UK_Purchase 30D_purchase_IAP_Kelsey_20260424,NmHyz3ZrSwNTmf0j,50.38,1802,372,21,759.07,product314,27.9578246392897,0.135430107526882,0.206437291897891,2.39904761904762,36.1461904761905,15.0668916236602
2026-06-10,IOS,dhgate_product326_US_ACT&Nopay 30D_purchase_IAP_Kelsey_20260506,zMf9PKJzCf4uVI7T,97.63,8386,926,9,511.58,product326,11.6420224183162,0.105431965442765,0.11042213212497,10.8477777777778,56.8422222222222,5.2399877086961
2026-06-10,ANDROID,dhgate_product322_US_Purchase 30D_purchase_IAP_Kelsey_20260504,UEOt0CeUKtYLfLaH,47.06,1801,476,18,750.87,product322,26.129927817879,0.0988655462184874,0.264297612437535,2.61444444444444,41.715,15.9555886102847
2026-06-10,IOS,dhgate_product337_T1_ACT&Nopay 30D_purchase_IAP_Kelsey_20260513,pMbmqjxpXWy9uySH,50.33,8983,664,19,716.4,product337,5.60280529889792,0.0757981927710843,0.0739173995324502,2.64894736842105,37.7052631578947,14.2340552354461
2026-06-10,IOS,dhgate_product336_T1_Purchase 30D_purchase_IAP_Kelsey_20260512,IbA1O59ht1JcwImf,50.14,4893,492,15,1138.99,product336,10.2472920498672,0.101910569105691,0.100551808706315,3.34266666666667,75.9326666666667,22.7161946549661
2026-06-10,IOS,dhgate_product374_US_ACT&Nopay 30D_purchase_IAP_Kelsey_20260610,cDaIJszp5MXFZLaj,8.54,347,190,0,0.0,product374,24.6109510086455,0.0449473684210526,0.547550432276657,,,0.0
2026-06-10,ANDROID,dhgate_product374_US_ACT&Nopay 30D_purchase_IAP_Kelsey_20260610,lHtOeUxHZghwmdpM,7.91,558,269,0,0.0,product374,14.1756272401434,0.0294052044609665,0.482078853046595,,,0.0
2026-06-10,ANDROID,dhgate_product373_T1_ACT&Nopay 30D_purchase_IAP_Kelsey_20260608,wFD7FFJteXnPqAV9,46.41,5955,2305,3,67.39,product373,7.79345088161209,0.0201344902386117,0.387069689336692,15.47,22.4633333333333,1.45205774617539
2026-06-10,IOS,dhgate_product373_T1_ACT&Nopay 30D_purchase_IAP_Kelsey_20260608,SOyFbWwwzNFEDvyp,48.31,2612,1279,9,282.53,product373,18.4954058192956,0.0377716966379984,0.489663093415008,5.36777777777778,31.3922222222222,5.84827157938315
2026-06-10,IOS,dhgate_product368_T1_Purchase 30D_purchase_IAP_Kelsey_20260531,Ta2k2BeVyS7dWN4n,50.52,3103,466,1,24.39,product368,16.28101836932,0.108412017167382,0.150177247824686,50.52,24.39,0.482779097387173
2026-06-10,ANDROID,dhgate_product368_T1_Purchase 30D_purchase_IAP_Kelsey_20260531,b3s2CGS3sMxfFWgV,55.48,3814,1260,17,896.77,product368,14.5464079706345,0.044031746031746,0.330361824855794,3.26352941176471,52.7511764705883,16.1638428262437
2026-06-10,ANDROID,dhgate_product367_UK_Purchase 30D_purchase_IAP_Kelsey_20260530,AsUotp8z2P369W1o,41.49,1828,715,15,380.19,product367,22.6969365426696,0.058027972027972,0.391137855579869,2.766,25.346,9.16341287057122
2026-06-10,IOS,dhgate_product372_T1_ACT&Nopay 30D_purchase_IAP_Kelsey_20260605,U4gzqzcEnoe3yurD,45.42,2498,1300,12,494.9,product372,18.1825460368295,0.0349384615384615,0.520416333066453,3.785,41.2416666666667,10.8960810215764
2026-06-10,IOS,dhgate_product364_US_Purchase 30D_purchase_IAP_Kelsey_20260527,qX4oco28gDbrpBri,42.44,1028,484,14,513.63,product364,41.284046692607,0.0876859504132231,0.470817120622568,3.03142857142857,36.6878571428572,12.1024976437323
2026-06-10,ANDROID,dhgate_product359_UK_ACT&Nopay 30D_purchase_IAP_Kelsey_20260523,RWeVcrW8HneV8sUj,46.81,3139,1104,9,339.87,product359,14.9123924816821,0.0424003623188406,0.351704364447276,5.20111111111111,37.7633333333333,7.26062807092502
2026-06-10,IOS,dhgate_product357_UK_ACT&Nopay 30D_purchase_IAP_Kelsey_20260521,secYrwGRxGvE22kr,50.31,1207,677,13,321.79,product357,41.6818558409279,0.0743131462333826,0.56089478044739,3.87,24.7530769230769,6.39614390777181
2026-06-10,IOS,dhgate_product350_US_Purchase 30D_purchase_IAP_Kelsey_20260517,eZwoS7yMwcYqxbzm,100.73,6572,490,8,305.22,product350,15.3271454656117,0.205571428571429,0.0745587340231284,12.59125,38.1525,3.03008041298521
2026-06-10,IOS,dhgate_product340_US_Purchase 30D_purchase_IAP_Kelsey_20260516,yznk4uz7IRlNu5TH,100.29,6934,515,14,624.51,product340,14.4635131237381,0.19473786407767,0.0742717046437843,7.16357142857143,44.6078571428571,6.22704157941968
2026-06-10,IOS,dhgate_product338_T1_ACT&Nopay 30D_purchase_IAP_Kelsey_20260515,aiZBaGOKYFBuq0Ps,50.27,6686,682,19,926.95,product338,7.51869578223153,0.0737096774193548,0.10200418785522,2.64578947368421,48.7868421052632,18.4394270936941
2026-06-10,ANDROID,dhgate_product337_T1_ACT&Nopay 30D_purchase_IAP_Kelsey_20260513,Hi3okRpzvLX7H2oQ,43.59,4112,1736,2,72.35,product337,10.6006809338521,0.0251094470046083,0.422178988326848,21.795,36.175,1.65978435420968
2026-06-10,ANDROID,dhgate_product366_UK_Purchase 30D_purchase_IAP_Kelsey_20260529,tlDSznDFDWyzbPVr,44.97,1687,606,7,174.35,product366,26.6567871962063,0.0742079207920792,0.359217545939538,6.42428571428571,24.9071428571429,3.87702913053147
2026-06-11,ANDROID,dhgate_product317_UK_ACT&Nopay 30D_purchase_IAP_Kelsey_20260427,tDzMEZEldS4Kei0r,85.56,3117,1312,17,457.67,product317,27.4494706448508,0.0652134146341463,0.420917548925249,5.03294117647059,26.9217647058824,5.34911173445535
2026-06-11,IOS,dhgate_product326_US_ACT&Nopay 30D_purchase_IAP_Kelsey_20260506,zMf9PKJzCf4uVI7T,99.57,6109,1199,21,1057.65,product326,16.298903257489,0.0830442035029191,0.196267801604191,4.74142857142857,50.3642857142857,10.6221753540223
2026-06-11,ANDROID,dhgate_product322_US_Purchase 30D_purchase_IAP_Kelsey_20260504,UEOt0CeUKtYLfLaH,47.15,1615,513,6,258.23,product322,29.1950464396285,0.0919103313840156,0.317647058823529,7.85833333333333,43.0383333333333,5.47677624602333
2026-06-11,IOS,dhgate_product321_US_Purchase 30D_purchase_IAP_Kelsey_20260502,ihMCrglFMezOy59I,49.91,5658,313,8,680.9,product321,8.82113821138211,0.159456869009585,0.0553199010250972,6.23875,85.1125,13.6425566018834
2026-06-11,IOS,dhgate_product319_US_Purchase 30D_purchase_IAP_Kelsey_20260429,SGOG7us7fBY7c5lH,100.51,7774,876,21,803.47,product319,12.9289940828402,0.114737442922374,0.112683303318755,4.78619047619048,38.2604761904762,7.99393095214407
2026-06-11,IOS,dhgate_product318_T1_Purchase 30D_purchase_IAP_Kelsey_20260428,mayu0PGeMJEYQhWJ,100.69,5114,876,25,953.31,product318,19.6890887759093,0.114942922374429,0.17129448572546,4.0276,38.1324,9.46777237064257
2026-06-11,IOS,dhgate_product317_UK_ACT&Nopay 30D_purchase_IAP_Kelsey_20260427,H9HAtL9q0yyc4Gdy,95.27,3124,817,30,1002.3,product317,30.4961587708067,0.116609547123623,0.261523687580026,3.17566666666667,33.41,10.5206255904272
2026-06-11,ANDROID,dhgate_product317_FR_ACT&Nopay 30D_purchase_IAP_Kelsey_20260526,zbor8ujPF081oChW,40.04,3361,1446,6,240.15,product317,11.9131210949122,0.0276901798063624,0.430229098482594,6.67333333333333,40.025,5.99775224775225
2026-06-11,ANDROID,dhgate_dpa-and_US_ACT&Nopay 30D_purchase_IAP_Kelsey_20260511,M0ZXR7rklCeN7J9o,96.27,6137,925,11,860.5,dpa-and,15.6868176633534,0.104075675675676,0.150725109988594,8.75181818181818,78.2272727272727,8.93840240988886
2026-06-11,IOS,dhgate_product314_UK_Purchase 30D_purchase_IAP_Kelsey_20260424,NmHyz3ZrSwNTmf0j,50.87,1777,393,7,205.74,product314,28.6268992684299,0.129440203562341,0.221159257175014,7.26714285714286,29.3914285714286,4.04442697070965
2026-06-11,IOS,dhgate_product301_US_ACT&Nopay 30D_purchase_IAP_Kelsey_20260422,OG6WHvKPBaUM1wDo,50.11,5748,646,17,482.33,product301,8.7178148921364,0.0775696594427245,0.112386917188587,2.94764705882353,28.3723529411765,9.62542406705249
2026-06-11,IOS,dhgate_product300_T1_Purchase 30D_purchase_IAP_Kelsey_20260421,wGMfDvBHm0s02IeZ,50.5,4222,418,11,365.89,product300,11.9611558503079,0.120813397129187,0.0990052108005685,4.59090909090909,33.2627272727273,7.24534653465347
2026-06-11,ANDROID,dhgate_product148_T1_Purchase 30D_purchase_IAP_Kelsey_20260415,dVlitdxzfmXStKCR,100.23,11752,986,11,339.0,product148,8.5287610619469,0.101653144016227,0.0839006126616746,9.11181818181818,30.8181818181818,3.38222089194852
2026-06-11,IOS,dhgate_product138_FR_ACT&Nopay 30D_purchase_IAP_Kelsey_20260403,zNcB24si9mbzBPed,150.44,13227,1777,31,1265.95,product138,11.3737052997656,0.0846595385481148,0.13434641264081,4.85290322580645,40.8370967741936,8.4149827173624
2026-06-11,IOS,dhgate_product137_US_Purchase 30D_purchase_IAP_Kelsey_20260402,Eo7scqEETcYxo6WH,50.32,4310,326,9,927.72,product137,11.6751740139211,0.154355828220859,0.0756380510440835,5.59111111111111,103.08,18.4364069952305
2026-06-11,IOS,dhgate_dpa-ios_US_ACT&Nopay 30D_purchase_IAP_Kelsey_20260515,y55faIMh7doL5RvO,97.11,6891,380,11,477.78,dpa-ios,14.092294296909,0.255552631578947,0.0551443912349441,8.82818181818182,43.4345454545455,4.91998764287921
2026-06-11,ANDROID,dhgate_product315_UK_ACT&Nopay 30D_purchase_IAP_Kelsey_20260425,bedUOEtGfoRFbmze,100.66,11764,2095,15,335.07,product315,8.55661339680381,0.0480477326968974,0.178085685141108,6.71066666666667,22.338,3.32873037949533
2026-06-11,IOS,dhgate_product336_T1_Purchase 30D_purchase_IAP_Kelsey_20260512,IbA1O59ht1JcwImf,50.35,4160,474,12,528.16,product336,12.1033653846154,0.106223628691983,0.113942307692308,4.19583333333333,44.0133333333333,10.4897715988083
2026-06-11,ANDROID,dhgate_product337_T1_ACT&Nopay 30D_purchase_IAP_Kelsey_20260513,Hi3okRpzvLX7H2oQ,38.59,3895,1649,16,803.69,product337,9.90757381258023,0.0234020618556701,0.423363286264442,2.411875,50.230625,20.8263798911635
2026-06-11,IOS,dhgate_product338_T1_ACT&Nopay 30D_purchase_IAP_Kelsey_20260515,aiZBaGOKYFBuq0Ps,50.28,4579,821,4,316.32,product338,10.9805634417995,0.0612423873325213,0.179296789692073,12.57,79.08,6.29116945107399
2026-06-11,IOS,dhgate_product337_T1_ACT&Nopay 30D_purchase_IAP_Kelsey_20260513,pMbmqjxpXWy9uySH,50.2,6539,750,10,259.59,product337,7.67701483407249,0.0669333333333333,0.114696436764031,5.02,25.959,5.17111553784861
2026-06-11,ANDROID,dhgate_product375_US_Purchase 30D_purchase_IAP_Kelsey_20260611,ZmROz0lvQRxsi3uG,16.49,443,202,0,0.0,product375,37.2234762979684,0.0816336633663366,0.455981941309255,,,0.0
2026-06-11,IOS,dhgate_product375_US_Purchase 30D_purchase_IAP_Kelsey_20260611,M84dXzdTmnAdI0a1,16.36,351,192,0,0.0,product375,46.6096866096866,0.0852083333333333,0.547008547008547,,,0.0
2026-06-11,IOS,dhgate_product374_US_ACT&Nopay 30D_purchase_IAP_Kelsey_20260610,cDaIJszp5MXFZLaj,33.32,1266,739,0,0.0,product374,26.3191153238547,0.0450879566982409,0.583728278041074,,,0.0
2026-06-11,ANDROID,dhgate_product374_US_ACT&Nopay 30D_purchase_IAP_Kelsey_20260610,lHtOeUxHZghwmdpM,42.86,2677,1287,4,106.94,product374,16.0104594695555,0.0333022533022533,0.480762047067613,10.715,26.735,2.49510032664489
2026-06-11,IOS,dhgate_product373_T1_ACT&Nopay 30D_purchase_IAP_Kelsey_20260608,SOyFbWwwzNFEDvyp,28.03,1492,785,4,98.01,product373,18.7868632707775,0.0357070063694268,0.526139410187668,7.0075,24.5025,3.49661077417053
2026-06-11,IOS,dhgate_product372_T1_ACT&Nopay 30D_purchase_IAP_Kelsey_20260605,U4gzqzcEnoe3yurD,39.92,2265,1090,6,186.04,product372,17.6247240618102,0.0366238532110092,0.481236203090508,6.65333333333333,31.0066666666667,4.66032064128256
2026-06-11,IOS,dhgate_product368_T1_Purchase 30D_purchase_IAP_Kelsey_20260531,Ta2k2BeVyS7dWN4n,51.06,2464,454,10,283.25,product368,20.7224025974026,0.112466960352423,0.184253246753247,5.106,28.325,5.54739522130827
2026-06-11,ANDROID,dhgate_product373_T1_ACT&Nopay 30D_purchase_IAP_Kelsey_20260608,wFD7FFJteXnPqAV9,29.97,4131,1553,2,78.63,product373,7.25490196078431,0.0192981326464907,0.375938029532801,14.985,39.315,2.62362362362362
2026-06-11,ANDROID,dhgate_product367_UK_Purchase 30D_purchase_IAP_Kelsey_20260530,AsUotp8z2P369W1o,29.18,1455,554,12,348.16,product367,20.0549828178694,0.0526714801444043,0.380756013745704,2.43166666666667,29.0133333333333,11.9314599040439
2026-06-11,ANDROID,dhgate_product366_UK_Purchase 30D_purchase_IAP_Kelsey_20260529,tlDSznDFDWyzbPVr,35.68,1345,515,16,451.98,product366,26.5278810408922,0.0692815533980583,0.382899628252788,2.23,28.24875,12.667600896861
2026-06-11,IOS,dhgate_product364_US_Purchase 30D_purchase_IAP_Kelsey_20260527,qX4oco28gDbrpBri,50.4,953,481,18,817.22,product364,52.8856243441763,0.104781704781705,0.504721930745016,2.8,45.4011111111111,16.2146825396825
2026-06-11,ANDROID,dhgate_product359_UK_ACT&Nopay 30D_purchase_IAP_Kelsey_20260523,RWeVcrW8HneV8sUj,39.67,2439,929,4,163.51,product359,16.2648626486265,0.0427018299246502,0.380893808938089,9.9175,40.8775,4.12175447441391
2026-06-11,IOS,dhgate_product357_UK_ACT&Nopay 30D_purchase_IAP_Kelsey_20260521,secYrwGRxGvE22kr,50.64,1073,580,28,806.05,product357,47.1947809878844,0.0873103448275862,0.540540540540541,1.80857142857143,28.7875,15.9172590837283
2026-06-11,IOS,dhgate_product350_US_Purchase 30D_purchase_IAP_Kelsey_20260517,eZwoS7yMwcYqxbzm,100.3,5855,644,14,770.26,product350,17.130657557643,0.155745341614907,0.10999146029035,7.16428571428571,55.0185714285714,7.67956131605185
2026-06-11,IOS,dhgate_product340_US_Purchase 30D_purchase_IAP_Kelsey_20260516,yznk4uz7IRlNu5TH,100.43,5274,621,16,641.95,product340,19.0424725066363,0.161723027375201,0.117747440273038,6.276875,40.121875,6.39201433834512
2026-06-11,ANDROID,dhgate_product368_T1_Purchase 30D_purchase_IAP_Kelsey_20260531,b3s2CGS3sMxfFWgV,86.0,5532,1817,16,422.17,product368,15.5459146782357,0.0473307649972482,0.328452639190166,5.375,26.385625,4.90895348837209
2026-06-12,ANDROID,dhgate_product317_UK_ACT&Nopay 30D_purchase_IAP_Kelsey_20260427,tDzMEZEldS4Kei0r,72.22,3994,1229,26,801.16,product317,18.0821231847772,0.0587632221318145,0.307711567351027,2.77769230769231,30.8138461538462,11.0933259484907
2026-06-12,ANDROID,dhgate_product322_US_Purchase 30D_purchase_IAP_Kelsey_20260504,UEOt0CeUKtYLfLaH,47.63,2414,497,18,701.88,product322,19.7307373653687,0.0958350100603622,0.205882352941176,2.64611111111111,38.9933333333333,14.7360906991392
2026-06-12,IOS,dhgate_product321_US_Purchase 30D_purchase_IAP_Kelsey_20260502,ihMCrglFMezOy59I,50.14,5526,262,3,104.93,product321,9.07347086500181,0.191374045801527,0.0474122330799855,16.7133333333333,34.9766666666667,2.09274032708416
2026-06-12,IOS,dhgate_product319_US_Purchase 30D_purchase_IAP_Kelsey_20260429,SGOG7us7fBY7c5lH,100.16,4496,925,14,818.51,product319,22.2775800711744,0.108281081081081,0.205738434163701,7.15428571428571,58.465,8.17202476038339
2026-06-12,IOS,dhgate_product318_T1_Purchase 30D_purchase_IAP_Kelsey_20260428,mayu0PGeMJEYQhWJ,100.26,3221,869,27,998.99,product318,31.1269791990065,0.115373993095512,0.269791990065197,3.71333333333333,36.9996296296296,9.96399361659685
2026-06-12,IOS,dhgate_product317_UK_ACT&Nopay 30D_purchase_IAP_Kelsey_20260427,H9HAtL9q0yyc4Gdy,100.92,3226,850,23,902.45,product317,31.28332300062,0.118729411764706,0.263484190948543,4.38782608695652,39.2369565217391,8.94223147047166
2026-06-12,ANDROID,dhgate_product317_FR_ACT&Nopay 30D_purchase_IAP_Kelsey_20260526,zbor8ujPF081oChW,38.66,3749,1553,6,130.37,product317,10.3120832221926,0.0248937540244688,0.414243798346226,6.44333333333333,21.7283333333333,3.37221934816348
2026-06-12,ANDROID,dhgate_dpa-and_US_ACT&Nopay 30D_purchase_IAP_Kelsey_20260511,M0ZXR7rklCeN7J9o,98.87,5663,1085,5,335.8,dpa-and,17.4589440226029,0.0911244239631336,0.19159456118665,19.774,67.16,3.39637908364519
2026-06-12,IOS,dhgate_product314_UK_Purchase 30D_purchase_IAP_Kelsey_20260424,NmHyz3ZrSwNTmf0j,46.79,1646,340,9,331.88,product314,28.4264884568651,0.137617647058824,0.206561360874848,5.19888888888889,36.8755555555556,7.09296858303056
2026-06-12,IOS,dhgate_product301_US_ACT&Nopay 30D_purchase_IAP_Kelsey_20260422,OG6WHvKPBaUM1wDo,47.99,6633,521,5,133.13,product301,7.23503693652947,0.0921113243761996,0.0785466606362129,9.598,26.626,2.77411960825172
2026-06-12,IOS,dhgate_product300_T1_Purchase 30D_purchase_IAP_Kelsey_20260421,wGMfDvBHm0s02IeZ,50.15,2595,419,13,653.17,product300,19.3256262042389,0.119689737470167,0.161464354527938,3.85769230769231,50.2438461538462,13.0243270189432
2026-06-12,ANDROID,dhgate_product148_T1_Purchase 30D_purchase_IAP_Kelsey_20260415,dVlitdxzfmXStKCR,98.56,11928,1094,27,1063.37,product148,8.26291079812207,0.090091407678245,0.0917169684775319,3.65037037037037,39.3840740740741,10.7890625
2026-06-12,IOS,dhgate_product138_FR_ACT&Nopay 30D_purchase_IAP_Kelsey_20260403,zNcB24si9mbzBPed,150.94,4839,1575,26,1318.64,product138,31.1923951229593,0.0958349206349206,0.32548047117173,5.80538461538462,50.7169230769231,8.7361865641977
2026-06-12,IOS,dhgate_product137_US_Purchase 30D_purchase_IAP_Kelsey_20260402,Eo7scqEETcYxo6WH,50.09,3829,271,2,45.44,product137,13.0817445808305,0.184833948339483,0.0707756594411073,25.045,22.72,0.907167099221401
2026-06-12,IOS,dhgate_dpa-ios_US_ACT&Nopay 30D_purchase_IAP_Kelsey_20260515,y55faIMh7doL5RvO,100.2,7497,364,15,879.25,dpa-ios,13.3653461384554,0.275274725274725,0.0485527544351074,6.68,58.6166666666667,8.7749500998004
2026-06-12,IOS,dhgate_product326_US_ACT&Nopay 30D_purchase_IAP_Kelsey_20260506,zMf9PKJzCf4uVI7T,99.56,6769,1052,21,860.63,product326,14.7082286896144,0.094638783269962,0.155414389126902,4.74095238095238,40.982380952381,8.64433507432704
2026-06-12,ANDROID,dhgate_product315_UK_ACT&Nopay 30D_purchase_IAP_Kelsey_20260425,bedUOEtGfoRFbmze,95.5,10463,1524,19,466.07,product315,9.12740131893338,0.0626640419947507,0.145656121571251,5.02631578947368,24.53,4.88031413612565
2026-06-12,IOS,dhgate_product336_T1_Purchase 30D_purchase_IAP_Kelsey_20260512,IbA1O59ht1JcwImf,50.14,2562,445,11,375.85,product336,19.5706479313037,0.112674157303371,0.173692427790788,4.55818181818182,34.1681818181818,7.49601116872757
2026-06-12,IOS,dhgate_product340_US_Purchase 30D_purchase_IAP_Kelsey_20260516,yznk4uz7IRlNu5TH,100.36,5223,493,11,485.75,product340,19.2150105303465,0.203569979716024,0.0943901972046717,9.12363636363636,44.1590909090909,4.84007572738143
2026-06-12,ANDROID,dhgate_product337_T1_ACT&Nopay 30D_purchase_IAP_Kelsey_20260513,Hi3okRpzvLX7H2oQ,41.39,4682,2007,6,175.94,product337,8.84023921401111,0.0206228201295466,0.428662964545066,6.89833333333333,29.3233333333333,4.25078521381976
2026-06-12,ANDROID,dhgate_product376_US_Purchase 30D_purchase_IAP_Kelsey_20260612,OGOAsivo1SSZARzD,0.0,1,1,0,0.0,product376,0.0,0.0,1.0,,,
2026-06-12,IOS,dhgate_product376_US_Purchase 30D_purchase_IAP_Kelsey_20260612,H7z4zo3O0rZY5sM9,0.07,3,1,0,0.0,product376,23.3333333333333,0.07,0.333333333333333,,,0.0
2026-06-12,IOS,dhgate_product337_T1_ACT&Nopay 30D_purchase_IAP_Kelsey_20260513,pMbmqjxpXWy9uySH,50.1,4861,786,10,442.22,product337,10.3065212919152,0.0637404580152672,0.161695124459988,5.01,44.222,8.82674650698603
2026-06-12,ANDROID,dhgate_product375_US_Purchase 30D_purchase_IAP_Kelsey_20260611,ZmROz0lvQRxsi3uG,35.99,1001,471,3,239.33,product375,35.954045954046,0.076411889596603,0.470529470529471,11.9966666666667,79.7766666666667,6.6499027507641
2026-06-12,ANDROID,dhgate_product374_US_ACT&Nopay 30D_purchase_IAP_Kelsey_20260610,lHtOeUxHZghwmdpM,31.31,1753,880,1,20.36,product374,17.8608100399315,0.0355795454545455,0.501996577296064,31.31,20.36,0.650271478760779
2026-06-12,IOS,dhgate_product374_US_ACT&Nopay 30D_purchase_IAP_Kelsey_20260610,cDaIJszp5MXFZLaj,33.16,1184,670,3,108.46,product374,28.0067567567568,0.0494925373134328,0.565878378378378,11.0533333333333,36.1533333333333,3.2708082026538
2026-06-12,IOS,dhgate_product372_T1_ACT&Nopay 30D_purchase_IAP_Kelsey_20260605,U4gzqzcEnoe3yurD,30.3,1650,958,7,225.72,product372,18.3636363636364,0.0316283924843424,0.580606060606061,4.32857142857143,32.2457142857143,7.44950495049505
2026-06-12,IOS,dhgate_product368_T1_Purchase 30D_purchase_IAP_Kelsey_20260531,Ta2k2BeVyS7dWN4n,50.17,1631,477,8,654.97,product368,30.7602697731453,0.10517819706499,0.292458614347026,6.27125,81.87125,13.0550129559498
2026-06-12,IOS,dhgate_product375_US_Purchase 30D_purchase_IAP_Kelsey_20260611,M84dXzdTmnAdI0a1,50.51,985,488,4,106.05,product375,51.2791878172589,0.103504098360656,0.495431472081218,12.6275,26.5125,2.09958424074441
2026-06-12,ANDROID,dhgate_product367_UK_Purchase 30D_purchase_IAP_Kelsey_20260530,AsUotp8z2P369W1o,37.31,1985,791,1,47.17,product367,18.7959697732998,0.0471681415929204,0.398488664987406,37.31,47.17,1.2642723130528
2026-06-12,ANDROID,dhgate_product366_UK_Purchase 30D_purchase_IAP_Kelsey_20260529,tlDSznDFDWyzbPVr,29.62,1210,489,15,402.91,product366,24.4793388429752,0.0605725971370143,0.404132231404959,1.97466666666667,26.8606666666667,13.6026333558406
2026-06-12,IOS,dhgate_product364_US_Purchase 30D_purchase_IAP_Kelsey_20260527,qX4oco28gDbrpBri,50.46,874,449,14,436.32,product364,57.7345537757437,0.112383073496659,0.513729977116705,3.60428571428571,31.1657142857143,8.64684898929845
2026-06-12,ANDROID,dhgate_product359_UK_ACT&Nopay 30D_purchase_IAP_Kelsey_20260523,RWeVcrW8HneV8sUj,42.97,2666,1011,8,212.52,product359,16.1177794448612,0.0425024727992087,0.379219804951238,5.37125,26.565,4.94577612287643
2026-06-12,IOS,dhgate_product357_UK_ACT&Nopay 30D_purchase_IAP_Kelsey_20260521,secYrwGRxGvE22kr,50.67,1172,617,12,412.2,product357,43.2337883959044,0.0821231766612642,0.526450511945393,4.2225,34.35,8.13499111900533
2026-06-12,IOS,dhgate_product350_US_Purchase 30D_purchase_IAP_Kelsey_20260517,eZwoS7yMwcYqxbzm,100.19,6135,537,12,444.29,product350,16.3308883455583,0.18657355679702,0.0875305623471883,8.34916666666667,37.0241666666667,4.43447449845294
2026-06-12,IOS,dhgate_product338_T1_ACT&Nopay 30D_purchase_IAP_Kelsey_20260515,aiZBaGOKYFBuq0Ps,49.95,3791,774,11,548.98,product338,13.1759430229491,0.0645348837209302,0.204167765761013,4.54090909090909,49.9072727272727,10.9905905905906
2026-06-12,ANDROID,dhgate_product368_T1_Purchase 30D_purchase_IAP_Kelsey_20260531,b3s2CGS3sMxfFWgV,90.21,5677,1993,15,620.14,product368,15.8904350889554,0.0452634219769192,0.351065703716752,6.014,41.3426666666667,6.87440416805232
2026-06-13,IOS,dhgate_product350_US_Purchase 30D_purchase_IAP_Kelsey_20260517,eZwoS7yMwcYqxbzm,100.06,7578,508,14,732.32,product350,13.2040116125627,0.196968503937008,0.06703615729744,7.14714285714286,52.3085714285714,7.31880871477114
2026-06-13,IOS,dhgate_product340_US_Purchase 30D_purchase_IAP_Kelsey_20260516,yznk4uz7IRlNu5TH,100.28,6211,466,23,979.91,product340,16.1455482208984,0.21519313304721,0.0750281758170987,4.36,42.6047826086957,9.77173913043478
2026-06-13,IOS,dhgate_product338_T1_ACT&Nopay 30D_purchase_IAP_Kelsey_20260515,aiZBaGOKYFBuq0Ps,49.12,5244,779,18,745.2,product338,9.36689549961861,0.0630551989730424,0.148550724637681,2.72888888888889,41.4,15.171009771987
2026-06-13,ANDROID,dhgate_product337_T1_ACT&Nopay 30D_purchase_IAP_Kelsey_20260513,Hi3okRpzvLX7H2oQ,43.58,5514,2490,10,228.41,product337,7.90351831701124,0.0175020080321285,0.451577801958651,4.358,22.841,5.24116567232676
2026-06-13,ANDROID,dhgate_product322_US_Purchase 30D_purchase_IAP_Kelsey_20260504,UEOt0CeUKtYLfLaH,50.08,1857,518,17,598.72,product322,26.9682283252558,0.0966795366795367,0.278944534194938,2.94588235294118,35.2188235294118,11.9552715654952
2026-06-13,IOS,dhgate_product336_T1_Purchase 30D_purchase_IAP_Kelsey_20260512,IbA1O59ht1JcwImf,50.19,4201,574,8,372.08,product336,11.9471554391811,0.0874390243902439,0.136634134729826,6.27375,46.51,7.41342896991433
2026-06-13,IOS,dhgate_product326_US_ACT&Nopay 30D_purchase_IAP_Kelsey_20260506,zMf9PKJzCf4uVI7T,96.78,7624,885,13,607.85,product326,12.6941238195173,0.10935593220339,0.116080797481637,7.44461538461539,46.7576923076923,6.28073982227733
2026-06-13,IOS,dhgate_product321_US_Purchase 30D_purchase_IAP_Kelsey_20260502,ihMCrglFMezOy59I,50.16,7442,214,3,159.27,product321,6.74012362268207,0.234392523364486,0.0287557108304219,16.72,53.09,3.17523923444976
2026-06-13,IOS,dhgate_product319_US_Purchase 30D_purchase_IAP_Kelsey_20260429,SGOG7us7fBY7c5lH,99.68,8090,1219,21,891.59,product319,12.3213844252163,0.081771944216571,0.150679851668727,4.74666666666667,42.4566666666667,8.94452247191011
2026-06-13,IOS,dhgate_product337_T1_ACT&Nopay 30D_purchase_IAP_Kelsey_20260513,pMbmqjxpXWy9uySH,48.04,7563,713,15,1039.16,product337,6.35197672881132,0.0673772791023843,0.0942747586936401,3.20266666666667,69.2773333333333,21.6311407160699
2026-06-13,ANDROID,dhgate_product359_UK_ACT&Nopay 30D_purchase_IAP_Kelsey_20260523,RWeVcrW8HneV8sUj,36.55,2015,918,4,184.95,product359,18.1389578163772,0.0398148148148148,0.455583126550868,9.1375,46.2375,5.06019151846785
2026-06-13,IOS,dhgate_product357_UK_ACT&Nopay 30D_purchase_IAP_Kelsey_20260521,secYrwGRxGvE22kr,50.24,1060,609,11,302.12,product357,47.3962264150943,0.082495894909688,0.574528301886793,4.56727272727273,27.4654545454545,6.01353503184713
2026-06-13,ANDROID,dhgate_product366_UK_Purchase 30D_purchase_IAP_Kelsey_20260529,tlDSznDFDWyzbPVr,48.47,1491,673,12,289.06,product366,32.5083836351442,0.0720208023774146,0.451374916163649,4.03916666666667,24.0883333333333,5.96368887971941
2026-06-13,IOS,dhgate_product364_US_Purchase 30D_purchase_IAP_Kelsey_20260527,qX4oco28gDbrpBri,50.15,931,367,21,1377.21,product364,53.8668098818475,0.136648501362398,0.394199785177229,2.38809523809524,65.5814285714286,27.461814556331
2026-06-13,IOS,dhgate_product377_T1_Purchase 30D_purchase_IAP_Kelsey_20260613,ImdbSHRgpaEHQaDV,0.19,23,9,0,0.0,product377,8.26086956521739,0.0211111111111111,0.391304347826087,,,0.0
2026-06-13,ANDROID,dhgate_product376_US_Purchase 30D_purchase_IAP_Kelsey_20260612,OGOAsivo1SSZARzD,28.87,865,381,1,28.38,product376,33.3757225433526,0.0757742782152231,0.440462427745665,28.87,28.38,0.983027364045722
2026-06-13,IOS,dhgate_product375_US_Purchase 30D_purchase_IAP_Kelsey_20260611,M84dXzdTmnAdI0a1,50.39,824,404,10,460.26,product375,61.1529126213592,0.124727722772277,0.490291262135922,5.039,46.026,9.13395514983132
2026-06-13,ANDROID,dhgate_product375_US_Purchase 30D_purchase_IAP_Kelsey_20260611,ZmROz0lvQRxsi3uG,38.64,941,457,4,122.76,product375,41.0626992561105,0.0845514223194748,0.485653560042508,9.66,30.69,3.17701863354037
2026-06-13,IOS,dhgate_product376_US_Purchase 30D_purchase_IAP_Kelsey_20260612,H7z4zo3O0rZY5sM9,50.33,945,485,1,29.14,product376,53.2592592592593,0.103773195876289,0.513227513227513,50.33,29.14,0.578978740313928
2026-06-13,IOS,dhgate_product374_US_ACT&Nopay 30D_purchase_IAP_Kelsey_20260610,cDaIJszp5MXFZLaj,41.86,1293,738,3,104.92,product374,32.3743232791957,0.0567208672086721,0.5707656612529,13.9533333333333,34.9733333333333,2.50645007166746
2026-06-13,IOS,dhgate_product372_T1_ACT&Nopay 30D_purchase_IAP_Kelsey_20260605,U4gzqzcEnoe3yurD,31.96,2058,953,6,245.03,product372,15.5296404275996,0.0335362014690451,0.463070942662779,5.32666666666667,40.8383333333333,7.66677096370463
2026-06-13,IOS,dhgate_product368_T1_Purchase 30D_purchase_IAP_Kelsey_20260531,Ta2k2BeVyS7dWN4n,44.44,1875,488,8,225.57,product368,23.7013333333333,0.0910655737704918,0.260266666666667,5.555,28.19625,5.07583258325833
2026-06-13,ANDROID,dhgate_product368_T1_Purchase 30D_purchase_IAP_Kelsey_20260531,b3s2CGS3sMxfFWgV,87.77,5161,2050,15,434.62,product368,17.0063941096687,0.0428146341463415,0.397209843053672,5.85133333333333,28.9746666666667,4.95180585621511
2026-06-13,ANDROID,dhgate_product367_UK_Purchase 30D_purchase_IAP_Kelsey_20260530,AsUotp8z2P369W1o,41.52,2221,847,12,323.49,product367,18.6942818550203,0.0490200708382527,0.381359747861324,3.46,26.9575,7.79118497109827
2026-06-13,ANDROID,dhgate_product374_US_ACT&Nopay 30D_purchase_IAP_Kelsey_20260610,lHtOeUxHZghwmdpM,42.7,2304,1245,13,354.08,product374,18.5329861111111,0.0342971887550201,0.540364583333333,3.28461538461539,27.2369230769231,8.29227166276347
2026-06-14,ANDROID,dhgate_product317_UK_ACT&Nopay 30D_purchase_IAP_Kelsey_20260427,tDzMEZEldS4Kei0r,94.16,8900,1612,18,389.33,product317,10.5797752808989,0.0584119106699752,0.181123595505618,5.23111111111111,21.6294444444444,4.13477060322855
2026-06-14,IOS,dhgate_product326_US_ACT&Nopay 30D_purchase_IAP_Kelsey_20260506,zMf9PKJzCf4uVI7T,100.57,7495,1055,23,787.75,product326,13.4182788525684,0.0953270142180095,0.14076050700467,4.37260869565217,34.25,7.8328527393855
2026-06-14,IOS,dhgate_product321_US_Purchase 30D_purchase_IAP_Kelsey_20260502,ihMCrglFMezOy59I,50.02,7269,286,6,229.67,product321,6.88127665428532,0.174895104895105,0.0393451643967533,8.33666666666667,38.2783333333333,4.59156337465014
2026-06-14,IOS,dhgate_product319_US_Purchase 30D_purchase_IAP_Kelsey_20260429,SGOG7us7fBY7c5lH,97.12,9065,1176,14,589.8,product319,10.7137341423056,0.0825850340136055,0.12972972972973,6.93714285714286,42.1285714285714,6.07289950576606
2026-06-14,IOS,dhgate_product318_T1_Purchase 30D_purchase_IAP_Kelsey_20260428,mayu0PGeMJEYQhWJ,97.54,4695,1144,11,388.11,product318,20.7752928647497,0.0852622377622378,0.243663471778488,8.86727272727273,35.2827272727273,3.97898298134099
2026-06-14,IOS,dhgate_product317_UK_ACT&Nopay 30D_purchase_IAP_Kelsey_20260427,H9HAtL9q0yyc4Gdy,100.48,3258,838,14,656.08,product317,30.841006752609,0.119904534606205,0.257213014119092,7.17714285714286,46.8628571428571,6.52945859872612
2026-06-14,ANDROID,dhgate_product317_FR_ACT&Nopay 30D_purchase_IAP_Kelsey_20260526,zbor8ujPF081oChW,33.49,2522,1532,14,453.46,product317,13.2791435368755,0.0218603133159269,0.607454401268834,2.39214285714286,32.39,13.5401612421618
2026-06-14,IOS,dhgate_product138_FR_ACT&Nopay 30D_purchase_IAP_Kelsey_20260403,zNcB24si9mbzBPed,146.86,10668,2353,23,763.97,product138,13.7664041994751,0.0624139396515087,0.220566179227597,6.38521739130435,33.2160869565217,5.20202914340188
2026-06-14,IOS,dhgate_product314_UK_Purchase 30D_purchase_IAP_Kelsey_20260424,NmHyz3ZrSwNTmf0j,50.4,2732,356,7,372.39,product314,18.4480234260615,0.141573033707865,0.130307467057101,7.2,53.1985714285714,7.38869047619048
2026-06-14,IOS,dhgate_product301_US_ACT&Nopay 30D_purchase_IAP_Kelsey_20260422,OG6WHvKPBaUM1wDo,50.25,8182,500,1,46.99,product301,6.14153018821804,0.1005,0.0611097531165974,50.25,46.99,0.935124378109453
2026-06-14,IOS,dhgate_product300_T1_Purchase 30D_purchase_IAP_Kelsey_20260421,wGMfDvBHm0s02IeZ,50.25,4698,594,4,128.43,product300,10.6960408684547,0.0845959595959596,0.126436781609195,12.5625,32.1075,2.55582089552239
2026-06-14,ANDROID,dhgate_product148_T1_Purchase 30D_purchase_IAP_Kelsey_20260415,dVlitdxzfmXStKCR,100.38,11295,1413,27,710.53,product148,8.8871181938911,0.0710403397027601,0.125099601593626,3.71777777777778,26.3159259259259,7.07840207212592
2026-06-14,IOS,dhgate_product336_T1_Purchase 30D_purchase_IAP_Kelsey_20260512,IbA1O59ht1JcwImf,50.4,4843,628,22,687.9,product336,10.4067726615734,0.0802547770700637,0.129671691100558,2.29090909090909,31.2681818181818,13.6488095238095
2026-06-14,IOS,dhgate_product137_US_Purchase 30D_purchase_IAP_Kelsey_20260402,Eo7scqEETcYxo6WH,50.21,5032,293,2,332.78,product137,9.97813990461049,0.171365187713311,0.0582273449920509,25.105,166.39,6.62776339374627
2026-06-14,IOS,dhgate_dpa-ios_US_ACT&Nopay 30D_purchase_IAP_Kelsey_20260515,y55faIMh7doL5RvO,100.51,8483,361,14,652.19,dpa-ios,11.8484026877284,0.278421052631579,0.0425556996345632,7.17928571428571,46.585,6.48880708387225
2026-06-14,ANDROID,dhgate_dpa-and_US_ACT&Nopay 30D_purchase_IAP_Kelsey_20260511,M0ZXR7rklCeN7J9o,74.6,3261,774,5,206.5,dpa-and,22.8764182766023,0.0963824289405685,0.237350505979761,14.92,41.3,2.76809651474531
2026-06-14,ANDROID,dhgate_product315_UK_ACT&Nopay 30D_purchase_IAP_Kelsey_20260425,bedUOEtGfoRFbmze,97.5,12391,2195,21,734.06,product315,7.86861431684287,0.0444191343963554,0.177144701799693,4.64285714285714,34.9552380952381,7.52882051282051
2026-06-14,IOS,dhgate_product337_T1_ACT&Nopay 30D_purchase_IAP_Kelsey_20260513,pMbmqjxpXWy9uySH,50.12,7802,814,6,315.21,product337,6.42399384773135,0.0615724815724816,0.104332222507049,8.35333333333333,52.535,6.2891061452514
2026-06-14,ANDROID,dhgate_product322_US_Purchase 30D_purchase_IAP_Kelsey_20260504,UEOt0CeUKtYLfLaH,42.26,1279,403,6,163.7,product322,33.0414386239249,0.104863523573201,0.315089913995309,7.04333333333333,27.2833333333333,3.87363937529579
2026-06-14,IOS,dhgate_product338_T1_ACT&Nopay 30D_purchase_IAP_Kelsey_20260515,aiZBaGOKYFBuq0Ps,50.34,5111,870,16,711.88,product338,9.8493445509685,0.0578620689655172,0.170221091762864,3.14625,44.4925,14.1414382201033
2026-06-14,ANDROID,dhgate_product337_T1_ACT&Nopay 30D_purchase_IAP_Kelsey_20260513,Hi3okRpzvLX7H2oQ,39.9,4778,2303,15,479.53,product337,8.35077438258686,0.0173252279635258,0.482000837170364,2.66,31.9686666666667,12.0182957393484
2026-06-14,IOS,dhgate_product377_T1_Purchase 30D_purchase_IAP_Kelsey_20260613,ImdbSHRgpaEHQaDV,27.08,1332,786,2,47.04,product377,20.3303303303303,0.0344529262086514,0.59009009009009,13.54,23.52,1.7370753323486
2026-06-14,ANDROID,dhgate_product377_T1_Purchase 30D_purchase_IAP_Kelsey_20260613,jQWebXWoq2Emp98e,28.34,1770,915,5,185.86,product377,16.0112994350283,0.0309726775956284,0.516949152542373,5.668,37.172,6.55822159491884
2026-06-14,ANDROID,dhgate_product376_US_Purchase 30D_purchase_IAP_Kelsey_20260612,OGOAsivo1SSZARzD,50.26,1173,498,2,34.7,product376,42.847399829497,0.100923694779116,0.424552429667519,25.13,17.35,0.690409868682849
2026-06-14,IOS,dhgate_product376_US_Purchase 30D_purchase_IAP_Kelsey_20260612,H7z4zo3O0rZY5sM9,50.18,773,390,2,34.3,product376,64.9159120310479,0.128666666666667,0.504527813712807,25.09,17.15,0.683539258668792
2026-06-14,IOS,dhgate_product375_US_Purchase 30D_purchase_IAP_Kelsey_20260611,M84dXzdTmnAdI0a1,50.1,806,411,5,214.1,product375,62.1588089330025,0.121897810218978,0.509925558312655,10.02,42.82,4.27345309381238
2026-06-14,ANDROID,dhgate_product374_US_ACT&Nopay 30D_purchase_IAP_Kelsey_20260610,lHtOeUxHZghwmdpM,38.38,1717,1042,4,272.91,product374,22.3529411764706,0.0368330134357006,0.606872451951077,9.595,68.2275,7.11073475768629
2026-06-14,IOS,dhgate_product374_US_ACT&Nopay 30D_purchase_IAP_Kelsey_20260610,cDaIJszp5MXFZLaj,39.67,1116,624,10,400.39,product374,35.5465949820789,0.063573717948718,0.559139784946237,3.967,40.039,10.0930173934963
2026-06-14,IOS,dhgate_product372_T1_ACT&Nopay 30D_purchase_IAP_Kelsey_20260605,U4gzqzcEnoe3yurD,46.47,3652,890,10,399.63,product372,12.7245345016429,0.0522134831460674,0.243702081051479,4.647,39.963,8.59974176888315
2026-06-14,ANDROID,dhgate_product375_US_Purchase 30D_purchase_IAP_Kelsey_20260611,ZmROz0lvQRxsi3uG,33.4,782,402,8,221.08,product375,42.7109974424552,0.0830845771144279,0.514066496163683,4.175,27.635,6.61916167664671
2026-06-14,ANDROID,dhgate_product368_T1_Purchase 30D_purchase_IAP_Kelsey_20260531,b3s2CGS3sMxfFWgV,80.88,4372,1934,22,597.51,product368,18.4995425434584,0.0418200620475698,0.442360475754803,3.67636363636364,27.1595454545454,7.38761127596439
2026-06-14,IOS,dhgate_product368_T1_Purchase 30D_purchase_IAP_Kelsey_20260531,Ta2k2BeVyS7dWN4n,50.21,2462,598,12,408.2,product368,20.3939886271324,0.0839632107023411,0.24289195775792,4.18416666666667,34.0166666666667,8.12985461063533
2026-06-14,IOS,dhgate_product350_US_Purchase 30D_purchase_IAP_Kelsey_20260517,eZwoS7yMwcYqxbzm,100.13,6946,545,8,528.44,product350,14.4154909300317,0.183724770642202,0.0784624244169306,12.51625,66.055,5.27753919904125
2026-06-14,IOS,dhgate_product357_UK_ACT&Nopay 30D_purchase_IAP_Kelsey_20260521,secYrwGRxGvE22kr,50.33,1073,582,4,131.32,product357,46.90587138863,0.0864776632302406,0.542404473438956,12.5825,32.83,2.60917941585535
2026-06-14,ANDROID,dhgate_product359_UK_ACT&Nopay 30D_purchase_IAP_Kelsey_20260523,RWeVcrW8HneV8sUj,37.73,2037,919,8,196.21,product359,18.5223367697595,0.0410554951033732,0.451153657339224,4.71625,24.52625,5.20037105751391
2026-06-14,IOS,dhgate_product340_US_Purchase 30D_purchase_IAP_Kelsey_20260516,yznk4uz7IRlNu5TH,100.48,6254,557,10,400.63,product340,16.0665174288455,0.180394973070018,0.0890629996802047,10.048,40.063,3.98716162420382
2026-06-14,ANDROID,dhgate_product366_UK_Purchase 30D_purchase_IAP_Kelsey_20260529,tlDSznDFDWyzbPVr,35.82,1147,534,14,376.57,product366,31.229293809939,0.0670786516853933,0.465562336530078,2.55857142857143,26.8978571428571,10.5128419877164
2026-06-14,ANDROID,dhgate_product367_UK_Purchase 30D_purchase_IAP_Kelsey_20260530,AsUotp8z2P369W1o,45.17,1959,810,9,209.24,product367,23.0576824910669,0.0557654320987654,0.413476263399694,5.01888888888889,23.2488888888889,4.63227806065973
2026-06-14,IOS,dhgate_product364_US_Purchase 30D_purchase_IAP_Kelsey_20260527,qX4oco28gDbrpBri,50.19,881,408,10,542.58,product364,56.9693530079455,0.123014705882353,0.46311010215664,5.019,54.258,10.8105200239091
2026-06-15,IOS,dhgate_product317_UK_ACT&Nopay 30D_purchase_IAP_Kelsey_20260427,H9HAtL9q0yyc4Gdy,100.34,3849,792,16,629.13,product317,26.069108859444,0.126691919191919,0.20576773187841,6.27125,39.320625,6.26998206099263
2026-06-15,IOS,dhgate_product336_T1_Purchase 30D_purchase_IAP_Kelsey_20260512,IbA1O59ht1JcwImf,50.05,5509,655,17,634.67,product336,9.0851334180432,0.076412213740458,0.118896351424941,2.94411764705882,37.3335294117647,12.6807192807193
2026-06-15,IOS,dhgate_product326_US_ACT&Nopay 30D_purchase_IAP_Kelsey_20260506,zMf9PKJzCf4uVI7T,100.59,9578,924,9,338.12,product326,10.5021925245354,0.108863636363636,0.0964710795573189,11.1766666666667,37.5688888888889,3.36136792921762
2026-06-15,ANDROID,dhgate_product322_US_Purchase 30D_purchase_IAP_Kelsey_20260504,UEOt0CeUKtYLfLaH,48.44,1612,492,14,579.77,product322,30.0496277915633,0.0984552845528455,0.305210918114144,3.46,41.4121428571429,11.9688274153592
2026-06-15,IOS,dhgate_product321_US_Purchase 30D_purchase_IAP_Kelsey_20260502,ihMCrglFMezOy59I,50.14,8088,218,6,244.89,product321,6.19930761622156,0.23,0.0269535113748764,8.35666666666667,40.815,4.8841244515357
2026-06-15,IOS,dhgate_product319_US_Purchase 30D_purchase_IAP_Kelsey_20260429,SGOG7us7fBY7c5lH,100.42,9502,1275,33,1710.09,product319,10.5683014102294,0.0787607843137255,0.134182277415281,3.0430303030303,51.8209090909091,17.0293766182035
2026-06-15,IOS,dhgate_product318_T1_Purchase 30D_purchase_IAP_Kelsey_20260428,mayu0PGeMJEYQhWJ,100.53,5125,1180,36,1525.47,product318,19.6156097560976,0.0851949152542373,0.230243902439024,2.7925,42.3741666666667,15.1742763354223
2026-06-15,ANDROID,dhgate_product317_UK_ACT&Nopay 30D_purchase_IAP_Kelsey_20260427,tDzMEZEldS4Kei0r,100.42,9610,1630,29,945.2,product317,10.4495317377732,0.0616073619631902,0.169614984391259,3.46275862068966,32.5931034482759,9.4124676359291
2026-06-15,ANDROID,dhgate_dpa-and_US_ACT&Nopay 30D_purchase_IAP_Kelsey_20260511,M0ZXR7rklCeN7J9o,94.73,4126,1021,18,765.69,dpa-and,22.959282598158,0.0927815866797258,0.247455162384876,5.26277777777778,42.5383333333333,8.08286709595693
2026-06-15,ANDROID,dhgate_product315_UK_ACT&Nopay 30D_purchase_IAP_Kelsey_20260425,bedUOEtGfoRFbmze,61.79,8167,1508,15,431.18,product315,7.56581364025958,0.040974801061008,0.184645524672462,4.11933333333333,28.7453333333333,6.97815180449911
2026-06-15,IOS,dhgate_product314_UK_Purchase 30D_purchase_IAP_Kelsey_20260424,NmHyz3ZrSwNTmf0j,50.36,2801,339,20,599.66,product314,17.9792931096037,0.148554572271386,0.121028204212781,2.518,29.983,11.90746624305
2026-06-15,IOS,dhgate_product301_US_ACT&Nopay 30D_purchase_IAP_Kelsey_20260422,OG6WHvKPBaUM1wDo,50.13,9849,426,6,324.44,product301,5.08985683825769,0.117676056338028,0.0432531221443801,8.355,54.0733333333333,6.47197287053661
2026-06-15,IOS,dhgate_product300_T1_Purchase 30D_purchase_IAP_Kelsey_20260421,wGMfDvBHm0s02IeZ,50.16,4810,558,5,210.41,product300,10.4282744282744,0.0898924731182796,0.116008316008316,10.032,42.082,4.19477671451356
2026-06-15,ANDROID,dhgate_product148_T1_Purchase 30D_purchase_IAP_Kelsey_20260415,dVlitdxzfmXStKCR,100.64,10458,1410,27,844.22,product148,9.62325492445974,0.0713758865248227,0.134825014343087,3.72740740740741,31.2674074074074,8.38851351351351
2026-06-15,IOS,dhgate_product138_FR_ACT&Nopay 30D_purchase_IAP_Kelsey_20260403,zNcB24si9mbzBPed,104.34,6951,1744,49,1772.93,product138,15.0107898144152,0.0598279816513762,0.250899151201266,2.12938775510204,36.1822448979592,16.9918535556833
2026-06-15,IOS,dhgate_product137_US_Purchase 30D_purchase_IAP_Kelsey_20260402,Eo7scqEETcYxo6WH,50.19,5058,256,12,846.92,product137,9.92289442467378,0.1960546875,0.0506128904705417,4.1825,70.5766666666667,16.8742777445706
2026-06-15,IOS,dhgate_dpa-ios_US_ACT&Nopay 30D_purchase_IAP_Kelsey_20260515,y55faIMh7doL5RvO,100.19,9394,360,12,625.6,dpa-ios,10.6653182882691,0.278305555555556,0.0383223334043006,8.34916666666667,52.1333333333333,6.24413614133147
2026-06-15,ANDROID,dhgate_product317_FR_ACT&Nopay 30D_purchase_IAP_Kelsey_20260526,zbor8ujPF081oChW,32.53,2632,1553,11,408.82,product317,12.3594224924012,0.0209465550547328,0.590045592705167,2.95727272727273,37.1654545454545,12.5674761758377
2026-06-15,IOS,dhgate_product337_T1_ACT&Nopay 30D_purchase_IAP_Kelsey_20260513,pMbmqjxpXWy9uySH,50.26,9655,742,11,420.12,product337,5.20559295701709,0.0677358490566038,0.0768513723459348,4.56909090909091,38.1927272727273,8.35893354556307
2026-06-15,IOS,dhgate_product340_US_Purchase 30D_purchase_IAP_Kelsey_20260516,yznk4uz7IRlNu5TH,100.74,7093,551,20,1349.71,product340,14.2027350909347,0.182831215970962,0.0776822219089243,5.037,67.4855,13.397955132023
2026-06-15,IOS,dhgate_product338_T1_ACT&Nopay 30D_purchase_IAP_Kelsey_20260515,aiZBaGOKYFBuq0Ps,50.08,6457,755,13,515.67,product338,7.75592380362397,0.0663311258278146,0.116927365649683,3.85230769230769,39.6669230769231,10.2969249201278
2026-06-15,ANDROID,dhgate_product337_T1_ACT&Nopay 30D_purchase_IAP_Kelsey_20260513,Hi3okRpzvLX7H2oQ,40.73,4487,2185,7,224.63,product337,9.07733452195231,0.0186407322654462,0.486962335636283,5.81857142857143,32.09,5.51509943530567
2026-06-15,IOS,dhgate_product377_T1_Purchase 30D_purchase_IAP_Kelsey_20260613,ImdbSHRgpaEHQaDV,32.94,1530,854,2,92.84,product377,21.5294117647059,0.0385714285714286,0.558169934640523,16.47,46.42,2.81845780206436
2026-06-15,ANDROID,dhgate_product377_T1_Purchase 30D_purchase_IAP_Kelsey_20260613,jQWebXWoq2Emp98e,35.06,2064,1058,1,21.2,product377,16.9864341085271,0.0331379962192817,0.512596899224806,35.06,21.2,0.60467769537935
2026-06-15,ANDROID,dhgate_product376_US_Purchase 30D_purchase_IAP_Kelsey_20260612,OGOAsivo1SSZARzD,41.42,882,444,10,342.96,product376,46.9614512471655,0.0932882882882883,0.503401360544218,4.142,34.296,8.28005794302269
2026-06-15,IOS,dhgate_product376_US_Purchase 30D_purchase_IAP_Kelsey_20260612,H7z4zo3O0rZY5sM9,50.54,823,461,7,264.17,product376,61.4094775212637,0.109631236442516,0.560145808019441,7.22,37.7385714285714,5.22694895132568
2026-06-15,IOS,dhgate_product375_US_Purchase 30D_purchase_IAP_Kelsey_20260611,M84dXzdTmnAdI0a1,50.01,828,421,4,178.22,product375,60.3985507246377,0.118788598574822,0.508454106280193,12.5025,44.555,3.56368726254749
2026-06-15,ANDROID,dhgate_product375_US_Purchase 30D_purchase_IAP_Kelsey_20260611,ZmROz0lvQRxsi3uG,34.39,1024,402,3,108.97,product375,33.583984375,0.0855472636815921,0.392578125,11.4633333333333,36.3233333333333,3.16865367839488
2026-06-15,ANDROID,dhgate_product374_US_ACT&Nopay 30D_purchase_IAP_Kelsey_20260610,lHtOeUxHZghwmdpM,26.69,1430,789,9,425.89,product374,18.6643356643357,0.0338276299112801,0.551748251748252,2.96555555555556,47.3211111111111,15.9569127013863
2026-06-15,IOS,dhgate_product374_US_ACT&Nopay 30D_purchase_IAP_Kelsey_20260610,cDaIJszp5MXFZLaj,22.92,705,420,1,15.83,product374,32.5106382978724,0.0545714285714286,0.595744680851064,22.92,15.83,0.69066317626527
2026-06-15,IOS,dhgate_product372_T1_ACT&Nopay 30D_purchase_IAP_Kelsey_20260605,U4gzqzcEnoe3yurD,50.28,4409,945,8,344.26,product372,11.4039464731232,0.0532063492063492,0.214334316171467,6.285,43.0325,6.84685759745426
2026-06-15,IOS,dhgate_product357_UK_ACT&Nopay 30D_purchase_IAP_Kelsey_20260521,secYrwGRxGvE22kr,50.39,1100,597,14,459.21,product357,45.8090909090909,0.0844053601340034,0.542727272727273,3.59928571428571,32.8007142857143,9.11311768207978
2026-06-15,ANDROID,dhgate_product359_UK_ACT&Nopay 30D_purchase_IAP_Kelsey_20260523,RWeVcrW8HneV8sUj,39.25,2232,1010,9,210.24,product359,17.5851254480287,0.0388613861386139,0.452508960573477,4.36111111111111,23.36,5.35643312101911
2026-06-15,IOS,dhgate_product364_US_Purchase 30D_purchase_IAP_Kelsey_20260527,qX4oco28gDbrpBri,49.12,998,456,13,698.58,product364,49.2184368737475,0.107719298245614,0.456913827655311,3.77846153846154,53.7369230769231,14.2219055374593
2026-06-15,IOS,dhgate_product350_US_Purchase 30D_purchase_IAP_Kelsey_20260517,eZwoS7yMwcYqxbzm,85.52,6819,388,23,1029.11,product350,12.5414283619299,0.220412371134021,0.0568998386860243,3.71826086956522,44.7439130434783,12.0335594013096
2026-06-15,ANDROID,dhgate_product367_UK_Purchase 30D_purchase_IAP_Kelsey_20260530,AsUotp8z2P369W1o,40.69,1640,679,12,302.61,product367,24.8109756097561,0.0599263622974963,0.414024390243902,3.39083333333333,25.2175,7.43696239862374
2026-06-15,ANDROID,dhgate_product368_T1_Purchase 30D_purchase_IAP_Kelsey_20260531,b3s2CGS3sMxfFWgV,91.46,6747,1900,25,1071.3,product368,13.5556543649029,0.0481368421052632,0.281606639988143,3.6584,42.852,11.7133172971791
2026-06-15,IOS,dhgate_product368_T1_Purchase 30D_purchase_IAP_Kelsey_20260531,Ta2k2BeVyS7dWN4n,50.18,3157,624,3,108.66,product368,15.8948368704466,0.0804166666666667,0.197656002534051,16.7266666666667,36.22,2.16540454364289
2026-06-15,ANDROID,dhgate_product366_UK_Purchase 30D_purchase_IAP_Kelsey_20260529,tlDSznDFDWyzbPVr,49.38,2514,625,6,203.36,product366,19.6420047732697,0.079008,0.248607796340493,8.23,33.8933333333333,4.11826650465776
2026-06-16,ANDROID,dhgate_product317_FR_ACT&Nopay 30D_purchase_IAP_Kelsey_20260526,zbor8ujPF081oChW,35.27,3372,1827,14,320.27,product317,10.4596678529063,0.0193048713738369,0.541814946619217,2.51928571428571,22.8764285714286,9.08052168982138
2026-06-16,IOS,dhgate_product326_US_ACT&Nopay 30D_purchase_IAP_Kelsey_20260506,zMf9PKJzCf4uVI7T,100.68,8415,987,10,502.76,product326,11.9643493761141,0.102006079027356,0.11729055258467,10.068,50.276,4.99364322606277
2026-06-16,ANDROID,dhgate_product322_US_Purchase 30D_purchase_IAP_Kelsey_20260504,UEOt0CeUKtYLfLaH,50.27,2247,538,14,581.01,product322,22.3720516243881,0.0934386617100372,0.239430351579884,3.59071428571429,41.5007142857143,11.5577879450965
2026-06-16,IOS,dhgate_product321_US_Purchase 30D_purchase_IAP_Kelsey_20260502,ihMCrglFMezOy59I,50.5,7429,302,4,127.66,product321,6.79768474895679,0.167218543046358,0.0406515008749495,12.625,31.915,2.52792079207921
2026-06-16,IOS,dhgate_product318_T1_Purchase 30D_purchase_IAP_Kelsey_20260428,mayu0PGeMJEYQhWJ,96.68,3878,1135,30,1120.19,product318,24.9303764827231,0.0851806167400881,0.29267663744198,3.22266666666667,37.3396666666667,11.5865742656185
2026-06-16,IOS,dhgate_product317_UK_ACT&Nopay 30D_purchase_IAP_Kelsey_20260427,H9HAtL9q0yyc4Gdy,81.71,2339,684,16,551.57,product317,34.9337323642582,0.119459064327485,0.292432663531424,5.106875,34.473125,6.75033655611308
2026-06-16,ANDROID,dhgate_product317_UK_ACT&Nopay 30D_purchase_IAP_Kelsey_20260427,tDzMEZEldS4Kei0r,100.42,9571,1720,28,883.15,product317,10.492111587086,0.0583837209302326,0.1797095392331,3.58642857142857,31.5410714285714,8.79456283608843
2026-06-16,ANDROID,dhgate_product315_UK_ACT&Nopay 30D_purchase_IAP_Kelsey_20260425,bedUOEtGfoRFbmze,50.24,5699,1018,16,561.8,product315,8.81558168099667,0.0493516699410609,0.178627829443762,3.14,35.1125,11.1823248407643
2026-06-16,ANDROID,dhgate_product148_T1_Purchase 30D_purchase_IAP_Kelsey_20260415,dVlitdxzfmXStKCR,97.0,10606,1585,41,1538.88,product148,9.14576654723741,0.061198738170347,0.149443711106921,2.36585365853659,37.5336585365854,15.8647422680412
2026-06-16,IOS,dhgate_product301_US_ACT&Nopay 30D_purchase_IAP_Kelsey_20260422,OG6WHvKPBaUM1wDo,50.09,8649,498,1,68.96,product301,5.79142097352295,0.100582329317269,0.0575789108567464,50.09,68.96,1.37672190057896
2026-06-16,IOS,dhgate_product300_T1_Purchase 30D_purchase_IAP_Kelsey_20260421,wGMfDvBHm0s02IeZ,50.63,3620,667,5,154.2,product300,13.9861878453039,0.0759070464767616,0.184254143646409,10.126,30.84,3.0456251234446
2026-06-16,IOS,dhgate_product336_T1_Purchase 30D_purchase_IAP_Kelsey_20260512,IbA1O59ht1JcwImf,50.21,4161,719,14,487.74,product336,12.0668108627734,0.0698331015299026,0.172795001201634,3.58642857142857,34.8385714285714,9.71400119498108
2026-06-16,IOS,dhgate_product138_FR_ACT&Nopay 30D_purchase_IAP_Kelsey_20260403,zNcB24si9mbzBPed,92.04,4305,1843,32,1474.08,product138,21.3797909407666,0.0499403147042865,0.428106852497096,2.87625,46.065,16.0156453715776
2026-06-16,IOS,dhgate_product137_US_Purchase 30D_purchase_IAP_Kelsey_20260402,Eo7scqEETcYxo6WH,50.26,4963,351,12,1272.61,product137,10.1269393511989,0.143190883190883,0.0707233528107999,4.18833333333333,106.050833333333,25.3205332272185
2026-06-16,IOS,dhgate_dpa-ios_US_ACT&Nopay 30D_purchase_IAP_Kelsey_20260515,y55faIMh7doL5RvO,100.61,7735,384,5,237.81,dpa-ios,13.0071105365223,0.262005208333333,0.0496444731738849,20.122,47.562,2.3636815425902
2026-06-16,ANDROID,dhgate_dpa-and_US_ACT&Nopay 30D_purchase_IAP_Kelsey_20260511,M0ZXR7rklCeN7J9o,91.26,4935,1099,5,185.54,dpa-and,18.4924012158055,0.0830391264786169,0.222695035460993,18.252,37.108,2.03309226386149
2026-06-16,IOS,dhgate_product314_UK_Purchase 30D_purchase_IAP_Kelsey_20260424,NmHyz3ZrSwNTmf0j,50.27,1771,375,12,396.34,product314,28.3850931677019,0.134053333333333,0.211744776962168,4.18916666666667,33.0283333333333,7.88422518400637
2026-06-16,IOS,dhgate_product337_T1_ACT&Nopay 30D_purchase_IAP_Kelsey_20260513,pMbmqjxpXWy9uySH,50.21,7566,720,10,435.78,product337,6.63626751255617,0.0697361111111111,0.0951625693893735,5.021,43.578,8.67914758016331
2026-06-16,IOS,dhgate_product319_US_Purchase 30D_purchase_IAP_Kelsey_20260429,SGOG7us7fBY7c5lH,97.15,7020,1358,13,1225.4,product319,13.8390313390313,0.071539027982327,0.193447293447293,7.47307692307692,94.2615384615385,12.6134843026248
2026-06-16,IOS,dhgate_product338_T1_ACT&Nopay 30D_purchase_IAP_Kelsey_20260515,aiZBaGOKYFBuq0Ps,50.18,6249,797,8,249.12,product338,8.03008481357017,0.062961104140527,0.127540406465034,6.2725,31.14,4.964527700279
2026-06-16,ANDROID,dhgate_product337_T1_ACT&Nopay 30D_purchase_IAP_Kelsey_20260513,Hi3okRpzvLX7H2oQ,40.14,4968,2337,4,84.29,product337,8.07971014492754,0.0171758664955071,0.470410628019324,10.035,21.0725,2.09990034877927
2026-06-16,ANDROID,dhgate_product377_T1_Purchase 30D_purchase_IAP_Kelsey_20260613,jQWebXWoq2Emp98e,31.34,1906,1103,9,253.02,product377,16.4428121720881,0.0284134179510426,0.578698845750262,3.48222222222222,28.1133333333333,8.07338864071474
2026-06-16,ANDROID,dhgate_product376_US_Purchase 30D_purchase_IAP_Kelsey_20260612,OGOAsivo1SSZARzD,36.29,856,447,9,432.22,product376,42.3948598130841,0.0811856823266219,0.522196261682243,4.03222222222222,48.0244444444445,11.910168090383
2026-06-16,IOS,dhgate_product375_US_Purchase 30D_purchase_IAP_Kelsey_20260611,M84dXzdTmnAdI0a1,50.05,932,456,8,375.56,product375,53.7017167381974,0.109758771929825,0.489270386266094,6.25625,46.945,7.5036963036963
2026-06-16,ANDROID,dhgate_product375_US_Purchase 30D_purchase_IAP_Kelsey_20260611,ZmROz0lvQRxsi3uG,42.31,1020,487,7,369.16,product375,41.4803921568628,0.0868788501026694,0.477450980392157,6.04428571428571,52.7371428571429,8.72512408414086
2026-06-16,ANDROID,dhgate_product374_US_ACT&Nopay 30D_purchase_IAP_Kelsey_20260610,lHtOeUxHZghwmdpM,32.97,1702,917,6,149.78,product374,19.3713278495887,0.0359541984732824,0.538777908343126,5.495,24.9633333333333,4.5429178040643
2026-06-16,IOS,dhgate_product374_US_ACT&Nopay 30D_purchase_IAP_Kelsey_20260610,cDaIJszp5MXFZLaj,39.57,1209,684,4,185.53,product374,32.7295285359802,0.0578508771929825,0.56575682382134,9.8925,46.3825,4.68865301996462
2026-06-16,IOS,dhgate_product372_T1_ACT&Nopay 30D_purchase_IAP_Kelsey_20260605,U4gzqzcEnoe3yurD,43.75,3281,872,6,292.47,product372,13.334349283755,0.0501720183486239,0.265772630295642,7.29166666666667,48.745,6.68502857142857
2026-06-16,IOS,dhgate_product368_T1_Purchase 30D_purchase_IAP_Kelsey_20260531,Ta2k2BeVyS7dWN4n,44.31,2198,530,8,537.27,product368,20.1592356687898,0.0836037735849057,0.241128298453139,5.53875,67.15875,12.1252538930264
2026-06-16,IOS,dhgate_product377_T1_Purchase 30D_purchase_IAP_Kelsey_20260613,ImdbSHRgpaEHQaDV,33.56,1688,957,2,61.76,product377,19.8815165876777,0.035067920585162,0.566943127962085,16.78,30.88,1.84028605482718
2026-06-16,ANDROID,dhgate_product367_UK_Purchase 30D_purchase_IAP_Kelsey_20260530,AsUotp8z2P369W1o,29.29,1272,545,6,153.28,product367,23.0267295597484,0.053743119266055,0.428459119496855,4.88166666666667,25.5466666666667,5.23318538750427
2026-06-16,ANDROID,dhgate_product366_UK_Purchase 30D_purchase_IAP_Kelsey_20260529,tlDSznDFDWyzbPVr,47.68,4177,521,10,310.66,product366,11.414891070146,0.0915163147792706,0.1247306679435,4.768,31.066,6.51552013422819
2026-06-16,IOS,dhgate_product364_US_Purchase 30D_purchase_IAP_Kelsey_20260527,qX4oco28gDbrpBri,50.79,1045,521,11,468.72,product364,48.6028708133971,0.0974856046065259,0.498564593301435,4.61727272727273,42.6109090909091,9.22858830478441
2026-06-16,ANDROID,dhgate_product359_UK_ACT&Nopay 30D_purchase_IAP_Kelsey_20260523,RWeVcrW8HneV8sUj,36.04,2048,894,0,0.0,product359,17.59765625,0.0403131991051454,0.4365234375,,,0.0
2026-06-16,IOS,dhgate_product357_UK_ACT&Nopay 30D_purchase_IAP_Kelsey_20260521,secYrwGRxGvE22kr,50.07,1213,652,13,413.19,product357,41.277823577906,0.0767944785276074,0.537510305028854,3.85153846153846,31.7838461538462,8.25224685440383
2026-06-16,IOS,dhgate_product350_US_Purchase 30D_purchase_IAP_Kelsey_20260517,eZwoS7yMwcYqxbzm,50.04,4495,266,26,1298.51,product350,11.1323692992214,0.18812030075188,0.0591768631813126,1.92461538461538,49.9426923076923,25.9494404476419
2026-06-16,IOS,dhgate_product340_US_Purchase 30D_purchase_IAP_Kelsey_20260516,yznk4uz7IRlNu5TH,100.22,6602,559,9,418.73,product340,15.1802484095729,0.179284436493739,0.0846713117237201,11.1355555555556,46.5255555555556,4.1781081620435
2026-06-16,ANDROID,dhgate_product368_T1_Purchase 30D_purchase_IAP_Kelsey_20260531,b3s2CGS3sMxfFWgV,97.49,9791,1408,15,336.66,product368,9.95710346236339,0.0692400568181818,0.143805535696047,6.49933333333333,22.444,3.45327725920607
2026-06-17,IOS,dhgate_product326_US_ACT&Nopay 30D_purchase_IAP_Kelsey_20260506,zMf9PKJzCf4uVI7T,100.47,7819,1035,7,243.04,product326,12.849469241591,0.0970724637681159,0.1323698682696,14.3528571428571,34.72,2.41903055638499
2026-06-17,ANDROID,dhgate_product322_US_Purchase 30D_purchase_IAP_Kelsey_20260504,UEOt0CeUKtYLfLaH,50.35,2569,465,16,416.32,product322,19.5990657843519,0.108279569892473,0.181004281821721,3.146875,26.02,8.26852035749752
2026-06-17,IOS,dhgate_product321_US_Purchase 30D_purchase_IAP_Kelsey_20260502,ihMCrglFMezOy59I,50.29,6715,271,10,379.44,product321,7.48920327624721,0.185571955719557,0.0403574087862993,5.029,37.944,7.5450387751044
2026-06-17,IOS,dhgate_product319_US_Purchase 30D_purchase_IAP_Kelsey_20260429,SGOG7us7fBY7c5lH,100.57,8480,1491,27,929.68,product319,11.8596698113208,0.0674513749161636,0.175825471698113,3.72481481481481,34.4325925925926,9.2441085810878
2026-06-17,IOS,dhgate_product317_UK_ACT&Nopay 30D_purchase_IAP_Kelsey_20260427,H9HAtL9q0yyc4Gdy,94.0,2954,735,15,478.91,product317,31.821259309411,0.127891156462585,0.248815165876777,6.26666666666667,31.9273333333333,5.09478723404255
2026-06-17,ANDROID,dhgate_product317_UK_ACT&Nopay 30D_purchase_IAP_Kelsey_20260427,tDzMEZEldS4Kei0r,100.88,9915,1781,14,386.82,product317,10.1744831064044,0.0566423357664234,0.179626828038326,7.20571428571429,27.63,3.83445678033307
2026-06-17,ANDROID,dhgate_product317_FR_ACT&Nopay 30D_purchase_IAP_Kelsey_20260526,zbor8ujPF081oChW,38.58,3975,1970,15,702.08,product317,9.70566037735849,0.0195837563451777,0.49559748427673,2.572,46.8053333333333,18.1980300673924
2026-06-17,ANDROID,dhgate_product315_UK_ACT&Nopay 30D_purchase_IAP_Kelsey_20260425,bedUOEtGfoRFbmze,50.28,6623,1017,8,251.92,product315,7.59172580401631,0.0494395280235988,0.153555790427299,6.285,31.49,5.01034208432777
2026-06-17,ANDROID,dhgate_product148_T1_Purchase 30D_purchase_IAP_Kelsey_20260415,dVlitdxzfmXStKCR,100.75,10684,1460,30,1280.96,product148,9.42998876825159,0.0690068493150685,0.136652938974167,3.35833333333333,42.6986666666667,12.7142431761787
2026-06-17,IOS,dhgate_product301_US_ACT&Nopay 30D_purchase_IAP_Kelsey_20260422,OG6WHvKPBaUM1wDo,50.44,8877,454,10,266.77,product301,5.68209980849386,0.111101321585903,0.0511434043032556,5.044,26.677,5.28885804916733
2026-06-17,IOS,dhgate_product300_T1_Purchase 30D_purchase_IAP_Kelsey_20260421,wGMfDvBHm0s02IeZ,50.21,4058,660,6,200.77,product300,12.3730901922129,0.0760757575757576,0.162641695416461,8.36833333333333,33.4616666666667,3.99860585540729
2026-06-17,IOS,dhgate_product138_FR_ACT&Nopay 30D_purchase_IAP_Kelsey_20260403,zNcB24si9mbzBPed,99.38,5862,2086,35,1631.02,product138,16.9532582736267,0.0476414189837009,0.355851245308768,2.83942857142857,46.6005714285714,16.4119541155162
2026-06-17,IOS,dhgate_product137_US_Purchase 30D_purchase_IAP_Kelsey_20260402,Eo7scqEETcYxo6WH,50.1,4222,285,12,384.2,product137,11.8664140217906,0.175789473684211,0.0675035528185694,4.175,32.0166666666667,7.6686626746507
2026-06-17,IOS,dhgate_dpa-ios_US_ACT&Nopay 30D_purchase_IAP_Kelsey_20260515,y55faIMh7doL5RvO,100.11,7658,304,14,617.18,dpa-ios,13.072603813006,0.329309210526316,0.0396970488378167,7.15071428571429,44.0842857142857,6.16501847967236
2026-06-17,ANDROID,dhgate_dpa-and_US_ACT&Nopay 30D_purchase_IAP_Kelsey_20260511,M0ZXR7rklCeN7J9o,97.19,5292,1073,10,202.33,dpa-and,18.3654572940287,0.0905778191985089,0.20275888133031,9.719,20.233,2.08179853894434
2026-06-17,IOS,dhgate_product336_T1_Purchase 30D_purchase_IAP_Kelsey_20260512,IbA1O59ht1JcwImf,50.08,4080,733,17,623.55,product336,12.2745098039216,0.0683219645293315,0.179656862745098,2.94588235294118,36.6794117647059,12.4510782747604
2026-06-17,IOS,dhgate_product314_UK_Purchase 30D_purchase_IAP_Kelsey_20260424,NmHyz3ZrSwNTmf0j,49.06,2018,378,6,162.8,product314,24.3111992071358,0.12978835978836,0.187314172447968,8.17666666666667,27.1333333333333,3.31838565022421
2026-06-17,IOS,dhgate_product337_T1_ACT&Nopay 30D_purchase_IAP_Kelsey_20260513,pMbmqjxpXWy9uySH,50.26,8646,772,14,602.9,product337,5.81309275965764,0.0651036269430052,0.0892898450150359,3.59,43.0642857142857,11.9956227616395
2026-06-17,IOS,dhgate_product318_T1_Purchase 30D_purchase_IAP_Kelsey_20260428,mayu0PGeMJEYQhWJ,94.58,4937,1193,18,455.76,product318,19.1573830261292,0.079279128248114,0.241644723516305,5.25444444444444,25.32,4.81877775428209
2026-06-17,IOS,dhgate_product338_T1_ACT&Nopay 30D_purchase_IAP_Kelsey_20260515,aiZBaGOKYFBuq0Ps,50.37,5994,826,9,294.49,product338,8.4034034034034,0.0609806295399516,0.137804471137804,5.59666666666667,32.7211111111111,5.84653563629144
2026-06-17,ANDROID,dhgate_product377_T1_Purchase 30D_purchase_IAP_Kelsey_20260613,jQWebXWoq2Emp98e,39.32,2386,1276,16,707.64,product377,16.4794635373009,0.0308150470219436,0.534786253143336,2.4575,44.2275,17.9969481180061
2026-06-17,ANDROID,dhgate_product376_US_Purchase 30D_purchase_IAP_Kelsey_20260612,OGOAsivo1SSZARzD,46.36,1304,484,2,60.15,product376,35.5521472392638,0.0957851239669422,0.371165644171779,23.18,30.075,1.29745470232959
2026-06-17,IOS,dhgate_product375_US_Purchase 30D_purchase_IAP_Kelsey_20260611,M84dXzdTmnAdI0a1,50.12,943,481,5,217.57,product375,53.1495227995758,0.104199584199584,0.510074231177094,10.024,43.514,4.34098164405427
2026-06-17,ANDROID,dhgate_product375_US_Purchase 30D_purchase_IAP_Kelsey_20260611,ZmROz0lvQRxsi3uG,45.11,977,477,12,494.19,product375,46.171954964176,0.0945702306079665,0.488229273285568,3.75916666666667,41.1825,10.9552205719353
2026-06-17,ANDROID,dhgate_product374_US_ACT&Nopay 30D_purchase_IAP_Kelsey_20260610,lHtOeUxHZghwmdpM,39.85,1836,952,7,328.66,product374,21.7047930283224,0.041859243697479,0.518518518518519,5.69285714285714,46.9514285714286,8.2474278544542
2026-06-17,IOS,dhgate_product374_US_ACT&Nopay 30D_purchase_IAP_Kelsey_20260610,cDaIJszp5MXFZLaj,45.44,1192,694,3,67.92,product374,38.1208053691275,0.0654755043227666,0.582214765100671,15.1466666666667,22.64,1.49471830985916
2026-06-17,IOS,dhgate_product372_T1_ACT&Nopay 30D_purchase_IAP_Kelsey_20260605,U4gzqzcEnoe3yurD,48.42,3970,952,8,679.2,product372,12.1964735516373,0.0508613445378151,0.239798488664987,6.0525,84.9,14.0272614622057
2026-06-17,IOS,dhgate_product368_T1_Purchase 30D_purchase_IAP_Kelsey_20260531,Ta2k2BeVyS7dWN4n,49.74,2885,642,8,670.43,product368,17.2409012131716,0.0774766355140187,0.222530329289428,6.2175,83.80375,13.4786891837555
2026-06-17,ANDROID,dhgate_product337_T1_ACT&Nopay 30D_purchase_IAP_Kelsey_20260513,Hi3okRpzvLX7H2oQ,37.64,4782,2260,13,415.17,product337,7.87118360518612,0.0166548672566372,0.472605604349645,2.89538461538462,31.9361538461538,11.0300212539851
2026-06-17,ANDROID,dhgate_product367_UK_Purchase 30D_purchase_IAP_Kelsey_20260530,AsUotp8z2P369W1o,32.64,1440,605,8,169.34,product367,22.6666666666667,0.0539504132231405,0.420138888888889,4.08,21.1675,5.18811274509804
2026-06-17,ANDROID,dhgate_product366_UK_Purchase 30D_purchase_IAP_Kelsey_20260529,tlDSznDFDWyzbPVr,50.3,4416,527,6,170.26,product366,11.3903985507246,0.0954459203036053,0.119338768115942,8.38333333333333,28.3766666666667,3.38489065606362
2026-06-17,IOS,dhgate_product364_US_Purchase 30D_purchase_IAP_Kelsey_20260527,qX4oco28gDbrpBri,50.26,1060,491,8,206.51,product364,47.4150943396226,0.102362525458248,0.463207547169811,6.2825,25.81375,4.10883406287306
2026-06-17,IOS,dhgate_product377_T1_Purchase 30D_purchase_IAP_Kelsey_20260613,ImdbSHRgpaEHQaDV,34.9,1739,983,20,738.91,product377,20.0690051753882,0.0355035605289929,0.565267395054629,1.745,36.9455,21.1722063037249
2026-06-17,ANDROID,dhgate_product359_UK_ACT&Nopay 30D_purchase_IAP_Kelsey_20260523,RWeVcrW8HneV8sUj,36.57,2148,970,5,151.17,product359,17.0251396648045,0.0377010309278351,0.451582867783985,7.314,30.234,4.13371616078753
2026-06-17,IOS,dhgate_product357_UK_ACT&Nopay 30D_purchase_IAP_Kelsey_20260521,secYrwGRxGvE22kr,50.4,1156,691,2,162.08,product357,43.598615916955,0.0729377713458755,0.597750865051903,25.2,81.04,3.21587301587302
2026-06-17,IOS,dhgate_product350_US_Purchase 30D_purchase_IAP_Kelsey_20260517,eZwoS7yMwcYqxbzm,50.37,4627,263,17,928.99,product350,10.8861033066782,0.191520912547529,0.0568402852820402,2.96294117647059,54.6464705882353,18.4433194361723
2026-06-17,IOS,dhgate_product340_US_Purchase 30D_purchase_IAP_Kelsey_20260516,yznk4uz7IRlNu5TH,100.16,6107,562,15,714.42,product340,16.400851481906,0.178220640569395,0.0920255444571803,6.67733333333333,47.628,7.1327875399361
2026-06-17,ANDROID,dhgate_product368_T1_Purchase 30D_purchase_IAP_Kelsey_20260531,b3s2CGS3sMxfFWgV,100.25,9802,1311,35,1116.27,product368,10.2275045908998,0.0764683447749809,0.133748214650071,2.86428571428571,31.8934285714286,11.1348628428928
2026-06-18,IOS,dhgate_product318_T1_Purchase 30D_purchase_IAP_Kelsey_20260428,mayu0PGeMJEYQhWJ,99.81,5141,1193,31,1086.31,product318,19.4145107955651,0.0836630343671417,0.232056020229527,3.21967741935484,35.0422580645161,10.8837791804428
2026-06-18,IOS,dhgate_product319_US_Purchase 30D_purchase_IAP_Kelsey_20260429,SGOG7us7fBY7c5lH,100.06,10148,1358,31,1964.6,product319,9.86007094994088,0.0736818851251841,0.133819471817107,3.22774193548387,63.3741935483871,19.634219468319
2026-06-18,IOS,dhgate_product336_T1_Purchase 30D_purchase_IAP_Kelsey_20260512,IbA1O59ht1JcwImf,49.92,5196,622,8,228.15,product336,9.60739030023095,0.0802572347266881,0.119707467282525,6.24,28.51875,4.5703125
2026-06-18,ANDROID,dhgate_product322_US_Purchase 30D_purchase_IAP_Kelsey_20260504,UEOt0CeUKtYLfLaH,49.74,3860,454,9,317.38,product322,12.8860103626943,0.109559471365639,0.117616580310881,5.52666666666667,35.2644444444444,6.38078005629272
2026-06-18,IOS,dhgate_product326_US_ACT&Nopay 30D_purchase_IAP_Kelsey_20260506,zMf9PKJzCf4uVI7T,75.53,6641,648,21,926.06,product326,11.3732871555489,0.116558641975309,0.097575666315314,3.59666666666667,44.0980952380952,12.2608235138356
2026-06-18,IOS,dhgate_product317_UK_ACT&Nopay 30D_purchase_IAP_Kelsey_20260427,H9HAtL9q0yyc4Gdy,98.97,3109,811,14,813.73,product317,31.8333869411386,0.122034525277435,0.260855580572531,7.06928571428571,58.1235714285714,8.2219864605436
2026-06-18,IOS,dhgate_product321_US_Purchase 30D_purchase_IAP_Kelsey_20260502,ihMCrglFMezOy59I,50.05,8788,225,8,299.08,product321,5.69526627218935,0.222444444444444,0.0256030951297224,6.25625,37.385,5.97562437562438
2026-06-18,ANDROID,dhgate_product317_UK_ACT&Nopay 30D_purchase_IAP_Kelsey_20260427,tDzMEZEldS4Kei0r,69.35,6702,1099,8,266.79,product317,10.3476574156968,0.0631028207461328,0.163980901223515,8.66875,33.34875,3.84700793078587
2026-06-18,IOS,dhgate_product300_T1_Purchase 30D_purchase_IAP_Kelsey_20260421,wGMfDvBHm0s02IeZ,49.65,4615,609,9,257.87,product300,10.7583965330444,0.0815270935960591,0.131960996749729,5.51666666666667,28.6522222222222,5.19375629405841
2026-06-18,ANDROID,dhgate_product315_UK_ACT&Nopay 30D_purchase_IAP_Kelsey_20260425,bedUOEtGfoRFbmze,50.34,6637,919,6,261.3,product315,7.58475214705439,0.0547769314472253,0.13846617447642,8.39,43.55,5.19070321811681
2026-06-18,IOS,dhgate_product314_UK_Purchase 30D_purchase_IAP_Kelsey_20260424,NmHyz3ZrSwNTmf0j,50.27,2420,375,16,515.01,product314,20.7727272727273,0.134053333333333,0.15495867768595,3.141875,32.188125,10.2448776606326
2026-06-18,IOS,dhgate_product301_US_ACT&Nopay 30D_purchase_IAP_Kelsey_20260422,OG6WHvKPBaUM1wDo,47.96,10948,448,5,169.72,product301,4.38070880526124,0.107053571428571,0.040920716112532,9.592,33.944,3.53878231859883
2026-06-18,ANDROID,dhgate_product148_T1_Purchase 30D_purchase_IAP_Kelsey_20260415,dVlitdxzfmXStKCR,100.13,11673,1381,15,921.69,product148,8.57791484622634,0.0725054308472122,0.118307204660327,6.67533333333333,61.446,9.20493358633776
2026-06-18,IOS,dhgate_product138_FR_ACT&Nopay 30D_purchase_IAP_Kelsey_20260403,zNcB24si9mbzBPed,94.53,5427,1847,26,1059.52,product138,17.4184632393588,0.0511802923659989,0.340335360235858,3.63576923076923,40.7507692307692,11.2082936633873
2026-06-18,IOS,dhgate_product137_US_Purchase 30D_purchase_IAP_Kelsey_20260402,Eo7scqEETcYxo6WH,49.78,5300,258,7,287.47,product137,9.39245283018868,0.192945736434109,0.0486792452830189,7.11142857142857,41.0671428571429,5.77480916030534
2026-06-18,IOS,dhgate_dpa-ios_US_ACT&Nopay 30D_purchase_IAP_Kelsey_20260515,y55faIMh7doL5RvO,98.9,9330,277,7,240.71,dpa-ios,10.6002143622722,0.357039711191336,0.0296891747052519,14.1285714285714,34.3871428571429,2.43387259858443
2026-06-18,IOS,dhgate_product337_T1_ACT&Nopay 30D_purchase_IAP_Kelsey_20260513,pMbmqjxpXWy9uySH,49.75,10465,828,1,25.35,product337,4.75394171046345,0.0600845410628019,0.0791208791208791,49.75,25.35,0.509547738693467
2026-06-18,ANDROID,dhgate_product317_FR_ACT&Nopay 30D_purchase_IAP_Kelsey_20260526,zbor8ujPF081oChW,37.69,3726,1803,9,301.75,product317,10.1154052603328,0.020904048807543,0.48389694041868,4.18777777777778,33.5277777777778,8.00610241443354
2026-06-18,ANDROID,dhgate_dpa-and_US_ACT&Nopay 30D_purchase_IAP_Kelsey_20260511,M0ZXR7rklCeN7J9o,97.34,5835,916,7,194.47,dpa-and,16.6820908311911,0.106266375545852,0.156983718937446,13.9057142857143,27.7814285714286,1.99784261351962
2026-06-18,ANDROID,dhgate_product337_T1_ACT&Nopay 30D_purchase_IAP_Kelsey_20260513,Hi3okRpzvLX7H2oQ,41.69,5157,2263,5,121.5,product337,8.08415745588521,0.0184224480777729,0.438821019972852,8.338,24.3,2.91436795394579
2026-06-18,IOS,dhgate_product340_US_Purchase 30D_purchase_IAP_Kelsey_20260516,yznk4uz7IRlNu5TH,99.3,8904,547,23,898.91,product340,11.1522911051213,0.181535648994516,0.0614330637915544,4.31739130434783,39.0830434782609,9.05246727089627
2026-06-18,IOS,dhgate_product338_T1_ACT&Nopay 30D_purchase_IAP_Kelsey_20260515,aiZBaGOKYFBuq0Ps,46.79,6867,803,8,381.56,product338,6.81374690549003,0.0582689912826899,0.116936071064511,5.84875,47.695,8.15473391750374
2026-06-18,IOS,dhgate_product378_T1_Purchase 30D_purchase_IAP_Kelsey_20260618,Qx3tMoKQlo4mkhKG,9.28,432,244,1,16.9,product378,21.4814814814815,0.0380327868852459,0.564814814814815,9.28,16.9,1.82112068965517
2026-06-18,IOS,dhgate_product377_T1_Purchase 30D_purchase_IAP_Kelsey_20260613,ImdbSHRgpaEHQaDV,40.39,1822,867,17,476.66,product377,22.1679473106476,0.0465859284890427,0.475850713501647,2.37588235294118,28.0388235294118,11.8014359990097
2026-06-18,ANDROID,dhgate_product377_T1_Purchase 30D_purchase_IAP_Kelsey_20260613,jQWebXWoq2Emp98e,35.27,2636,1092,11,336.96,product377,13.3801213960546,0.0322985347985348,0.414264036418816,3.20636363636364,30.6327272727273,9.55372838106039
2026-06-18,ANDROID,dhgate_product376_US_Purchase 30D_purchase_IAP_Kelsey_20260612,OGOAsivo1SSZARzD,50.11,1766,493,17,769.22,product376,28.3748584371461,0.101643002028398,0.27916194790487,2.94764705882353,45.2482352941176,15.3506286170425
2026-06-18,ANDROID,dhgate_product375_US_Purchase 30D_purchase_IAP_Kelsey_20260611,ZmROz0lvQRxsi3uG,45.61,1550,455,5,127.69,product375,29.4258064516129,0.100241758241758,0.293548387096774,9.122,25.538,2.79960534970401
2026-06-18,IOS,dhgate_product375_US_Purchase 30D_purchase_IAP_Kelsey_20260611,M84dXzdTmnAdI0a1,49.76,935,446,11,509.58,product375,53.2192513368984,0.111569506726457,0.477005347593583,4.52363636363636,46.3254545454546,10.2407556270096
2026-06-18,ANDROID,dhgate_product374_US_ACT&Nopay 30D_purchase_IAP_Kelsey_20260610,lHtOeUxHZghwmdpM,42.59,1985,1006,7,258.35,product374,21.455919395466,0.0423359840954274,0.506801007556675,6.08428571428571,36.9071428571429,6.06597792909134
2026-06-18,IOS,dhgate_product374_US_ACT&Nopay 30D_purchase_IAP_Kelsey_20260610,cDaIJszp5MXFZLaj,18.66,574,329,8,384.59,product374,32.5087108013937,0.0567173252279635,0.573170731707317,2.3325,48.07375,20.6103965702036
2026-06-18,ANDROID,dhgate_product378_T1_Purchase 30D_purchase_IAP_Kelsey_20260618,pSVCzUyasov2jVVf,6.23,479,265,0,0.0,product378,13.0062630480167,0.0235094339622642,0.553235908141962,,,0.0
2026-06-18,IOS,dhgate_product368_T1_Purchase 30D_purchase_IAP_Kelsey_20260531,Ta2k2BeVyS7dWN4n,48.17,3254,590,4,109.37,product368,14.8033189920098,0.0816440677966102,0.181315304240934,12.0425,27.3425,2.27050031139714
2026-06-18,ANDROID,dhgate_product368_T1_Purchase 30D_purchase_IAP_Kelsey_20260531,b3s2CGS3sMxfFWgV,100.33,10607,1301,17,485.35,product368,9.45884793061186,0.0771176018447348,0.122654850570378,5.90176470588235,28.55,4.83753613076846
2026-06-18,ANDROID,dhgate_product367_UK_Purchase 30D_purchase_IAP_Kelsey_20260530,AsUotp8z2P369W1o,35.27,1544,610,3,116.3,product367,22.8432642487047,0.0578196721311476,0.395077720207254,11.7566666666667,38.7666666666667,3.29741990360079
2026-06-18,ANDROID,dhgate_product366_UK_Purchase 30D_purchase_IAP_Kelsey_20260529,tlDSznDFDWyzbPVr,50.62,4853,554,6,143.01,product366,10.4306614465279,0.0913718411552347,0.114156192046157,8.43666666666667,23.835,2.82516791781904
2026-06-18,IOS,dhgate_product364_US_Purchase 30D_purchase_IAP_Kelsey_20260527,qX4oco28gDbrpBri,49.66,1694,441,7,243.3,product364,29.3152302243211,0.112607709750567,0.260330578512397,7.09428571428571,34.7571428571429,4.89931534434152
2026-06-18,ANDROID,dhgate_product359_UK_ACT&Nopay 30D_purchase_IAP_Kelsey_20260523,RWeVcrW8HneV8sUj,20.09,1224,578,6,286.11,product359,16.4133986928105,0.034757785467128,0.472222222222222,3.34833333333333,47.685,14.2414136386262
2026-06-18,IOS,dhgate_product357_UK_ACT&Nopay 30D_purchase_IAP_Kelsey_20260521,secYrwGRxGvE22kr,50.07,1065,568,12,472.75,product357,47.0140845070423,0.0881514084507042,0.533333333333333,4.1725,39.3958333333333,9.44178150589175
2026-06-18,IOS,dhgate_product350_US_Purchase 30D_purchase_IAP_Kelsey_20260517,eZwoS7yMwcYqxbzm,49.93,5763,243,17,1438.03,product350,8.66389033489502,0.205473251028807,0.0421655387818844,2.93705882352941,84.59,28.8009212898057
2026-06-18,IOS,dhgate_product372_T1_ACT&Nopay 30D_purchase_IAP_Kelsey_20260605,U4gzqzcEnoe3yurD,50.1,4460,1010,16,874.92,product372,11.2331838565022,0.0496039603960396,0.226457399103139,3.13125,54.6825,17.4634730538922
2026-06-19,ANDROID,dhgate_product317_UK_ACT&Nopay 30D_purchase_IAP_Kelsey_20260427,tDzMEZEldS4Kei0r,50.21,5612,856,22,640.62,product317,8.94689950106914,0.0586565420560748,0.152530292230934,2.28227272727273,29.1190909090909,12.7588129854611
2026-06-19,IOS,dhgate_product317_UK_ACT&Nopay 30D_purchase_IAP_Kelsey_20260427,H9HAtL9q0yyc4Gdy,100.73,4299,807,8,256.92,product317,23.4310304722028,0.124820322180917,0.187718073970691,12.59125,32.115,2.55058076044872
2026-06-19,IOS,dhgate_product326_US_ACT&Nopay 30D_purchase_IAP_Kelsey_20260506,zMf9PKJzCf4uVI7T,50.16,7178,504,18,675.96,product326,6.98801894678183,0.0995238095238095,0.0702145444413486,2.78666666666667,37.5533333333333,13.4760765550239
2026-06-19,IOS,dhgate_product321_US_Purchase 30D_purchase_IAP_Kelsey_20260502,ihMCrglFMezOy59I,50.1,7776,238,4,271.42,product321,6.4429012345679,0.210504201680672,0.0306069958847737,12.525,67.855,5.41756487025948
2026-06-19,ANDROID,dhgate_product322_US_Purchase 30D_purchase_IAP_Kelsey_20260504,UEOt0CeUKtYLfLaH,50.29,9056,242,15,596.62,product322,5.55322438162544,0.207809917355372,0.0267226148409894,3.35266666666667,39.7746666666667,11.863591171207
2026-06-19,ANDROID,dhgate_product317_FR_ACT&Nopay 30D_purchase_IAP_Kelsey_20260526,zbor8ujPF081oChW,39.6,4084,1776,12,334.76,product317,9.69637610186092,0.0222972972972973,0.43486777668952,3.3,27.8966666666667,8.45353535353535
2026-06-19,IOS,dhgate_product318_T1_Purchase 30D_purchase_IAP_Kelsey_20260428,mayu0PGeMJEYQhWJ,94.73,5013,1245,20,2067.02,product318,18.8968681428286,0.0760883534136546,0.248354278874925,4.7365,103.351,21.8201203420247
2026-06-19,ANDROID,dhgate_product315_UK_ACT&Nopay 30D_purchase_IAP_Kelsey_20260425,bedUOEtGfoRFbmze,50.44,6319,870,14,419.0,product315,7.9822756765311,0.0579770114942529,0.137680012660231,3.60285714285714,29.9285714285714,8.30689928628073
2026-06-19,ANDROID,dhgate_product148_T1_Purchase 30D_purchase_IAP_Kelsey_20260415,dVlitdxzfmXStKCR,98.72,11342,1525,17,572.03,product148,8.70393228707459,0.0647344262295082,0.134456004232058,5.80705882352941,33.6488235294118,5.79446920583468
2026-06-19,IOS,dhgate_product301_US_ACT&Nopay 30D_purchase_IAP_Kelsey_20260422,OG6WHvKPBaUM1wDo,50.16,11014,438,6,253.92,product301,4.55420374069366,0.114520547945205,0.0397675685491193,8.36,42.32,5.0622009569378
2026-06-19,IOS,dhgate_product300_T1_Purchase 30D_purchase_IAP_Kelsey_20260421,wGMfDvBHm0s02IeZ,49.67,4120,635,7,340.92,product300,12.0558252427184,0.0782204724409449,0.154126213592233,7.09571428571429,48.7028571428572,6.86370042279042
2026-06-19,IOS,dhgate_product138_FR_ACT&Nopay 30D_purchase_IAP_Kelsey_20260403,zNcB24si9mbzBPed,81.72,5303,1717,22,996.9,product138,15.4101452008297,0.0475946418171229,0.323778993022817,3.71454545454545,45.3136363636364,12.1989720998532
2026-06-19,IOS,dhgate_product137_US_Purchase 30D_purchase_IAP_Kelsey_20260402,Eo7scqEETcYxo6WH,50.22,4483,247,16,683.09,product137,11.2023198750837,0.20331983805668,0.0550970332366719,3.13875,42.693125,13.6019514137794
2026-06-19,IOS,dhgate_dpa-ios_US_ACT&Nopay 30D_purchase_IAP_Kelsey_20260515,y55faIMh7doL5RvO,100.33,8629,350,4,467.54,dpa-ios,11.627071503071,0.286657142857143,0.0405608992930815,25.0825,116.885,4.66002192763879
2026-06-19,ANDROID,dhgate_dpa-and_US_ACT&Nopay 30D_purchase_IAP_Kelsey_20260511,M0ZXR7rklCeN7J9o,100.42,8442,852,10,383.35,dpa-and,11.895285477375,0.117863849765258,0.10092395167022,10.042,38.335,3.81746664011153
2026-06-19,IOS,dhgate_product336_T1_Purchase 30D_purchase_IAP_Kelsey_20260512,IbA1O59ht1JcwImf,50.22,5005,755,17,853.71,product336,10.033966033966,0.0665165562913907,0.150849150849151,2.95411764705882,50.2182352941177,16.9994026284349
2026-06-19,IOS,dhgate_product314_UK_Purchase 30D_purchase_IAP_Kelsey_20260424,NmHyz3ZrSwNTmf0j,50.39,2285,362,8,206.48,product314,22.0525164113786,0.139198895027624,0.158424507658643,6.29875,25.81,4.09763842032149
2026-06-19,IOS,dhgate_product337_T1_ACT&Nopay 30D_purchase_IAP_Kelsey_20260513,pMbmqjxpXWy9uySH,50.17,11347,801,8,560.53,product337,4.42143297787962,0.0626342072409488,0.0705913457301489,6.27125,70.06625,11.1726131154076
2026-06-19,IOS,dhgate_product319_US_Purchase 30D_purchase_IAP_Kelsey_20260429,SGOG7us7fBY7c5lH,99.15,8679,1374,25,1548.14,product319,11.4241272035949,0.0721615720524018,0.158313169720014,3.966,61.9256,15.6141200201715
2026-06-19,IOS,dhgate_product338_T1_ACT&Nopay 30D_purchase_IAP_Kelsey_20260515,aiZBaGOKYFBuq0Ps,50.23,8451,834,19,670.09,product338,5.94367530469767,0.0602278177458034,0.098686545970891,2.64368421052632,35.2678947368421,13.3404340035835
2026-06-19,ANDROID,dhgate_product378_T1_Purchase 30D_purchase_IAP_Kelsey_20260618,pSVCzUyasov2jVVf,43.19,5440,1113,1,33.98,product378,7.93933823529412,0.0388050314465409,0.204595588235294,43.19,33.98,0.786756193563325
2026-06-19,IOS,dhgate_product378_T1_Purchase 30D_purchase_IAP_Kelsey_20260618,Qx3tMoKQlo4mkhKG,27.27,1280,735,1,23.7,product378,21.3046875,0.0371020408163265,0.57421875,27.27,23.7,0.869086908690869
2026-06-19,IOS,dhgate_product377_T1_Purchase 30D_purchase_IAP_Kelsey_20260613,ImdbSHRgpaEHQaDV,32.59,1542,835,9,480.74,product377,21.1348897535668,0.0390299401197605,0.541504539559014,3.62111111111111,53.4155555555556,14.7511506597116
2026-06-19,ANDROID,dhgate_product377_T1_Purchase 30D_purchase_IAP_Kelsey_20260613,jQWebXWoq2Emp98e,50.47,4856,1076,6,187.18,product377,10.3933278418451,0.0469052044609665,0.221581548599671,8.41166666666667,31.1966666666667,3.70873786407767
2026-06-19,ANDROID,dhgate_product376_US_Purchase 30D_purchase_IAP_Kelsey_20260612,OGOAsivo1SSZARzD,50.62,2315,502,17,758.9,product376,21.866090712743,0.100836653386454,0.216846652267819,2.97764705882353,44.6411764705882,14.9920979849862
2026-06-19,ANDROID,dhgate_product375_US_Purchase 30D_purchase_IAP_Kelsey_20260611,ZmROz0lvQRxsi3uG,50.61,2512,390,9,231.31,product375,20.1472929936306,0.129769230769231,0.155254777070064,5.62333333333333,25.7011111111111,4.57044062438253
2026-06-19,IOS,dhgate_product375_US_Purchase 30D_purchase_IAP_Kelsey_20260611,M84dXzdTmnAdI0a1,44.67,907,422,5,208.67,product375,49.2502756339581,0.10585308056872,0.465270121278942,8.934,41.734,4.67136780837251
2026-06-19,ANDROID,dhgate_product374_US_ACT&Nopay 30D_purchase_IAP_Kelsey_20260610,lHtOeUxHZghwmdpM,50.37,2456,1058,9,361.8,product374,20.5089576547231,0.0476086956521739,0.430781758957655,5.59666666666667,40.2,7.18284693269804
2026-06-19,IOS,dhgate_product372_T1_ACT&Nopay 30D_purchase_IAP_Kelsey_20260605,U4gzqzcEnoe3yurD,50.07,4661,1111,5,190.55,product372,10.742329972109,0.0450675067506751,0.238360866766788,10.014,38.11,3.80567205911724
2026-06-19,ANDROID,dhgate_product337_T1_ACT&Nopay 30D_purchase_IAP_Kelsey_20260513,Hi3okRpzvLX7H2oQ,41.04,5648,2193,10,546.95,product337,7.26628895184136,0.0187140902872777,0.388279036827195,4.104,54.695,13.3272417153996
2026-06-19,ANDROID,dhgate_product368_T1_Purchase 30D_purchase_IAP_Kelsey_20260531,b3s2CGS3sMxfFWgV,100.33,10327,1557,18,748.58,product368,9.71530938317033,0.0644380218368658,0.150769826667958,5.57388888888889,41.5877777777778,7.46117811222964
2026-06-19,ANDROID,dhgate_product367_UK_Purchase 30D_purchase_IAP_Kelsey_20260530,AsUotp8z2P369W1o,34.74,1966,653,7,176.65,product367,17.6703967446592,0.0532006125574273,0.332146490335707,4.96285714285714,25.2357142857143,5.08491652274036
2026-06-19,ANDROID,dhgate_product366_UK_Purchase 30D_purchase_IAP_Kelsey_20260529,tlDSznDFDWyzbPVr,47.56,4531,487,10,216.37,product366,10.4965791216067,0.0976591375770021,0.107481792098874,4.756,21.637,4.54941126997477
2026-06-19,IOS,dhgate_product364_US_Purchase 30D_purchase_IAP_Kelsey_20260527,qX4oco28gDbrpBri,50.2,2681,463,14,594.42,product364,18.7243565833644,0.108423326133909,0.172696754942186,3.58571428571429,42.4585714285714,11.8410358565737
2026-06-19,IOS,dhgate_product340_US_Purchase 30D_purchase_IAP_Kelsey_20260516,yznk4uz7IRlNu5TH,100.14,8627,568,30,1358.32,product340,11.6077431320274,0.176302816901408,0.0658398052625478,3.338,45.2773333333333,13.5642101058518
2026-06-19,IOS,dhgate_product357_UK_ACT&Nopay 30D_purchase_IAP_Kelsey_20260521,secYrwGRxGvE22kr,50.09,1239,621,13,451.05,product357,40.4277643260694,0.0806602254428342,0.501210653753027,3.85307692307692,34.6961538461539,9.00479137552406
2026-06-19,IOS,dhgate_product350_US_Purchase 30D_purchase_IAP_Kelsey_20260517,eZwoS7yMwcYqxbzm,50.06,5679,262,11,466.73,product350,8.81493220637436,0.191068702290076,0.0461348829019194,4.55090909090909,42.43,9.32341190571314
2026-06-19,IOS,dhgate_product368_T1_Purchase 30D_purchase_IAP_Kelsey_20260531,Ta2k2BeVyS7dWN4n,50.21,3224,633,9,277.68,product368,15.5738213399504,0.0793206951026856,0.196339950372208,5.57888888888889,30.8533333333333,5.53037243576977
2026-06-20,IOS,dhgate_product326_US_ACT&Nopay 30D_purchase_IAP_Kelsey_20260506,zMf9PKJzCf4uVI7T,50.22,10700,344,1,25.59,product326,4.69345794392523,0.145988372093023,0.0321495327102804,50.22,25.59,0.509557945041816
2026-06-20,ANDROID,dhgate_product322_US_Purchase 30D_purchase_IAP_Kelsey_20260504,UEOt0CeUKtYLfLaH,50.27,8878,267,18,592.27,product322,5.66231133138094,0.188277153558052,0.0300743410678081,2.79277777777778,32.9038888888889,11.781778396658
2026-06-20,IOS,dhgate_product321_US_Purchase 30D_purchase_IAP_Kelsey_20260502,ihMCrglFMezOy59I,50.05,8711,206,2,50.17,product321,5.7456090001148,0.242961165048544,0.0236482608196533,25.025,25.085,1.0023976023976
2026-06-20,IOS,dhgate_product318_T1_Purchase 30D_purchase_IAP_Kelsey_20260428,mayu0PGeMJEYQhWJ,94.23,6735,1123,20,792.77,product318,13.9910913140312,0.0839091718610864,0.166740905716407,4.7115,39.6385,8.4131380664332
2026-06-20,IOS,dhgate_product317_UK_ACT&Nopay 30D_purchase_IAP_Kelsey_20260427,H9HAtL9q0yyc4Gdy,100.85,4836,847,19,661.07,product317,20.854011579818,0.119067296340024,0.175144747725393,5.30789473684211,34.7931578947368,6.55498264749628
2026-06-20,ANDROID,dhgate_product317_UK_ACT&Nopay 30D_purchase_IAP_Kelsey_20260427,tDzMEZEldS4Kei0r,50.43,6203,879,20,656.58,product317,8.12993712719652,0.0573720136518771,0.14170562630985,2.5215,32.829,13.0196311719215
2026-06-20,ANDROID,dhgate_product317_FR_ACT&Nopay 30D_purchase_IAP_Kelsey_20260526,zbor8ujPF081oChW,40.69,4344,1887,9,288.55,product317,9.36694290976059,0.0215633280339163,0.43439226519337,4.52111111111111,32.0611111111111,7.09142295404276
2026-06-20,IOS,dhgate_product300_T1_Purchase 30D_purchase_IAP_Kelsey_20260421,wGMfDvBHm0s02IeZ,50.95,6028,648,5,112.13,product300,8.45222295952223,0.0786265432098766,0.107498341074983,10.19,22.426,2.20078508341511
2026-06-20,IOS,dhgate_product314_UK_Purchase 30D_purchase_IAP_Kelsey_20260424,NmHyz3ZrSwNTmf0j,50.24,3179,331,24,782.52,product314,15.8037118590752,0.15178247734139,0.104120792702108,2.09333333333333,32.605,15.5756369426752
2026-06-20,IOS,dhgate_product301_US_ACT&Nopay 30D_purchase_IAP_Kelsey_20260422,OG6WHvKPBaUM1wDo,50.02,14961,285,3,89.74,product301,3.34335940110955,0.175508771929825,0.0190495287748145,16.6733333333333,29.9133333333333,1.79408236705318
2026-06-20,IOS,dhgate_product336_T1_Purchase 30D_purchase_IAP_Kelsey_20260512,IbA1O59ht1JcwImf,50.03,6726,668,4,343.69,product336,7.4382991376747,0.0748952095808383,0.0993160868272376,12.5075,85.9225,6.86967819308415
2026-06-20,ANDROID,dhgate_product148_T1_Purchase 30D_purchase_IAP_Kelsey_20260415,dVlitdxzfmXStKCR,98.79,11948,1434,21,605.71,product148,8.26832942751925,0.0688912133891213,0.120020087043857,4.70428571428572,28.8433333333333,6.13128859196275
2026-06-20,IOS,dhgate_product138_FR_ACT&Nopay 30D_purchase_IAP_Kelsey_20260403,zNcB24si9mbzBPed,95.26,7131,1836,7,238.73,product138,13.3585752348899,0.0518845315904139,0.257467395877156,13.6085714285714,34.1042857142857,2.50608859962209
2026-06-20,IOS,dhgate_product137_US_Purchase 30D_purchase_IAP_Kelsey_20260402,Eo7scqEETcYxo6WH,50.67,4896,265,11,681.99,product137,10.3492647058824,0.191207547169811,0.0541258169934641,4.60636363636364,61.9990909090909,13.4594434576673
2026-06-20,IOS,dhgate_dpa-ios_US_ACT&Nopay 30D_purchase_IAP_Kelsey_20260515,y55faIMh7doL5RvO,100.3,8463,290,11,470.24,dpa-ios,11.8515892709441,0.345862068965517,0.0342668084603568,9.11818181818182,42.7490909090909,4.68833499501496
2026-06-20,ANDROID,dhgate_dpa-and_US_ACT&Nopay 30D_purchase_IAP_Kelsey_20260511,M0ZXR7rklCeN7J9o,100.28,6241,884,4,169.51,dpa-and,16.0679378304759,0.113438914027149,0.141643967312931,25.07,42.3775,1.69036697247706
2026-06-20,ANDROID,dhgate_product315_UK_ACT&Nopay 30D_purchase_IAP_Kelsey_20260425,bedUOEtGfoRFbmze,50.8,6369,899,12,527.64,product315,7.97613440100487,0.0565072302558398,0.141152457214633,4.23333333333333,43.97,10.3866141732283
2026-06-20,IOS,dhgate_product337_T1_ACT&Nopay 30D_purchase_IAP_Kelsey_20260513,pMbmqjxpXWy9uySH,50.16,15320,610,14,543.34,product337,3.27415143603133,0.0822295081967213,0.0398172323759791,3.58285714285714,38.81,10.8321371610845
2026-06-20,IOS,dhgate_product319_US_Purchase 30D_purchase_IAP_Kelsey_20260429,SGOG7us7fBY7c5lH,100.2,11064,1330,12,509.61,product319,9.05639913232104,0.0753383458646617,0.120209689081706,8.35,42.4675,5.08592814371257
2026-06-20,IOS,dhgate_product338_T1_ACT&Nopay 30D_purchase_IAP_Kelsey_20260515,aiZBaGOKYFBuq0Ps,50.39,12039,627,6,213.68,product338,4.18556358501537,0.0803668261562998,0.0520807376027909,8.39833333333333,35.6133333333333,4.2405239134749
2026-06-20,ANDROID,dhgate_product337_T1_ACT&Nopay 30D_purchase_IAP_Kelsey_20260513,Hi3okRpzvLX7H2oQ,43.91,6633,2727,5,145.37,product337,6.6199306497814,0.0161019435276861,0.41112618724559,8.782,29.074,3.31063539057162
2026-06-20,ANDROID,dhgate_product378_T1_Purchase 30D_purchase_IAP_Kelsey_20260618,pSVCzUyasov2jVVf,50.06,6080,1067,7,223.37,product378,8.23355263157895,0.0469165885660731,0.175493421052632,7.15142857142857,31.91,4.46204554534559
2026-06-20,IOS,dhgate_product378_T1_Purchase 30D_purchase_IAP_Kelsey_20260618,Qx3tMoKQlo4mkhKG,35.59,1557,715,5,333.24,product378,22.8580603725112,0.0497762237762238,0.459216441875401,7.118,66.648,9.36330429896038
2026-06-20,IOS,dhgate_product377_T1_Purchase 30D_purchase_IAP_Kelsey_20260613,ImdbSHRgpaEHQaDV,32.43,1528,702,3,113.61,product377,21.2238219895288,0.0461965811965812,0.459424083769634,10.81,37.87,3.50323774283071
2026-06-20,ANDROID,dhgate_product377_T1_Purchase 30D_purchase_IAP_Kelsey_20260613,jQWebXWoq2Emp98e,49.85,6629,776,9,273.46,product377,7.51998793181475,0.0642396907216495,0.117061396892442,5.53888888888889,30.3844444444444,5.48565697091274
2026-06-20,ANDROID,dhgate_product375_US_Purchase 30D_purchase_IAP_Kelsey_20260611,ZmROz0lvQRxsi3uG,50.25,3602,435,10,504.85,product375,13.9505830094392,0.11551724137931,0.120766240977235,5.025,50.485,10.0467661691542
2026-06-20,IOS,dhgate_product375_US_Purchase 30D_purchase_IAP_Kelsey_20260611,M84dXzdTmnAdI0a1,50.05,1427,386,6,303.67,product375,35.0735809390329,0.129663212435233,0.270497547302032,8.34166666666667,50.6116666666667,6.06733266733267
2026-06-20,ANDROID,dhgate_product374_US_ACT&Nopay 30D_purchase_IAP_Kelsey_20260610,lHtOeUxHZghwmdpM,50.65,3026,1053,9,413.79,product374,16.7382683410443,0.0481006647673314,0.347984137475215,5.62777777777778,45.9766666666667,8.16959526159921
2026-06-20,ANDROID,dhgate_product376_US_Purchase 30D_purchase_IAP_Kelsey_20260612,OGOAsivo1SSZARzD,50.5,2541,436,10,444.17,product376,19.8740653286108,0.115825688073395,0.171585989767808,5.05,44.417,8.79544554455445
2026-06-20,IOS,dhgate_product368_T1_Purchase 30D_purchase_IAP_Kelsey_20260531,Ta2k2BeVyS7dWN4n,50.3,4371,628,6,176.59,product368,11.5076641500801,0.0800955414012739,0.143674216426447,8.38333333333333,29.4316666666667,3.51073558648111
2026-06-20,IOS,dhgate_product372_T1_ACT&Nopay 30D_purchase_IAP_Kelsey_20260605,U4gzqzcEnoe3yurD,50.31,5646,980,12,534.38,product372,8.91073326248672,0.0513367346938776,0.173574211831385,4.1925,44.5316666666667,10.6217451798847
2026-06-20,IOS,dhgate_product350_US_Purchase 30D_purchase_IAP_Kelsey_20260517,eZwoS7yMwcYqxbzm,50.36,7027,199,13,477.02,product350,7.16664294862673,0.253065326633166,0.028319339689768,3.87384615384615,36.6938461538462,9.47220015885624
2026-06-20,IOS,dhgate_product357_UK_ACT&Nopay 30D_purchase_IAP_Kelsey_20260521,secYrwGRxGvE22kr,48.89,1277,584,5,80.91,product357,38.2850430696946,0.0837157534246575,0.457321848081441,9.778,16.182,1.65493966046226
2026-06-20,IOS,dhgate_product364_US_Purchase 30D_purchase_IAP_Kelsey_20260527,qX4oco28gDbrpBri,50.26,3227,381,8,373.41,product364,15.5748373101952,0.131916010498688,0.118066315463279,6.2825,46.67625,7.42956625547155
2026-06-20,IOS,dhgate_product340_US_Purchase 30D_purchase_IAP_Kelsey_20260516,yznk4uz7IRlNu5TH,100.32,10777,509,14,653.24,product340,9.30871299990721,0.197092337917485,0.0472302124895611,7.16571428571429,46.66,6.5115629984051
2026-06-20,ANDROID,dhgate_product367_UK_Purchase 30D_purchase_IAP_Kelsey_20260530,AsUotp8z2P369W1o,49.06,2331,673,4,102.89,product367,21.0467610467611,0.0728974739970282,0.288717288717289,12.265,25.7225,2.0972278842234
2026-06-20,ANDROID,dhgate_product368_T1_Purchase 30D_purchase_IAP_Kelsey_20260531,b3s2CGS3sMxfFWgV,100.37,10294,1402,13,460.6,product368,9.75034000388576,0.0715905848787447,0.136195842238197,7.72076923076923,35.4307692307692,4.58902062369234
2026-06-20,ANDROID,dhgate_product366_UK_Purchase 30D_purchase_IAP_Kelsey_20260529,tlDSznDFDWyzbPVr,50.3,4290,489,21,611.69,product366,11.7249417249417,0.102862985685072,0.113986013986014,2.3952380952381,29.1280952380952,12.1608349900596
2026-06-21,ANDROID,dhgate_product317_UK_ACT&Nopay 30D_purchase_IAP_Kelsey_20260427,tDzMEZEldS4Kei0r,50.6,6006,878,11,241.03,product317,8.42490842490843,0.0576309794988611,0.146187146187146,4.6,21.9118181818182,4.76343873517787
2026-06-21,IOS,dhgate_product326_US_ACT&Nopay 30D_purchase_IAP_Kelsey_20260506,zMf9PKJzCf4uVI7T,50.04,7885,402,16,617.49,product326,6.34622701331642,0.124477611940299,0.0509828788839569,3.1275,38.593125,12.339928057554
2026-06-21,ANDROID,dhgate_product322_US_Purchase 30D_purchase_IAP_Kelsey_20260504,UEOt0CeUKtYLfLaH,50.11,7128,268,4,114.14,product322,7.03002244668911,0.186977611940299,0.0375982042648709,12.5275,28.535,2.2777888644981
2026-06-21,IOS,dhgate_product321_US_Purchase 30D_purchase_IAP_Kelsey_20260502,ihMCrglFMezOy59I,50.4,7761,214,8,228.96,product321,6.49400850405876,0.235514018691589,0.0275737662672336,6.3,28.62,4.54285714285714
2026-06-21,IOS,dhgate_product319_US_Purchase 30D_purchase_IAP_Kelsey_20260429,SGOG7us7fBY7c5lH,100.31,10647,1290,22,779.4,product319,9.42143326758711,0.0777596899224806,0.12116089039166,4.55954545454546,35.4272727272727,7.76991326886651
2026-06-21,IOS,dhgate_product318_T1_Purchase 30D_purchase_IAP_Kelsey_20260428,mayu0PGeMJEYQhWJ,96.84,6456,1225,19,474.15,product318,15.0,0.0790530612244898,0.189745972738538,5.09684210526316,24.9552631578947,4.89622057001239
2026-06-21,IOS,dhgate_product317_UK_ACT&Nopay 30D_purchase_IAP_Kelsey_20260427,H9HAtL9q0yyc4Gdy,101.01,4150,772,21,757.84,product317,24.3397590361446,0.130841968911917,0.186024096385542,4.81,36.087619047619,7.5026235026235
2026-06-21,ANDROID,dhgate_product317_FR_ACT&Nopay 30D_purchase_IAP_Kelsey_20260526,zbor8ujPF081oChW,48.63,5431,1934,8,254.29,product317,8.95415208985454,0.0251447776628749,0.356103848278402,6.07875,31.78625,5.22907670162451
2026-06-21,ANDROID,dhgate_dpa-and_US_ACT&Nopay 30D_purchase_IAP_Kelsey_20260511,M0ZXR7rklCeN7J9o,94.59,4564,776,15,570.64,dpa-and,20.7252410166521,0.121894329896907,0.170026292725679,6.306,38.0426666666667,6.03277302040385
2026-06-21,IOS,dhgate_product314_UK_Purchase 30D_purchase_IAP_Kelsey_20260424,NmHyz3ZrSwNTmf0j,51.07,2865,353,13,467.66,product314,17.825479930192,0.144674220963173,0.123211169284468,3.92846153846154,35.9738461538462,9.15723516741727
2026-06-21,IOS,dhgate_product301_US_ACT&Nopay 30D_purchase_IAP_Kelsey_20260422,OG6WHvKPBaUM1wDo,50.06,11092,361,12,480.56,product301,4.51316263974035,0.138670360110803,0.0325459790840245,4.17166666666667,40.0466666666667,9.59968038353975
2026-06-21,IOS,dhgate_product300_T1_Purchase 30D_purchase_IAP_Kelsey_20260421,wGMfDvBHm0s02IeZ,50.28,5464,622,7,266.84,product300,9.20204978038067,0.0808360128617363,0.113836017569546,7.18285714285714,38.12,5.30708035003978
2026-06-21,ANDROID,dhgate_product148_T1_Purchase 30D_purchase_IAP_Kelsey_20260415,dVlitdxzfmXStKCR,100.09,11773,1330,14,349.3,product148,8.50165633228574,0.0752556390977444,0.112970355899091,7.14928571428572,24.95,3.48985912678589
2026-06-21,IOS,dhgate_product138_FR_ACT&Nopay 30D_purchase_IAP_Kelsey_20260403,zNcB24si9mbzBPed,94.74,7728,1931,24,1081.93,product138,12.2593167701863,0.049062661833247,0.249870600414079,3.9475,45.0804166666667,11.419991555837
2026-06-21,IOS,dhgate_product137_US_Purchase 30D_purchase_IAP_Kelsey_20260402,Eo7scqEETcYxo6WH,50.24,4253,251,7,1007.99,product137,11.8128379967082,0.200159362549801,0.0590171643545732,7.17714285714286,143.998571428571,20.0634952229299
2026-06-21,IOS,dhgate_dpa-ios_US_ACT&Nopay 30D_purchase_IAP_Kelsey_20260515,y55faIMh7doL5RvO,100.19,7455,320,7,309.58,dpa-ios,13.439302481556,0.31309375,0.0429242119382964,14.3128571428571,44.2257142857143,3.08992913464418
2026-06-21,ANDROID,dhgate_product315_UK_ACT&Nopay 30D_purchase_IAP_Kelsey_20260425,bedUOEtGfoRFbmze,50.08,6373,806,6,236.07,product315,7.85815157696532,0.0621339950372208,0.126471049741095,8.34666666666667,39.345,4.71385782747604
2026-06-21,IOS,dhgate_product337_T1_ACT&Nopay 30D_purchase_IAP_Kelsey_20260513,pMbmqjxpXWy9uySH,50.14,12840,640,8,344.99,product337,3.90498442367601,0.07834375,0.0498442367601246,6.2675,43.12375,6.88053450339051
2026-06-21,IOS,dhgate_product336_T1_Purchase 30D_purchase_IAP_Kelsey_20260512,IbA1O59ht1JcwImf,50.2,6023,684,10,459.53,product336,8.33471691847916,0.0733918128654971,0.113564668769716,5.02,45.953,9.15398406374502
2026-06-21,IOS,dhgate_product338_T1_ACT&Nopay 30D_purchase_IAP_Kelsey_20260515,aiZBaGOKYFBuq0Ps,48.17,10248,630,9,260.59,product338,4.7004293520687,0.0764603174603175,0.0614754098360656,5.35222222222222,28.9544444444444,5.40979862985261
2026-06-21,ANDROID,dhgate_product337_T1_ACT&Nopay 30D_purchase_IAP_Kelsey_20260513,Hi3okRpzvLX7H2oQ,49.09,6501,2487,17,630.37,product337,7.55114597754192,0.0197386409328508,0.382556529764652,2.88764705882353,37.0805882352941,12.8411081686698
2026-06-21,ANDROID,dhgate_product378_T1_Purchase 30D_purchase_IAP_Kelsey_20260618,pSVCzUyasov2jVVf,50.28,7233,890,3,76.88,product378,6.95147241808378,0.0564943820224719,0.123047145029725,16.76,25.6266666666667,1.52903739061257
2026-06-21,IOS,dhgate_product378_T1_Purchase 30D_purchase_IAP_Kelsey_20260618,Qx3tMoKQlo4mkhKG,36.85,1632,830,0,0.0,product378,22.5796568627451,0.0443975903614458,0.508578431372549,,,0.0
2026-06-21,IOS,dhgate_product377_T1_Purchase 30D_purchase_IAP_Kelsey_20260613,ImdbSHRgpaEHQaDV,36.91,2018,833,8,244.79,product377,18.2903865213082,0.0443097238895558,0.412784935579782,4.61375,30.59875,6.63207802763479
2026-06-21,ANDROID,dhgate_product377_T1_Purchase 30D_purchase_IAP_Kelsey_20260613,jQWebXWoq2Emp98e,50.05,6471,658,10,328.78,product377,7.73450780404883,0.076063829787234,0.10168443826302,5.005,32.878,6.56903096903097
2026-06-21,ANDROID,dhgate_product376_US_Purchase 30D_purchase_IAP_Kelsey_20260612,OGOAsivo1SSZARzD,50.39,1986,448,8,302.32,product376,25.3726082578046,0.112477678571429,0.225579053373615,6.29875,37.79,5.99960309585235
2026-06-21,ANDROID,dhgate_product375_US_Purchase 30D_purchase_IAP_Kelsey_20260611,ZmROz0lvQRxsi3uG,49.39,5727,342,7,614.97,product375,8.62406146324428,0.144415204678363,0.0597171293871137,7.05571428571429,87.8528571428572,12.451305932375
2026-06-21,IOS,dhgate_product375_US_Purchase 30D_purchase_IAP_Kelsey_20260611,M84dXzdTmnAdI0a1,50.22,4996,250,8,334.84,product375,10.0520416333066,0.20088,0.0500400320256205,6.2775,41.855,6.66746316208682
2026-06-21,ANDROID,dhgate_product374_US_ACT&Nopay 30D_purchase_IAP_Kelsey_20260610,lHtOeUxHZghwmdpM,50.59,3180,989,2,89.63,product374,15.9088050314465,0.0511526794742164,0.311006289308176,25.295,44.815,1.77169401067405
2026-06-21,IOS,dhgate_product357_UK_ACT&Nopay 30D_purchase_IAP_Kelsey_20260521,secYrwGRxGvE22kr,50.08,1150,558,11,472.56,product357,43.5478260869565,0.0897491039426523,0.485217391304348,4.55272727272727,42.96,9.43610223642173
2026-06-21,IOS,dhgate_product368_T1_Purchase 30D_purchase_IAP_Kelsey_20260531,Ta2k2BeVyS7dWN4n,50.09,4431,615,7,357.44,product368,11.3044459489957,0.0814471544715447,0.138794854434665,7.15571428571429,51.0628571428571,7.13595528049511
2026-06-21,IOS,dhgate_product340_US_Purchase 30D_purchase_IAP_Kelsey_20260516,yznk4uz7IRlNu5TH,100.16,8768,448,8,349.53,product340,11.4233576642336,0.223571428571429,0.0510948905109489,12.52,43.69125,3.48971645367412
2026-06-21,IOS,dhgate_product350_US_Purchase 30D_purchase_IAP_Kelsey_20260517,eZwoS7yMwcYqxbzm,50.02,6254,222,9,572.98,product350,7.99808122801407,0.225315315315315,0.0354972817396866,5.55777777777778,63.6644444444445,11.4550179928029
2026-06-21,IOS,dhgate_product364_US_Purchase 30D_purchase_IAP_Kelsey_20260527,qX4oco28gDbrpBri,50.55,4653,368,10,372.52,product364,10.8639587362992,0.137364130434783,0.0790887599398238,5.055,37.252,7.36933728981207
2026-06-21,IOS,dhgate_product372_T1_ACT&Nopay 30D_purchase_IAP_Kelsey_20260605,U4gzqzcEnoe3yurD,48.69,5441,965,11,413.79,product372,8.9487226612755,0.0504559585492228,0.177357103473626,4.42636363636364,37.6172727272727,8.49845964263709
2026-06-21,ANDROID,dhgate_product367_UK_Purchase 30D_purchase_IAP_Kelsey_20260530,AsUotp8z2P369W1o,48.61,2089,575,13,392.62,product367,23.2695069411202,0.0845391304347826,0.275251316419339,3.73923076923077,30.2015384615385,8.0769389014606
2026-06-21,ANDROID,dhgate_product368_T1_Purchase 30D_purchase_IAP_Kelsey_20260531,b3s2CGS3sMxfFWgV,100.01,10468,1364,20,636.93,product368,9.55387848681697,0.0733211143695015,0.130301872372946,5.0005,31.8465,6.36866313368663
2026-06-21,ANDROID,dhgate_product366_UK_Purchase 30D_purchase_IAP_Kelsey_20260529,tlDSznDFDWyzbPVr,48.2,4231,498,13,482.55,product366,11.3921058851335,0.0967871485943775,0.117702670763413,3.70769230769231,37.1192307692308,10.0114107883817
2026-06-22,ANDROID,dhgate_dpa-and_US_ACT&Nopay 30D_purchase_IAP_Kelsey_20260511,M0ZXR7rklCeN7J9o,81.56,4169,698,6,171.77,dpa-and,19.5634444710962,0.116848137535817,0.167426241304869,13.5933333333333,28.6283333333333,2.10605689063266
2026-06-22,IOS,dhgate_product336_T1_Purchase 30D_purchase_IAP_Kelsey_20260512,IbA1O59ht1JcwImf,50.61,6181,596,6,112.13,product336,8.18799546998868,0.0849161073825503,0.0964245267756027,8.435,18.6883333333333,2.21557004544556
2026-06-22,IOS,dhgate_product326_US_ACT&Nopay 30D_purchase_IAP_Kelsey_20260506,zMf9PKJzCf4uVI7T,50.1,10365,386,13,613.85,product326,4.83357452966715,0.12979274611399,0.0372407139411481,3.85384615384615,47.2192307692308,12.25249500998
2026-06-22,ANDROID,dhgate_product322_US_Purchase 30D_purchase_IAP_Kelsey_20260504,UEOt0CeUKtYLfLaH,51.41,6306,284,4,175.09,product322,8.15255312400888,0.181021126760563,0.0450364732001269,12.8525,43.7725,3.40575763470142
2026-06-22,IOS,dhgate_product321_US_Purchase 30D_purchase_IAP_Kelsey_20260502,ihMCrglFMezOy59I,47.72,7634,185,1,25.52,product321,6.25098244694787,0.257945945945946,0.0242336913806654,47.72,25.52,0.534786253143336
2026-06-22,IOS,dhgate_product319_US_Purchase 30D_purchase_IAP_Kelsey_20260429,SGOG7us7fBY7c5lH,100.76,9956,1167,20,601.65,product319,10.1205303334673,0.0863410454155956,0.117215749296906,5.038,30.0825,5.97111949186185
2026-06-22,IOS,dhgate_product318_T1_Purchase 30D_purchase_IAP_Kelsey_20260428,mayu0PGeMJEYQhWJ,100.64,6412,1020,29,1365.47,product318,15.6955708047411,0.0986666666666667,0.159076731129133,3.47034482758621,47.0851724137931,13.5678656597774
2026-06-22,IOS,dhgate_product317_UK_ACT&Nopay 30D_purchase_IAP_Kelsey_20260427,H9HAtL9q0yyc4Gdy,101.07,4282,782,13,480.69,product317,23.6034563288183,0.129245524296675,0.182624941616067,7.77461538461538,36.9761538461539,4.7560106856634
2026-06-22,ANDROID,dhgate_product317_FR_ACT&Nopay 30D_purchase_IAP_Kelsey_20260526,zbor8ujPF081oChW,47.27,5618,1842,5,218.48,product317,8.41402634389463,0.0256623235613464,0.327874688501246,9.454,43.696,4.62195895917072
2026-06-22,ANDROID,dhgate_product315_UK_ACT&Nopay 30D_purchase_IAP_Kelsey_20260425,bedUOEtGfoRFbmze,50.11,6102,763,9,261.0,product315,8.21206161914127,0.0656749672346003,0.125040970173714,5.56777777777778,29.0,5.20854120933945
2026-06-22,IOS,dhgate_product337_T1_ACT&Nopay 30D_purchase_IAP_Kelsey_20260513,pMbmqjxpXWy9uySH,50.25,14346,541,3,56.38,product337,3.50271852781263,0.0928835489833641,0.0377108601700823,16.75,18.7933333333333,1.12199004975124
2026-06-22,IOS,dhgate_product301_US_ACT&Nopay 30D_purchase_IAP_Kelsey_20260422,OG6WHvKPBaUM1wDo,50.08,13479,268,5,206.26,product301,3.71540915498182,0.186865671641791,0.0198827806217078,10.016,41.252,4.11861022364217
2026-06-22,IOS,dhgate_product300_T1_Purchase 30D_purchase_IAP_Kelsey_20260421,wGMfDvBHm0s02IeZ,50.2,5205,556,9,295.31,product300,9.64457252641691,0.0902877697841727,0.106820365033622,5.57777777777778,32.8122222222222,5.88266932270916
2026-06-22,ANDROID,dhgate_product148_T1_Purchase 30D_purchase_IAP_Kelsey_20260415,dVlitdxzfmXStKCR,100.48,11661,1305,20,698.21,product148,8.61675671040219,0.0769961685823755,0.111911499871366,5.024,34.9105,6.94874601910828
2026-06-22,IOS,dhgate_product138_FR_ACT&Nopay 30D_purchase_IAP_Kelsey_20260403,zNcB24si9mbzBPed,100.92,8275,1903,14,539.81,product138,12.1957703927492,0.0530320546505518,0.229969788519637,7.20857142857143,38.5578571428571,5.34889021006738
2026-06-22,IOS,dhgate_product137_US_Purchase 30D_purchase_IAP_Kelsey_20260402,Eo7scqEETcYxo6WH,59.63,5407,281,2,645.72,product137,11.0282966524875,0.21220640569395,0.0519696689476604,29.815,322.86,10.8287774610096
2026-06-22,IOS,dhgate_dpa-ios_US_ACT&Nopay 30D_purchase_IAP_Kelsey_20260515,y55faIMh7doL5RvO,100.22,8239,310,7,519.49,dpa-ios,12.1640975846583,0.323290322580645,0.0376259254763928,14.3171428571429,74.2128571428572,5.18349630812213
2026-06-22,ANDROID,dhgate_product317_UK_ACT&Nopay 30D_purchase_IAP_Kelsey_20260427,tDzMEZEldS4Kei0r,50.25,5874,819,9,212.79,product317,8.55464759959142,0.0613553113553114,0.139427987742595,5.58333333333333,23.6433333333333,4.23462686567164
2026-06-22,IOS,dhgate_product314_UK_Purchase 30D_purchase_IAP_Kelsey_20260424,NmHyz3ZrSwNTmf0j,51.51,2493,315,4,97.08,product314,20.661853188929,0.16352380952381,0.126353790613718,12.8775,24.27,1.88468258590565
2026-06-22,ANDROID,dhgate_product337_T1_ACT&Nopay 30D_purchase_IAP_Kelsey_20260513,Hi3okRpzvLX7H2oQ,48.43,6892,2376,11,477.81,product337,7.02698781195589,0.0203829966329966,0.344747533372026,4.40272727272727,43.4372727272727,9.86599215362379
2026-06-22,IOS,dhgate_product340_US_Purchase 30D_purchase_IAP_Kelsey_20260516,yznk4uz7IRlNu5TH,100.26,10977,473,23,1206.93,product340,9.13364307187756,0.211966173361522,0.0430900974765419,4.35913043478261,52.4752173913043,12.0380011968881
2026-06-22,IOS,dhgate_product379_UK_Purchase 30D_purchase_IAP_Kelsey_20260622,cy39NtuzTiVdQdp1,4.7,162,71,0,0.0,product379,29.0123456790124,0.0661971830985916,0.438271604938272,,,0.0
2026-06-22,ANDROID,dhgate_product379_UK_Purchase 30D_purchase_IAP_Kelsey_20260622,oZ6jmyRIzSuKVMZy,3.62,201,99,0,0.0,product379,18.0099502487562,0.0365656565656566,0.492537313432836,,,0.0
2026-06-22,ANDROID,dhgate_product378_T1_Purchase 30D_purchase_IAP_Kelsey_20260618,pSVCzUyasov2jVVf,45.33,7645,703,7,181.3,product378,5.92936559843035,0.0644807965860597,0.0919555264879006,6.47571428571429,25.9,3.99955879108758
2026-06-22,IOS,dhgate_product378_T1_Purchase 30D_purchase_IAP_Kelsey_20260618,Qx3tMoKQlo4mkhKG,27.18,1266,661,2,73.67,product378,21.4691943127962,0.0411195158850227,0.522116903633491,13.59,36.835,2.71044885945548
2026-06-22,IOS,dhgate_product338_T1_ACT&Nopay 30D_purchase_IAP_Kelsey_20260515,aiZBaGOKYFBuq0Ps,50.19,12191,590,7,240.9,product338,4.1169715363793,0.0850677966101695,0.0483963579689935,7.17,34.4142857142857,4.79976090854752
2026-06-22,ANDROID,dhgate_product377_T1_Purchase 30D_purchase_IAP_Kelsey_20260613,jQWebXWoq2Emp98e,50.35,6739,679,2,108.65,product377,7.47143493099866,0.0741531664212077,0.100756788841074,25.175,54.325,2.15789473684211
2026-06-22,ANDROID,dhgate_product376_US_Purchase 30D_purchase_IAP_Kelsey_20260612,OGOAsivo1SSZARzD,50.06,2266,513,8,395.94,product376,22.0917917034422,0.0975828460038987,0.226390114739629,6.2575,49.4925,7.90930882940471
2026-06-22,ANDROID,dhgate_product375_US_Purchase 30D_purchase_IAP_Kelsey_20260611,ZmROz0lvQRxsi3uG,50.31,6909,309,5,210.62,product375,7.2818063395571,0.162815533980583,0.0447242726877985,10.062,42.124,4.18644404690916
2026-06-22,IOS,dhgate_product377_T1_Purchase 30D_purchase_IAP_Kelsey_20260613,ImdbSHRgpaEHQaDV,38.94,2487,871,8,264.26,product377,15.6574185765983,0.044707233065442,0.350221149979895,4.8675,33.0325,6.78633795582948
2026-06-22,ANDROID,dhgate_product374_US_ACT&Nopay 30D_purchase_IAP_Kelsey_20260610,lHtOeUxHZghwmdpM,50.68,3190,910,5,202.73,product374,15.8871473354232,0.0556923076923077,0.285266457680251,10.136,40.546,4.00019731649566
2026-06-22,IOS,dhgate_product375_US_Purchase 30D_purchase_IAP_Kelsey_20260611,M84dXzdTmnAdI0a1,50.15,5747,222,15,764.52,product375,8.72629197842353,0.225900900900901,0.0386288498346964,3.34333333333333,50.968,15.244666001994
2026-06-22,IOS,dhgate_product350_US_Purchase 30D_purchase_IAP_Kelsey_20260517,eZwoS7yMwcYqxbzm,50.27,7209,178,8,334.78,product350,6.9732279095575,0.282415730337079,0.0246913580246914,6.28375,41.8475,6.65963795504277
2026-06-22,IOS,dhgate_product357_UK_ACT&Nopay 30D_purchase_IAP_Kelsey_20260521,secYrwGRxGvE22kr,41.67,1552,499,6,148.49,product357,26.8492268041237,0.0835070140280561,0.321520618556701,6.945,24.7483333333333,3.56347492200624
2026-06-22,IOS,dhgate_product364_US_Purchase 30D_purchase_IAP_Kelsey_20260527,qX4oco28gDbrpBri,50.14,3257,447,8,436.82,product364,15.3945348480197,0.112170022371365,0.137242861529014,6.2675,54.6025,8.71200638213004
2026-06-22,ANDROID,dhgate_product366_UK_Purchase 30D_purchase_IAP_Kelsey_20260529,tlDSznDFDWyzbPVr,45.97,4391,429,10,306.34,product366,10.4691414256434,0.107156177156177,0.0976998405830107,4.597,30.634,6.66391124646509
2026-06-22,ANDROID,dhgate_product368_T1_Purchase 30D_purchase_IAP_Kelsey_20260531,b3s2CGS3sMxfFWgV,100.99,10604,1298,22,707.83,product368,9.52376461712561,0.0778043143297381,0.122406639004149,4.59045454545455,32.1740909090909,7.00891177344292
2026-06-22,IOS,dhgate_product368_T1_Purchase 30D_purchase_IAP_Kelsey_20260531,Ta2k2BeVyS7dWN4n,50.29,4954,571,5,137.46,product368,10.1513928138878,0.0880735551663748,0.115260395639887,10.058,27.492,2.73334658977928
2026-06-22,IOS,dhgate_product372_T1_ACT&Nopay 30D_purchase_IAP_Kelsey_20260605,U4gzqzcEnoe3yurD,50.18,5906,956,8,375.57,product372,8.49644429393837,0.052489539748954,0.161869285472401,6.2725,46.94625,7.48445595854922
2026-06-22,ANDROID,dhgate_product367_UK_Purchase 30D_purchase_IAP_Kelsey_20260530,AsUotp8z2P369W1o,40.15,1925,455,9,360.86,product367,20.8571428571429,0.0882417582417582,0.236363636363636,4.46111111111111,40.0955555555556,8.98779576587796
2026-06-23,IOS,dhgate_product319_US_Purchase 30D_purchase_IAP_Kelsey_20260429,SGOG7us7fBY7c5lH,100.65,10502,1141,26,1066.34,product319,9.58388878308894,0.0882120946538125,0.108645972195772,3.87115384615385,41.0130769230769,10.5945355191257
2026-06-23,IOS,dhgate_product318_T1_Purchase 30D_purchase_IAP_Kelsey_20260428,mayu0PGeMJEYQhWJ,100.53,7838,1174,20,624.0,product318,12.8259760142894,0.0856303236797274,0.149783107935698,5.0265,31.2,6.20710235750522
2026-06-23,IOS,dhgate_product317_UK_ACT&Nopay 30D_purchase_IAP_Kelsey_20260427,H9HAtL9q0yyc4Gdy,100.28,4659,809,28,902.43,product317,21.5239321742863,0.123955500618047,0.173642412534879,3.58142857142857,32.2296428571429,8.9991025129637
2026-06-23,ANDROID,dhgate_product317_UK_ACT&Nopay 30D_purchase_IAP_Kelsey_20260427,tDzMEZEldS4Kei0r,50.59,6079,692,17,570.94,product317,8.32209244941602,0.073106936416185,0.113834512255305,2.97588235294118,33.5847058823529,11.2856295710615
2026-06-23,ANDROID,dhgate_product322_US_Purchase 30D_purchase_IAP_Kelsey_20260504,UEOt0CeUKtYLfLaH,50.46,3373,350,12,393.46,product322,14.9599762822413,0.144171428571429,0.103765194189149,4.205,32.7883333333333,7.79746333729687
2026-06-23,ANDROID,dhgate_product317_FR_ACT&Nopay 30D_purchase_IAP_Kelsey_20260526,zbor8ujPF081oChW,48.78,6080,1983,10,459.62,product317,8.02302631578947,0.0245990922844175,0.326151315789474,4.878,45.962,9.42230422304223
2026-06-23,ANDROID,dhgate_product315_UK_ACT&Nopay 30D_purchase_IAP_Kelsey_20260425,bedUOEtGfoRFbmze,50.13,6194,691,10,395.9,product315,8.09331611236681,0.0725470332850941,0.111559573781078,5.013,39.59,7.89746658687413
2026-06-23,IOS,dhgate_product368_T1_Purchase 30D_purchase_IAP_Kelsey_20260531,Ta2k2BeVyS7dWN4n,50.4,5885,585,5,243.25,product368,8.56414613423959,0.0861538461538462,0.0994052676295667,10.08,48.65,4.82638888888889
2026-06-23,IOS,dhgate_product301_US_ACT&Nopay 30D_purchase_IAP_Kelsey_20260422,OG6WHvKPBaUM1wDo,50.13,16137,116,6,273.06,product301,3.10652537646403,0.432155172413793,0.00718844890624032,8.355,45.51,5.44703770197487
2026-06-23,IOS,dhgate_product300_T1_Purchase 30D_purchase_IAP_Kelsey_20260421,wGMfDvBHm0s02IeZ,50.23,5152,535,10,260.47,product300,9.74961180124224,0.0938878504672897,0.103843167701863,5.023,26.047,5.18554648616365
2026-06-23,ANDROID,dhgate_product148_T1_Purchase 30D_purchase_IAP_Kelsey_20260415,dVlitdxzfmXStKCR,96.87,11664,1229,11,327.64,product148,8.30504115226337,0.078820179007323,0.105366941015089,8.80636363636364,29.7854545454545,3.38226489109115
2026-06-23,IOS,dhgate_product138_FR_ACT&Nopay 30D_purchase_IAP_Kelsey_20260403,zNcB24si9mbzBPed,100.18,8311,1984,23,1020.86,product138,12.0539044639634,0.0504939516129032,0.238719768980869,4.35565217391304,44.3852173913044,10.1902575364344
2026-06-23,IOS,dhgate_product137_US_Purchase 30D_purchase_IAP_Kelsey_20260402,Eo7scqEETcYxo6WH,100.44,8252,465,11,416.71,product137,12.1715947649055,0.216,0.0563499757634513,9.13090909090909,37.8827272727273,4.14884508164078
2026-06-23,IOS,dhgate_dpa-ios_US_ACT&Nopay 30D_purchase_IAP_Kelsey_20260515,y55faIMh7doL5RvO,99.91,9141,302,14,503.2,dpa-ios,10.9298763811399,0.330827814569536,0.0330379608357948,7.13642857142857,35.9428571428571,5.03653287959163
2026-06-23,ANDROID,dhgate_dpa-and_US_ACT&Nopay 30D_purchase_IAP_Kelsey_20260511,M0ZXR7rklCeN7J9o,87.79,3811,663,1,23.71,dpa-and,23.0359485699292,0.132413273001508,0.173970086591446,87.79,23.71,0.270076318487299
2026-06-23,IOS,dhgate_product326_US_ACT&Nopay 30D_purchase_IAP_Kelsey_20260506,zMf9PKJzCf4uVI7T,50.12,15310,152,4,272.65,product326,3.27367733507511,0.329736842105263,0.00992815153494448,12.53,68.1625,5.43994413407821
2026-06-23,IOS,dhgate_product314_UK_Purchase 30D_purchase_IAP_Kelsey_20260424,NmHyz3ZrSwNTmf0j,50.4,2607,302,4,123.14,product314,19.3325661680092,0.166887417218543,0.11584196394323,12.6,30.785,2.44325396825397
2026-06-23,IOS,dhgate_product336_T1_Purchase 30D_purchase_IAP_Kelsey_20260512,IbA1O59ht1JcwImf,50.39,6784,567,16,1023.43,product336,7.4277712264151,0.0888712522045855,0.0835790094339623,3.149375,63.964375,20.3101805913872
2026-06-23,ANDROID,dhgate_product376_US_Purchase 30D_purchase_IAP_Kelsey_20260612,OGOAsivo1SSZARzD,52.17,2515,520,8,280.68,product376,20.7435387673956,0.100326923076923,0.20675944333996,6.52125,35.085,5.38010350776308
2026-06-23,ANDROID,dhgate_product337_T1_ACT&Nopay 30D_purchase_IAP_Kelsey_20260513,Hi3okRpzvLX7H2oQ,49.01,7169,2334,5,136.95,product337,6.83637885339657,0.0209982862039417,0.325568419584321,9.802,27.39,2.79432768822689
2026-06-23,ANDROID,dhgate_product379_UK_Purchase 30D_purchase_IAP_Kelsey_20260622,oZ6jmyRIzSuKVMZy,40.23,2908,647,7,112.12,product379,13.834250343879,0.0621792890262751,0.222489683631362,5.74714285714286,16.0171428571429,2.78697489435745
2026-06-23,IOS,dhgate_product379_UK_Purchase 30D_purchase_IAP_Kelsey_20260622,cy39NtuzTiVdQdp1,42.57,1265,565,4,91.76,product379,33.6521739130435,0.0753451327433628,0.446640316205534,10.6425,22.94,2.15550857411323
2026-06-23,IOS,dhgate_product377_T1_Purchase 30D_purchase_IAP_Kelsey_20260613,ImdbSHRgpaEHQaDV,41.4,2699,989,18,798.94,product377,15.3390144497962,0.0418604651162791,0.366432011856243,2.3,44.3855555555556,19.2980676328502
2026-06-23,ANDROID,dhgate_product377_T1_Purchase 30D_purchase_IAP_Kelsey_20260613,jQWebXWoq2Emp98e,49.24,6894,636,5,158.53,product377,7.14244270380041,0.0774213836477987,0.0922541340295909,9.848,31.706,3.21953696181966
2026-06-23,ANDROID,dhgate_product375_US_Purchase 30D_purchase_IAP_Kelsey_20260611,ZmROz0lvQRxsi3uG,50.43,7085,356,3,177.09,product375,7.11785462244178,0.141657303370787,0.0502470007057163,16.81,59.03,3.5116002379536
2026-06-23,IOS,dhgate_product375_US_Purchase 30D_purchase_IAP_Kelsey_20260611,M84dXzdTmnAdI0a1,50.19,9791,145,7,250.53,product375,5.1261362475743,0.346137931034483,0.0148095189459708,7.17,35.79,4.99163179916318
2026-06-23,ANDROID,dhgate_product374_US_ACT&Nopay 30D_purchase_IAP_Kelsey_20260610,lHtOeUxHZghwmdpM,50.38,3340,909,17,749.05,product374,15.0838323353293,0.0554235423542354,0.272155688622754,2.96352941176471,44.0617647058824,14.8680031758634
2026-06-23,IOS,dhgate_product372_T1_ACT&Nopay 30D_purchase_IAP_Kelsey_20260605,U4gzqzcEnoe3yurD,50.35,6999,1040,12,556.54,product372,7.19388484069153,0.0484134615384615,0.148592656093728,4.19583333333333,46.3783333333333,11.0534260178749
2026-06-23,IOS,dhgate_product337_T1_ACT&Nopay 30D_purchase_IAP_Kelsey_20260513,pMbmqjxpXWy9uySH,49.03,16794,255,0,0.0,product337,2.91949505775872,0.192274509803922,0.0151839942836727,,,0.0
2026-06-23,ANDROID,dhgate_product367_UK_Purchase 30D_purchase_IAP_Kelsey_20260530,AsUotp8z2P369W1o,46.74,2952,484,8,192.85,product367,15.8333333333333,0.0965702479338843,0.163956639566396,5.8425,24.10625,4.1260162601626
2026-06-23,ANDROID,dhgate_product366_UK_Purchase 30D_purchase_IAP_Kelsey_20260529,tlDSznDFDWyzbPVr,47.2,4491,405,4,196.3,product366,10.5099087063015,0.116543209876543,0.0901803607214429,11.8,49.075,4.15889830508475
2026-06-23,IOS,dhgate_product364_US_Purchase 30D_purchase_IAP_Kelsey_20260527,qX4oco28gDbrpBri,50.17,2841,477,8,314.34,product364,17.6592749032031,0.10517819706499,0.167898627243928,6.27125,39.2925,6.26549730914889
2026-06-23,IOS,dhgate_product357_UK_ACT&Nopay 30D_purchase_IAP_Kelsey_20260521,secYrwGRxGvE22kr,47.72,2447,410,14,547.47,product357,19.5014303228443,0.116390243902439,0.167552104617899,3.40857142857143,39.105,11.4725481978206
2026-06-23,IOS,dhgate_product350_US_Purchase 30D_purchase_IAP_Kelsey_20260517,eZwoS7yMwcYqxbzm,50.09,10050,102,5,154.72,product350,4.98407960199005,0.491078431372549,0.0101492537313433,10.018,30.944,3.08884008784188
2026-06-23,IOS,dhgate_product340_US_Purchase 30D_purchase_IAP_Kelsey_20260516,yznk4uz7IRlNu5TH,100.34,14367,296,6,260.33,product340,6.98406069464746,0.338986486486487,0.0206027702373495,16.7233333333333,43.3883333333333,2.59447877217461
2026-06-23,IOS,dhgate_product338_T1_ACT&Nopay 30D_purchase_IAP_Kelsey_20260515,aiZBaGOKYFBuq0Ps,50.2,16430,312,11,389.6,product338,3.05538648813147,0.160897435897436,0.0189896530736458,4.56363636363636,35.4181818181818,7.76095617529881
2026-06-23,ANDROID,dhgate_product368_T1_Purchase 30D_purchase_IAP_Kelsey_20260531,b3s2CGS3sMxfFWgV,99.07,10795,1275,16,562.54,product368,9.17739694302918,0.0777019607843137,0.118110236220472,6.191875,35.15875,5.67820732815181
2026-06-24,IOS,dhgate_product336_T1_Purchase 30D_purchase_IAP_Kelsey_20260512,IbA1O59ht1JcwImf,50.1,7230,544,8,380.96,product336,6.92946058091286,0.0920955882352941,0.0752420470262794,6.2625,47.62,7.60399201596806
2026-06-24,IOS,dhgate_product326_US_ACT&Nopay 30D_purchase_IAP_Kelsey_20260506,zMf9PKJzCf4uVI7T,49.72,15650,138,16,803.14,product326,3.17699680511182,0.360289855072464,0.00881789137380192,3.1075,50.19625,16.1532582461786
2026-06-24,ANDROID,dhgate_product322_US_Purchase 30D_purchase_IAP_Kelsey_20260504,UEOt0CeUKtYLfLaH,46.25,5449,496,11,414.96,product322,8.48779592585796,0.0932459677419355,0.0910258763075794,4.20454545454545,37.7236363636364,8.97210810810811
2026-06-24,IOS,dhgate_product319_US_Purchase 30D_purchase_IAP_Kelsey_20260429,SGOG7us7fBY7c5lH,99.96,10951,1015,12,649.84,product319,9.12793352205278,0.0984827586206896,0.0926855994886312,8.33,54.1533333333333,6.50100040016006
2026-06-24,IOS,dhgate_product318_T1_Purchase 30D_purchase_IAP_Kelsey_20260428,mayu0PGeMJEYQhWJ,95.95,8773,997,13,527.08,product318,10.9369656901858,0.0962387161484453,0.113644135415479,7.38076923076923,40.5446153846154,5.49327774882751
2026-06-24,IOS,dhgate_product317_UK_ACT&Nopay 30D_purchase_IAP_Kelsey_20260427,H9HAtL9q0yyc4Gdy,100.44,5192,788,17,629.07,product317,19.3451463790447,0.12746192893401,0.151771956856703,5.90823529411765,37.0041176470588,6.2631421744325
2026-06-24,ANDROID,dhgate_product317_UK_ACT&Nopay 30D_purchase_IAP_Kelsey_20260427,tDzMEZEldS4Kei0r,50.28,6262,749,10,258.32,product317,8.02938358351964,0.0671295060080107,0.119610348131587,5.028,25.832,5.1376292760541
2026-06-24,ANDROID,dhgate_product317_FR_ACT&Nopay 30D_purchase_IAP_Kelsey_20260526,zbor8ujPF081oChW,42.95,5012,1882,6,285.08,product317,8.56943335993615,0.0228214665249734,0.375498802873105,7.15833333333333,47.5133333333333,6.63748544819558
2026-06-24,IOS,dhgate_product300_T1_Purchase 30D_purchase_IAP_Kelsey_20260421,wGMfDvBHm0s02IeZ,50.35,5528,537,4,186.5,product300,9.10817655571635,0.0937616387337058,0.0971418234442837,12.5875,46.625,3.70407149950348
2026-06-24,IOS,dhgate_product314_UK_Purchase 30D_purchase_IAP_Kelsey_20260424,NmHyz3ZrSwNTmf0j,48.68,2634,254,19,571.66,product314,18.4813971146545,0.191653543307087,0.0964312832194381,2.5621052631579,30.0873684210526,11.7432210353328
2026-06-24,IOS,dhgate_product301_US_ACT&Nopay 30D_purchase_IAP_Kelsey_20260422,OG6WHvKPBaUM1wDo,47.49,16314,91,9,268.93,product301,2.91099668995954,0.521868131868132,0.00557803113889911,5.27666666666667,29.8811111111111,5.66287639503053
2026-06-24,ANDROID,dhgate_product148_T1_Purchase 30D_purchase_IAP_Kelsey_20260415,dVlitdxzfmXStKCR,100.78,11521,1215,11,276.69,product148,8.7475045568961,0.0829465020576132,0.105459595521222,9.16181818181818,25.1536363636364,2.7454852153205
2026-06-24,IOS,dhgate_product138_FR_ACT&Nopay 30D_purchase_IAP_Kelsey_20260403,zNcB24si9mbzBPed,93.96,10740,1951,16,560.66,product138,8.74860335195531,0.048159917990774,0.181657355679702,5.8725,35.04125,5.96700723712218
2026-06-24,IOS,dhgate_product137_US_Purchase 30D_purchase_IAP_Kelsey_20260402,Eo7scqEETcYxo6WH,100.58,7920,402,10,458.71,product137,12.699494949495,0.250199004975124,0.0507575757575758,10.058,45.871,4.5606482402068
2026-06-24,IOS,dhgate_dpa-ios_US_ACT&Nopay 30D_purchase_IAP_Kelsey_20260515,y55faIMh7doL5RvO,98.75,9943,252,3,132.0,dpa-ios,9.93161017801468,0.391865079365079,0.0253444634416172,32.9166666666667,44.0,1.33670886075949
2026-06-24,IOS,dhgate_product337_T1_ACT&Nopay 30D_purchase_IAP_Kelsey_20260513,pMbmqjxpXWy9uySH,48.39,17134,213,11,496.1,product337,2.82420917474028,0.227183098591549,0.0124314229018326,4.39909090909091,45.1,10.252118206241
2026-06-24,ANDROID,dhgate_product315_UK_ACT&Nopay 30D_purchase_IAP_Kelsey_20260425,bedUOEtGfoRFbmze,48.89,6294,714,2,51.49,product315,7.76771528439784,0.0684733893557423,0.113441372735939,24.445,25.745,1.0531806095316
2026-06-24,IOS,dhgate_product338_T1_ACT&Nopay 30D_purchase_IAP_Kelsey_20260515,aiZBaGOKYFBuq0Ps,50.3,17022,276,5,190.84,product338,2.95499941252497,0.182246376811594,0.0162143108917871,10.06,38.168,3.79403578528827
2026-06-24,ANDROID,dhgate_product337_T1_ACT&Nopay 30D_purchase_IAP_Kelsey_20260513,Hi3okRpzvLX7H2oQ,44.44,6379,2309,21,844.62,product337,6.96660918639285,0.019246427024686,0.36196896065214,2.11619047619048,40.22,19.0058505850585
2026-06-24,IOS,dhgate_product381_US_ACT&Nopay 30D_purchase_IAP_Kelsey_20260624,koAG4uPwaNuNbSsi,16.77,611,293,0,0.0,product381,27.4468085106383,0.0572354948805461,0.479541734860884,,,0.0
2026-06-24,IOS,dhgate_product340_US_Purchase 30D_purchase_IAP_Kelsey_20260516,yznk4uz7IRlNu5TH,100.35,14909,282,16,1302.87,product340,6.73083372459588,0.355851063829787,0.0189147494801798,6.271875,81.429375,12.9832585949178
2026-06-24,ANDROID,dhgate_product381_US_ACT&Nopay 30D_purchase_IAP_Kelsey_20260624,yznhjyRpVHJVEi6T,10.08,853,249,0,0.0,product381,11.8171160609613,0.0404819277108434,0.291910902696366,,,0.0
2026-06-24,ANDROID,dhgate_product379_UK_Purchase 30D_purchase_IAP_Kelsey_20260622,oZ6jmyRIzSuKVMZy,50.44,2960,639,6,106.2,product379,17.0405405405405,0.0789358372456964,0.215878378378378,8.40666666666667,17.7,2.10547184773989
2026-06-24,IOS,dhgate_product379_UK_Purchase 30D_purchase_IAP_Kelsey_20260622,cy39NtuzTiVdQdp1,42.3,1194,470,1,17.99,product379,35.427135678392,0.09,0.393634840871022,42.3,17.99,0.425295508274232
2026-06-24,IOS,dhgate_product377_T1_Purchase 30D_purchase_IAP_Kelsey_20260613,ImdbSHRgpaEHQaDV,49.59,4416,914,24,1016.18,product377,11.2296195652174,0.0542560175054705,0.206974637681159,2.06625,42.3408333333333,20.4916313772938
2026-06-24,ANDROID,dhgate_product376_US_Purchase 30D_purchase_IAP_Kelsey_20260612,OGOAsivo1SSZARzD,50.02,5003,482,9,476.29,product376,9.99800119928043,0.103775933609959,0.0963421946831901,5.55777777777778,52.9211111111111,9.52199120351859
2026-06-24,IOS,dhgate_product375_US_Purchase 30D_purchase_IAP_Kelsey_20260611,M84dXzdTmnAdI0a1,49.48,10112,114,7,442.43,product375,4.89319620253165,0.434035087719298,0.0112737341772152,7.06857142857143,63.2042857142857,8.94159256265158
2026-06-24,ANDROID,dhgate_product375_US_Purchase 30D_purchase_IAP_Kelsey_20260611,ZmROz0lvQRxsi3uG,50.15,6588,380,4,132.7,product375,7.61232544019429,0.131973684210526,0.0576806314511233,12.5375,33.175,2.64606181455633
2026-06-24,ANDROID,dhgate_product377_T1_Purchase 30D_purchase_IAP_Kelsey_20260613,jQWebXWoq2Emp98e,50.19,6972,599,6,274.6,product377,7.19879518072289,0.0837896494156928,0.0859150889271371,8.365,45.7666666666667,5.4712094042638
2026-06-24,IOS,dhgate_product372_T1_ACT&Nopay 30D_purchase_IAP_Kelsey_20260605,U4gzqzcEnoe3yurD,50.4,8220,952,12,1324.69,product372,6.13138686131387,0.0529411764705882,0.115815085158151,4.2,110.390833333333,26.2835317460318
2026-06-24,ANDROID,dhgate_product374_US_ACT&Nopay 30D_purchase_IAP_Kelsey_20260610,lHtOeUxHZghwmdpM,50.4,2929,844,9,586.51,product374,17.2072379651758,0.0597156398104265,0.288152953226357,5.6,65.1677777777778,11.6371031746032
2026-06-24,IOS,dhgate_product357_UK_ACT&Nopay 30D_purchase_IAP_Kelsey_20260521,secYrwGRxGvE22kr,48.81,3018,417,5,231.91,product357,16.1729622266402,0.11705035971223,0.13817097415507,9.762,46.382,4.75128047531244
2026-06-24,IOS,dhgate_product364_US_Purchase 30D_purchase_IAP_Kelsey_20260527,qX4oco28gDbrpBri,50.05,4380,412,11,409.83,product364,11.4269406392694,0.121480582524272,0.0940639269406393,4.55,37.2572727272727,8.18841158841159
2026-06-24,ANDROID,dhgate_product366_UK_Purchase 30D_purchase_IAP_Kelsey_20260529,tlDSznDFDWyzbPVr,50.46,4651,413,6,146.13,product366,10.8492797247904,0.122179176755448,0.0887981079337777,8.41,24.355,2.89595719381688
2026-06-24,IOS,dhgate_product350_US_Purchase 30D_purchase_IAP_Kelsey_20260517,eZwoS7yMwcYqxbzm,50.05,10349,90,5,204.99,product350,4.83621605952266,0.556111111111111,0.00869649241472606,10.01,40.998,4.0957042957043
2026-06-24,ANDROID,dhgate_product368_T1_Purchase 30D_purchase_IAP_Kelsey_20260531,b3s2CGS3sMxfFWgV,100.58,11406,1187,8,216.32,product368,8.81816587760828,0.0847346251053075,0.104068034367877,12.5725,27.04,2.15072579041559
2026-06-24,IOS,dhgate_product368_T1_Purchase 30D_purchase_IAP_Kelsey_20260531,Ta2k2BeVyS7dWN4n,50.37,6231,540,11,614.36,product368,8.08377467501204,0.0932777777777778,0.0866634569090034,4.57909090909091,55.8509090909091,12.1969426245781
2026-06-24,ANDROID,dhgate_product367_UK_Purchase 30D_purchase_IAP_Kelsey_20260530,AsUotp8z2P369W1o,46.15,2003,451,6,301.44,product367,23.0404393409885,0.102328159645233,0.225162256615077,7.69166666666667,50.24,6.531744312026
2026-06-25,ANDROID,dhgate_product317_UK_ACT&Nopay 30D_purchase_IAP_Kelsey_20260427,tDzMEZEldS4Kei0r,48.28,6452,757,17,423.8,product317,7.48295102293862,0.063778071334214,0.117327960322381,2.84,24.9294117647059,8.77796188898094
2026-06-25,IOS,dhgate_product336_T1_Purchase 30D_purchase_IAP_Kelsey_20260512,IbA1O59ht1JcwImf,50.14,8312,334,4,166.26,product336,6.03224254090472,0.150119760479042,0.0401828681424447,12.535,41.565,3.31591543677702
2026-06-25,IOS,dhgate_product326_US_ACT&Nopay 30D_purchase_IAP_Kelsey_20260506,zMf9PKJzCf4uVI7T,49.66,14629,157,8,349.4,product326,3.39462711053387,0.316305732484076,0.0107321074577893,6.2075,43.675,7.03584373741442
2026-06-25,ANDROID,dhgate_product322_US_Purchase 30D_purchase_IAP_Kelsey_20260504,UEOt0CeUKtYLfLaH,47.62,6181,570,21,1083.09,product322,7.70425497492315,0.0835438596491228,0.0922180876880764,2.26761904761905,51.5757142857143,22.7444351112978
2026-06-25,IOS,dhgate_product319_US_Purchase 30D_purchase_IAP_Kelsey_20260429,SGOG7us7fBY7c5lH,100.6,12388,855,22,857.89,product319,8.12076202776881,0.11766081871345,0.0690184049079755,4.57272727272727,38.995,8.52773359840954
2026-06-25,IOS,dhgate_product318_T1_Purchase 30D_purchase_IAP_Kelsey_20260428,mayu0PGeMJEYQhWJ,100.14,11289,881,17,645.58,product318,8.8705819824608,0.11366628830874,0.0780405704668261,5.89058823529412,37.9752941176471,6.44677451567805
2026-06-25,IOS,dhgate_product317_UK_ACT&Nopay 30D_purchase_IAP_Kelsey_20260427,H9HAtL9q0yyc4Gdy,95.34,6241,600,12,437.55,product317,15.2763980131389,0.1589,0.0961384393526679,7.945,36.4625,4.58936438011328
2026-06-25,ANDROID,dhgate_product317_FR_ACT&Nopay 30D_purchase_IAP_Kelsey_20260526,zbor8ujPF081oChW,39.77,3939,1666,6,270.78,product317,10.0964711855801,0.0238715486194478,0.422949987306423,6.62833333333333,45.13,6.8086497359819
2026-06-25,ANDROID,dhgate_product337_T1_ACT&Nopay 30D_purchase_IAP_Kelsey_20260513,Hi3okRpzvLX7H2oQ,48.11,7328,2601,11,412.16,product337,6.56522925764192,0.0184967320261438,0.354939956331878,4.37363636363636,37.4690909090909,8.56703388069009
2026-06-25,IOS,dhgate_product314_UK_Purchase 30D_purchase_IAP_Kelsey_20260424,NmHyz3ZrSwNTmf0j,44.02,3211,209,10,252.98,product314,13.709124883214,0.210622009569378,0.0650887573964497,4.402,25.298,5.74693321217628
2026-06-25,IOS,dhgate_product301_US_ACT&Nopay 30D_purchase_IAP_Kelsey_20260422,OG6WHvKPBaUM1wDo,49.55,16396,107,4,80.86,product301,3.0220785557453,0.463084112149533,0.0065259819468163,12.3875,20.215,1.63188698284561
2026-06-25,IOS,dhgate_product300_T1_Purchase 30D_purchase_IAP_Kelsey_20260421,wGMfDvBHm0s02IeZ,50.35,6985,461,5,334.38,product300,7.20830350751611,0.109219088937093,0.0659985683607731,10.07,66.876,6.64111221449851
2026-06-25,ANDROID,dhgate_product148_T1_Purchase 30D_purchase_IAP_Kelsey_20260415,dVlitdxzfmXStKCR,83.03,10779,1036,26,1273.42,product148,7.70294090360887,0.0801447876447877,0.0961128119491604,3.19346153846154,48.9776923076923,15.3368661929423
2026-06-25,IOS,dhgate_product138_FR_ACT&Nopay 30D_purchase_IAP_Kelsey_20260403,zNcB24si9mbzBPed,93.56,13389,1657,19,730.7,product138,6.98782582717156,0.0564634882317441,0.123758309059676,4.92421052631579,38.4578947368421,7.80996152201796
2026-06-25,IOS,dhgate_product137_US_Purchase 30D_purchase_IAP_Kelsey_20260402,Eo7scqEETcYxo6WH,82.53,7104,250,10,1291.67,product137,11.6173986486486,0.33012,0.0351914414414414,8.253,129.167,15.6509148188538
2026-06-25,IOS,dhgate_dpa-ios_US_ACT&Nopay 30D_purchase_IAP_Kelsey_20260515,y55faIMh7doL5RvO,100.11,10231,236,7,336.75,dpa-ios,9.78496725637768,0.424194915254237,0.0230671488613039,14.3014285714286,48.1071428571429,3.36379982019778
2026-06-25,ANDROID,dhgate_dpa-and_US_ACT&Nopay 30D_purchase_IAP_Kelsey_20260511,M0ZXR7rklCeN7J9o,84.71,4021,590,8,211.06,dpa-and,21.0668987813977,0.143576271186441,0.146729669236508,10.58875,26.3825,2.49155943808287
2026-06-25,ANDROID,dhgate_product315_UK_ACT&Nopay 30D_purchase_IAP_Kelsey_20260425,bedUOEtGfoRFbmze,43.98,6103,636,18,545.5,product315,7.20629198754711,0.0691509433962264,0.104211043748976,2.44333333333333,30.3055555555556,12.4033651659845
2026-06-25,IOS,dhgate_product338_T1_ACT&Nopay 30D_purchase_IAP_Kelsey_20260515,aiZBaGOKYFBuq0Ps,50.03,17069,236,2,75.43,product338,2.93104458374832,0.211991525423729,0.0138262346944754,25.015,37.715,1.50769538277034
2026-06-25,IOS,dhgate_product337_T1_ACT&Nopay 30D_purchase_IAP_Kelsey_20260513,pMbmqjxpXWy9uySH,49.01,17194,218,13,638.62,product337,2.85041293474468,0.224816513761468,0.012678841456322,3.77,49.1246153846154,13.0304019587839
2026-06-25,IOS,dhgate_product350_US_Purchase 30D_purchase_IAP_Kelsey_20260517,eZwoS7yMwcYqxbzm,48.75,9644,94,8,325.3,product350,5.05495644960597,0.518617021276596,0.00974699294898382,6.09375,40.6625,6.67282051282051
2026-06-25,IOS,dhgate_product382_US_ACT&Nopay 30D_purchase_IAP_Kelsey_202600625,JMJguQWJx5gOS4u0,7.78,250,140,0,0.0,product382,31.12,0.0555714285714286,0.56,,,0.0
2026-06-25,IOS,dhgate_product381_US_ACT&Nopay 30D_purchase_IAP_Kelsey_20260624,koAG4uPwaNuNbSsi,39.18,1447,773,0,0.0,product381,27.0767104353836,0.0506856403622251,0.534208707671044,,,0.0
2026-06-25,ANDROID,dhgate_product381_US_ACT&Nopay 30D_purchase_IAP_Kelsey_20260624,yznhjyRpVHJVEi6T,47.85,3045,1092,3,181.53,product381,15.7142857142857,0.0438186813186813,0.358620689655172,15.95,60.51,3.79373040752351
2026-06-25,ANDROID,dhgate_product379_UK_Purchase 30D_purchase_IAP_Kelsey_20260622,oZ6jmyRIzSuKVMZy,41.44,2528,528,4,122.97,product379,16.3924050632911,0.0784848484848485,0.208860759493671,10.36,30.7425,2.96742277992278
2026-06-25,IOS,dhgate_product379_UK_Purchase 30D_purchase_IAP_Kelsey_20260622,cy39NtuzTiVdQdp1,35.92,993,464,6,202.21,product379,36.1732124874119,0.0774137931034483,0.467270896273917,5.98666666666667,33.7016666666667,5.62945434298441
2026-06-25,IOS,dhgate_product377_T1_Purchase 30D_purchase_IAP_Kelsey_20260613,ImdbSHRgpaEHQaDV,50.19,7364,456,13,572.17,product377,6.81558935361217,0.110065789473684,0.0619228680065182,3.86076923076923,44.0130769230769,11.4000796971508
2026-06-25,ANDROID,dhgate_product377_T1_Purchase 30D_purchase_IAP_Kelsey_20260613,jQWebXWoq2Emp98e,50.19,8793,594,12,299.45,product377,5.7079495052883,0.0844949494949495,0.067553735926305,4.1825,24.9541666666667,5.96632795377565
2026-06-25,ANDROID,dhgate_product376_US_Purchase 30D_purchase_IAP_Kelsey_20260612,OGOAsivo1SSZARzD,42.99,5733,500,4,118.51,product376,7.49869178440607,0.08598,0.0872143729286587,10.7475,29.6275,2.75668760176785
2026-06-25,IOS,dhgate_product375_US_Purchase 30D_purchase_IAP_Kelsey_20260611,M84dXzdTmnAdI0a1,50.15,9383,105,17,1062.82,product375,5.34477246083342,0.477619047619048,0.0111904508153043,2.95,62.5188235294118,21.1928215353938
2026-06-25,IOS,dhgate_product340_US_Purchase 30D_purchase_IAP_Kelsey_20260516,yznk4uz7IRlNu5TH,95.71,14161,231,9,377.62,product340,6.75870348139256,0.414329004329004,0.0163124073158675,10.6344444444444,41.9577777777778,3.94546024448856
2026-06-25,ANDROID,dhgate_product374_US_ACT&Nopay 30D_purchase_IAP_Kelsey_20260610,lHtOeUxHZghwmdpM,66.57,6791,922,12,454.27,product374,9.80268001767045,0.0722017353579176,0.135767928140186,5.5475,37.8558333333333,6.82394471984377
2026-06-25,IOS,dhgate_product372_T1_ACT&Nopay 30D_purchase_IAP_Kelsey_20260605,U4gzqzcEnoe3yurD,50.2,10314,730,8,323.17,product372,4.86717083575722,0.0687671232876712,0.0707775838665891,6.275,40.39625,6.43764940239044
2026-06-25,IOS,dhgate_product368_T1_Purchase 30D_purchase_IAP_Kelsey_20260531,Ta2k2BeVyS7dWN4n,50.27,8182,413,12,329.56,product368,6.1439745783427,0.121719128329298,0.0504766560743095,4.18916666666667,27.4633333333333,6.55579868708972
2026-06-25,ANDROID,dhgate_product368_T1_Purchase 30D_purchase_IAP_Kelsey_20260531,b3s2CGS3sMxfFWgV,71.18,9166,868,20,599.07,product368,7.76565568404975,0.0820046082949309,0.0946977962033603,3.559,29.9535,8.41626861477943
2026-06-25,ANDROID,dhgate_product367_UK_Purchase 30D_purchase_IAP_Kelsey_20260530,AsUotp8z2P369W1o,50.19,3145,493,10,356.95,product367,15.9586645468998,0.101805273833671,0.156756756756757,5.019,35.695,7.11197449691174
2026-06-25,ANDROID,dhgate_product366_UK_Purchase 30D_purchase_IAP_Kelsey_20260529,tlDSznDFDWyzbPVr,49.04,5980,402,6,111.62,product366,8.20066889632107,0.121990049751244,0.0672240802675585,8.17333333333333,18.6033333333333,2.27610114192496
2026-06-25,IOS,dhgate_product364_US_Purchase 30D_purchase_IAP_Kelsey_20260527,qX4oco28gDbrpBri,50.5,8973,96,11,482.7,product364,5.62799509640031,0.526041666666667,0.0106987629555333,4.59090909090909,43.8818181818182,9.55841584158416
2026-06-25,ANDROID,dhgate_product382_US_ACT&Nopay 30D_purchase_IAP_Kelsey_20260625,PhCf6h2ErxzodBul,3.25,304,122,0,0.0,product382,10.6907894736842,0.0266393442622951,0.401315789473684,,,0.0
2026-06-25,IOS,dhgate_product357_UK_ACT&Nopay 30D_purchase_IAP_Kelsey_20260521,secYrwGRxGvE22kr,41.99,3433,289,9,506.01,product357,12.231284590737,0.145294117647059,0.0841829303815904,4.66555555555556,56.2233333333333,12.0507263634199
2026-06-25,ANDROID,dhgate_product375_US_Purchase 30D_purchase_IAP_Kelsey_20260611,ZmROz0lvQRxsi3uG,50.5,6446,296,11,489.33,product375,7.83431585479367,0.170608108108108,0.0459199503568104,4.59090909090909,44.4845454545455,9.68970297029703
2026-06-26,IOS,dhgate_product318_T1_Purchase 30D_purchase_IAP_Kelsey_20260428,mayu0PGeMJEYQhWJ,100.28,11201,909,18,466.28,product318,8.95277207392197,0.11031903190319,0.0811534684403178,5.57111111111111,25.9044444444444,4.64978061428002
2026-06-26,IOS,dhgate_product319_US_Purchase 30D_purchase_IAP_Kelsey_20260429,SGOG7us7fBY7c5lH,100.86,12105,929,9,470.77,product319,8.33209417596035,0.108568353067815,0.0767451466336225,11.2066666666667,52.3077777777778,4.6675589926631
2026-06-26,ANDROID,dhgate_product322_US_Purchase 30D_purchase_IAP_Kelsey_20260504,UEOt0CeUKtYLfLaH,47.39,5596,437,6,165.93,product322,8.46854896354539,0.108443935926773,0.0780914939242316,7.89833333333333,27.655,3.50137159738341
2026-06-26,ANDROID,dhgate_product337_T1_ACT&Nopay 30D_purchase_IAP_Kelsey_20260513,Hi3okRpzvLX7H2oQ,45.28,7864,1977,6,152.45,product337,5.75788402848423,0.0229033889731917,0.251398779247202,7.54666666666667,25.4083333333333,3.36682862190813
2026-06-26,IOS,dhgate_product336_T1_Purchase 30D_purchase_IAP_Kelsey_20260512,IbA1O59ht1JcwImf,50.08,8423,297,3,65.52,product336,5.94562507420159,0.168619528619529,0.035260595987178,16.6933333333333,21.84,1.30830670926518
2026-06-26,IOS,dhgate_product337_T1_ACT&Nopay 30D_purchase_IAP_Kelsey_20260513,pMbmqjxpXWy9uySH,50.2,9640,437,3,248.17,product337,5.20746887966805,0.11487414187643,0.0453319502074689,16.7333333333333,82.7233333333333,4.94362549800797
2026-06-26,IOS,dhgate_product317_UK_ACT&Nopay 30D_purchase_IAP_Kelsey_20260427,H9HAtL9q0yyc4Gdy,91.68,6608,533,23,880.13,product317,13.8740920096852,0.172007504690432,0.0806598062953995,3.98608695652174,38.2665217391304,9.60002181500873
2026-06-26,IOS,dhgate_product326_US_ACT&Nopay 30D_purchase_IAP_Kelsey_20260506,zMf9PKJzCf4uVI7T,44.38,5727,257,10,364.4,product326,7.7492579011699,0.172684824902724,0.0448751527850533,4.438,36.44,8.21090581342947
2026-06-26,ANDROID,dhgate_product317_UK_ACT&Nopay 30D_purchase_IAP_Kelsey_20260427,tDzMEZEldS4Kei0r,46.8,6629,685,19,673.97,product317,7.05988836928647,0.0683211678832117,0.103333836174385,2.46315789473684,35.4721052631579,14.4010683760684
2026-06-26,IOS,dhgate_product300_T1_Purchase 30D_purchase_IAP_Kelsey_20260421,wGMfDvBHm0s02IeZ,50.27,6578,414,10,328.12,product300,7.64214046822743,0.121425120772947,0.0629370629370629,5.027,32.812,6.52715337179232
2026-06-26,ANDROID,dhgate_product315_UK_ACT&Nopay 30D_purchase_IAP_Kelsey_20260425,bedUOEtGfoRFbmze,46.89,6379,682,22,714.46,product315,7.35068192506663,0.0687536656891496,0.106913309296128,2.13136363636364,32.4754545454546,15.2369375133291
2026-06-26,IOS,dhgate_product314_UK_Purchase 30D_purchase_IAP_Kelsey_20260424,NmHyz3ZrSwNTmf0j,47.41,3565,202,7,140.27,product314,13.2987377279102,0.23470297029703,0.0566619915848527,6.77285714285714,20.0385714285714,2.95865851086269
2026-06-26,IOS,dhgate_product301_US_ACT&Nopay 30D_purchase_IAP_Kelsey_20260422,OG6WHvKPBaUM1wDo,50.07,8678,260,9,329.59,product301,5.76976261811477,0.192576923076923,0.0299608204655451,5.56333333333333,36.6211111111111,6.58258438186539
2026-06-26,ANDROID,dhgate_product148_T1_Purchase 30D_purchase_IAP_Kelsey_20260415,dVlitdxzfmXStKCR,50.19,9410,665,17,549.97,product148,5.3336875664187,0.0754736842105263,0.0706695005313496,2.95235294117647,32.3511764705882,10.9577605100618
2026-06-26,IOS,dhgate_product138_FR_ACT&Nopay 30D_purchase_IAP_Kelsey_20260403,zNcB24si9mbzBPed,97.97,13156,1573,16,661.41,product138,7.44679233809669,0.0622822631913541,0.119565217391304,6.123125,41.338125,6.75114831070736
2026-06-26,IOS,dhgate_product137_US_Purchase 30D_purchase_IAP_Kelsey_20260402,Eo7scqEETcYxo6WH,46.96,3580,125,12,1059.78,product137,13.1173184357542,0.37568,0.0349162011173184,3.91333333333333,88.315,22.5677172061329
2026-06-26,IOS,dhgate_dpa-ios_US_ACT&Nopay 30D_purchase_IAP_Kelsey_20260515,y55faIMh7doL5RvO,100.14,9025,175,4,237.58,dpa-ios,11.0958448753463,0.572228571428571,0.0193905817174515,25.035,59.395,2.37247853005792
2026-06-26,IOS,dhgate_product338_T1_ACT&Nopay 30D_purchase_IAP_Kelsey_20260515,aiZBaGOKYFBuq0Ps,36.72,6637,289,7,296.78,product338,5.53262015971071,0.127058823529412,0.043543769775501,5.24571428571429,42.3971428571429,8.0822440087146
2026-06-26,ANDROID,dhgate_product317_FR_ACT&Nopay 30D_purchase_IAP_Kelsey_20260526,zbor8ujPF081oChW,45.55,4110,1758,15,642.13,product317,11.0827250608272,0.0259101251422071,0.427737226277372,3.03666666666667,42.8086666666667,14.0972557628979
2026-06-26,ANDROID,dhgate_dpa-and_US_ACT&Nopay 30D_purchase_IAP_Kelsey_20260511,M0ZXR7rklCeN7J9o,95.24,4495,639,5,298.88,dpa-and,21.1879866518354,0.149045383411581,0.142157953281424,19.048,59.776,3.13817723645527
2026-06-26,IOS,dhgate_product340_US_Purchase 30D_purchase_IAP_Kelsey_20260516,yznk4uz7IRlNu5TH,97.56,7286,353,8,274.61,product340,13.390063134779,0.276373937677054,0.0484490804282185,12.195,34.32625,2.81478064780648
2026-06-26,IOS,dhgate_product357_UK_ACT&Nopay 30D_purchase_IAP_Kelsey_20260521,secYrwGRxGvE22kr,45.54,4094,270,6,303.74,product357,11.123595505618,0.168666666666667,0.0659501709819248,7.59,50.6233333333333,6.66974088713219
2026-06-26,IOS,dhgate_product350_US_Purchase 30D_purchase_IAP_Kelsey_20260517,eZwoS7yMwcYqxbzm,49.66,4000,129,12,468.04,product350,12.415,0.384961240310078,0.03225,4.13833333333333,39.0033333333333,9.42488924687878
2026-06-26,IOS,dhgate_product383_T1_ACT&Nopay 30D_purchase_IAP_Kelsey_20260626,uiO2PRDkEzMT0Wbd,5.4,489,281,0,0.0,product383,11.0429447852761,0.0192170818505338,0.574642126789366,,,0.0
2026-06-26,ANDROID,dhgate_product383_T1_ACT&Nopay 30D_purchase_IAP_Kelsey_20260626,ngOjt7k0ODbX8WPx,8.67,2045,849,0,0.0,product383,4.23960880195599,0.0102120141342756,0.415158924205379,,,0.0
2026-06-26,ANDROID,dhgate_product382_US_ACT&Nopay 30D_purchase_IAP_Kelsey_20260625,PhCf6h2ErxzodBul,43.15,4867,1059,0,0.0,product382,8.86583110745839,0.0407459867799811,0.217587836449558,,,0.0
2026-06-26,IOS,dhgate_product382_US_ACT&Nopay 30D_purchase_IAP_Kelsey_202600625,JMJguQWJx5gOS4u0,45.47,1552,761,0,0.0,product382,29.2976804123711,0.0597503285151117,0.490335051546392,,,0.0
2026-06-26,ANDROID,dhgate_product381_US_ACT&Nopay 30D_purchase_IAP_Kelsey_20260624,yznhjyRpVHJVEi6T,45.67,2468,853,9,245.27,product381,18.5048622366289,0.0535404454865182,0.345623987034036,5.07444444444444,27.2522222222222,5.37048390628421
2026-06-26,IOS,dhgate_product377_T1_Purchase 30D_purchase_IAP_Kelsey_20260613,ImdbSHRgpaEHQaDV,50.2,7096,438,7,259.61,product377,7.07440811724915,0.114611872146119,0.0617249154453213,7.17142857142857,37.0871428571429,5.17151394422311
2026-06-26,ANDROID,dhgate_product377_T1_Purchase 30D_purchase_IAP_Kelsey_20260613,jQWebXWoq2Emp98e,49.57,8768,618,11,251.56,product377,5.65351277372263,0.080210355987055,0.0704835766423358,4.50636363636364,22.8690909090909,5.07484365543676
2026-06-26,ANDROID,dhgate_product376_US_Purchase 30D_purchase_IAP_Kelsey_20260612,OGOAsivo1SSZARzD,46.13,5738,451,6,251.53,product376,8.03938654583479,0.102283813747228,0.0785988149180899,7.68833333333333,41.9216666666667,5.4526338608281
2026-06-26,IOS,dhgate_product381_US_ACT&Nopay 30D_purchase_IAP_Kelsey_20260624,koAG4uPwaNuNbSsi,42.44,1312,689,9,333.21,product381,32.3475609756098,0.0615965166908563,0.52515243902439,4.71555555555556,37.0233333333333,7.85131950989633
2026-06-26,ANDROID,dhgate_product375_US_Purchase 30D_purchase_IAP_Kelsey_20260611,ZmROz0lvQRxsi3uG,51.76,5346,373,6,258.22,product375,9.68200523756079,0.138766756032172,0.0697717919940142,8.62666666666667,43.0366666666667,4.9887944358578
2026-06-26,IOS,dhgate_product375_US_Purchase 30D_purchase_IAP_Kelsey_20260611,M84dXzdTmnAdI0a1,50.16,3728,189,5,452.84,product375,13.4549356223176,0.265396825396825,0.0506974248927039,10.032,90.568,9.02791068580542
2026-06-26,ANDROID,dhgate_product366_UK_Purchase 30D_purchase_IAP_Kelsey_20260529,tlDSznDFDWyzbPVr,36.71,4677,311,8,200.45,product366,7.84904853538593,0.118038585209003,0.0664956168484071,4.58875,25.05625,5.46036502315445
2026-06-26,ANDROID,dhgate_product367_UK_Purchase 30D_purchase_IAP_Kelsey_20260530,AsUotp8z2P369W1o,47.84,6122,336,10,249.62,product367,7.81443972557988,0.142380952380952,0.0548840248284874,4.784,24.962,5.21780936454849
2026-06-26,ANDROID,dhgate_product368_T1_Purchase 30D_purchase_IAP_Kelsey_20260531,b3s2CGS3sMxfFWgV,50.15,9152,650,5,200.94,product368,5.47967657342657,0.0771538461538462,0.0710227272727273,10.03,40.188,4.00677966101695
2026-06-26,IOS,dhgate_product364_US_Purchase 30D_purchase_IAP_Kelsey_20260527,qX4oco28gDbrpBri,44.03,3801,145,16,646.2,product364,11.5837937384899,0.303655172413793,0.0381478558274138,2.751875,40.3875,14.6763570292982
2026-06-26,IOS,dhgate_product372_T1_ACT&Nopay 30D_purchase_IAP_Kelsey_20260605,U4gzqzcEnoe3yurD,50.15,9052,717,13,591.64,product372,5.54021210782148,0.0699442119944212,0.0792090145824127,3.85769230769231,45.5107692307692,11.79740777667
2026-06-26,ANDROID,dhgate_product374_US_ACT&Nopay 30D_purchase_IAP_Kelsey_20260610,lHtOeUxHZghwmdpM,96.29,8149,1132,8,336.19,product374,11.816173763652,0.0850618374558304,0.138912750030679,12.03625,42.02375,3.49143213210095
2026-06-26,IOS,dhgate_product368_T1_Purchase 30D_purchase_IAP_Kelsey_20260531,Ta2k2BeVyS7dWN4n,49.01,7773,414,8,503.02,product368,6.30515888331404,0.118381642512077,0.0532612890775762,6.12625,62.8775,10.2636196694552
2026-06-27,IOS,dhgate_product317_UK_ACT&Nopay 30D_purchase_IAP_Kelsey_20260427,H9HAtL9q0yyc4Gdy,100.26,7282,601,24,826.34,product317,13.7681955506729,0.166821963394343,0.0825322713540236,4.1775,34.4308333333333,8.24197087572312
2026-06-27,IOS,dhgate_product336_T1_Purchase 30D_purchase_IAP_Kelsey_20260512,IbA1O59ht1JcwImf,50.17,8876,289,6,219.47,product336,5.65232086525462,0.173598615916955,0.0325597115817936,8.36166666666667,36.5783333333333,4.37452660952761
2026-06-27,IOS,dhgate_product326_US_ACT&Nopay 30D_purchase_IAP_Kelsey_20260506,zMf9PKJzCf4uVI7T,45.07,6265,246,11,578.53,product326,7.19393455706305,0.183211382113821,0.0392657621707901,4.09727272727273,52.5936363636364,12.836254714888
2026-06-27,ANDROID,dhgate_product322_US_Purchase 30D_purchase_IAP_Kelsey_20260504,UEOt0CeUKtYLfLaH,50.1,5777,403,2,64.63,product322,8.67232127401766,0.124317617866005,0.0697593906872079,25.05,32.315,1.29001996007984
2026-06-27,IOS,dhgate_product319_US_Purchase 30D_purchase_IAP_Kelsey_20260429,SGOG7us7fBY7c5lH,99.69,12657,752,28,887.67,product319,7.87627399857786,0.132566489361702,0.0594137631350241,3.56035714285714,31.7025,8.9043033403551
2026-06-27,IOS,dhgate_product318_T1_Purchase 30D_purchase_IAP_Kelsey_20260428,mayu0PGeMJEYQhWJ,99.83,11874,869,16,756.27,product318,8.40744483746,0.11487917146145,0.07318511032508,6.239375,47.266875,7.57557848342182
2026-06-27,ANDROID,dhgate_product317_UK_ACT&Nopay 30D_purchase_IAP_Kelsey_20260427,tDzMEZEldS4Kei0r,50.45,6518,638,23,604.29,product317,7.74010432648052,0.0790752351097179,0.0978827861307149,2.19347826086957,26.2734782608696,11.9779980178394
2026-06-27,ANDROID,dhgate_product317_FR_ACT&Nopay 30D_purchase_IAP_Kelsey_20260526,zbor8ujPF081oChW,41.52,3983,1618,15,604.32,product317,10.4243032889782,0.0256613102595797,0.406226462465478,2.768,40.288,14.5549132947977
2026-06-27,ANDROID,dhgate_dpa-and_US_ACT&Nopay 30D_purchase_IAP_Kelsey_20260511,M0ZXR7rklCeN7J9o,92.42,4295,652,11,352.9,dpa-and,21.5180442374854,0.141748466257669,0.151804423748545,8.40181818181818,32.0818181818182,3.81843756762605
2026-06-27,IOS,dhgate_product314_UK_Purchase 30D_purchase_IAP_Kelsey_20260424,NmHyz3ZrSwNTmf0j,48.58,3679,207,17,617.26,product314,13.2046751834738,0.234685990338164,0.0562652894808372,2.85764705882353,36.3094117647059,12.7060518731988
2026-06-27,IOS,dhgate_product301_US_ACT&Nopay 30D_purchase_IAP_Kelsey_20260422,OG6WHvKPBaUM1wDo,48.17,9365,211,6,294.23,product301,5.14361986118526,0.228293838862559,0.0225306994127069,8.02833333333333,49.0383333333333,6.10815860494084
2026-06-27,IOS,dhgate_product300_T1_Purchase 30D_purchase_IAP_Kelsey_20260421,wGMfDvBHm0s02IeZ,49.1,7048,347,7,218.15,product300,6.96651532349603,0.14149855907781,0.0492338251986379,7.01428571428571,31.1642857142857,4.44297352342159
2026-06-27,ANDROID,dhgate_product148_T1_Purchase 30D_purchase_IAP_Kelsey_20260415,dVlitdxzfmXStKCR,50.21,10234,619,16,782.29,product148,4.906195036154,0.0811147011308562,0.060484658979871,3.138125,48.893125,15.5803624775941
2026-06-27,IOS,dhgate_product138_FR_ACT&Nopay 30D_purchase_IAP_Kelsey_20260403,zNcB24si9mbzBPed,100.43,13687,1498,29,1040.4,product138,7.33761963907357,0.0670427236315087,0.10944692043545,3.46310344827586,35.8758620689655,10.3594543463109
2026-06-27,IOS,dhgate_product137_US_Purchase 30D_purchase_IAP_Kelsey_20260402,Eo7scqEETcYxo6WH,43.52,3271,126,6,473.6,product137,13.3047997554265,0.345396825396825,0.0385203301742586,7.25333333333333,78.9333333333333,10.8823529411765
2026-06-27,IOS,dhgate_dpa-ios_US_ACT&Nopay 30D_purchase_IAP_Kelsey_20260515,y55faIMh7doL5RvO,96.36,8821,202,11,394.02,dpa-ios,10.9239315270378,0.477029702970297,0.0228998979707516,8.76,35.82,4.08904109589041
2026-06-27,IOS,dhgate_product337_T1_ACT&Nopay 30D_purchase_IAP_Kelsey_20260513,pMbmqjxpXWy9uySH,48.78,10847,345,5,349.24,product337,4.49709597123629,0.141391304347826,0.0318060293168618,9.756,69.848,7.15949159491595
2026-06-27,ANDROID,dhgate_product315_UK_ACT&Nopay 30D_purchase_IAP_Kelsey_20260425,bedUOEtGfoRFbmze,50.46,6963,616,9,234.7,product315,7.24687634640241,0.0819155844155844,0.0884676145339653,5.60666666666667,26.0777777777778,4.65120887831946
2026-06-27,ANDROID,dhgate_product337_T1_ACT&Nopay 30D_purchase_IAP_Kelsey_20260513,Hi3okRpzvLX7H2oQ,50.07,19090,911,15,439.79,product337,2.62283918281823,0.0549615806805708,0.0477213200628601,3.338,29.3193333333333,8.78350309566607
2026-06-27,ANDROID,dhgate_product383_T1_ACT&Nopay 30D_purchase_IAP_Kelsey_20260626,ngOjt7k0ODbX8WPx,39.64,6407,3011,3,90.68,product383,6.18698298735758,0.0131650614413816,0.469954737006399,13.2133333333333,30.2266666666667,2.28758829465187
2026-06-27,IOS,dhgate_product350_US_Purchase 30D_purchase_IAP_Kelsey_20260517,eZwoS7yMwcYqxbzm,47.5,3750,132,8,509.35,product350,12.6666666666667,0.359848484848485,0.0352,5.9375,63.66875,10.7231578947368
2026-06-27,IOS,dhgate_product383_T1_ACT&Nopay 30D_purchase_IAP_Kelsey_20260626,uiO2PRDkEzMT0Wbd,31.88,2394,1491,1,31.59,product383,13.3166248955723,0.0213816230717639,0.62280701754386,31.88,31.59,0.99090338770389
2026-06-27,ANDROID,dhgate_product382_US_ACT&Nopay 30D_purchase_IAP_Kelsey_20260625,PhCf6h2ErxzodBul,49.66,5941,1027,0,0.0,product382,8.35886214442013,0.0483544303797468,0.172866520787746,,,0.0
2026-06-27,IOS,dhgate_product382_US_ACT&Nopay 30D_purchase_IAP_Kelsey_202600625,JMJguQWJx5gOS4u0,45.87,1433,804,4,148.35,product382,32.009769713887,0.0570522388059701,0.56106071179344,11.4675,37.0875,3.23413996075867
2026-06-27,ANDROID,dhgate_product381_US_ACT&Nopay 30D_purchase_IAP_Kelsey_20260624,yznhjyRpVHJVEi6T,50.44,2705,997,5,117.11,product381,18.6469500924214,0.0505917753259779,0.368576709796673,10.088,23.422,2.32176843774782
2026-06-27,IOS,dhgate_product381_US_ACT&Nopay 30D_purchase_IAP_Kelsey_20260624,koAG4uPwaNuNbSsi,36.96,1189,684,0,0.0,product381,31.0849453322119,0.0540350877192983,0.575273338940286,,,0.0
2026-06-27,IOS,dhgate_product377_T1_Purchase 30D_purchase_IAP_Kelsey_20260613,ImdbSHRgpaEHQaDV,47.95,7481,446,12,375.83,product377,6.40957091297955,0.107511210762332,0.059617698168694,3.99583333333333,31.3191666666667,7.83795620437956
2026-06-27,ANDROID,dhgate_product377_T1_Purchase 30D_purchase_IAP_Kelsey_20260613,jQWebXWoq2Emp98e,50.28,9225,577,6,232.35,product377,5.45040650406504,0.0871403812824957,0.0625474254742547,8.38,38.725,4.62112171837709
2026-06-27,ANDROID,dhgate_product376_US_Purchase 30D_purchase_IAP_Kelsey_20260612,OGOAsivo1SSZARzD,47.62,6136,393,8,446.08,product376,7.76075619295958,0.12117048346056,0.0640482398956975,5.9525,55.76,9.367492650147
2026-06-27,IOS,dhgate_product340_US_Purchase 30D_purchase_IAP_Kelsey_20260516,yznk4uz7IRlNu5TH,88.4,6664,315,12,586.95,product340,13.265306122449,0.280634920634921,0.0472689075630252,7.36666666666667,48.9125,6.63970588235294
2026-06-27,ANDROID,dhgate_product375_US_Purchase 30D_purchase_IAP_Kelsey_20260611,ZmROz0lvQRxsi3uG,50.22,3574,277,12,448.85,product375,14.0514829322888,0.18129963898917,0.0775041969781757,4.185,37.4041666666667,8.93767423337316
2026-06-27,ANDROID,dhgate_product374_US_ACT&Nopay 30D_purchase_IAP_Kelsey_20260610,lHtOeUxHZghwmdpM,100.66,6532,1170,7,369.27,product374,15.4102878138396,0.086034188034188,0.179118187385181,14.38,52.7528571428571,3.66848797933638
2026-06-27,IOS,dhgate_product372_T1_ACT&Nopay 30D_purchase_IAP_Kelsey_20260605,U4gzqzcEnoe3yurD,50.11,10457,640,13,1083.12,product372,4.79200535526442,0.078296875,0.0612030218992063,3.85461538461538,83.3169230769231,21.6148473358611
2026-06-27,IOS,dhgate_product368_T1_Purchase 30D_purchase_IAP_Kelsey_20260531,Ta2k2BeVyS7dWN4n,50.04,8580,374,13,427.25,product368,5.83216783216783,0.13379679144385,0.0435897435897436,3.84923076923077,32.8653846153846,8.53816946442846
2026-06-27,ANDROID,dhgate_product368_T1_Purchase 30D_purchase_IAP_Kelsey_20260531,b3s2CGS3sMxfFWgV,50.25,9926,627,8,189.65,product368,5.06246222043119,0.0801435406698565,0.0631674390489623,6.28125,23.70625,3.77412935323383
2026-06-27,ANDROID,dhgate_product367_UK_Purchase 30D_purchase_IAP_Kelsey_20260530,AsUotp8z2P369W1o,49.31,5915,360,15,477.69,product367,8.33643279797126,0.136972222222222,0.0608622147083686,3.28733333333333,31.846,9.68748732508619
2026-06-27,IOS,dhgate_product364_US_Purchase 30D_purchase_IAP_Kelsey_20260527,qX4oco28gDbrpBri,47.73,4053,194,7,513.01,product364,11.7764618800888,0.246030927835052,0.0478657784357266,6.81857142857143,73.2871428571429,10.7481667714226
2026-06-27,IOS,dhgate_product357_UK_ACT&Nopay 30D_purchase_IAP_Kelsey_20260521,secYrwGRxGvE22kr,48.23,4563,316,14,699.89,product357,10.5698005698006,0.152626582278481,0.0692526846373,3.445,49.9921428571429,14.511507360564
2026-06-27,IOS,dhgate_product375_US_Purchase 30D_purchase_IAP_Kelsey_20260611,M84dXzdTmnAdI0a1,50.27,3914,182,0,0.0,product375,12.843638221768,0.276208791208791,0.0464997445068983,,,0.0
2026-06-28,ANDROID,dhgate_product317_UK_ACT&Nopay 30D_purchase_IAP_Kelsey_20260427,tDzMEZEldS4Kei0r,50.17,7489,599,17,524.26,product317,6.69915876619041,0.0837562604340568,0.079983976498865,2.95117647058824,30.8388235294118,10.4496711181981
2026-06-28,IOS,dhgate_product318_T1_Purchase 30D_purchase_IAP_Kelsey_20260428,mayu0PGeMJEYQhWJ,100.19,11638,874,17,776.5,product318,8.60886750300739,0.114633867276888,0.075098814229249,5.89352941176471,45.6764705882353,7.75027447849087
2026-06-28,IOS,dhgate_product336_T1_Purchase 30D_purchase_IAP_Kelsey_20260512,IbA1O59ht1JcwImf,48.59,8806,268,1,31.46,product336,5.51782875312287,0.181305970149254,0.0304337951396775,48.59,31.46,0.647458324758181
2026-06-28,ANDROID,dhgate_product322_US_Purchase 30D_purchase_IAP_Kelsey_20260504,UEOt0CeUKtYLfLaH,47.17,5378,340,5,124.27,product322,8.77091855708442,0.138735294117647,0.0632205280773522,9.434,24.854,2.63451346194615
2026-06-28,IOS,dhgate_product326_US_ACT&Nopay 30D_purchase_IAP_Kelsey_20260506,zMf9PKJzCf4uVI7T,47.01,6655,250,9,313.23,product326,7.06386175807663,0.18804,0.0375657400450789,5.22333333333333,34.8033333333333,6.66305041480536
2026-06-28,IOS,dhgate_product317_UK_ACT&Nopay 30D_purchase_IAP_Kelsey_20260427,H9HAtL9q0yyc4Gdy,93.46,6980,531,8,287.95,product317,13.3896848137536,0.176007532956685,0.0760744985673352,11.6825,35.99375,3.0809972180612
2026-06-28,IOS,dhgate_product319_US_Purchase 30D_purchase_IAP_Kelsey_20260429,SGOG7us7fBY7c5lH,97.48,12604,833,11,533.98,product319,7.73405268168835,0.117022809123649,0.066090130117423,8.86181818181818,48.5436363636364,5.47784160853508
2026-06-28,ANDROID,dhgate_product317_FR_ACT&Nopay 30D_purchase_IAP_Kelsey_20260526,zbor8ujPF081oChW,46.67,4478,1881,15,697.33,product317,10.4220634211702,0.0248112706007443,0.420053595355069,3.11133333333333,46.4886666666667,14.9417184486822
2026-06-28,ANDROID,dhgate_product148_T1_Purchase 30D_purchase_IAP_Kelsey_20260415,dVlitdxzfmXStKCR,50.38,10202,668,16,918.8,product148,4.9382474024701,0.0754191616766467,0.0654773573809057,3.14875,57.425,18.2373957919809
2026-06-28,IOS,dhgate_product314_UK_Purchase 30D_purchase_IAP_Kelsey_20260424,NmHyz3ZrSwNTmf0j,44.07,3536,208,30,988.11,product314,12.4632352941176,0.211875,0.0588235294117647,1.469,32.937,22.4213750850919
2026-06-28,IOS,dhgate_product301_US_ACT&Nopay 30D_purchase_IAP_Kelsey_20260422,OG6WHvKPBaUM1wDo,47.07,9432,205,4,150.08,product301,4.99045801526718,0.229609756097561,0.0217345207803223,11.7675,37.52,3.1884427448481
2026-06-28,IOS,dhgate_product300_T1_Purchase 30D_purchase_IAP_Kelsey_20260421,wGMfDvBHm0s02IeZ,49.34,7091,367,4,146.14,product300,6.95811592159075,0.134441416893733,0.0517557467211959,12.335,36.535,2.96189704094041
2026-06-28,IOS,dhgate_product138_FR_ACT&Nopay 30D_purchase_IAP_Kelsey_20260403,zNcB24si9mbzBPed,100.44,15656,1321,15,659.84,product138,6.41543178334185,0.0760333080999243,0.0843765968318855,6.696,43.9893333333333,6.56949422540821
2026-06-28,IOS,dhgate_product137_US_Purchase 30D_purchase_IAP_Kelsey_20260402,Eo7scqEETcYxo6WH,49.1,3485,154,18,1232.19,product137,14.0889526542324,0.318831168831169,0.0441893830703013,2.72777777777778,68.455,25.0955193482688
2026-06-28,IOS,dhgate_dpa-ios_US_ACT&Nopay 30D_purchase_IAP_Kelsey_20260515,y55faIMh7doL5RvO,98.15,9459,210,10,425.89,dpa-ios,10.376361137541,0.467380952380952,0.0222010783380907,9.815,42.589,4.33917473255222
2026-06-28,ANDROID,dhgate_dpa-and_US_ACT&Nopay 30D_purchase_IAP_Kelsey_20260511,M0ZXR7rklCeN7J9o,98.27,8585,649,2,49.93,dpa-and,11.44670937682,0.151417565485362,0.0755969714618521,49.135,24.965,0.508089956243004
2026-06-28,IOS,dhgate_product337_T1_ACT&Nopay 30D_purchase_IAP_Kelsey_20260513,pMbmqjxpXWy9uySH,46.13,11218,311,5,202.36,product337,4.11214120164022,0.148327974276527,0.0277233018363345,9.226,40.472,4.38673314545849
2026-06-28,ANDROID,dhgate_product315_UK_ACT&Nopay 30D_purchase_IAP_Kelsey_20260425,bedUOEtGfoRFbmze,49.69,7395,593,9,208.36,product315,6.71940500338066,0.0837942664418212,0.0801893171061528,5.52111111111111,23.1511111111111,4.19319782652445
2026-06-28,ANDROID,dhgate_product337_T1_ACT&Nopay 30D_purchase_IAP_Kelsey_20260513,Hi3okRpzvLX7H2oQ,49.86,21677,850,7,280.21,product337,2.30013378234996,0.0586588235294118,0.0392120680906029,7.12285714285714,40.03,5.61993582029683
2026-06-28,IOS,dhgate_product340_US_Purchase 30D_purchase_IAP_Kelsey_20260516,yznk4uz7IRlNu5TH,96.07,7072,360,17,881.78,product340,13.5845588235294,0.266861111111111,0.0509049773755656,5.65117647058824,51.8694117647059,9.17851566566046
2026-06-28,ANDROID,dhgate_product384_T1_ACT&Nopay 30D_purchase_IAP_Kelsey_20260627,S76pXwyrVvtdre2B,34.95,6871,2989,1,31.23,product384,5.08659583757823,0.0116928738708598,0.435016737010624,34.95,31.23,0.893562231759657
2026-06-28,IOS,dhgate_product350_US_Purchase 30D_purchase_IAP_Kelsey_20260517,eZwoS7yMwcYqxbzm,43.33,3775,130,1,16.53,product350,11.4781456953642,0.333307692307692,0.0344370860927152,43.33,16.53,0.381490883914147
2026-06-28,IOS,dhgate_product384_T1_ACT&Nopay 30D_purchase_IAP_Kelsey_20260627,HgoIpNDJKiz1hrzc,34.0,2316,1451,0,0.0,product384,14.6804835924007,0.0234321157822192,0.626511226252159,,,0.0
2026-06-28,IOS,dhgate_product383_T1_ACT&Nopay 30D_purchase_IAP_Kelsey_20260626,uiO2PRDkEzMT0Wbd,31.3,1977,1188,1,41.97,product383,15.8320687910976,0.0263468013468013,0.600910470409712,31.3,41.97,1.3408945686901
2026-06-28,ANDROID,dhgate_product383_T1_ACT&Nopay 30D_purchase_IAP_Kelsey_20260626,ngOjt7k0ODbX8WPx,38.8,4493,2378,4,244.23,product383,8.6356554640552,0.0163162321278385,0.529267749833074,9.7,61.0575,6.29458762886598
2026-06-28,ANDROID,dhgate_product382_US_ACT&Nopay 30D_purchase_IAP_Kelsey_20260625,PhCf6h2ErxzodBul,44.34,2764,969,2,90.21,product382,16.0419681620839,0.0457585139318885,0.350578871201158,22.17,45.105,2.03450608930988
2026-06-28,IOS,dhgate_product382_US_ACT&Nopay 30D_purchase_IAP_Kelsey_202600625,JMJguQWJx5gOS4u0,44.56,1350,749,0,0.0,product382,33.0074074074074,0.0594926568758345,0.554814814814815,,,0.0
2026-06-28,IOS,dhgate_product381_US_ACT&Nopay 30D_purchase_IAP_Kelsey_20260624,koAG4uPwaNuNbSsi,38.96,1187,627,2,194.07,product381,32.8222409435552,0.0621371610845295,0.528222409435552,19.48,97.035,4.98126283367556
2026-06-28,IOS,dhgate_product377_T1_Purchase 30D_purchase_IAP_Kelsey_20260613,ImdbSHRgpaEHQaDV,49.74,7575,498,14,505.02,product377,6.56633663366337,0.0998795180722892,0.0657425742574258,3.55285714285714,36.0728571428571,10.1531966224367
2026-06-28,ANDROID,dhgate_product377_T1_Purchase 30D_purchase_IAP_Kelsey_20260613,jQWebXWoq2Emp98e,50.33,9169,618,7,256.03,product377,5.48914821681754,0.0814401294498382,0.0674010251935871,7.19,36.5757142857143,5.08702563083648
2026-06-28,ANDROID,dhgate_product381_US_ACT&Nopay 30D_purchase_IAP_Kelsey_20260624,yznhjyRpVHJVEi6T,47.82,1999,782,0,0.0,product381,23.9219609804902,0.061150895140665,0.391195597798899,,,0.0
2026-06-28,IOS,dhgate_product375_US_Purchase 30D_purchase_IAP_Kelsey_20260611,M84dXzdTmnAdI0a1,48.74,4015,217,4,172.96,product375,12.1394769613948,0.224608294930876,0.0540473225404732,12.185,43.24,3.54862535904801
2026-06-28,ANDROID,dhgate_product376_US_Purchase 30D_purchase_IAP_Kelsey_20260612,OGOAsivo1SSZARzD,49.94,6060,431,9,275.89,product376,8.24092409240924,0.115870069605568,0.0711221122112211,5.54888888888889,30.6544444444444,5.52442931517821
2026-06-28,IOS,dhgate_product364_US_Purchase 30D_purchase_IAP_Kelsey_20260527,qX4oco28gDbrpBri,41.97,3856,163,13,463.74,product364,10.8843360995851,0.257484662576687,0.0422717842323652,3.22846153846154,35.6723076923077,11.0493209435311
2026-06-28,ANDROID,dhgate_product367_UK_Purchase 30D_purchase_IAP_Kelsey_20260530,AsUotp8z2P369W1o,49.1,6229,369,24,939.59,product367,7.88248515010435,0.133062330623306,0.0592390431851019,2.04583333333333,39.1495833333333,19.1362525458248
2026-06-28,ANDROID,dhgate_product368_T1_Purchase 30D_purchase_IAP_Kelsey_20260531,b3s2CGS3sMxfFWgV,50.18,9749,589,6,497.16,product368,5.1471945840599,0.085195246179966,0.0604164529695353,8.36333333333333,82.86,9.90753288162615
2026-06-28,IOS,dhgate_product357_UK_ACT&Nopay 30D_purchase_IAP_Kelsey_20260521,secYrwGRxGvE22kr,44.19,4298,294,15,587.56,product357,10.2815262912983,0.15030612244898,0.0684039087947883,2.946,39.1706666666667,13.296220864449
2026-06-28,IOS,dhgate_product372_T1_ACT&Nopay 30D_purchase_IAP_Kelsey_20260605,U4gzqzcEnoe3yurD,45.37,10372,512,15,755.3,product372,4.37427689934439,0.08861328125,0.0493636714230621,3.02466666666667,50.3533333333333,16.647564469914
2026-06-28,ANDROID,dhgate_product374_US_ACT&Nopay 30D_purchase_IAP_Kelsey_20260610,lHtOeUxHZghwmdpM,100.69,5262,1159,9,282.59,product374,19.135309768149,0.0868766177739431,0.220258456860509,11.1877777777778,31.3988888888889,2.80653490912702
2026-06-28,ANDROID,dhgate_product375_US_Purchase 30D_purchase_IAP_Kelsey_20260611,ZmROz0lvQRxsi3uG,50.06,5464,398,8,579.82,product375,9.16178623718887,0.125778894472362,0.0728404099560761,6.2575,72.4775,11.5825009988014
2026-06-28,IOS,dhgate_product368_T1_Purchase 30D_purchase_IAP_Kelsey_20260531,Ta2k2BeVyS7dWN4n,48.59,8486,316,5,231.66,product368,5.72590148479849,0.15376582278481,0.0372378034409616,9.718,46.332,4.76764766412842
2026-06-29,ANDROID,dhgate_product317_UK_ACT&Nopay 30D_purchase_IAP_Kelsey_20260427,tDzMEZEldS4Kei0r,50.18,7236,595,14,415.7,product317,6.93477059148701,0.0843361344537815,0.0822277501381979,3.58428571428571,29.6928571428571,8.28417696293344
2026-06-29,IOS,dhgate_product337_T1_ACT&Nopay 30D_purchase_IAP_Kelsey_20260513,pMbmqjxpXWy9uySH,46.98,9257,301,2,89.9,product337,5.07507831910986,0.156079734219269,0.0325159338878686,23.49,44.95,1.91358024691358
2026-06-29,IOS,dhgate_product336_T1_Purchase 30D_purchase_IAP_Kelsey_20260512,IbA1O59ht1JcwImf,31.56,5316,202,5,335.96,product336,5.93679458239278,0.156237623762376,0.0379984951091046,6.312,67.192,10.6451204055767
2026-06-29,IOS,dhgate_product326_US_ACT&Nopay 30D_purchase_IAP_Kelsey_20260506,zMf9PKJzCf4uVI7T,46.8,6083,267,13,579.56,product326,7.69357225053428,0.175280898876405,0.0438928160447148,3.6,44.5815384615385,12.3837606837607
2026-06-29,ANDROID,dhgate_product322_US_Purchase 30D_purchase_IAP_Kelsey_20260504,UEOt0CeUKtYLfLaH,37.97,4522,355,6,143.86,product322,8.39672711189739,0.106957746478873,0.0785050862450243,6.32833333333333,23.9766666666667,3.78878061627601
2026-06-29,IOS,dhgate_product319_US_Purchase 30D_purchase_IAP_Kelsey_20260429,SGOG7us7fBY7c5lH,97.36,10876,780,18,725.44,product319,8.95182052225083,0.124820512820513,0.0717175432144171,5.40888888888889,40.3022222222222,7.45110928512736
2026-06-29,IOS,dhgate_product318_T1_Purchase 30D_purchase_IAP_Kelsey_20260428,mayu0PGeMJEYQhWJ,99.28,10008,774,32,1675.42,product318,9.92006394884093,0.128268733850129,0.0773381294964029,3.1025,52.356875,16.8757050765512
2026-06-29,IOS,dhgate_product317_UK_ACT&Nopay 30D_purchase_IAP_Kelsey_20260427,H9HAtL9q0yyc4Gdy,98.87,6263,592,16,603.31,product317,15.7863643621268,0.167010135135135,0.0945233913460003,6.179375,37.706875,6.10205320117326
2026-06-29,ANDROID,dhgate_product317_FR_ACT&Nopay 30D_purchase_IAP_Kelsey_20260526,zbor8ujPF081oChW,47.03,4896,1717,10,509.05,product317,9.60580065359477,0.0273907979033197,0.350694444444444,4.703,50.905,10.8239421645758
2026-06-29,ANDROID,dhgate_product337_T1_ACT&Nopay 30D_purchase_IAP_Kelsey_20260513,Hi3okRpzvLX7H2oQ,48.81,19356,965,20,750.05,product337,2.52169869807812,0.050580310880829,0.0498553420128126,2.4405,37.5025,15.3667281294817
2026-06-29,IOS,dhgate_product314_UK_Purchase 30D_purchase_IAP_Kelsey_20260424,NmHyz3ZrSwNTmf0j,46.34,3264,216,8,299.21,product314,14.1973039215686,0.214537037037037,0.0661764705882353,5.7925,37.40125,6.45684074233923
2026-06-29,IOS,dhgate_product301_US_ACT&Nopay 30D_purchase_IAP_Kelsey_20260422,OG6WHvKPBaUM1wDo,49.06,9757,201,7,404.34,product301,5.02818489289741,0.24407960199005,0.0206005944450138,7.00857142857143,57.7628571428571,8.24174480228292
2026-06-29,IOS,dhgate_product300_T1_Purchase 30D_purchase_IAP_Kelsey_20260421,wGMfDvBHm0s02IeZ,50.04,6181,367,6,947.45,product300,8.0957773823006,0.136348773841962,0.0593755055816211,8.34,157.908333333333,18.9338529176659
2026-06-29,ANDROID,dhgate_product148_T1_Purchase 30D_purchase_IAP_Kelsey_20260415,dVlitdxzfmXStKCR,48.74,8978,601,8,344.82,product148,5.42882601915794,0.0810981697171381,0.0669414123412787,6.0925,43.1025,7.07468198604842
2026-06-29,IOS,dhgate_product138_FR_ACT&Nopay 30D_purchase_IAP_Kelsey_20260403,zNcB24si9mbzBPed,97.89,13397,1339,41,1930.71,product138,7.30685974471897,0.0731067961165049,0.0999477494961559,2.38756097560976,47.0904878048781,19.7232608029421
2026-06-29,IOS,dhgate_product137_US_Purchase 30D_purchase_IAP_Kelsey_20260402,Eo7scqEETcYxo6WH,45.41,3066,148,2,83.88,product137,14.8108284409654,0.306824324324324,0.0482713633398565,22.705,41.94,1.84717022682229
2026-06-29,IOS,dhgate_dpa-ios_US_ACT&Nopay 30D_purchase_IAP_Kelsey_20260515,y55faIMh7doL5RvO,95.04,9310,246,5,223.79,dpa-ios,10.2083780880773,0.386341463414634,0.0264232008592911,19.008,44.758,2.35469276094276
2026-06-29,ANDROID,dhgate_dpa-and_US_ACT&Nopay 30D_purchase_IAP_Kelsey_20260511,M0ZXR7rklCeN7J9o,100.8,14038,594,2,167.72,dpa-and,7.18051004416584,0.16969696969697,0.0423137199031201,50.4,83.86,1.66388888888889
2026-06-29,ANDROID,dhgate_product315_UK_ACT&Nopay 30D_purchase_IAP_Kelsey_20260425,bedUOEtGfoRFbmze,50.43,7230,576,8,339.71,product315,6.97510373443983,0.0875520833333333,0.0796680497925311,6.30375,42.46375,6.73626809438826
2026-06-29,IOS,dhgate_product340_US_Purchase 30D_purchase_IAP_Kelsey_20260516,yznk4uz7IRlNu5TH,100.27,6488,388,7,538.45,product340,15.4546855733662,0.258427835051546,0.0598027127003699,14.3242857142857,76.9214285714286,5.37000099730727
2026-06-29,IOS,dhgate_product385_UK_ACT&Nopay 30D_purchase_IAP_Kelsey_20260629,c0t3kucHhrc7ADQK,10.96,399,221,0,0.0,product385,27.468671679198,0.0495927601809955,0.553884711779449,,,0.0
2026-06-29,IOS,dhgate_product357_UK_ACT&Nopay 30D_purchase_IAP_Kelsey_20260521,secYrwGRxGvE22kr,44.26,3908,268,22,644.65,product357,11.3254861821904,0.165149253731343,0.0685772773797339,2.01181818181818,29.3022727272727,14.5650700406688
2026-06-29,ANDROID,dhgate_product384_T1_ACT&Nopay 30D_purchase_IAP_Kelsey_20260627,S76pXwyrVvtdre2B,48.56,7828,2875,3,208.89,product384,6.20337250894226,0.0168904347826087,0.367271333673991,16.1866666666667,69.63,4.30168863261944
2026-06-29,IOS,dhgate_product350_US_Purchase 30D_purchase_IAP_Kelsey_20260517,eZwoS7yMwcYqxbzm,49.92,3683,146,8,354.92,product350,13.5541677979908,0.341917808219178,0.0396415965245724,6.24,44.365,7.10977564102564
2026-06-29,IOS,dhgate_product383_T1_ACT&Nopay 30D_purchase_IAP_Kelsey_20260626,uiO2PRDkEzMT0Wbd,38.84,2378,1350,1,33.79,product383,16.3330529857023,0.0287703703703704,0.567703952901598,38.84,33.79,0.869979402677652
2026-06-29,ANDROID,dhgate_product383_T1_ACT&Nopay 30D_purchase_IAP_Kelsey_20260626,ngOjt7k0ODbX8WPx,39.96,4382,2238,12,355.77,product383,9.11912368781378,0.0178552278820375,0.51072569602921,3.33,29.6475,8.90315315315315
2026-06-29,ANDROID,dhgate_product382_US_ACT&Nopay 30D_purchase_IAP_Kelsey_20260625,PhCf6h2ErxzodBul,36.75,2390,775,0,0.0,product382,15.3765690376569,0.0474193548387097,0.324267782426778,,,0.0
2026-06-29,IOS,dhgate_product382_US_ACT&Nopay 30D_purchase_IAP_Kelsey_202600625,JMJguQWJx5gOS4u0,31.31,986,518,2,58.25,product382,31.7545638945233,0.0604440154440154,0.525354969574037,15.655,29.125,1.8604279782817
2026-06-29,ANDROID,dhgate_product381_US_ACT&Nopay 30D_purchase_IAP_Kelsey_20260624,yznhjyRpVHJVEi6T,37.89,1947,594,0,0.0,product381,19.4607087827427,0.0637878787878788,0.305084745762712,,,0.0
2026-06-29,IOS,dhgate_product381_US_ACT&Nopay 30D_purchase_IAP_Kelsey_20260624,koAG4uPwaNuNbSsi,36.69,1227,637,5,248.04,product381,29.9022004889976,0.0575981161695447,0.519152404237979,7.338,49.608,6.76042518397384
2026-06-29,IOS,dhgate_product377_T1_Purchase 30D_purchase_IAP_Kelsey_20260613,ImdbSHRgpaEHQaDV,46.67,6052,425,10,309.4,product377,7.71150033046927,0.109811764705882,0.0702247191011236,4.667,30.94,6.62952646239554
2026-06-29,IOS,dhgate_product384_T1_ACT&Nopay 30D_purchase_IAP_Kelsey_20260627,HgoIpNDJKiz1hrzc,38.7,2119,1136,6,193.6,product384,18.2633317602643,0.0340669014084507,0.536101934874941,6.45,32.2666666666667,5.00258397932817
2026-06-29,ANDROID,dhgate_product376_US_Purchase 30D_purchase_IAP_Kelsey_20260612,OGOAsivo1SSZARzD,44.83,5720,429,6,294.58,product376,7.83741258741259,0.104498834498835,0.075,7.47166666666667,49.0966666666667,6.57104617443676
2026-06-29,ANDROID,dhgate_product377_T1_Purchase 30D_purchase_IAP_Kelsey_20260613,jQWebXWoq2Emp98e,50.13,8151,566,6,336.04,product377,6.15016562384983,0.0885689045936396,0.0694393325972273,8.355,56.0066666666667,6.70337123478955
2026-06-29,ANDROID,dhgate_product367_UK_Purchase 30D_purchase_IAP_Kelsey_20260530,AsUotp8z2P369W1o,46.88,6359,348,8,1173.7,product367,7.37222833778896,0.134712643678161,0.0547255857839283,5.86,146.7125,25.0362627986348
2026-06-29,ANDROID,dhgate_product368_T1_Purchase 30D_purchase_IAP_Kelsey_20260531,b3s2CGS3sMxfFWgV,48.46,8553,591,8,225.36,product368,5.66584824038349,0.0819966159052454,0.0690985619081024,6.0575,28.17,4.65043334709038
2026-06-29,IOS,dhgate_product368_T1_Purchase 30D_purchase_IAP_Kelsey_20260531,Ta2k2BeVyS7dWN4n,44.53,6962,316,9,406.73,product368,6.39615053145648,0.140917721518987,0.0453892559609308,4.94777777777778,45.1922222222222,9.13384235346957
2026-06-29,IOS,dhgate_product364_US_Purchase 30D_purchase_IAP_Kelsey_20260527,qX4oco28gDbrpBri,47.32,3946,159,17,2379.73,product364,11.9918905220476,0.297610062893082,0.0402939685757729,2.78352941176471,139.984117647059,50.2901521555368
2026-06-29,ANDROID,dhgate_product374_US_ACT&Nopay 30D_purchase_IAP_Kelsey_20260610,lHtOeUxHZghwmdpM,92.41,7572,1090,10,442.74,product374,12.2041732699419,0.0847798165137615,0.143951399894348,9.241,44.274,4.79103993074343
2026-06-29,ANDROID,dhgate_product375_US_Purchase 30D_purchase_IAP_Kelsey_20260611,ZmROz0lvQRxsi3uG,46.89,5967,455,4,354.71,product375,7.85822021116139,0.103054945054945,0.0762527233115468,11.7225,88.6775,7.56472595436127
2026-06-29,IOS,dhgate_product375_US_Purchase 30D_purchase_IAP_Kelsey_20260611,M84dXzdTmnAdI0a1,50.13,3876,171,11,379.61,product375,12.9334365325077,0.293157894736842,0.0441176470588235,4.55727272727273,34.51,7.57251147017754
2026-06-29,IOS,dhgate_product372_T1_ACT&Nopay 30D_purchase_IAP_Kelsey_20260605,U4gzqzcEnoe3yurD,50.2,8676,566,6,457.45,product372,5.7860765329645,0.0886925795053004,0.0652374366067312,8.36666666666667,76.2416666666667,9.11254980079681
2026-06-30,ANDROID,dhgate_product376_US_Purchase 30D_purchase_IAP_Kelsey_20260612,OGOAsivo1SSZARzD,49.02,5392,468,9,349.44,product376,9.09124629080119,0.10474358974359,0.0867952522255193,5.44666666666667,38.8266666666667,7.12851897184823
2026-06-30,IOS,dhgate_product368_T1_Purchase 30D_purchase_IAP_Kelsey_20260531,Ta2k2BeVyS7dWN4n,49.7,8759,356,3,94.64,product368,5.67416371731933,0.139606741573034,0.0406439091220459,16.5666666666667,31.5466666666667,1.90422535211268
2026-06-30,IOS,dhgate_product372_T1_ACT&Nopay 30D_purchase_IAP_Kelsey_20260605,U4gzqzcEnoe3yurD,47.72,9975,569,20,612.83,product372,4.78395989974937,0.0838664323374341,0.0570426065162907,2.386,30.6415,12.842204526404
2026-06-30,ANDROID,dhgate_product374_US_ACT&Nopay 30D_purchase_IAP_Kelsey_20260610,lHtOeUxHZghwmdpM,50.45,3781,755,13,586.21,product374,13.3430309441947,0.0668211920529801,0.199682623644538,3.88076923076923,45.0930769230769,11.6196233894946
2026-06-30,ANDROID,dhgate_product375_US_Purchase 30D_purchase_IAP_Kelsey_20260611,ZmROz0lvQRxsi3uG,50.11,5008,401,6,356.56,product375,10.0059904153355,0.124962593516209,0.0800718849840256,8.35166666666667,59.4266666666667,7.11554579924167
2026-06-30,IOS,dhgate_product375_US_Purchase 30D_purchase_IAP_Kelsey_20260611,M84dXzdTmnAdI0a1,26.31,2416,86,3,134.44,product375,10.8899006622517,0.30593023255814,0.0355960264900662,8.77,44.8133333333333,5.10984416571646
2026-06-30,ANDROID,dhgate_product377_T1_Purchase 30D_purchase_IAP_Kelsey_20260613,jQWebXWoq2Emp98e,50.14,8059,618,13,408.09,product377,6.22161558506018,0.0811326860841424,0.0766844521652811,3.85692307692308,31.3915384615385,8.13901076984444
2026-06-30,ANDROID,dhgate_product384_T1_ACT&Nopay 30D_purchase_IAP_Kelsey_20260627,S76pXwyrVvtdre2B,42.04,5712,2297,13,546.88,product384,7.35994397759104,0.0183021332172399,0.402135854341737,3.23384615384615,42.0676923076923,13.0085632730733
2026-06-30,IOS,dhgate_product381_US_ACT&Nopay 30D_purchase_IAP_Kelsey_20260624,koAG4uPwaNuNbSsi,41.78,1423,756,11,974.62,product381,29.3605059732959,0.0552645502645503,0.531271960646521,3.79818181818182,88.6018181818182,23.3274293920536
2026-06-30,IOS,dhgate_product383_T1_ACT&Nopay 30D_purchase_IAP_Kelsey_20260626,uiO2PRDkEzMT0Wbd,21.27,1476,853,8,276.84,product383,14.4105691056911,0.0249355216881594,0.577913279132791,2.65875,34.605,13.015514809591
2026-06-30,ANDROID,dhgate_product383_T1_ACT&Nopay 30D_purchase_IAP_Kelsey_20260626,ngOjt7k0ODbX8WPx,39.39,5194,2248,11,377.97,product383,7.58375048132461,0.0175222419928826,0.43280708509819,3.58090909090909,34.3609090909091,9.5955826351866
2026-06-30,IOS,dhgate_product384_T1_ACT&Nopay 30D_purchase_IAP_Kelsey_20260627,HgoIpNDJKiz1hrzc,35.8,2206,1366,4,212.89,product384,16.2284678150499,0.026207906295754,0.619220308250227,8.95,53.2225,5.94664804469274
2026-06-30,IOS,dhgate_product385_UK_ACT&Nopay 30D_purchase_IAP_Kelsey_20260629,c0t3kucHhrc7ADQK,50.16,1528,757,0,0.0,product385,32.8272251308901,0.0662615587846764,0.495418848167539,,,0.0
2026-06-30,ANDROID,dhgate_product385_UK_ACT&Nopay 30D_purchase_IAP_Kelsey_20260630,VzqTPrFSQDRkzKZj,9.78,861,364,0,0.0,product385,11.3588850174216,0.0268681318681319,0.422764227642276,,,0.0
2026-06-30,IOS,dhgate_product386_US_Purchase 30D_purchase_IAP_Kelsey_20260630,kpNA9cC8I3HMEtHY,16.54,406,195,0,0.0,product386,40.7389162561576,0.0848205128205128,0.480295566502463,,,0.0
2026-06-30,IOS,dhgate_product377_T1_Purchase 30D_purchase_IAP_Kelsey_20260613,ImdbSHRgpaEHQaDV,47.25,7064,459,10,593.28,product377,6.68884484711212,0.102941176470588,0.0649773499433749,4.725,59.328,12.5561904761905
2026-06-30,ANDROID,dhgate_product368_T1_Purchase 30D_purchase_IAP_Kelsey_20260531,b3s2CGS3sMxfFWgV,50.39,8750,640,18,804.88,product368,5.75885714285714,0.078734375,0.0731428571428572,2.79944444444444,44.7155555555556,15.9730105179599
2026-06-30,ANDROID,dhgate_product367_UK_Purchase 30D_purchase_IAP_Kelsey_20260530,AsUotp8z2P369W1o,50.23,6128,374,10,335.08,product367,8.19680156657963,0.134304812834225,0.0610313315926893,5.023,33.508,6.67091379653593
2026-06-30,IOS,dhgate_product357_UK_ACT&Nopay 30D_purchase_IAP_Kelsey_20260521,secYrwGRxGvE22kr,44.19,4381,285,15,426.81,product357,10.0867381876284,0.155052631578947,0.0650536407212965,2.946,28.454,9.65852002715547
2026-06-30,ANDROID,dhgate_dpa-and_US_ACT&Nopay 30D_purchase_IAP_Kelsey_20260511,M0ZXR7rklCeN7J9o,100.53,14306,658,5,323.36,dpa-and,7.02712148748777,0.152781155015198,0.045994687543688,20.106,64.672,3.21655227295335
2026-06-30,IOS,dhgate_dpa-ios_US_ACT&Nopay 30D_purchase_IAP_Kelsey_20260515,y55faIMh7doL5RvO,100.36,9897,253,5,151.05,dpa-ios,10.1404465999798,0.396679841897233,0.0255633020107103,20.072,30.21,1.50508170585891
2026-06-30,IOS,dhgate_product137_US_Purchase 30D_purchase_IAP_Kelsey_20260402,Eo7scqEETcYxo6WH,44.98,3535,129,6,316.23,product137,12.7241867043847,0.348682170542636,0.0364922206506365,7.49666666666667,52.705,7.03045798132503
2026-06-30,IOS,dhgate_product138_FR_ACT&Nopay 30D_purchase_IAP_Kelsey_20260403,zNcB24si9mbzBPed,96.34,14506,1487,15,793.87,product138,6.64138976975045,0.0647881640887693,0.102509306493865,6.42266666666667,52.9246666666667,8.24029478928794
2026-06-30,ANDROID,dhgate_product148_T1_Purchase 30D_purchase_IAP_Kelsey_20260415,dVlitdxzfmXStKCR,50.32,8935,654,16,678.37,product148,5.6317851147174,0.0769418960244648,0.0731952993844432,3.145,42.398125,13.4811208267091
2026-06-30,IOS,dhgate_product300_T1_Purchase 30D_purchase_IAP_Kelsey_20260421,wGMfDvBHm0s02IeZ,48.18,6872,352,7,360.07,product300,7.01105937136205,0.136875,0.0512223515715949,6.88285714285714,51.4385714285714,7.47343295973433
2026-06-30,IOS,dhgate_product301_US_ACT&Nopay 30D_purchase_IAP_Kelsey_20260422,OG6WHvKPBaUM1wDo,48.78,10095,215,6,364.89,product301,4.83209509658247,0.226883720930233,0.0212976721149084,8.13,60.815,7.48031980319803
2026-06-30,IOS,dhgate_product314_UK_Purchase 30D_purchase_IAP_Kelsey_20260424,NmHyz3ZrSwNTmf0j,45.64,3800,221,5,130.95,product314,12.0105263157895,0.206515837104072,0.0581578947368421,9.128,26.19,2.86919368974584
2026-06-30,ANDROID,dhgate_product315_UK_ACT&Nopay 30D_purchase_IAP_Kelsey_20260425,bedUOEtGfoRFbmze,50.2,7079,596,3,92.93,product315,7.09139708998446,0.0842281879194631,0.0841926825822856,16.7333333333333,30.9766666666667,1.85119521912351
2026-06-30,IOS,dhgate_product364_US_Purchase 30D_purchase_IAP_Kelsey_20260527,qX4oco28gDbrpBri,67.68,5490,271,4,126.3,product364,12.327868852459,0.249741697416974,0.0493624772313297,16.92,31.575,1.86613475177305
2026-06-30,ANDROID,dhgate_product317_UK_ACT&Nopay 30D_purchase_IAP_Kelsey_20260427,tDzMEZEldS4Kei0r,50.46,7303,609,7,215.6,product317,6.90948925099274,0.0828571428571429,0.0833903875119814,7.20857142857143,30.8,4.2726912405866
2026-06-30,IOS,dhgate_product317_UK_ACT&Nopay 30D_purchase_IAP_Kelsey_20260427,H9HAtL9q0yyc4Gdy,90.66,6629,535,14,466.9,product317,13.6762709307588,0.169457943925234,0.0807059888369286,6.47571428571429,33.35,5.15001103022281
2026-06-30,IOS,dhgate_product318_T1_Purchase 30D_purchase_IAP_Kelsey_20260428,mayu0PGeMJEYQhWJ,96.62,11913,816,27,1027.55,product318,8.11046755645094,0.118406862745098,0.068496600352556,3.57851851851852,38.0574074074074,10.634961705651
2026-06-30,IOS,dhgate_product319_US_Purchase 30D_purchase_IAP_Kelsey_20260429,SGOG7us7fBY7c5lH,97.52,12713,848,17,685.7,product319,7.67088806733265,0.115,0.0667033744985448,5.73647058823529,40.3352941176471,7.03137817883511
2026-06-30,IOS,dhgate_product326_US_ACT&Nopay 30D_purchase_IAP_Kelsey_20260506,zMf9PKJzCf4uVI7T,50.05,7048,249,17,669.83,product326,7.10130533484676,0.201004016064257,0.0353291713961408,2.94411764705882,39.4017647058824,13.3832167832168
2026-06-30,IOS,dhgate_product337_T1_ACT&Nopay 30D_purchase_IAP_Kelsey_20260513,pMbmqjxpXWy9uySH,50.11,11820,299,1,24.93,product337,4.23942470389171,0.167591973244147,0.0252961082910321,50.11,24.93,0.497505487926562
2026-06-30,ANDROID,dhgate_product337_T1_ACT&Nopay 30D_purchase_IAP_Kelsey_20260513,Hi3okRpzvLX7H2oQ,50.11,17732,869,4,79.41,product337,2.82596435822242,0.0576639815880322,0.0490074441687345,12.5275,19.8525,1.58471363001397
2026-06-30,IOS,dhgate_product340_US_Purchase 30D_purchase_IAP_Kelsey_20260516,yznk4uz7IRlNu5TH,99.67,6939,323,13,1268.1,product340,14.3637411730797,0.308575851393189,0.0465484940193111,7.66692307692308,97.5461538461539,12.7229858533159
2026-06-30,IOS,dhgate_product350_US_Purchase 30D_purchase_IAP_Kelsey_20260517,eZwoS7yMwcYqxbzm,45.27,3945,111,8,442.38,product350,11.4752851711027,0.407837837837838,0.0281368821292776,5.65875,55.2975,9.77203445990722
2026-06-30,ANDROID,dhgate_product317_FR_ACT&Nopay 30D_purchase_IAP_Kelsey_20260526,zbor8ujPF081oChW,42.87,4533,1785,9,371.19,product317,9.45731303772336,0.0240168067226891,0.393778954334878,4.76333333333333,41.2433333333333,8.65850244926522
2026-07-01,IOS,dhgate_product317_UK_ACT&Nopay 30D_purchase_IAP_Kelsey_20260427,H9HAtL9q0yyc4Gdy,96.44,6692,629,14,449.39,product317,14.4112372982666,0.153322734499205,0.0939928272564256,6.88857142857143,32.0992857142857,4.65978846951472
2026-07-01,IOS,dhgate_product318_T1_Purchase 30D_purchase_IAP_Kelsey_20260428,mayu0PGeMJEYQhWJ,100.46,11027,902,33,1253.98,product318,9.11036546658202,0.111374722838137,0.0817992200961277,3.04424242424242,37.999393939394,12.482381047183
2026-07-01,IOS,dhgate_product319_US_Purchase 30D_purchase_IAP_Kelsey_20260429,SGOG7us7fBY7c5lH,100.39,11726,878,21,1299.74,product319,8.56131673204844,0.114339407744875,0.0748763431690261,4.78047619047619,61.892380952381,12.9469070624564
2026-07-01,IOS,dhgate_product340_US_Purchase 30D_purchase_IAP_Kelsey_20260516,yznk4uz7IRlNu5TH,100.13,7262,299,11,349.42,product340,13.7882126136051,0.334882943143813,0.0411732305150096,9.10272727272727,31.7654545454545,3.48966343753121
2026-07-01,IOS,dhgate_product337_T1_ACT&Nopay 30D_purchase_IAP_Kelsey_20260513,pMbmqjxpXWy9uySH,50.11,11159,306,3,184.25,product337,4.49054574782687,0.163758169934641,0.0274218119903217,16.7033333333333,61.4166666666667,3.67691079624825
2026-07-01,ANDROID,dhgate_product337_T1_ACT&Nopay 30D_purchase_IAP_Kelsey_20260513,Hi3okRpzvLX7H2oQ,50.13,20822,801,6,139.73,product337,2.40754970704063,0.0625842696629214,0.0384689270963404,8.355,23.2883333333333,2.78735288250549
2026-07-01,ANDROID,dhgate_product317_UK_ACT&Nopay 30D_purchase_IAP_Kelsey_20260427,tDzMEZEldS4Kei0r,62.21,8844,758,6,134.15,product317,7.03414744459521,0.0820712401055409,0.0857078245137947,10.3683333333333,22.3583333333333,2.15640572255264
2026-07-01,IOS,dhgate_product326_US_ACT&Nopay 30D_purchase_IAP_Kelsey_20260506,zMf9PKJzCf4uVI7T,48.73,7488,242,8,585.54,product326,6.50774572649573,0.201363636363636,0.0323183760683761,6.09125,73.1925,12.0160065667966
2026-07-01,ANDROID,dhgate_product317_FR_ACT&Nopay 30D_purchase_IAP_Kelsey_20260526,zbor8ujPF081oChW,57.36,5554,2138,21,927.62,product317,10.327691753691,0.0268288119738073,0.384947785379906,2.73142857142857,44.172380952381,16.1718967921897
2026-07-01,ANDROID,dhgate_product148_T1_Purchase 30D_purchase_IAP_Kelsey_20260415,dVlitdxzfmXStKCR,66.6,11209,855,33,1446.56,product148,5.9416540280132,0.0778947368421053,0.0762779909001695,2.01818181818182,43.8351515151515,21.7201201201201
2026-07-01,IOS,dhgate_product314_UK_Purchase 30D_purchase_IAP_Kelsey_20260424,NmHyz3ZrSwNTmf0j,60.56,4333,273,12,597.27,product314,13.9764597276714,0.221831501831502,0.0630048465266559,5.04666666666667,49.7725,9.86245046235139
2026-07-01,IOS,dhgate_product301_US_ACT&Nopay 30D_purchase_IAP_Kelsey_20260422,OG6WHvKPBaUM1wDo,50.07,10580,180,2,90.6,product301,4.73251417769376,0.278166666666667,0.0170132325141777,25.035,45.3,1.80946674655482
2026-07-01,IOS,dhgate_product300_T1_Purchase 30D_purchase_IAP_Kelsey_20260421,wGMfDvBHm0s02IeZ,62.71,7358,493,7,243.94,product300,8.5226963848872,0.127200811359026,0.0670019026909486,8.95857142857143,34.8485714285714,3.88996970180195
2026-07-01,IOS,dhgate_product138_FR_ACT&Nopay 30D_purchase_IAP_Kelsey_20260403,zNcB24si9mbzBPed,112.21,15827,1662,37,1983.13,product138,7.08978328173375,0.0675150421179302,0.105010425222721,3.0327027027027,53.5981081081081,17.6733802691382
2026-07-01,IOS,dhgate_product137_US_Purchase 30D_purchase_IAP_Kelsey_20260402,Eo7scqEETcYxo6WH,55.11,4083,131,13,470.66,product137,13.4974283614989,0.420687022900763,0.0320842517756552,4.23923076923077,36.2046153846154,8.54037379785883
2026-07-01,IOS,dhgate_dpa-ios_US_ACT&Nopay 30D_purchase_IAP_Kelsey_20260515,y55faIMh7doL5RvO,98.69,10688,221,2,60.44,dpa-ios,9.23372005988024,0.446561085972851,0.0206773952095808,49.345,30.22,0.612422737866045
2026-07-01,ANDROID,dhgate_dpa-and_US_ACT&Nopay 30D_purchase_IAP_Kelsey_20260511,M0ZXR7rklCeN7J9o,101.33,16927,610,4,201.97,dpa-and,5.98629408637089,0.166114754098361,0.0360371004903409,25.3325,50.4925,1.99319056547913
2026-07-01,IOS,dhgate_product350_US_Purchase 30D_purchase_IAP_Kelsey_20260517,eZwoS7yMwcYqxbzm,50.09,4360,117,14,1059.75,product350,11.4885321100917,0.428119658119658,0.0268348623853211,3.57785714285714,75.6964285714286,21.1569175484129
2026-07-01,ANDROID,dhgate_product315_UK_ACT&Nopay 30D_purchase_IAP_Kelsey_20260425,bedUOEtGfoRFbmze,50.28,7470,648,0,0.0,product315,6.73092369477912,0.0775925925925926,0.0867469879518072,,,0.0
2026-07-01,IOS,dhgate_product357_UK_ACT&Nopay 30D_purchase_IAP_Kelsey_20260521,secYrwGRxGvE22kr,54.31,4948,351,2,54.48,product357,10.9761519805982,0.154729344729345,0.0709377526273242,27.155,27.24,1.00313017860431
2026-07-01,IOS,dhgate_product364_US_Purchase 30D_purchase_IAP_Kelsey_20260527,qX4oco28gDbrpBri,113.72,8384,401,12,473.49,product364,13.5639312977099,0.28359102244389,0.0478291984732824,9.47666666666667,39.4575,4.16364755539923
2026-07-01,ANDROID,dhgate_product367_UK_Purchase 30D_purchase_IAP_Kelsey_20260530,AsUotp8z2P369W1o,62.04,7409,422,12,270.26,product367,8.37359967606965,0.147014218009479,0.0569577540828722,5.17,22.5216666666667,4.356221792392
2026-07-01,IOS,dhgate_product387_US_Purchase 30D_purchase_IAP_Kelsey_20260701,dqSpxpWzr1rTkEdk,13.03,280,132,0,0.0,product387,46.5357142857143,0.0987121212121212,0.471428571428571,,,0.0
2026-07-01,ANDROID,dhgate_product387_US_Purchase 30D_purchase_IAP_Kelsey_20260701,bz1mjZA2kGdyXeqz,3.71,274,40,0,0.0,product387,13.5401459854015,0.09275,0.145985401459854,,,0.0
2026-07-01,ANDROID,dhgate_product386_US_Purchase 30D_purchase_IAP_Kelsey_20260701,rJAl2dweZnU4qvuG,6.67,377,88,4,151.06,product386,17.6923076923077,0.0757954545454545,0.23342175066313,1.6675,37.765,22.647676161919
2026-07-01,IOS,dhgate_product386_US_Purchase 30D_purchase_IAP_Kelsey_20260630,kpNA9cC8I3HMEtHY,46.02,935,458,2,65.01,product386,49.2192513368984,0.100480349344978,0.489839572192513,23.01,32.505,1.41264667535854
2026-07-01,ANDROID,dhgate_product385_UK_ACT&Nopay 30D_purchase_IAP_Kelsey_20260630,VzqTPrFSQDRkzKZj,42.32,3284,1130,0,0.0,product385,12.8867235079172,0.0374513274336283,0.344092570036541,,,0.0
2026-07-01,IOS,dhgate_product385_UK_ACT&Nopay 30D_purchase_IAP_Kelsey_20260629,c0t3kucHhrc7ADQK,50.67,1510,779,2,38.76,product385,33.5562913907285,0.0650449293966624,0.515894039735099,25.335,19.38,0.764949674363529
2026-07-01,IOS,dhgate_product384_T1_ACT&Nopay 30D_purchase_IAP_Kelsey_20260627,HgoIpNDJKiz1hrzc,35.84,2231,1383,7,426.82,product384,16.0645450470641,0.0259146782357195,0.61990138951143,5.12,60.9742857142857,11.9090401785714
2026-07-01,ANDROID,dhgate_product384_T1_ACT&Nopay 30D_purchase_IAP_Kelsey_20260627,S76pXwyrVvtdre2B,47.97,7780,2573,8,277.42,product384,6.16580976863753,0.0186436066848037,0.330719794344473,5.99625,34.6775,5.78319783197832
2026-07-01,ANDROID,dhgate_product383_T1_ACT&Nopay 30D_purchase_IAP_Kelsey_20260626,ngOjt7k0ODbX8WPx,49.97,9292,2804,2,59.65,product383,5.37774429616875,0.017820970042796,0.301764959104606,24.985,29.825,1.19371622973784
2026-07-01,IOS,dhgate_product388_US_Purchase 30D_purchase_IAP_Kelsey_20260701,mGP5DRB6Zd0im4qF,7.92,166,83,0,0.0,product388,47.710843373494,0.095421686746988,0.5,,,0.0
2026-07-01,IOS,dhgate_product377_T1_Purchase 30D_purchase_IAP_Kelsey_20260613,ImdbSHRgpaEHQaDV,46.36,6305,478,16,646.47,product377,7.35289452815226,0.0969874476987448,0.0758128469468676,2.8975,40.404375,13.9445642795513
2026-07-01,ANDROID,dhgate_product377_T1_Purchase 30D_purchase_IAP_Kelsey_20260613,jQWebXWoq2Emp98e,50.09,9203,614,12,574.15,product377,5.4427903944366,0.0815798045602606,0.066717374769097,4.17416666666667,47.8458333333333,11.4623677380715
2026-07-01,ANDROID,dhgate_product376_US_Purchase 30D_purchase_IAP_Kelsey_20260612,OGOAsivo1SSZARzD,50.12,5670,478,1,30.68,product376,8.83950617283951,0.104853556485356,0.0843033509700176,50.12,30.68,0.612130885873903
2026-07-01,ANDROID,dhgate_product375_US_Purchase 30D_purchase_IAP_Kelsey_20260611,ZmROz0lvQRxsi3uG,54.89,5798,420,8,355.53,product375,9.46705760607106,0.130690476190476,0.0724387719903415,6.86125,44.44125,6.47713609036254
2026-07-01,ANDROID,dhgate_product374_US_ACT&Nopay 30D_purchase_IAP_Kelsey_20260610,lHtOeUxHZghwmdpM,50.22,7121,767,7,1167.27,product374,7.05238028366802,0.0654758800521512,0.10770959134953,7.17428571428571,166.752857142857,23.2431302270012
2026-07-01,IOS,dhgate_product372_T1_ACT&Nopay 30D_purchase_IAP_Kelsey_20260605,U4gzqzcEnoe3yurD,62.66,11346,810,9,350.29,product372,5.52265115459193,0.077358024691358,0.071390798519302,6.96222222222222,38.9211111111111,5.59032875837855
2026-07-01,IOS,dhgate_product368_T1_Purchase 30D_purchase_IAP_Kelsey_20260531,Ta2k2BeVyS7dWN4n,45.18,7489,350,8,354.05,product368,6.03284817732675,0.129085714285714,0.0467352116437442,5.6475,44.25625,7.83643204957946
2026-07-01,ANDROID,dhgate_product368_T1_Purchase 30D_purchase_IAP_Kelsey_20260531,b3s2CGS3sMxfFWgV,50.04,9406,568,10,394.5,product368,5.32000850520944,0.0880985915492958,0.0603869870295556,5.004,39.45,7.88369304556355
2026-07-01,IOS,dhgate_product381_US_ACT&Nopay 30D_purchase_IAP_Kelsey_20260624,koAG4uPwaNuNbSsi,46.48,1503,757,21,971.55,product381,30.9248170326015,0.0614002642007926,0.503659347970725,2.21333333333333,46.2642857142857,20.9025387263339
2026-07-02,IOS,dhgate_product317_UK_ACT&Nopay 30D_purchase_IAP_Kelsey_20260427,H9HAtL9q0yyc4Gdy,99.83,6168,609,26,951.6,product317,16.185149156939,0.163924466338259,0.0987354085603113,3.83961538461538,36.6,9.53220474807172
2026-07-02,IOS,dhgate_product318_T1_Purchase 30D_purchase_IAP_Kelsey_20260428,mayu0PGeMJEYQhWJ,100.32,11311,835,22,1004.07,product318,8.86924233047476,0.12014371257485,0.0738219432410927,4.56,45.6395454545455,10.0086722488038
2026-07-02,IOS,dhgate_product319_US_Purchase 30D_purchase_IAP_Kelsey_20260429,SGOG7us7fBY7c5lH,96.76,11334,811,22,1685.24,product319,8.53714487383095,0.119309494451295,0.071554614434445,4.39818181818182,76.6018181818182,17.4167011161637
2026-07-02,IOS,dhgate_product340_US_Purchase 30D_purchase_IAP_Kelsey_20260516,yznk4uz7IRlNu5TH,100.39,7032,259,14,832.24,product340,14.2761660978385,0.387606177606178,0.0368316268486917,7.17071428571429,59.4457142857143,8.29006873194541
2026-07-02,IOS,dhgate_product337_T1_ACT&Nopay 30D_purchase_IAP_Kelsey_20260513,pMbmqjxpXWy9uySH,50.16,11153,321,6,426.44,product337,4.49744463373083,0.156261682242991,0.0287814937684928,8.36,71.0733333333333,8.50159489633174
2026-07-02,ANDROID,dhgate_product337_T1_ACT&Nopay 30D_purchase_IAP_Kelsey_20260513,Hi3okRpzvLX7H2oQ,50.04,18951,490,7,254.07,product337,2.64049390533481,0.102122448979592,0.0258561553480027,7.14857142857143,36.2957142857143,5.0773381294964
2026-07-02,ANDROID,dhgate_product317_UK_ACT&Nopay 30D_purchase_IAP_Kelsey_20260427,tDzMEZEldS4Kei0r,100.61,10032,1118,10,421.35,product317,10.0289074960128,0.0899910554561717,0.111443381180223,10.061,42.135,4.18795348374913
2026-07-02,IOS,dhgate_product326_US_ACT&Nopay 30D_purchase_IAP_Kelsey_20260506,zMf9PKJzCf4uVI7T,45.98,6729,194,2,116.77,product326,6.83311041759548,0.237010309278351,0.0288304354287413,22.99,58.385,2.53958242714224
2026-07-02,ANDROID,dhgate_product317_FR_ACT&Nopay 30D_purchase_IAP_Kelsey_20260526,zbor8ujPF081oChW,88.71,7839,2854,12,613.75,product317,11.3164944508228,0.0310826909600561,0.364077050644215,7.3925,51.1458333333333,6.91861120505016
2026-07-02,IOS,dhgate_product300_T1_Purchase 30D_purchase_IAP_Kelsey_20260421,wGMfDvBHm0s02IeZ,100.17,10046,817,5,277.08,product300,9.97113278916982,0.122607099143207,0.0813259008560621,20.034,55.416,2.76609763402216
2026-07-02,IOS,dhgate_product314_UK_Purchase 30D_purchase_IAP_Kelsey_20260424,NmHyz3ZrSwNTmf0j,94.25,5534,480,11,596.96,product314,17.0310805926997,0.196354166666667,0.0867365377665342,8.56818181818182,54.2690909090909,6.33379310344828
2026-07-02,IOS,dhgate_product301_US_ACT&Nopay 30D_purchase_IAP_Kelsey_20260422,OG6WHvKPBaUM1wDo,50.05,10316,160,10,340.59,product301,4.85168670027142,0.3128125,0.0155098875533152,5.005,34.059,6.80499500499501
2026-07-02,ANDROID,dhgate_product148_T1_Purchase 30D_purchase_IAP_Kelsey_20260415,dVlitdxzfmXStKCR,98.83,13186,1221,19,653.72,product148,7.49507052934931,0.0809418509418509,0.0925982102229637,5.20157894736842,34.4063157894737,6.61459071132247
2026-07-02,IOS,dhgate_product138_FR_ACT&Nopay 30D_purchase_IAP_Kelsey_20260403,zNcB24si9mbzBPed,150.55,18102,2112,18,864.34,product138,8.31676057894156,0.0712831439393939,0.116672190918131,8.36388888888889,48.0188888888889,5.74121554300897
2026-07-02,IOS,dhgate_product137_US_Purchase 30D_purchase_IAP_Kelsey_20260402,Eo7scqEETcYxo6WH,97.71,6152,263,4,176.0,product137,15.8826397919376,0.371520912547529,0.0427503250975293,24.4275,44.0,1.80124859277454
2026-07-02,IOS,dhgate_dpa-ios_US_ACT&Nopay 30D_purchase_IAP_Kelsey_20260515,y55faIMh7doL5RvO,100.05,10582,178,8,331.05,dpa-ios,9.45473445473446,0.562078651685393,0.0168210168210168,12.50625,41.38125,3.30884557721139
2026-07-02,ANDROID,dhgate_dpa-and_US_ACT&Nopay 30D_purchase_IAP_Kelsey_20260511,M0ZXR7rklCeN7J9o,100.18,18932,284,18,1029.3,dpa-and,5.29156982886119,0.352746478873239,0.0150010564124234,5.56555555555556,57.1833333333333,10.2745058893991
2026-07-02,IOS,dhgate_product350_US_Purchase 30D_purchase_IAP_Kelsey_20260517,eZwoS7yMwcYqxbzm,45.52,4214,81,4,153.63,product350,10.8020882771713,0.561975308641975,0.0192216421452302,11.38,38.4075,3.375
2026-07-02,ANDROID,dhgate_product315_UK_ACT&Nopay 30D_purchase_IAP_Kelsey_20260425,bedUOEtGfoRFbmze,50.56,6630,598,19,500.18,product315,7.62594268476622,0.0845484949832776,0.0901960784313726,2.66105263157895,26.3252631578947,9.89280063291139
2026-07-02,IOS,dhgate_product364_US_Purchase 30D_purchase_IAP_Kelsey_20260527,qX4oco28gDbrpBri,146.17,10055,444,4,195.76,product364,14.5370462456489,0.329211711711712,0.0441571357533565,36.5425,48.94,1.33926250256551
2026-07-02,IOS,dhgate_product357_UK_ACT&Nopay 30D_purchase_IAP_Kelsey_20260521,secYrwGRxGvE22kr,91.27,6067,544,3,133.86,product357,15.0436789187407,0.167775735294118,0.0896654029998352,30.4233333333333,44.62,1.46663744932618
2026-07-02,ANDROID,dhgate_product388_US_Purchase 30D_purchase_IAP_Kelsey_20260702,PGm3IaX43E3i7UrH,4.78,391,50,0,0.0,product388,12.2250639386189,0.0956,0.127877237851662,,,0.0
2026-07-02,IOS,dhgate_product388_US_Purchase 30D_purchase_IAP_Kelsey_20260701,mGP5DRB6Zd0im4qF,46.27,877,399,0,0.0,product388,52.7594070695553,0.115964912280702,0.454960091220068,,,0.0
2026-07-02,IOS,dhgate_product387_US_Purchase 30D_purchase_IAP_Kelsey_20260701,dqSpxpWzr1rTkEdk,50.11,868,438,0,0.0,product387,57.7304147465438,0.114406392694064,0.504608294930876,,,0.0
2026-07-02,ANDROID,dhgate_product387_US_Purchase 30D_purchase_IAP_Kelsey_20260701,bz1mjZA2kGdyXeqz,48.46,3618,437,0,0.0,product387,13.3941404090658,0.110892448512586,0.120784964068546,,,0.0
2026-07-02,ANDROID,dhgate_product386_US_Purchase 30D_purchase_IAP_Kelsey_20260701,rJAl2dweZnU4qvuG,50.18,3238,484,2,73.73,product386,15.4972205064855,0.103677685950413,0.149474984558369,25.09,36.865,1.46931048226385
2026-07-02,IOS,dhgate_product386_US_Purchase 30D_purchase_IAP_Kelsey_20260630,kpNA9cC8I3HMEtHY,50.1,932,382,9,523.96,product386,53.755364806867,0.131151832460733,0.409871244635193,5.56666666666667,58.2177777777778,10.4582834331337
2026-07-02,ANDROID,dhgate_product385_UK_ACT&Nopay 30D_purchase_IAP_Kelsey_20260630,VzqTPrFSQDRkzKZj,43.72,2506,1097,12,319.88,product385,17.4461292897047,0.0398541476754786,0.437749401436552,3.64333333333333,26.6566666666667,7.31655992680695
2026-07-02,IOS,dhgate_product385_UK_ACT&Nopay 30D_purchase_IAP_Kelsey_20260629,c0t3kucHhrc7ADQK,45.44,2148,582,6,104.63,product385,21.1545623836127,0.0780756013745704,0.270949720670391,7.57333333333333,17.4383333333333,2.30259683098592
2026-07-02,IOS,dhgate_product384_T1_ACT&Nopay 30D_purchase_IAP_Kelsey_20260627,HgoIpNDJKiz1hrzc,30.82,1839,1029,5,261.8,product384,16.7591082109842,0.0299514091350826,0.559543230016313,6.164,52.36,8.49448410123297
2026-07-02,ANDROID,dhgate_product384_T1_ACT&Nopay 30D_purchase_IAP_Kelsey_20260627,S76pXwyrVvtdre2B,50.36,9128,2385,13,615.9,product384,5.5170902716915,0.0211153039832285,0.261283961437336,3.87384615384615,47.3769230769231,12.2299444003177
2026-07-02,ANDROID,dhgate_product367_UK_Purchase 30D_purchase_IAP_Kelsey_20260530,AsUotp8z2P369W1o,99.81,8142,724,9,319.77,product367,12.2586588061901,0.137859116022099,0.088921640874478,11.09,35.53,3.20378719567178
2026-07-02,IOS,dhgate_product381_US_ACT&Nopay 30D_purchase_IAP_Kelsey_20260624,koAG4uPwaNuNbSsi,87.39,2441,1205,8,308.83,product381,35.8009012699713,0.0725228215767635,0.493650143383859,10.92375,38.60375,3.53392836709006
2026-07-02,IOS,dhgate_product377_T1_Purchase 30D_purchase_IAP_Kelsey_20260613,ImdbSHRgpaEHQaDV,46.01,6347,446,15,590.24,product377,7.24909406018591,0.103161434977578,0.0702694186229715,3.06733333333333,39.3493333333333,12.8285155401
2026-07-02,ANDROID,dhgate_product377_T1_Purchase 30D_purchase_IAP_Kelsey_20260613,jQWebXWoq2Emp98e,50.29,8010,562,9,289.04,product377,6.27840199750312,0.0894839857651246,0.0701622971285893,5.58777777777778,32.1155555555556,5.74746470471267
2026-07-02,ANDROID,dhgate_product376_US_Purchase 30D_purchase_IAP_Kelsey_20260612,OGOAsivo1SSZARzD,46.17,5486,301,4,113.51,product376,8.41596791833759,0.153388704318937,0.0548669340138534,11.5425,28.3775,2.45852285033572
2026-07-02,ANDROID,dhgate_product375_US_Purchase 30D_purchase_IAP_Kelsey_20260611,ZmROz0lvQRxsi3uG,97.11,9275,612,9,330.52,product375,10.4700808625337,0.158676470588235,0.0659838274932615,10.79,36.7244444444444,3.40356296982803
2026-07-02,ANDROID,dhgate_product374_US_ACT&Nopay 30D_purchase_IAP_Kelsey_20260610,lHtOeUxHZghwmdpM,50.09,12335,319,8,402.61,product374,4.06080259424402,0.157021943573668,0.0258613700851236,6.26125,50.32625,8.03773208225195
2026-07-02,IOS,dhgate_product372_T1_ACT&Nopay 30D_purchase_IAP_Kelsey_20260605,U4gzqzcEnoe3yurD,100.17,15096,1291,12,463.1,product372,6.63553259141494,0.0775910147172734,0.0855193428722841,8.3475,38.5916666666667,4.62314066087651
2026-07-02,IOS,dhgate_product368_T1_Purchase 30D_purchase_IAP_Kelsey_20260531,Ta2k2BeVyS7dWN4n,49.34,8095,375,7,246.88,product368,6.09512044471896,0.131573333333333,0.0463248919085856,7.04857142857143,35.2685714285714,5.00364815565464
2026-07-02,ANDROID,dhgate_product368_T1_Purchase 30D_purchase_IAP_Kelsey_20260531,b3s2CGS3sMxfFWgV,50.4,8547,585,17,631.43,product368,5.8968058968059,0.0861538461538462,0.0684450684450684,2.96470588235294,37.1429411764706,12.528373015873
2026-07-02,ANDROID,dhgate_product383_T1_ACT&Nopay 30D_purchase_IAP_Kelsey_20260626,ngOjt7k0ODbX8WPx,49.83,7845,2781,7,260.06,product383,6.35181644359465,0.0179180151024811,0.354493307839388,7.11857142857143,37.1514285714286,5.21894441099739
2026-07-03,IOS,dhgate_product318_T1_Purchase 30D_purchase_IAP_Kelsey_20260428,mayu0PGeMJEYQhWJ,100.46,11324,837,27,1208.41,product318,8.87142352525609,0.120023894862605,0.0739138113740728,3.72074074074074,44.7559259259259,12.0287676687239
2026-07-03,IOS,dhgate_product319_US_Purchase 30D_purchase_IAP_Kelsey_20260429,SGOG7us7fBY7c5lH,98.64,12085,756,23,1492.04,product319,8.16218452627224,0.13047619047619,0.0625568887050062,4.28869565217391,64.8713043478261,15.1261151662612
2026-07-03,IOS,dhgate_product326_US_ACT&Nopay 30D_purchase_IAP_Kelsey_20260506,zMf9PKJzCf4uVI7T,48.14,7612,231,16,841.54,product326,6.32422490803994,0.208398268398268,0.0303468208092486,3.00875,52.59625,17.4810968009971
2026-07-03,IOS,dhgate_product350_US_Purchase 30D_purchase_IAP_Kelsey_20260517,eZwoS7yMwcYqxbzm,45.58,4073,101,7,288.63,product350,11.1907684753253,0.451287128712871,0.0247974465995581,6.51142857142857,41.2328571428571,6.33238262395788
2026-07-03,ANDROID,dhgate_product337_T1_ACT&Nopay 30D_purchase_IAP_Kelsey_20260513,Hi3okRpzvLX7H2oQ,50.07,20983,443,8,317.39,product337,2.38621741409713,0.113024830699774,0.021112329028261,6.25875,39.67375,6.33892550429399
2026-07-03,IOS,dhgate_product340_US_Purchase 30D_purchase_IAP_Kelsey_20260516,yznk4uz7IRlNu5TH,99.71,7450,270,6,312.13,product340,13.3838926174497,0.369296296296296,0.036241610738255,16.6183333333333,52.0216666666667,3.13037809647979
2026-07-03,IOS,dhgate_product317_UK_ACT&Nopay 30D_purchase_IAP_Kelsey_20260427,H9HAtL9q0yyc4Gdy,96.44,5478,555,38,1487.68,product317,17.6049653158087,0.173765765765766,0.1013143483023,2.53789473684211,39.1494736842105,15.4259643301535
2026-07-03,IOS,dhgate_product337_T1_ACT&Nopay 30D_purchase_IAP_Kelsey_20260513,pMbmqjxpXWy9uySH,50.11,11957,290,10,501.27,product337,4.19085054779627,0.172793103448276,0.024253575311533,5.011,50.127,10.0033925364199
2026-07-03,ANDROID,dhgate_product317_UK_ACT&Nopay 30D_purchase_IAP_Kelsey_20260427,tDzMEZEldS4Kei0r,100.9,10571,1040,12,331.84,product317,9.54498155330622,0.0970192307692308,0.0983823668527103,8.40833333333333,27.6533333333333,3.28880079286422
2026-07-03,IOS,dhgate_product300_T1_Purchase 30D_purchase_IAP_Kelsey_20260421,wGMfDvBHm0s02IeZ,100.22,10515,675,5,165.75,product300,9.53114598193058,0.148474074074074,0.0641940085592011,20.044,33.15,1.65386150468968
2026-07-03,ANDROID,dhgate_product315_UK_ACT&Nopay 30D_purchase_IAP_Kelsey_20260425,bedUOEtGfoRFbmze,50.41,6924,584,26,699.1,product315,7.28047371461583,0.0863184931506849,0.0843443096476026,1.93884615384615,26.8884615384615,13.8682801031541
2026-07-03,IOS,dhgate_product314_UK_Purchase 30D_purchase_IAP_Kelsey_20260424,NmHyz3ZrSwNTmf0j,94.1,5778,424,10,277.84,product314,16.2859120803046,0.221933962264151,0.0733817930079612,9.41,27.784,2.95260361317747
2026-07-03,IOS,dhgate_product301_US_ACT&Nopay 30D_purchase_IAP_Kelsey_20260422,OG6WHvKPBaUM1wDo,48.63,11032,143,8,426.68,product301,4.40808556925308,0.34006993006993,0.012962291515591,6.07875,53.335,8.77400781410652
2026-07-03,ANDROID,dhgate_product148_T1_Purchase 30D_purchase_IAP_Kelsey_20260415,dVlitdxzfmXStKCR,100.36,13291,1048,11,332.26,product148,7.55097434354074,0.095763358778626,0.0788503498608081,9.12363636363636,30.2054545454545,3.31068154643284
2026-07-03,IOS,dhgate_product138_FR_ACT&Nopay 30D_purchase_IAP_Kelsey_20260403,zNcB24si9mbzBPed,150.72,19109,1818,14,720.74,product138,7.88738290857711,0.0829042904290429,0.0951384164529803,10.7657142857143,51.4814285714286,4.78197983014862
2026-07-03,IOS,dhgate_product137_US_Purchase 30D_purchase_IAP_Kelsey_20260402,Eo7scqEETcYxo6WH,101.02,6006,230,4,131.55,product137,16.8198468198468,0.439217391304348,0.0382950382950383,25.255,32.8875,1.3022173826965
2026-07-03,IOS,dhgate_dpa-ios_US_ACT&Nopay 30D_purchase_IAP_Kelsey_20260515,y55faIMh7doL5RvO,98.72,10794,184,5,257.97,dpa-ios,9.14582175282564,0.536521739130435,0.0170465073188809,19.744,51.594,2.61314829821718
2026-07-03,ANDROID,dhgate_dpa-and_US_ACT&Nopay 30D_purchase_IAP_Kelsey_20260511,M0ZXR7rklCeN7J9o,99.55,19626,395,4,179.46,dpa-and,5.07235300112096,0.252025316455696,0.0201263629878732,24.8875,44.865,1.80271220492215
2026-07-03,IOS,dhgate_product357_UK_ACT&Nopay 30D_purchase_IAP_Kelsey_20260521,secYrwGRxGvE22kr,100.29,6126,588,13,423.41,product357,16.3712047012733,0.170561224489796,0.0959843290891283,7.71461538461539,32.57,4.22185661581414
2026-07-03,ANDROID,dhgate_product317_FR_ACT&Nopay 30D_purchase_IAP_Kelsey_20260526,zbor8ujPF081oChW,91.98,7709,2770,16,759.09,product317,11.931508626281,0.0332057761732852,0.359320275003243,5.74875,47.443125,8.25277234181344
2026-07-03,IOS,dhgate_product364_US_Purchase 30D_purchase_IAP_Kelsey_20260527,qX4oco28gDbrpBri,150.04,10191,489,12,1350.65,product364,14.7227946227063,0.306830265848671,0.0479835148660583,12.5033333333333,112.554166666667,9.00193281791522
2026-07-03,ANDROID,dhgate_product375_US_Purchase 30D_purchase_IAP_Kelsey_20260611,ZmROz0lvQRxsi3uG,99.42,9967,715,7,480.42,product375,9.9749172268486,0.139048951048951,0.0717367312130029,14.2028571428571,68.6314285714286,4.83222691611346
2026-07-03,ANDROID,dhgate_product368_T1_Purchase 30D_purchase_IAP_Kelsey_20260531,b3s2CGS3sMxfFWgV,50.25,8669,493,18,862.46,product368,5.79651632252855,0.101926977687627,0.0568693044180413,2.79166666666667,47.9144444444444,17.1633830845771
2026-07-03,ANDROID,dhgate_product388_US_Purchase 30D_purchase_IAP_Kelsey_20260702,PGm3IaX43E3i7UrH,48.99,3242,416,3,118.88,product388,15.1110425663171,0.117764423076923,0.128315854410858,16.33,39.6266666666667,2.42661767707695
2026-07-03,IOS,dhgate_product388_US_Purchase 30D_purchase_IAP_Kelsey_20260701,mGP5DRB6Zd0im4qF,50.92,889,406,5,129.59,product388,57.2778402699663,0.125418719211823,0.456692913385827,10.184,25.918,2.5449725058916
2026-07-03,IOS,dhgate_product387_US_Purchase 30D_purchase_IAP_Kelsey_20260701,dqSpxpWzr1rTkEdk,50.63,845,432,2,58.57,product387,59.9171597633136,0.117199074074074,0.511242603550296,25.315,29.285,1.156824017381
2026-07-03,ANDROID,dhgate_product387_US_Purchase 30D_purchase_IAP_Kelsey_20260701,bz1mjZA2kGdyXeqz,50.15,4286,360,2,129.5,product387,11.7008866075595,0.139305555555556,0.0839944003733085,25.075,64.75,2.58225324027916
2026-07-03,ANDROID,dhgate_product386_US_Purchase 30D_purchase_IAP_Kelsey_20260701,rJAl2dweZnU4qvuG,50.77,4122,453,2,163.56,product386,12.3168364871422,0.112075055187638,0.109898107714702,25.385,81.78,3.22158755170376
2026-07-03,ANDROID,dhgate_product367_UK_Purchase 30D_purchase_IAP_Kelsey_20260530,AsUotp8z2P369W1o,100.54,8236,690,9,256.93,product367,12.2073822243808,0.145710144927536,0.083778533268577,11.1711111111111,28.5477777777778,2.5555002983887
2026-07-03,ANDROID,dhgate_product385_UK_ACT&Nopay 30D_purchase_IAP_Kelsey_20260630,VzqTPrFSQDRkzKZj,35.3,1987,885,6,206.02,product385,17.7654755913437,0.0398870056497175,0.445395067941621,5.88333333333333,34.3366666666667,5.83626062322946
2026-07-03,IOS,dhgate_product385_UK_ACT&Nopay 30D_purchase_IAP_Kelsey_20260629,c0t3kucHhrc7ADQK,48.03,4710,258,0,0.0,product385,10.1974522292994,0.186162790697674,0.0547770700636943,,,0.0
2026-07-03,IOS,dhgate_product384_T1_ACT&Nopay 30D_purchase_IAP_Kelsey_20260627,HgoIpNDJKiz1hrzc,40.05,2205,1228,7,281.34,product384,18.1632653061224,0.032614006514658,0.556916099773243,5.72142857142857,40.1914285714286,7.0247191011236
2026-07-03,IOS,dhgate_product386_US_Purchase 30D_purchase_IAP_Kelsey_20260630,kpNA9cC8I3HMEtHY,41.5,736,387,6,309.8,product386,56.3858695652174,0.107235142118863,0.525815217391304,6.91666666666667,51.6333333333333,7.46506024096386
2026-07-03,ANDROID,dhgate_product383_T1_ACT&Nopay 30D_purchase_IAP_Kelsey_20260626,ngOjt7k0ODbX8WPx,49.83,8442,2853,11,483.42,product383,5.90262970859986,0.017465825446898,0.337953091684435,4.53,43.9472727272727,9.70138470800723
2026-07-03,ANDROID,dhgate_product384_T1_ACT&Nopay 30D_purchase_IAP_Kelsey_20260627,S76pXwyrVvtdre2B,50.32,8073,2334,14,770.76,product384,6.23312275486189,0.0215595544130249,0.289111854329246,3.59428571428571,55.0542857142857,15.3171701112878
2026-07-03,IOS,dhgate_product372_T1_ACT&Nopay 30D_purchase_IAP_Kelsey_20260605,U4gzqzcEnoe3yurD,100.22,15222,1139,10,352.91,product372,6.58389173564578,0.0879894644424934,0.0748259098672973,10.022,35.291,3.52135302334863
2026-07-03,ANDROID,dhgate_product374_US_ACT&Nopay 30D_purchase_IAP_Kelsey_20260610,lHtOeUxHZghwmdpM,49.73,13820,370,8,265.05,product374,3.59840810419682,0.134405405405405,0.0267727930535456,6.21625,33.13125,5.32978081640861
2026-07-03,IOS,dhgate_product368_T1_Purchase 30D_purchase_IAP_Kelsey_20260531,Ta2k2BeVyS7dWN4n,49.81,8142,341,3,101.38,product368,6.11766150822894,0.146070381231672,0.0418816015720953,16.6033333333333,33.7933333333333,2.03533427022686
2026-07-03,ANDROID,dhgate_product377_T1_Purchase 30D_purchase_IAP_Kelsey_20260613,jQWebXWoq2Emp98e,50.36,8454,504,19,710.37,product377,5.95694345871777,0.0999206349206349,0.0596167494677076,2.65052631578947,37.3878947368421,14.1058379666402
2026-07-03,IOS,dhgate_product377_T1_Purchase 30D_purchase_IAP_Kelsey_20260613,ImdbSHRgpaEHQaDV,46.19,6498,387,9,509.15,product377,7.10834102800862,0.119354005167959,0.0595567867036011,5.13222222222222,56.5722222222222,11.0229486901927
2026-07-03,IOS,dhgate_product381_US_ACT&Nopay 30D_purchase_IAP_Kelsey_20260624,koAG4uPwaNuNbSsi,73.99,2068,1112,12,644.99,product381,35.7785299806576,0.0665377697841727,0.537717601547389,6.16583333333333,53.7491666666667,8.71725908906609
2026-07-03,ANDROID,dhgate_product376_US_Purchase 30D_purchase_IAP_Kelsey_20260612,OGOAsivo1SSZARzD,50.19,5999,359,3,95.23,product376,8.36639439906651,0.139805013927577,0.0598433072178696,16.73,31.7433333333333,1.89738991831042
2026-07-04,IOS,dhgate_product317_UK_ACT&Nopay 30D_purchase_IAP_Kelsey_20260427,H9HAtL9q0yyc4Gdy,89.62,4860,562,17,582.41,product317,18.440329218107,0.159466192170819,0.115637860082305,5.27176470588235,34.2594117647059,6.4986610131667
2026-07-04,IOS,dhgate_product350_US_Purchase 30D_purchase_IAP_Kelsey_20260517,eZwoS7yMwcYqxbzm,45.32,3653,159,8,680.08,product350,12.4062414453874,0.285031446540881,0.043525869148645,5.665,85.01,15.0061782877317
2026-07-04,IOS,dhgate_product340_US_Purchase 30D_purchase_IAP_Kelsey_20260516,yznk4uz7IRlNu5TH,92.11,6178,285,11,698.35,product340,14.9093557785691,0.32319298245614,0.0461314341210748,8.37363636363636,63.4863636363636,7.58169579850179
2026-07-04,ANDROID,dhgate_product337_T1_ACT&Nopay 30D_purchase_IAP_Kelsey_20260513,Hi3okRpzvLX7H2oQ,46.39,19523,461,9,384.67,product337,2.37617169492394,0.100629067245119,0.0236131742047841,5.15444444444445,42.7411111111111,8.29208881224402
2026-07-04,IOS,dhgate_product337_T1_ACT&Nopay 30D_purchase_IAP_Kelsey_20260513,pMbmqjxpXWy9uySH,48.46,10954,370,6,233.45,product337,4.42395471973708,0.130972972972973,0.0337776154829286,8.07666666666667,38.9083333333333,4.81737515476682
2026-07-04,IOS,dhgate_product326_US_ACT&Nopay 30D_purchase_IAP_Kelsey_20260506,zMf9PKJzCf4uVI7T,49.34,7088,316,10,448.05,product326,6.96106094808126,0.156139240506329,0.0445823927765237,4.934,44.805,9.08086745034455
2026-07-04,IOS,dhgate_product319_US_Purchase 30D_purchase_IAP_Kelsey_20260429,SGOG7us7fBY7c5lH,100.53,10188,913,25,996.15,product319,9.86749116607774,0.110109529025192,0.0896152336081665,4.0212,39.846,9.90898239331543
2026-07-04,IOS,dhgate_product318_T1_Purchase 30D_purchase_IAP_Kelsey_20260428,mayu0PGeMJEYQhWJ,100.48,9671,891,29,1554.45,product318,10.3898252507497,0.112772166105499,0.0921311136387137,3.4648275862069,53.601724137931,15.4702428343949
2026-07-04,ANDROID,dhgate_product317_UK_ACT&Nopay 30D_purchase_IAP_Kelsey_20260427,tDzMEZEldS4Kei0r,100.41,10226,1264,14,414.96,product317,9.81908859769216,0.0794382911392405,0.123606493252494,7.17214285714286,29.64,4.13265610994921
2026-07-04,IOS,dhgate_product357_UK_ACT&Nopay 30D_purchase_IAP_Kelsey_20260521,secYrwGRxGvE22kr,98.99,5547,603,10,266.18,product357,17.8456823508203,0.164162520729685,0.108707409410492,9.899,26.618,2.68895848065461
2026-07-04,ANDROID,dhgate_product315_UK_ACT&Nopay 30D_purchase_IAP_Kelsey_20260425,bedUOEtGfoRFbmze,50.06,6646,683,8,410.52,product315,7.53235028588625,0.073294289897511,0.102768582606079,6.2575,51.315,8.20055932880544
2026-07-04,IOS,dhgate_product314_UK_Purchase 30D_purchase_IAP_Kelsey_20260424,NmHyz3ZrSwNTmf0j,100.28,5226,482,24,935.84,product314,19.1886720244929,0.20804979253112,0.0922311519326445,4.17833333333333,38.9933333333333,9.33226964499402
2026-07-04,IOS,dhgate_product301_US_ACT&Nopay 30D_purchase_IAP_Kelsey_20260422,OG6WHvKPBaUM1wDo,47.1,10510,189,7,279.6,product301,4.4814462416746,0.249206349206349,0.0179828734538535,6.72857142857143,39.9428571428571,5.93630573248408
2026-07-04,IOS,dhgate_product300_T1_Purchase 30D_purchase_IAP_Kelsey_20260421,wGMfDvBHm0s02IeZ,100.57,8505,790,5,175.96,product300,11.82480893592,0.127303797468354,0.0928865373309818,20.114,35.192,1.7496271253853
2026-07-04,ANDROID,dhgate_product148_T1_Purchase 30D_purchase_IAP_Kelsey_20260415,dVlitdxzfmXStKCR,100.12,12432,1234,16,511.48,product148,8.05341055341055,0.0811345218800648,0.0992599742599743,6.2575,31.9675,5.10866959648422
2026-07-04,IOS,dhgate_product138_FR_ACT&Nopay 30D_purchase_IAP_Kelsey_20260403,zNcB24si9mbzBPed,150.33,15096,2106,28,1375.71,product138,9.95826709062003,0.0713817663817664,0.139507154213037,5.36892857142857,49.1325,9.15126721213331
2026-07-04,IOS,dhgate_product137_US_Purchase 30D_purchase_IAP_Kelsey_20260402,Eo7scqEETcYxo6WH,100.11,5182,323,8,743.96,product137,19.3187958317252,0.309938080495356,0.0623311462755693,12.51375,92.995,7.43142543202477
2026-07-04,IOS,dhgate_dpa-ios_US_ACT&Nopay 30D_purchase_IAP_Kelsey_20260515,y55faIMh7doL5RvO,94.78,9648,228,3,152.26,dpa-ios,9.82379767827529,0.415701754385965,0.0236318407960199,31.5933333333333,50.7533333333333,1.60645705845115
2026-07-04,ANDROID,dhgate_dpa-and_US_ACT&Nopay 30D_purchase_IAP_Kelsey_20260511,M0ZXR7rklCeN7J9o,92.56,17851,365,7,261.07,dpa-and,5.18514368942916,0.25358904109589,0.0204470337796202,13.2228571428571,37.2957142857143,2.82054883318928
2026-07-04,ANDROID,dhgate_product317_FR_ACT&Nopay 30D_purchase_IAP_Kelsey_20260526,zbor8ujPF081oChW,95.81,7986,3055,14,581.92,product317,11.9972451790634,0.0313617021276596,0.382544452792387,6.84357142857143,41.5657142857143,6.07368750652333
2026-07-04,IOS,dhgate_product364_US_Purchase 30D_purchase_IAP_Kelsey_20260527,qX4oco28gDbrpBri,150.26,8618,574,15,820.61,product364,17.435599907171,0.261777003484321,0.0666047806915758,10.0173333333333,54.7073333333333,5.4612671369626
2026-07-04,ANDROID,dhgate_product386_US_Purchase 30D_purchase_IAP_Kelsey_20260701,rJAl2dweZnU4qvuG,50.67,6159,414,5,344.11,product386,8.22698490014613,0.122391304347826,0.0672187043351193,10.134,68.822,6.79119794750345
2026-07-04,ANDROID,dhgate_product368_T1_Purchase 30D_purchase_IAP_Kelsey_20260531,b3s2CGS3sMxfFWgV,50.55,8121,537,6,189.54,product368,6.22460288141854,0.0941340782122905,0.0661248614702623,8.425,31.59,3.74955489614243
2026-07-04,ANDROID,dhgate_product388_US_Purchase 30D_purchase_IAP_Kelsey_20260702,PGm3IaX43E3i7UrH,50.36,4598,393,1,44.5,product388,10.9525880817747,0.128142493638677,0.085471944323619,50.36,44.5,0.883637807783956
2026-07-04,IOS,dhgate_product388_US_Purchase 30D_purchase_IAP_Kelsey_20260701,mGP5DRB6Zd0im4qF,45.69,803,371,2,53.03,product388,56.8991282689913,0.123153638814016,0.462017434620174,22.845,26.515,1.16064784416721
2026-07-04,IOS,dhgate_product387_US_Purchase 30D_purchase_IAP_Kelsey_20260701,dqSpxpWzr1rTkEdk,50.33,860,395,6,286.73,product387,58.5232558139535,0.127417721518987,0.459302325581395,8.38833333333333,47.7883333333333,5.69699980131135
2026-07-04,ANDROID,dhgate_product387_US_Purchase 30D_purchase_IAP_Kelsey_20260701,bz1mjZA2kGdyXeqz,50.54,5541,361,7,455.72,product387,9.12109727486013,0.14,0.0651506948204295,7.22,65.1028571428571,9.01701622477246
2026-07-04,ANDROID,dhgate_product389_US_Purchase 30D_purchase_IAP_Kelsey_20260704,i12xubLcdQhBchx3,0.0,2,1,0,0.0,product389,0.0,0.0,0.5,,,
2026-07-04,IOS,dhgate_product386_US_Purchase 30D_purchase_IAP_Kelsey_20260630,kpNA9cC8I3HMEtHY,50.0,876,442,7,264.46,product386,57.0776255707763,0.113122171945701,0.504566210045662,7.14285714285714,37.78,5.2892
2026-07-04,ANDROID,dhgate_product385_UK_ACT&Nopay 30D_purchase_IAP_Kelsey_20260630,VzqTPrFSQDRkzKZj,36.67,2261,933,14,616.11,product385,16.218487394958,0.0393033226152197,0.41264927023441,2.61928571428571,44.0078571428571,16.8014725934006
2026-07-04,IOS,dhgate_product385_UK_ACT&Nopay 30D_purchase_IAP_Kelsey_20260629,c0t3kucHhrc7ADQK,41.72,3912,309,4,155.59,product385,10.6646216768916,0.135016181229773,0.0789877300613497,10.43,38.8975,3.72938638542665
2026-07-04,IOS,dhgate_product384_T1_ACT&Nopay 30D_purchase_IAP_Kelsey_20260627,HgoIpNDJKiz1hrzc,32.67,1796,1065,15,666.53,product384,18.1904231625835,0.0306760563380282,0.592984409799555,2.178,44.4353333333333,20.4018977655341
2026-07-04,ANDROID,dhgate_product367_UK_Purchase 30D_purchase_IAP_Kelsey_20260530,AsUotp8z2P369W1o,100.57,7332,767,24,903.28,product367,13.7165848336061,0.131121251629726,0.104609929078014,4.19041666666667,37.6366666666667,8.98160485234165
2026-07-04,ANDROID,dhgate_product383_T1_ACT&Nopay 30D_purchase_IAP_Kelsey_20260626,ngOjt7k0ODbX8WPx,50.24,8039,2697,11,411.43,product383,6.24953352407016,0.0186281053021876,0.335489488742381,4.56727272727273,37.4027272727273,8.18929140127389
2026-07-04,IOS,dhgate_product381_US_ACT&Nopay 30D_purchase_IAP_Kelsey_20260624,koAG4uPwaNuNbSsi,69.68,1906,1029,7,232.22,product381,36.5582371458552,0.0677162293488824,0.5398740818468,9.95428571428572,33.1742857142857,3.33266360505167
2026-07-04,IOS,dhgate_product377_T1_Purchase 30D_purchase_IAP_Kelsey_20260613,ImdbSHRgpaEHQaDV,50.06,6087,481,3,191.91,product377,8.2240841136849,0.104074844074844,0.0790208641366847,16.6866666666667,63.97,3.83359968038354
2026-07-04,ANDROID,dhgate_product377_T1_Purchase 30D_purchase_IAP_Kelsey_20260613,jQWebXWoq2Emp98e,50.18,8001,568,9,290.57,product377,6.27171603549556,0.0883450704225352,0.0709911261092363,5.57555555555556,32.2855555555556,5.79055400557991
2026-07-04,ANDROID,dhgate_product376_US_Purchase 30D_purchase_IAP_Kelsey_20260612,OGOAsivo1SSZARzD,48.77,5483,361,1,52.75,product376,8.89476563924859,0.135096952908587,0.0658398686850265,48.77,52.75,1.08160754562231
2026-07-04,ANDROID,dhgate_product375_US_Purchase 30D_purchase_IAP_Kelsey_20260611,ZmROz0lvQRxsi3uG,100.03,9170,732,16,868.65,product375,10.9083969465649,0.136653005464481,0.0798255179934569,6.251875,54.290625,8.68389483155053
2026-07-04,ANDROID,dhgate_product374_US_ACT&Nopay 30D_purchase_IAP_Kelsey_20260610,lHtOeUxHZghwmdpM,46.19,13857,354,15,599.75,product374,3.33333333333333,0.130480225988701,0.0255466551201559,3.07933333333333,39.9833333333333,12.9844122104352
2026-07-04,IOS,dhgate_product372_T1_ACT&Nopay 30D_purchase_IAP_Kelsey_20260605,U4gzqzcEnoe3yurD,100.4,13131,1396,8,293.15,product372,7.64602848221765,0.071919770773639,0.106313304394182,12.55,36.64375,2.91982071713147
2026-07-04,IOS,dhgate_product368_T1_Purchase 30D_purchase_IAP_Kelsey_20260531,Ta2k2BeVyS7dWN4n,47.25,6835,372,4,153.92,product368,6.91294806144843,0.127016129032258,0.0544257498171178,11.8125,38.48,3.25756613756614
2026-07-04,ANDROID,dhgate_product384_T1_ACT&Nopay 30D_purchase_IAP_Kelsey_20260627,S76pXwyrVvtdre2B,50.3,9604,2438,11,372.09,product384,5.23740108288213,0.0206316652994258,0.253852561432736,4.57272727272727,33.8263636363636,7.39741550695825
2026-07-05,IOS,dhgate_product318_T1_Purchase 30D_purchase_IAP_Kelsey_20260428,mayu0PGeMJEYQhWJ,100.37,8651,816,21,842.71,product318,11.6021269217432,0.123002450980392,0.0943243555658305,4.77952380952381,40.1290476190476,8.39603467171466
2026-07-05,IOS,dhgate_product319_US_Purchase 30D_purchase_IAP_Kelsey_20260429,SGOG7us7fBY7c5lH,100.68,8830,824,23,952.7,product319,11.4020385050963,0.122184466019417,0.0933182332955832,4.37739130434783,41.4217391304348,9.46265395311879
2026-07-05,IOS,dhgate_product326_US_ACT&Nopay 30D_purchase_IAP_Kelsey_20260506,zMf9PKJzCf4uVI7T,46.53,6373,237,8,256.78,product326,7.30111407500392,0.196329113924051,0.0371881374548878,5.81625,32.0975,5.51859015688803
2026-07-05,IOS,dhgate_product350_US_Purchase 30D_purchase_IAP_Kelsey_20260517,eZwoS7yMwcYqxbzm,48.03,3443,163,3,64.63,product350,13.950043566657,0.294662576687117,0.0473424339239036,16.01,21.5433333333333,1.34561732250677
2026-07-05,ANDROID,dhgate_product337_T1_ACT&Nopay 30D_purchase_IAP_Kelsey_20260513,Hi3okRpzvLX7H2oQ,50.18,19202,633,8,282.43,product337,2.61326945109884,0.0792733017377567,0.0329653161129049,6.2725,35.30375,5.62833798326026
2026-07-05,IOS,dhgate_product340_US_Purchase 30D_purchase_IAP_Kelsey_20260516,yznk4uz7IRlNu5TH,94.03,5724,310,13,372.91,product340,16.4273235499651,0.303322580645161,0.0541579315164221,7.23307692307692,28.6853846153846,3.96586195894927
2026-07-05,IOS,dhgate_product317_UK_ACT&Nopay 30D_purchase_IAP_Kelsey_20260427,H9HAtL9q0yyc4Gdy,100.6,4891,637,17,542.65,product317,20.5683909221018,0.157927786499215,0.130239214884482,5.91764705882353,31.9205882352941,5.3941351888668
2026-07-05,IOS,dhgate_product337_T1_ACT&Nopay 30D_purchase_IAP_Kelsey_20260513,pMbmqjxpXWy9uySH,47.41,10082,337,13,740.3,product337,4.70243999206507,0.140682492581602,0.0334259075580242,3.64692307692308,56.9461538461538,15.614849187935
2026-07-05,ANDROID,dhgate_product317_UK_ACT&Nopay 30D_purchase_IAP_Kelsey_20260427,tDzMEZEldS4Kei0r,100.55,10655,1248,21,892.23,product317,9.4368840919756,0.0805689102564103,0.117128108869076,4.78809523809524,42.4871428571429,8.87349577324714
2026-07-05,IOS,dhgate_product300_T1_Purchase 30D_purchase_IAP_Kelsey_20260421,wGMfDvBHm0s02IeZ,100.64,7530,721,10,423.2,product300,13.3652058432935,0.139583911234397,0.0957503320053121,10.064,42.32,4.20508744038156
2026-07-05,ANDROID,dhgate_product315_UK_ACT&Nopay 30D_purchase_IAP_Kelsey_20260425,bedUOEtGfoRFbmze,50.5,6434,656,17,796.12,product315,7.8489275722723,0.0769817073170732,0.101958346285359,2.97058823529412,46.8305882352941,15.7647524752475
2026-07-05,IOS,dhgate_product314_UK_Purchase 30D_purchase_IAP_Kelsey_20260424,NmHyz3ZrSwNTmf0j,99.79,4707,478,5,179.18,product314,21.2003399192692,0.208765690376569,0.101550881665604,19.958,35.836,1.79557069846678
2026-07-05,IOS,dhgate_product301_US_ACT&Nopay 30D_purchase_IAP_Kelsey_20260422,OG6WHvKPBaUM1wDo,50.05,9616,198,3,76.1,product301,5.20486688851914,0.252777777777778,0.0205906821963394,16.6833333333333,25.3666666666667,1.52047952047952
2026-07-05,ANDROID,dhgate_product148_T1_Purchase 30D_purchase_IAP_Kelsey_20260415,dVlitdxzfmXStKCR,100.46,11653,1104,18,552.68,product148,8.62095597700163,0.0909963768115942,0.0947395520466833,5.58111111111111,30.7044444444444,5.50149313159466
2026-07-05,IOS,dhgate_product138_FR_ACT&Nopay 30D_purchase_IAP_Kelsey_20260403,zNcB24si9mbzBPed,132.05,13438,1710,26,1093.45,product138,9.82661110284269,0.0772222222222222,0.127251079029618,5.07884615384615,42.0557692307692,8.28057553956834
2026-07-05,IOS,dhgate_product137_US_Purchase 30D_purchase_IAP_Kelsey_20260402,Eo7scqEETcYxo6WH,95.01,4789,336,1,34.94,product137,19.8392148674045,0.282767857142857,0.0701607851325955,95.01,34.94,0.367750763077571
2026-07-05,IOS,dhgate_dpa-ios_US_ACT&Nopay 30D_purchase_IAP_Kelsey_20260515,y55faIMh7doL5RvO,97.93,8529,234,1,32.98,dpa-ios,11.4820025794349,0.418504273504274,0.027435807245867,97.93,32.98,0.336771163075666
2026-07-05,ANDROID,dhgate_dpa-and_US_ACT&Nopay 30D_purchase_IAP_Kelsey_20260511,M0ZXR7rklCeN7J9o,100.2,18607,443,11,382.02,dpa-and,5.38507013489547,0.226185101580135,0.0238082442091686,9.10909090909091,34.7290909090909,3.8125748502994
2026-07-05,IOS,dhgate_product357_UK_ACT&Nopay 30D_purchase_IAP_Kelsey_20260521,secYrwGRxGvE22kr,93.69,5037,599,4,118.28,product357,18.6003573555688,0.156410684474124,0.118919992058765,23.4225,29.57,1.26246130857082
2026-07-05,ANDROID,dhgate_product317_FR_ACT&Nopay 30D_purchase_IAP_Kelsey_20260526,zbor8ujPF081oChW,89.48,6757,2741,28,1291.26,product317,13.2425632677224,0.0326450200656695,0.405653396477727,3.19571428571429,46.1164285714286,14.4307107733572
2026-07-05,IOS,dhgate_product364_US_Purchase 30D_purchase_IAP_Kelsey_20260527,qX4oco28gDbrpBri,141.21,7205,545,6,410.88,product364,19.5988896599584,0.259100917431193,0.0756419153365718,23.535,68.48,2.90970894412577
2026-07-05,ANDROID,dhgate_product367_UK_Purchase 30D_purchase_IAP_Kelsey_20260530,AsUotp8z2P369W1o,100.37,6740,720,16,520.41,product367,14.8916913946588,0.139402777777778,0.106824925816024,6.273125,32.525625,5.18491581149746
2026-07-05,ANDROID,dhgate_product368_T1_Purchase 30D_purchase_IAP_Kelsey_20260531,b3s2CGS3sMxfFWgV,50.37,8064,529,8,453.51,product368,6.24627976190476,0.0952173913043478,0.0656001984126984,6.29625,56.68875,9.00357355568791
2026-07-05,IOS,dhgate_product389_US_Purchase 30D_purchase_IAP_Kelsey_20260704,nRhsGXjCBGkftcS3,50.45,917,367,0,0.0,product389,55.0163576881134,0.137465940054496,0.400218102508179,,,0.0
2026-07-05,ANDROID,dhgate_product389_US_Purchase 30D_purchase_IAP_Kelsey_20260704,i12xubLcdQhBchx3,43.58,3770,403,0,0.0,product389,11.5596816976127,0.108138957816377,0.106896551724138,,,0.0
2026-07-05,ANDROID,dhgate_product388_US_Purchase 30D_purchase_IAP_Kelsey_20260702,PGm3IaX43E3i7UrH,50.4,4667,350,1,23.87,product388,10.7992286265267,0.144,0.0749946432397686,50.4,23.87,0.473611111111111
2026-07-05,IOS,dhgate_product388_US_Purchase 30D_purchase_IAP_Kelsey_20260701,mGP5DRB6Zd0im4qF,50.83,892,418,6,203.8,product388,56.9843049327354,0.121602870813397,0.468609865470852,8.47166666666667,33.9666666666667,4.00944324217982
2026-07-05,IOS,dhgate_product387_US_Purchase 30D_purchase_IAP_Kelsey_20260701,dqSpxpWzr1rTkEdk,50.05,758,386,4,110.32,product387,66.0290237467018,0.129663212435233,0.509234828496042,12.5125,27.58,2.2041958041958
2026-07-05,ANDROID,dhgate_product387_US_Purchase 30D_purchase_IAP_Kelsey_20260701,bz1mjZA2kGdyXeqz,51.5,4716,320,0,0.0,product387,10.9202714164546,0.1609375,0.0678541136556404,,,0.0
2026-07-05,IOS,dhgate_product386_US_Purchase 30D_purchase_IAP_Kelsey_20260630,kpNA9cC8I3HMEtHY,50.21,925,408,14,714.56,product386,54.2810810810811,0.123063725490196,0.441081081081081,3.58642857142857,51.04,14.23142800239
2026-07-05,ANDROID,dhgate_product385_UK_ACT&Nopay 30D_purchase_IAP_Kelsey_20260630,VzqTPrFSQDRkzKZj,49.51,3115,1105,15,377.1,product385,15.8940609951846,0.0448054298642534,0.354735152487962,3.30066666666667,25.14,7.61664310240356
2026-07-05,IOS,dhgate_product385_UK_ACT&Nopay 30D_purchase_IAP_Kelsey_20260629,c0t3kucHhrc7ADQK,45.17,3666,310,6,531.02,product385,12.3213311511184,0.145709677419355,0.0845608292416803,7.52833333333333,88.5033333333333,11.7560327651096
2026-07-05,IOS,dhgate_product384_T1_ACT&Nopay 30D_purchase_IAP_Kelsey_20260627,HgoIpNDJKiz1hrzc,30.52,1695,958,4,175.06,product384,18.0058997050148,0.0318580375782881,0.565191740412979,7.63,43.765,5.73591087811271
2026-07-05,ANDROID,dhgate_product386_US_Purchase 30D_purchase_IAP_Kelsey_20260701,rJAl2dweZnU4qvuG,50.04,4278,359,8,302.49,product386,11.6970546984572,0.139387186629526,0.0839177185600748,6.255,37.81125,6.04496402877698
2026-07-05,ANDROID,dhgate_product383_T1_ACT&Nopay 30D_purchase_IAP_Kelsey_20260626,ngOjt7k0ODbX8WPx,47.87,8593,2584,3,83.13,product383,5.57081345281043,0.0185255417956656,0.300709880134994,15.9566666666667,27.71,1.7365782327136
2026-07-05,IOS,dhgate_product381_US_ACT&Nopay 30D_purchase_IAP_Kelsey_20260624,koAG4uPwaNuNbSsi,79.82,4211,1052,12,467.86,product381,18.9551175492757,0.0758745247148289,0.249821895036808,6.65166666666667,38.9883333333333,5.86143823603107
2026-07-05,IOS,dhgate_product377_T1_Purchase 30D_purchase_IAP_Kelsey_20260613,ImdbSHRgpaEHQaDV,50.47,5405,419,15,748.02,product377,9.33765032377428,0.120453460620525,0.0775208140610546,3.36466666666667,49.868,14.8210818307906
2026-07-05,ANDROID,dhgate_product377_T1_Purchase 30D_purchase_IAP_Kelsey_20260613,jQWebXWoq2Emp98e,50.16,7601,557,6,212.9,product377,6.59913169319826,0.0900538599640934,0.0732798316011051,8.36,35.4833333333333,4.24441786283892
2026-07-05,ANDROID,dhgate_product376_US_Purchase 30D_purchase_IAP_Kelsey_20260612,OGOAsivo1SSZARzD,48.75,5473,366,2,77.9,product376,8.90736342042755,0.133196721311475,0.0668737438333638,24.375,38.95,1.59794871794872
2026-07-05,ANDROID,dhgate_product375_US_Purchase 30D_purchase_IAP_Kelsey_20260611,ZmROz0lvQRxsi3uG,100.24,9532,914,12,596.19,product375,10.5161561057491,0.109671772428884,0.0958875367184222,8.35333333333333,49.6825,5.94762569832402
2026-07-05,ANDROID,dhgate_product374_US_ACT&Nopay 30D_purchase_IAP_Kelsey_20260610,lHtOeUxHZghwmdpM,50.11,13732,491,3,127.09,product374,3.64914069327119,0.102057026476578,0.035755898630935,16.7033333333333,42.3633333333333,2.53622031530633
2026-07-05,IOS,dhgate_product372_T1_ACT&Nopay 30D_purchase_IAP_Kelsey_20260605,U4gzqzcEnoe3yurD,95.97,12068,1122,19,768.04,product372,7.95243619489559,0.0855347593582888,0.0929731521378853,5.05105263157895,40.4231578947368,8.00291757840992
2026-07-05,ANDROID,dhgate_product384_T1_ACT&Nopay 30D_purchase_IAP_Kelsey_20260627,S76pXwyrVvtdre2B,50.33,9511,2256,22,766.46,product384,5.29176742718957,0.0223093971631206,0.23719903269898,2.28772727272727,34.8390909090909,15.2286906417644
2026-07-05,IOS,dhgate_product368_T1_Purchase 30D_purchase_IAP_Kelsey_20260531,Ta2k2BeVyS7dWN4n,50.12,5909,397,11,692.19,product368,8.48197664579455,0.12624685138539,0.0671856490099848,4.55636363636364,62.9263636363636,13.8106544293695
2026-07-06,IOS,dhgate_product318_T1_Purchase 30D_purchase_IAP_Kelsey_20260428,mayu0PGeMJEYQhWJ,100.44,9185,863,10,393.98,product318,10.9352204681546,0.116384704519119,0.0939575394665215,10.044,39.398,3.92254082039028
2026-07-06,IOS,dhgate_product319_US_Purchase 30D_purchase_IAP_Kelsey_20260429,SGOG7us7fBY7c5lH,100.55,9928,869,18,613.55,product319,10.1279210314263,0.115707710011507,0.0875302175664787,5.58611111111111,34.0861111111111,6.10193933366484
2026-07-06,IOS,dhgate_product326_US_ACT&Nopay 30D_purchase_IAP_Kelsey_20260506,zMf9PKJzCf4uVI7T,47.72,6861,252,2,83.61,product326,6.95525433610261,0.189365079365079,0.0367293397463927,23.86,41.805,1.75209555741827
2026-07-06,IOS,dhgate_product350_US_Purchase 30D_purchase_IAP_Kelsey_20260517,eZwoS7yMwcYqxbzm,49.47,4218,147,5,288.26,product350,11.728307254623,0.336530612244898,0.034850640113798,9.894,57.652,5.82696583788154
2026-07-06,ANDROID,dhgate_product337_T1_ACT&Nopay 30D_purchase_IAP_Kelsey_20260513,Hi3okRpzvLX7H2oQ,49.42,21512,586,14,538.84,product337,2.29732242469319,0.0843344709897611,0.0272406098921532,3.53,38.4885714285714,10.9032780250911
2026-07-06,IOS,dhgate_product340_US_Purchase 30D_purchase_IAP_Kelsey_20260516,yznk4uz7IRlNu5TH,99.36,7398,336,3,84.97,product340,13.4306569343066,0.295714285714286,0.0454176804541768,33.12,28.3233333333333,0.855173107890499
2026-07-06,IOS,dhgate_product317_UK_ACT&Nopay 30D_purchase_IAP_Kelsey_20260427,H9HAtL9q0yyc4Gdy,100.13,5657,666,23,925.45,product317,17.7001944493548,0.150345345345345,0.117730245713276,4.35347826086957,40.2369565217391,9.24248476979926
2026-07-06,IOS,dhgate_product337_T1_ACT&Nopay 30D_purchase_IAP_Kelsey_20260513,pMbmqjxpXWy9uySH,50.06,11265,349,11,517.89,product337,4.44385264092321,0.143438395415473,0.0309809143364403,4.55090909090909,47.0809090909091,10.3453855373552
2026-07-06,ANDROID,dhgate_product317_UK_ACT&Nopay 30D_purchase_IAP_Kelsey_20260427,tDzMEZEldS4Kei0r,100.92,10436,1345,21,582.37,product317,9.67037178995784,0.0750334572490706,0.128880797240322,4.80571428571429,27.7319047619048,5.77061038446294
2026-07-06,ANDROID,dhgate_dpa-and_US_ACT&Nopay 30D_purchase_IAP_Kelsey_20260511,M0ZXR7rklCeN7J9o,100.29,19846,461,9,251.55,dpa-and,5.05341126675401,0.217548806941432,0.0232288622392422,11.1433333333333,27.95,2.50822614418187
2026-07-06,ANDROID,dhgate_product315_UK_ACT&Nopay 30D_purchase_IAP_Kelsey_20260425,bedUOEtGfoRFbmze,50.23,6584,756,9,356.51,product315,7.62910085054678,0.0664417989417989,0.114823815309842,5.58111111111111,39.6122222222222,7.09755126418475
2026-07-06,IOS,dhgate_product314_UK_Purchase 30D_purchase_IAP_Kelsey_20260424,NmHyz3ZrSwNTmf0j,96.86,5303,467,13,453.79,product314,18.2651329436168,0.207408993576017,0.0880633603620592,7.45076923076923,34.9069230769231,4.68500929176131
2026-07-06,IOS,dhgate_product301_US_ACT&Nopay 30D_purchase_IAP_Kelsey_20260422,OG6WHvKPBaUM1wDo,46.81,11386,119,0,0.0,product301,4.11118917969436,0.393361344537815,0.0104514315826454,,,0.0
2026-07-06,IOS,dhgate_product300_T1_Purchase 30D_purchase_IAP_Kelsey_20260421,wGMfDvBHm0s02IeZ,100.27,7995,773,7,165.63,product300,12.541588492808,0.129715394566624,0.0966854283927455,14.3242857142857,23.6614285714286,1.65184003191383
2026-07-06,ANDROID,dhgate_product148_T1_Purchase 30D_purchase_IAP_Kelsey_20260415,dVlitdxzfmXStKCR,100.65,13499,1226,16,643.43,product148,7.45610785984147,0.0820962479608483,0.0908215423364694,6.290625,40.214375,6.39274714356682
2026-07-06,IOS,dhgate_product138_FR_ACT&Nopay 30D_purchase_IAP_Kelsey_20260403,zNcB24si9mbzBPed,100.33,12230,1432,34,1514.19,product138,8.20359771054783,0.0700628491620112,0.117089125102208,2.95088235294118,44.535,15.0920960829263
2026-07-06,IOS,dhgate_product137_US_Purchase 30D_purchase_IAP_Kelsey_20260402,Eo7scqEETcYxo6WH,91.27,5534,305,4,346.88,product137,16.4925912540658,0.299245901639344,0.0551138417058186,22.8175,86.72,3.80059165114495
2026-07-06,IOS,dhgate_dpa-ios_US_ACT&Nopay 30D_purchase_IAP_Kelsey_20260515,y55faIMh7doL5RvO,97.22,9942,269,10,322.64,dpa-ios,9.77871655602494,0.361412639405204,0.0270569301951318,9.722,32.264,3.31865871219914
2026-07-06,IOS,dhgate_product357_UK_ACT&Nopay 30D_purchase_IAP_Kelsey_20260521,secYrwGRxGvE22kr,100.39,6047,667,15,417.17,product357,16.6016206383331,0.150509745127436,0.11030262940301,6.69266666666667,27.8113333333333,4.15549357505728
2026-07-06,ANDROID,dhgate_product317_FR_ACT&Nopay 30D_purchase_IAP_Kelsey_20260526,zbor8ujPF081oChW,94.64,8122,3009,15,658.02,product317,11.6523023885742,0.0314523097374543,0.370475252400886,6.30933333333333,43.868,6.9528740490279
2026-07-06,IOS,dhgate_product364_US_Purchase 30D_purchase_IAP_Kelsey_20260527,qX4oco28gDbrpBri,100.12,7157,351,7,353.79,product364,13.9891015788738,0.285242165242165,0.0490428950677658,14.3028571428571,50.5414285714286,3.53365960846984
2026-07-06,ANDROID,dhgate_product388_US_Purchase 30D_purchase_IAP_Kelsey_20260702,PGm3IaX43E3i7UrH,50.16,4373,387,6,181.22,product388,11.4703864623828,0.129612403100775,0.0884975989023554,8.36,30.2033333333333,3.61283891547049
2026-07-06,ANDROID,dhgate_product368_T1_Purchase 30D_purchase_IAP_Kelsey_20260531,b3s2CGS3sMxfFWgV,50.11,9146,550,7,174.01,product368,5.47889787885414,0.0911090909090909,0.0601355783949267,7.15857142857143,24.8585714285714,3.47256036719218
2026-07-06,ANDROID,dhgate_product367_UK_Purchase 30D_purchase_IAP_Kelsey_20260530,AsUotp8z2P369W1o,100.59,8973,716,17,659.37,product367,11.2102975593447,0.140488826815642,0.0797949403766856,5.91705882352941,38.7864705882353,6.55502535043245
2026-07-06,IOS,dhgate_product389_US_Purchase 30D_purchase_IAP_Kelsey_20260704,nRhsGXjCBGkftcS3,50.73,1000,400,5,197.85,product389,50.73,0.126825,0.4,10.146,39.57,3.90005913660556
2026-07-06,ANDROID,dhgate_product389_US_Purchase 30D_purchase_IAP_Kelsey_20260704,i12xubLcdQhBchx3,50.29,7836,338,6,137.56,product389,6.41781521184278,0.148786982248521,0.0431342521694742,8.38166666666667,22.9266666666667,2.73533505667131
2026-07-06,IOS,dhgate_product388_US_Purchase 30D_purchase_IAP_Kelsey_20260701,mGP5DRB6Zd0im4qF,50.4,816,404,5,176.6,product388,61.7647058823529,0.124752475247525,0.495098039215686,10.08,35.32,3.50396825396825
2026-07-06,IOS,dhgate_product387_US_Purchase 30D_purchase_IAP_Kelsey_20260701,dqSpxpWzr1rTkEdk,50.21,3825,162,7,679.26,product387,13.1267973856209,0.309938271604938,0.0423529411764706,7.17285714285714,97.0371428571429,13.5283808006373
2026-07-06,ANDROID,dhgate_product386_US_Purchase 30D_purchase_IAP_Kelsey_20260701,rJAl2dweZnU4qvuG,50.39,2993,421,4,105.68,product386,16.8359505512863,0.119691211401425,0.140661543601737,12.5975,26.42,2.09724151617384
2026-07-06,IOS,dhgate_product386_US_Purchase 30D_purchase_IAP_Kelsey_20260630,kpNA9cC8I3HMEtHY,50.11,1012,448,3,158.02,product386,49.5158102766798,0.111852678571429,0.442687747035573,16.7033333333333,52.6733333333333,3.15346238275793
2026-07-06,ANDROID,dhgate_product385_UK_ACT&Nopay 30D_purchase_IAP_Kelsey_20260630,VzqTPrFSQDRkzKZj,50.26,3202,1211,4,120.29,product385,15.6964397251718,0.0415028901734104,0.378201124297314,12.565,30.0725,2.3933545563072
2026-07-06,IOS,dhgate_product385_UK_ACT&Nopay 30D_purchase_IAP_Kelsey_20260629,c0t3kucHhrc7ADQK,50.04,4093,410,8,239.64,product385,12.2257512826777,0.122048780487805,0.100171023698998,6.255,29.955,4.78896882494005
2026-07-06,IOS,dhgate_product384_T1_ACT&Nopay 30D_purchase_IAP_Kelsey_20260627,HgoIpNDJKiz1hrzc,34.54,2017,1198,4,184.44,product384,17.1244422409519,0.0288313856427379,0.593951412989589,8.635,46.11,5.33989577301679
2026-07-06,ANDROID,dhgate_product387_US_Purchase 30D_purchase_IAP_Kelsey_20260701,bz1mjZA2kGdyXeqz,50.07,4243,255,1,29.79,product387,11.8006127739807,0.196352941176471,0.0600989865661089,50.07,29.79,0.59496704613541
2026-07-06,ANDROID,dhgate_product383_T1_ACT&Nopay 30D_purchase_IAP_Kelsey_20260626,ngOjt7k0ODbX8WPx,50.39,8134,2856,5,162.11,product383,6.19498401770347,0.0176435574229692,0.351118760757315,10.078,32.422,3.21710656876364
2026-07-06,ANDROID,dhgate_product384_T1_ACT&Nopay 30D_purchase_IAP_Kelsey_20260627,S76pXwyrVvtdre2B,50.17,7886,2545,11,664.88,product384,6.36190717727619,0.019713163064833,0.322723814354552,4.56090909090909,60.4436363636364,13.2525413593781
2026-07-06,IOS,dhgate_product372_T1_ACT&Nopay 30D_purchase_IAP_Kelsey_20260605,U4gzqzcEnoe3yurD,100.35,13555,1337,8,370.73,product372,7.40317226115824,0.075056095736724,0.0986351899668019,12.54375,46.34125,3.6943697060289
2026-07-06,ANDROID,dhgate_product374_US_ACT&Nopay 30D_purchase_IAP_Kelsey_20260610,lHtOeUxHZghwmdpM,48.64,16018,406,9,401.67,product374,3.03658384317643,0.119802955665025,0.0253464852041453,5.40444444444445,44.63,8.25801809210526
2026-07-06,ANDROID,dhgate_product375_US_Purchase 30D_purchase_IAP_Kelsey_20260611,ZmROz0lvQRxsi3uG,98.86,10144,730,6,471.53,product375,9.74566246056782,0.135424657534247,0.0719637223974763,16.4766666666667,78.5883333333333,4.76967428687032
2026-07-06,IOS,dhgate_product368_T1_Purchase 30D_purchase_IAP_Kelsey_20260531,Ta2k2BeVyS7dWN4n,50.26,6746,424,4,181.94,product368,7.45034094278091,0.118537735849057,0.0628520604802846,12.565,45.485,3.6199761241544
2026-07-06,ANDROID,dhgate_product377_T1_Purchase 30D_purchase_IAP_Kelsey_20260613,jQWebXWoq2Emp98e,50.26,8942,581,4,99.78,product377,5.62066651755759,0.0865060240963855,0.064974278684858,12.565,24.945,1.98527656187823
2026-07-06,IOS,dhgate_product377_T1_Purchase 30D_purchase_IAP_Kelsey_20260613,ImdbSHRgpaEHQaDV,50.29,5720,446,9,343.53,product377,8.79195804195804,0.112757847533632,0.077972027972028,5.58777777777778,38.17,6.83098031417777
2026-07-06,IOS,dhgate_product381_US_ACT&Nopay 30D_purchase_IAP_Kelsey_20260624,koAG4uPwaNuNbSsi,97.48,12819,596,19,906.55,product381,7.60433731180279,0.163557046979866,0.0464934862313753,5.13052631578947,47.7131578947368,9.29985638079606
2026-07-06,ANDROID,dhgate_product376_US_Purchase 30D_purchase_IAP_Kelsey_20260612,OGOAsivo1SSZARzD,49.67,5980,362,3,113.71,product376,8.30602006688963,0.137209944751381,0.0605351170568562,16.5566666666667,37.9033333333333,2.28930944231931
2026-07-07,ANDROID,dhgate_product317_US_ACT&Nopay 30D_purchase_IAP_Kelsey_20260707,QaDmc1Cy1yXv7PUz,6.22,864,219,0,0.0,product317,7.19907407407407,0.0284018264840183,0.253472222222222,,,0.0
2026-07-07,ANDROID,dhgate_product367_UK_Purchase 30D_purchase_IAP_Kelsey_20260530,AsUotp8z2P369W1o,91.7,8011,707,13,444.37,product367,11.446760704032,0.12970297029703,0.0882536512295594,7.05384615384615,34.1823076923077,4.84591057797165
2026-07-07,IOS,dhgate_product364_US_Purchase 30D_purchase_IAP_Kelsey_20260527,qX4oco28gDbrpBri,61.36,4378,218,4,195.68,product364,14.015532206487,0.281467889908257,0.0497944266788488,15.34,48.92,3.1890482398957
2026-07-07,IOS,dhgate_product357_UK_ACT&Nopay 30D_purchase_IAP_Kelsey_20260521,secYrwGRxGvE22kr,58.96,3430,458,9,245.22,product357,17.1895043731778,0.128733624454148,0.133527696793003,6.55111111111111,27.2466666666667,4.15909090909091
2026-07-07,IOS,dhgate_product340_US_Purchase 30D_purchase_IAP_Kelsey_20260516,yznk4uz7IRlNu5TH,64.42,4315,197,17,1195.23,product340,14.9293163383546,0.327005076142132,0.0456546929316338,3.78941176470588,70.3076470588236,18.5537100279416
2026-07-07,ANDROID,dhgate_product337_T1_ACT&Nopay 30D_purchase_IAP_Kelsey_20260513,Hi3okRpzvLX7H2oQ,48.83,19092,638,6,265.99,product337,2.55761575529017,0.0765360501567398,0.0334171380683009,8.13833333333333,44.3316666666667,5.44726602498464
2026-07-07,IOS,dhgate_product337_T1_ACT&Nopay 30D_purchase_IAP_Kelsey_20260513,pMbmqjxpXWy9uySH,65.49,13080,511,2,117.7,product337,5.00688073394495,0.128160469667319,0.0390672782874618,32.745,58.85,1.79722094976332
2026-07-07,IOS,dhgate_product326_US_ACT&Nopay 30D_purchase_IAP_Kelsey_20260506,zMf9PKJzCf4uVI7T,47.67,6919,277,3,95.34,product326,6.88972394854748,0.172093862815884,0.0400346870935106,15.89,31.78,2.0
2026-07-07,IOS,dhgate_product319_US_Purchase 30D_purchase_IAP_Kelsey_20260429,SGOG7us7fBY7c5lH,100.37,9499,863,18,707.27,product319,10.5663754079377,0.11630359212051,0.0908516685966944,5.57611111111111,39.2927777777778,7.04662747833018
2026-07-07,IOS,dhgate_product318_T1_Purchase 30D_purchase_IAP_Kelsey_20260428,mayu0PGeMJEYQhWJ,100.48,9091,832,20,1981.91,product318,11.0526894731053,0.120769230769231,0.0915190848091519,5.024,99.0955,19.7244227707006
2026-07-07,IOS,dhgate_product317_UK_ACT&Nopay 30D_purchase_IAP_Kelsey_20260427,H9HAtL9q0yyc4Gdy,82.46,5302,530,26,1275.75,product317,15.5526216522067,0.155584905660377,0.0999622783855149,3.17153846153846,49.0673076923077,15.4711375212224
2026-07-07,ANDROID,dhgate_dpa-and_US_ACT&Nopay 30D_purchase_IAP_Kelsey_20260511,M0ZXR7rklCeN7J9o,92.96,18824,398,4,182.72,dpa-and,4.93837654058649,0.23356783919598,0.0211432214194645,23.24,45.68,1.96557659208262
2026-07-07,ANDROID,dhgate_product317_FR_ACT&Nopay 30D_purchase_IAP_Kelsey_20260526,zbor8ujPF081oChW,94.21,7589,2624,25,881.61,product317,12.4140202925287,0.0359032012195122,0.345763605218079,3.7684,35.2644,9.35792378728373
2026-07-07,ANDROID,dhgate_product315_UK_ACT&Nopay 30D_purchase_IAP_Kelsey_20260425,bedUOEtGfoRFbmze,66.16,7689,825,9,361.11,product315,8.60449993497204,0.0801939393939394,0.107296137339056,7.35111111111111,40.1233333333333,5.45813180169287
2026-07-07,IOS,dhgate_product314_UK_Purchase 30D_purchase_IAP_Kelsey_20260424,NmHyz3ZrSwNTmf0j,100.81,5478,522,19,529.74,product314,18.4027017159547,0.193122605363985,0.0952902519167579,5.30578947368421,27.881052631579,5.25483582977879
2026-07-07,IOS,dhgate_product301_US_ACT&Nopay 30D_purchase_IAP_Kelsey_20260422,OG6WHvKPBaUM1wDo,28.04,7292,52,2,116.0,product301,3.84530992868897,0.539230769230769,0.00713110257816786,14.02,58.0,4.13694721825963
2026-07-07,IOS,dhgate_product300_T1_Purchase 30D_purchase_IAP_Kelsey_20260421,wGMfDvBHm0s02IeZ,56.93,4653,528,9,294.54,product300,12.2351171287342,0.10782196969697,0.113475177304965,6.32555555555556,32.7266666666667,5.17372211487792
2026-07-07,ANDROID,dhgate_product148_T1_Purchase 30D_purchase_IAP_Kelsey_20260415,dVlitdxzfmXStKCR,100.2,12544,1151,22,710.0,product148,7.98788265306123,0.0870547350130322,0.0917570153061224,4.55454545454546,32.2727272727273,7.08582834331337
2026-07-07,IOS,dhgate_product138_FR_ACT&Nopay 30D_purchase_IAP_Kelsey_20260403,zNcB24si9mbzBPed,125.53,12033,1696,31,1119.3,product138,10.4321449347627,0.0740153301886792,0.140945732568769,4.04935483870968,36.1064516129032,8.91659364295388
2026-07-07,IOS,dhgate_product137_US_Purchase 30D_purchase_IAP_Kelsey_20260402,Eo7scqEETcYxo6WH,55.83,3116,165,11,404.16,product137,17.9172015404365,0.338363636363636,0.0529525032092426,5.07545454545455,36.7418181818182,7.23911875335841
2026-07-07,IOS,dhgate_dpa-ios_US_ACT&Nopay 30D_purchase_IAP_Kelsey_20260515,y55faIMh7doL5RvO,54.72,6104,152,2,124.79,dpa-ios,8.96461336828309,0.36,0.0249017038007864,27.36,62.395,2.28051900584795
2026-07-07,ANDROID,dhgate_product368_T1_Purchase 30D_purchase_IAP_Kelsey_20260531,b3s2CGS3sMxfFWgV,49.53,8307,481,7,277.16,product368,5.96244131455399,0.102972972972973,0.0579029733959311,7.07571428571429,39.5942857142857,5.59580052493438
2026-07-07,ANDROID,dhgate_product317_UK_ACT&Nopay 30D_purchase_IAP_Kelsey_20260427,tDzMEZEldS4Kei0r,100.45,10466,1214,23,653.4,product317,9.59774507930442,0.0827429983525535,0.115994649340722,4.36739130434783,28.4086956521739,6.5047287207566
2026-07-07,IOS,dhgate_product368_T1_Purchase 30D_purchase_IAP_Kelsey_20260531,Ta2k2BeVyS7dWN4n,50.13,6797,366,10,481.09,product368,7.3753126379285,0.136967213114754,0.053847285567162,5.013,48.109,9.5968481946938
2026-07-07,IOS,dhgate_product350_US_Purchase 30D_purchase_IAP_Kelsey_20260517,eZwoS7yMwcYqxbzm,50.15,4368,169,4,265.99,product350,11.4812271062271,0.296745562130178,0.0386904761904762,12.5375,66.4975,5.30388833499502
2026-07-07,ANDROID,dhgate_product374_GB_ACT&Nopay 30D_purchase_IAP_Kelsey_20260707,OSGTJR6hG0un7jPR,15.67,1381,425,0,0.0,product374,11.3468501086169,0.0368705882352941,0.307748008689356,,,0.0
2026-07-07,IOS,dhgate_product372_T1_ACT&Nopay 30D_purchase_IAP_Kelsey_20260605,U4gzqzcEnoe3yurD,100.33,12731,1192,13,559.25,product372,7.88076349069201,0.0841694630872483,0.0936297227240594,7.71769230769231,43.0192307692308,5.57410545200837
2026-07-07,ANDROID,dhgate_product392_UK_AF ACT&Nopay 30D_purchase_IAP_Kelsey_20260707,UPSWDB1oXONhqPxz,17.47,1684,584,0,0.0,product392,10.374109263658,0.0299143835616438,0.346793349168646,,,0.0
2026-07-07,IOS,dhgate_product390_UK_Purchase 30D_purchase_IAP_Kelsey_20260707,ofCAbBvdiAKdTaHs,21.79,491,279,2,49.72,product390,44.3788187372709,0.0781003584229391,0.568228105906314,10.895,24.86,2.28178063331804
2026-07-07,IOS,dhgate_product389_US_Purchase 30D_purchase_IAP_Kelsey_20260704,nRhsGXjCBGkftcS3,33.74,624,265,4,279.0,product389,54.0705128205128,0.127320754716981,0.424679487179487,8.435,69.75,8.26911677534084
2026-07-07,ANDROID,dhgate_product389_US_Purchase 30D_purchase_IAP_Kelsey_20260704,i12xubLcdQhBchx3,32.61,4413,228,4,106.52,product389,7.38953093133922,0.143026315789474,0.0516655336505778,8.1525,26.63,3.26648267402637
2026-07-07,ANDROID,dhgate_product388_US_Purchase 30D_purchase_IAP_Kelsey_20260702,PGm3IaX43E3i7UrH,32.72,2788,238,1,11.57,product388,11.7360114777618,0.137478991596639,0.0853658536585366,32.72,11.57,0.353606356968215
2026-07-07,IOS,dhgate_product388_US_Purchase 30D_purchase_IAP_Kelsey_20260701,mGP5DRB6Zd0im4qF,35.13,641,305,2,47.15,product388,54.804992199688,0.115180327868852,0.47581903276131,17.565,23.575,1.34215769997153
2026-07-07,IOS,dhgate_product387_US_Purchase 30D_purchase_IAP_Kelsey_20260701,dqSpxpWzr1rTkEdk,50.01,5455,245,2,62.86,product387,9.16773602199817,0.204122448979592,0.0449129239230064,25.005,31.43,1.25694861027794
2026-07-07,ANDROID,dhgate_product387_US_Purchase 30D_purchase_IAP_Kelsey_20260701,bz1mjZA2kGdyXeqz,28.14,3836,174,0,0.0,product387,7.33576642335767,0.161724137931035,0.0453597497393118,,,0.0
2026-07-07,ANDROID,dhgate_product386_US_Purchase 30D_purchase_IAP_Kelsey_20260701,rJAl2dweZnU4qvuG,50.29,3634,416,10,410.69,product386,13.8387451843698,0.120889423076923,0.114474408365438,5.029,41.069,8.1664346788626
2026-07-07,IOS,dhgate_product386_US_Purchase 30D_purchase_IAP_Kelsey_20260630,kpNA9cC8I3HMEtHY,43.13,1017,408,5,177.06,product386,42.4090462143559,0.105710784313725,0.40117994100295,8.626,35.412,4.10526315789474
2026-07-07,ANDROID,dhgate_product385_UK_ACT&Nopay 30D_purchase_IAP_Kelsey_20260630,VzqTPrFSQDRkzKZj,45.68,3723,921,19,631.24,product385,12.269674993285,0.0495982627578719,0.247381144238517,2.40421052631579,33.2231578947368,13.8187390542907
2026-07-07,ANDROID,dhgate_product390_UK_Purchase 30D_purchase_IAP_Kelsey_20260707,f34nleKihCgNUIbw,7.16,534,205,1,40.71,product390,13.4082397003745,0.0349268292682927,0.383895131086142,7.16,40.71,5.68575418994413
2026-07-07,IOS,dhgate_product384_T1_ACT&Nopay 30D_purchase_IAP_Kelsey_20260627,HgoIpNDJKiz1hrzc,52.95,2624,1494,9,533.36,product384,20.1791158536585,0.0354417670682731,0.569359756097561,5.88333333333333,59.2622222222222,10.0728989612842
2026-07-07,IOS,dhgate_product385_UK_ACT&Nopay 30D_purchase_IAP_Kelsey_20260629,c0t3kucHhrc7ADQK,45.2,4171,340,1,18.71,product385,10.836729801007,0.132941176470588,0.0815152241668665,45.2,18.71,0.413938053097345
2026-07-07,ANDROID,dhgate_product374_US_ACT&Nopay 30D_purchase_IAP_Kelsey_20260610,lHtOeUxHZghwmdpM,47.54,15048,366,5,204.95,product374,3.15922381711855,0.129890710382514,0.0243221690590112,9.508,40.99,4.3111064366849
2026-07-07,ANDROID,dhgate_product376_US_Purchase 30D_purchase_IAP_Kelsey_20260612,OGOAsivo1SSZARzD,24.33,3462,123,5,551.23,product376,7.02772963604853,0.19780487804878,0.035528596187175,4.866,110.246,22.6563912864776
2026-07-07,IOS,dhgate_product377_T1_Purchase 30D_purchase_IAP_Kelsey_20260613,ImdbSHRgpaEHQaDV,50.3,5853,421,2,97.05,product377,8.593883478558,0.119477434679335,0.0719289253374338,25.15,48.525,1.92942345924453
2026-07-07,IOS,dhgate_product392_UK_AF ACT&Nopay 30D_purchase_IAP_Kelsey_20260707,q0zvJvGLyJwL5848,35.1,848,460,0,0.0,product392,41.3915094339623,0.076304347826087,0.542452830188679,,,0.0
2026-07-07,ANDROID,dhgate_product375_US_Purchase 30D_purchase_IAP_Kelsey_20260611,ZmROz0lvQRxsi3uG,97.43,10893,803,1,38.47,product375,8.94427614064078,0.121332503113325,0.0737170660056917,97.43,38.47,0.394847582880016
2026-07-07,IOS,dhgate_product381_GB_ACT&Nopay 30D_purchase_IAP_Kelsey_20260707,FLkCNgAUV5GydQkp,20.96,555,277,0,0.0,product381,37.7657657657658,0.0756678700361011,0.499099099099099,,,0.0
2026-07-07,IOS,dhgate_product381_US_ACT&Nopay 30D_purchase_IAP_Kelsey_20260624,koAG4uPwaNuNbSsi,100.2,12244,742,14,779.85,product381,8.18360013067625,0.135040431266846,0.0606011107481215,7.15714285714286,55.7035714285714,7.78293413173653
2026-07-07,ANDROID,dhgate_product383_T1_ACT&Nopay 30D_purchase_IAP_Kelsey_20260626,ngOjt7k0ODbX8WPx,50.38,8073,2512,2,66.56,product383,6.24055493620711,0.0200557324840764,0.311160658986746,25.19,33.28,1.32115919015482
2026-07-07,ANDROID,dhgate_product384_T1_ACT&Nopay 30D_purchase_IAP_Kelsey_20260627,S76pXwyrVvtdre2B,75.66,12432,3468,8,401.4,product384,6.08590733590734,0.0218166089965398,0.278957528957529,9.4575,50.175,5.30531324345757
2026-07-07,ANDROID,dhgate_product377_T1_Purchase 30D_purchase_IAP_Kelsey_20260613,jQWebXWoq2Emp98e,47.97,7639,507,4,140.11,product377,6.27961775101453,0.0946153846153846,0.0663699437099097,11.9925,35.0275,2.92078382322285
2026-07-08,IOS,dhgate_product364_US_Purchase 30D_purchase_IAP_Kelsey_20260527,qX4oco28gDbrpBri,50.22,4040,221,15,1012.83,product364,12.4306930693069,0.227239819004525,0.0547029702970297,3.348,67.522,20.1678614097969
2026-07-08,IOS,dhgate_product318_T1_Purchase 30D_purchase_IAP_Kelsey_20260428,mayu0PGeMJEYQhWJ,100.14,8938,782,23,1100.52,product318,11.2038487357351,0.128056265984655,0.0874916088610427,4.35391304347826,47.8486956521739,10.989814260036
2026-07-08,IOS,dhgate_product350_US_Purchase 30D_purchase_IAP_Kelsey_20260517,eZwoS7yMwcYqxbzm,43.67,3637,203,3,123.88,product350,12.0071487489689,0.21512315270936,0.0558152323343415,14.5566666666667,41.2933333333333,2.83673002060911
2026-07-08,IOS,dhgate_product340_US_Purchase 30D_purchase_IAP_Kelsey_20260516,yznk4uz7IRlNu5TH,50.17,3984,229,11,475.42,product340,12.5928714859438,0.219082969432314,0.0574799196787149,4.56090909090909,43.22,9.47618098465218
2026-07-08,ANDROID,dhgate_product337_T1_ACT&Nopay 30D_purchase_IAP_Kelsey_20260513,Hi3okRpzvLX7H2oQ,49.96,15235,848,13,449.13,product337,3.27929110600591,0.0589150943396226,0.0556613062028225,3.84307692307692,34.5484615384615,8.98979183346678
2026-07-08,IOS,dhgate_product337_T1_ACT&Nopay 30D_purchase_IAP_Kelsey_20260513,pMbmqjxpXWy9uySH,94.68,14844,841,5,137.23,product337,6.37833468067906,0.112580261593341,0.0566558879008354,18.936,27.446,1.44940853400929
2026-07-08,IOS,dhgate_product326_US_ACT&Nopay 30D_purchase_IAP_Kelsey_20260506,zMf9PKJzCf4uVI7T,48.44,6187,316,11,657.92,product326,7.82931954097301,0.153291139240506,0.0510748343300469,4.40363636363636,59.8109090909091,13.5821635012386
2026-07-08,IOS,dhgate_product319_US_Purchase 30D_purchase_IAP_Kelsey_20260429,SGOG7us7fBY7c5lH,100.28,9255,830,17,697.37,product319,10.8352242031334,0.120819277108434,0.0896812533765532,5.89882352941176,41.0217647058824,6.95422816114878
2026-07-08,ANDROID,dhgate_product317_US_ACT&Nopay 30D_purchase_IAP_Kelsey_20260707,QaDmc1Cy1yXv7PUz,51.0,5766,1363,0,0.0,product317,8.84495317377732,0.037417461482025,0.236385709330558,,,0.0
2026-07-08,ANDROID,dhgate_product148_T1_Purchase 30D_purchase_IAP_Kelsey_20260415,dVlitdxzfmXStKCR,100.27,9435,1031,18,696.11,product148,10.6274509803922,0.09725509214355,0.109273979862215,5.57055555555556,38.6727777777778,6.94235563977261
2026-07-08,ANDROID,dhgate_product317_UK_ACT&Nopay 30D_purchase_IAP_Kelsey_20260427,tDzMEZEldS4Kei0r,101.17,7238,1008,11,320.33,product317,13.9776181265543,0.100367063492064,0.13926499032882,9.19727272727273,29.1209090909091,3.16625481862212
2026-07-08,ANDROID,dhgate_product317_FR_ACT&Nopay 30D_purchase_IAP_Kelsey_20260526,zbor8ujPF081oChW,91.53,9316,1671,19,648.87,product317,9.82503220266209,0.0547755834829444,0.1793688278231,4.81736842105263,34.151052631579,7.08915109800066
2026-07-08,ANDROID,dhgate_product315_UK_ACT&Nopay 30D_purchase_IAP_Kelsey_20260425,bedUOEtGfoRFbmze,100.43,7286,1003,9,386.95,product315,13.7839692561076,0.100129611166501,0.137661268185561,11.1588888888889,42.9944444444444,3.8529323907199
2026-07-08,IOS,dhgate_product314_UK_Purchase 30D_purchase_IAP_Kelsey_20260424,NmHyz3ZrSwNTmf0j,61.53,3053,296,14,402.52,product314,20.1539469374386,0.207871621621622,0.0969538159187684,4.395,28.7514285714286,6.54184950430684
2026-07-08,IOS,dhgate_product138_FR_ACT&Nopay 30D_purchase_IAP_Kelsey_20260403,zNcB24si9mbzBPed,150.36,12612,1867,22,1032.31,product138,11.9219790675547,0.0805356186395287,0.148033618775769,6.83454545454546,46.9231818181818,6.86558925246076
2026-07-08,IOS,dhgate_product137_US_Purchase 30D_purchase_IAP_Kelsey_20260402,Eo7scqEETcYxo6WH,49.26,3322,187,5,188.17,product137,14.8284166164961,0.263422459893048,0.0562913907284768,9.852,37.634,3.81993503857085
2026-07-08,IOS,dhgate_dpa-ios_US_ACT&Nopay 30D_purchase_IAP_Kelsey_20260515,y55faIMh7doL5RvO,19.66,2451,42,4,232.99,dpa-ios,8.02121583027336,0.468095238095238,0.0171358629130967,4.915,58.2475,11.8509664292981
2026-07-08,ANDROID,dhgate_dpa-and_US_ACT&Nopay 30D_purchase_IAP_Kelsey_20260511,M0ZXR7rklCeN7J9o,100.33,16799,474,2,126.73,dpa-and,5.97237930829216,0.211666666666667,0.028215965236026,50.165,63.365,1.26313166550384
2026-07-08,ANDROID,dhgate_product367_UK_Purchase 30D_purchase_IAP_Kelsey_20260530,AsUotp8z2P369W1o,101.06,6234,692,18,1193.2,product367,16.2111004170677,0.146040462427746,0.111004170676933,5.61444444444445,66.2888888888889,11.8068474173758
2026-07-08,IOS,dhgate_product317_UK_ACT&Nopay 30D_purchase_IAP_Kelsey_20260427,H9HAtL9q0yyc4Gdy,94.98,6000,564,12,444.08,product317,15.83,0.168404255319149,0.094,7.915,37.0066666666667,4.67551063381765
2026-07-08,ANDROID,dhgate_product368_T1_Purchase 30D_purchase_IAP_Kelsey_20260531,b3s2CGS3sMxfFWgV,50.25,5938,540,8,436.38,product368,8.46244526776693,0.0930555555555556,0.0909397103401819,6.28125,54.5475,8.68417910447761
2026-07-08,IOS,dhgate_product372_T1_ACT&Nopay 30D_purchase_IAP_Kelsey_20260605,U4gzqzcEnoe3yurD,96.37,12008,1100,9,789.31,product372,8.02548301132578,0.0876090909090909,0.0916055962691539,10.7077777777778,87.7011111111111,8.19041195392757
2026-07-08,IOS,dhgate_product390_UK_Purchase 30D_purchase_IAP_Kelsey_20260707,ofCAbBvdiAKdTaHs,43.08,1206,542,3,98.9,product390,35.7213930348259,0.0794833948339483,0.449419568822554,14.36,32.9666666666667,2.29572887650882
2026-07-08,IOS,dhgate_product368_T1_Purchase 30D_purchase_IAP_Kelsey_20260531,Ta2k2BeVyS7dWN4n,44.77,5992,344,9,309.06,product368,7.47162883845127,0.130145348837209,0.0574098798397864,4.97444444444445,34.34,6.90328344873799
2026-07-08,ANDROID,dhgate_product394_UK_AF ACT&Nopay 30D_purchase_IAP_Kelsey_20260708,R2w3HgOjXxczhMlu,15.8,1315,458,0,0.0,product394,12.0152091254753,0.0344978165938865,0.34828897338403,,,0.0
2026-07-08,IOS,dhgate_product394_UK_AF ACT&Nopay 30D_purchase_IAP_Kelsey_20260708,wG2ZMunTwwH1zgZJ,21.03,621,291,0,0.0,product394,33.8647342995169,0.0722680412371134,0.468599033816425,,,0.0
2026-07-08,IOS,dhgate_product392_UK_AF ACT&Nopay 30D_purchase_IAP_Kelsey_20260707,q0zvJvGLyJwL5848,50.39,1386,722,0,0.0,product392,36.3564213564214,0.069792243767313,0.520923520923521,,,0.0
2026-07-08,ANDROID,dhgate_product392_UK_AF ACT&Nopay 30D_purchase_IAP_Kelsey_20260707,UPSWDB1oXONhqPxz,50.63,4131,1361,1,21.0,product392,12.2561123214718,0.037200587803086,0.329460179133382,50.63,21.0,0.414773849496346
2026-07-08,ANDROID,dhgate_product390_UK_Purchase 30D_purchase_IAP_Kelsey_20260707,f34nleKihCgNUIbw,50.3,2828,833,3,56.77,product390,17.7864214992928,0.0603841536614646,0.294554455445545,16.7666666666667,18.9233333333333,1.1286282306163
2026-07-08,IOS,dhgate_product387_US_Purchase 30D_purchase_IAP_Kelsey_20260701,dqSpxpWzr1rTkEdk,46.86,4525,238,2,61.18,product387,10.3558011049724,0.196890756302521,0.0525966850828729,23.43,30.59,1.30559112249253
2026-07-08,ANDROID,dhgate_product386_US_Purchase 30D_purchase_IAP_Kelsey_20260701,rJAl2dweZnU4qvuG,50.09,3584,277,13,414.23,product386,13.9760044642857,0.180830324909747,0.0772879464285714,3.85307692307692,31.8638461538462,8.26971451387503
2026-07-08,IOS,dhgate_product386_US_Purchase 30D_purchase_IAP_Kelsey_20260630,kpNA9cC8I3HMEtHY,41.06,1180,426,4,201.67,product386,34.7966101694915,0.0963849765258216,0.361016949152542,10.265,50.4175,4.91159279103751
2026-07-08,IOS,dhgate_product385_UK_ACT&Nopay 30D_purchase_IAP_Kelsey_20260629,c0t3kucHhrc7ADQK,43.46,4111,257,9,192.65,product385,10.5716370712722,0.169105058365759,0.0625152031135977,4.82888888888889,21.4055555555556,4.432811780948
2026-07-08,ANDROID,dhgate_product385_UK_ACT&Nopay 30D_purchase_IAP_Kelsey_20260630,VzqTPrFSQDRkzKZj,50.26,5654,651,10,341.26,product385,8.88928192430138,0.0772043010752688,0.11513972408914,5.026,34.126,6.78989255869479
2026-07-08,ANDROID,dhgate_product384_T1_ACT&Nopay 30D_purchase_IAP_Kelsey_20260627,S76pXwyrVvtdre2B,97.63,11702,3995,23,1226.42,product384,8.34301828747223,0.0244380475594493,0.341394633396001,4.24478260869565,53.3226086956522,12.5619174434088
2026-07-08,ANDROID,dhgate_product383_T1_ACT&Nopay 30D_purchase_IAP_Kelsey_20260626,ngOjt7k0ODbX8WPx,31.11,4614,1619,8,453.22,product383,6.74252275682705,0.0192155651636813,0.350888599913307,3.88875,56.6525,14.568306010929
2026-07-08,IOS,dhgate_product381_US_ACT&Nopay 30D_purchase_IAP_Kelsey_20260624,koAG4uPwaNuNbSsi,99.56,9844,896,17,876.85,product381,10.1137748882568,0.111116071428571,0.0910199106054449,5.85647058823529,51.5794117647059,8.80725190839695
2026-07-08,IOS,dhgate_product381_GB_ACT&Nopay 30D_purchase_IAP_Kelsey_20260707,FLkCNgAUV5GydQkp,42.08,1289,578,12,322.56,product381,32.6454615981381,0.07280276816609,0.448409619860357,3.50666666666667,26.88,7.66539923954373
2026-07-08,IOS,dhgate_product377_T1_Purchase 30D_purchase_IAP_Kelsey_20260613,ImdbSHRgpaEHQaDV,45.46,5559,388,4,119.21,product377,8.17772980751934,0.117164948453608,0.0697967260298615,11.365,29.8025,2.6223053233612
2026-07-08,ANDROID,dhgate_product377_T1_Purchase 30D_purchase_IAP_Kelsey_20260613,jQWebXWoq2Emp98e,50.16,5866,470,6,170.97,product377,8.5509717013297,0.106723404255319,0.0801227412205933,8.36,28.495,3.40849282296651
2026-07-08,ANDROID,dhgate_product375_US_Purchase 30D_purchase_IAP_Kelsey_20260611,ZmROz0lvQRxsi3uG,61.29,4748,355,3,108.44,product375,12.9085930918281,0.172647887323944,0.0747683235046335,20.43,36.1466666666667,1.76929352259749
2026-07-08,ANDROID,dhgate_product374_US_ACT&Nopay 30D_purchase_IAP_Kelsey_20260610,lHtOeUxHZghwmdpM,49.55,12199,574,3,77.09,product374,4.06180834494631,0.0863240418118467,0.0470530371341913,16.5166666666667,25.6966666666667,1.55580221997982
2026-07-08,ANDROID,dhgate_product374_GB_ACT&Nopay 30D_purchase_IAP_Kelsey_20260707,OSGTJR6hG0un7jPR,46.45,3096,1088,3,74.55,product374,15.0032299741602,0.0426930147058824,0.351421188630491,15.4833333333333,24.85,1.60495156081808
2026-07-08,IOS,dhgate_product384_T1_ACT&Nopay 30D_purchase_IAP_Kelsey_20260627,HgoIpNDJKiz1hrzc,87.14,3804,1879,15,598.38,product384,22.9074658254469,0.0463757317722193,0.493953732912723,5.80933333333333,39.892,6.86688088134037
2026-07-09,ANDROID,dhgate_product337_T1_ACT&Nopay 30D_purchase_IAP_Kelsey_AND_20260513,Hi3okRpzvLX7H2oQ,48.21,19143,690,7,199.52,product337,2.51841404168626,0.0698695652173913,0.0360445071305438,6.88714285714286,28.5028571428571,4.13856046463389
2026-07-09,IOS,dhgate_product319_US_Purchase 30D_purchase_IAP_Kelsey_IOS_20260429,SGOG7us7fBY7c5lH,100.48,9068,689,20,1038.49,product319,11.080723423026,0.145834542815675,0.0759814733127481,5.024,51.9245,10.3352906050955
2026-07-09,IOS,dhgate_product326_US_ACT&Nopay 30D_purchase_IAP_Kelsey_IOS_20260506,zMf9PKJzCf4uVI7T,50.05,6970,351,13,1474.35,product326,7.18077474892396,0.142592592592593,0.0503586800573888,3.85,113.411538461538,29.4575424575425
2026-07-09,IOS,dhgate_product337_T1_ACT&Nopay 30D_purchase_IAP_Kelsey_IOS_20260513,pMbmqjxpXWy9uySH,95.16,16118,764,5,312.41,product337,5.90395830748232,0.12455497382199,0.0474004218885718,19.032,62.482,3.28299705758722
2026-07-09,ANDROID,dhgate_product368_T1_Purchase 30D_purchase_IAP_Kelsey_AND_20260531,b3s2CGS3sMxfFWgV,49.38,8416,502,10,401.21,product368,5.86739543726236,0.0983665338645418,0.059648288973384,4.938,40.121,8.12494937221547
2026-07-09,IOS,dhgate_product350_US_Purchase 30D_purchase_IAP_Kelsey_IOS_20260517,eZwoS7yMwcYqxbzm,46.39,4047,213,2,222.12,product350,11.4628119594762,0.217793427230047,0.0526315789473684,23.195,111.06,4.78810088381117
2026-07-09,IOS,dhgate_product364_US&FR_Purchase 30D_purchase_IAP_Kelsey_IOS_20260527,qX4oco28gDbrpBri,45.15,4683,204,13,555.86,product364,9.64125560538117,0.221323529411765,0.0435618193465727,3.47307692307692,42.7584615384615,12.3114064230343
2026-07-09,ANDROID,dhgate_product367_UK_Purchase 30D_purchase_IAP_Kelsey_AND_20260530,AsUotp8z2P369W1o,100.11,7733,716,10,217.87,product367,12.9458166300272,0.13981843575419,0.0925901978533558,10.011,21.787,2.17630606333034
2026-07-09,IOS,dhgate_product319_CA_Purchase 30D_purchase_IAP_Kelsey_IOS_20260707,kJqgxnpe6VbEV7uj,0.02,2,0,0,0.0,product319,10.0,,0.0,,,0.0
2026-07-09,IOS,dhgate_product340_US_Purchase 30D_purchase_IAP_Kelsey_IOS_20260516,yznk4uz7IRlNu5TH,47.7,4402,222,6,210.58,product340,10.8359836437983,0.214864864864865,0.0504316219900045,7.95,35.0966666666667,4.4146750524109
2026-07-09,IOS,dhgate_product318_T1_Purchase 30D_purchase_IAP_Kelsey_IOS_20260428,mayu0PGeMJEYQhWJ,99.69,8380,683,30,1484.48,product318,11.8961813842482,0.145959004392387,0.0815035799522673,3.323,49.4826666666667,14.8909619821447
2026-07-09,ANDROID,dhgate_dpa-and_US_ACT&Nopay 30D_purchase_IAP_Kelsey_AND_20260511,M0ZXR7rklCeN7J9o,98.7,21760,474,6,326.03,dpa-and,4.53584558823529,0.208227848101266,0.0217830882352941,16.45,54.3383333333333,3.303242147923
2026-07-09,IOS,dhgate_product317_UK_ACT&Nopay 30D_purchase_IAP_Kelsey_IOS_20260427,H9HAtL9q0yyc4Gdy,97.89,6123,586,7,238.11,product317,15.9872611464968,0.167047781569966,0.0957047199085416,13.9842857142857,34.0157142857143,2.43242414955562
2026-07-09,ANDROID,dhgate_product317_UK&FR_ACT&Nopay 30D_purchase_IAP_Kelsey_AND_20260427,tDzMEZEldS4Kei0r,101.54,8367,1276,7,284.53,product317,12.1357714832078,0.079576802507837,0.152503884307398,14.5057142857143,40.6471428571429,2.80214693716762
2026-07-09,ANDROID,dhgate_product317_FR_ACT&Nopay 30D_purchase_IAP_Kelsey_AND_20260526,zbor8ujPF081oChW,92.86,11524,1700,23,967.52,product317,8.05796598403332,0.0546235294117647,0.147518222839292,4.03739130434783,42.0660869565217,10.4191255653672
2026-07-09,ANDROID,dhgate_product315_UK_ACT&Nopay 30D_purchase_IAP_Kelsey_AND_20260425,bedUOEtGfoRFbmze,100.73,8908,1093,20,698.04,product315,11.3078132016165,0.0921591948764867,0.122698697799731,5.0365,34.902,6.92981236970118
2026-07-09,IOS,dhgate_product314_UK_Purchase 30D_purchase_IAP_Kelsey_IOS_20260424,NmHyz3ZrSwNTmf0j,48.88,2874,270,15,625.13,product314,17.0076548364649,0.181037037037037,0.0939457202505219,3.25866666666667,41.6753333333333,12.7890752864157
2026-07-09,ANDROID,dhgate_product148_T1_Purchase 30D_purchase_IAP_Kelsey_AND_20260415,dVlitdxzfmXStKCR,99.52,12212,1088,27,961.57,product148,8.14936128398297,0.0914705882352941,0.0890926957091386,3.68592592592593,35.6137037037037,9.66207797427653
2026-07-09,IOS,dhgate_product138_FR_ACT&Nopay 30D_purchase_IAP_Kelsey_IOS_20260403,zNcB24si9mbzBPed,149.44,14372,1616,16,1194.52,product138,10.3979961035347,0.0924752475247525,0.112440857222377,9.34,74.6575,7.99330835117773
2026-07-09,IOS,dhgate_product138_ES_ACT&Nopay 30D_purchase_IAP_Kelsey_IOS_20260707,dIYXvkLe5eBbUsbF,0.12,20,15,0,0.0,product138,6.0,0.008,0.75,,,0.0
2026-07-09,IOS,dhgate_product137_US_Purchase 30D_purchase_IAP_Kelsey_IOS_20260402,Eo7scqEETcYxo6WH,45.8,3433,226,9,367.4,product137,13.3411010777745,0.202654867256637,0.0658316341392368,5.08888888888889,40.8222222222222,8.02183406113537
2026-07-09,IOS,dhgate_dpa-ios_US_ACT&Nopay 30D_purchase_IAP_Kelsey_IOS_20260515,y55faIMh7doL5RvO,92.98,10857,281,6,184.42,dpa-ios,8.56406005342176,0.330889679715303,0.0258819194989408,15.4966666666667,30.7366666666667,1.98343729834373
2026-07-09,ANDROID,dhgate_product317_US_ACT&Nopay 30D_purchase_IAP_Kelsey_AND_20260707,QaDmc1Cy1yXv7PUz,49.48,3141,1322,0,0.0,product317,15.7529449219994,0.037428139183056,0.420885068449538,,,0.0
2026-07-09,IOS,dhgate_product368_T1_Purchase 30D_purchase_IAP_Kelsey_IOS_20260531,Ta2k2BeVyS7dWN4n,50.14,6390,339,11,396.93,product368,7.84663536776213,0.147905604719764,0.0530516431924883,4.55818181818182,36.0845454545455,7.91643398484244
2026-07-09,IOS,dhgate_product394_UK_ACT&Nopay 30D_purchase_IAP_Kelsey_IOS_20260708,wG2ZMunTwwH1zgZJ,48.55,1242,607,0,0.0,product394,39.0901771336554,0.0799835255354201,0.488727858293076,,,0.0
2026-07-09,ANDROID,dhgate_product374_GB_ACT&Nopay 30D_purchase_IAP_Kelsey_AND_20260707,OSGTJR6hG0un7jPR,44.53,2226,841,0,0.0,product374,20.0044923629829,0.05294887039239,0.377807726864331,,,0.0
2026-07-09,IOS,dhgate_product372_T1_ACT&Nopay 30D_purchase_IAP_Kelsey_IOS_20260605,U4gzqzcEnoe3yurD,95.28,12412,992,7,309.26,product372,7.6764421527554,0.0960483870967742,0.0799226554946826,13.6114285714286,44.18,3.24580184718724
2026-07-09,ANDROID,dhgate_product395_T1_ACT&Nopay 30D_purchase_IAP_Kelsey_AND_20260709,Ay3645qgnDxTnMnY,11.0,2949,1146,0,0.0,product395,3.73007799253984,0.00959860383944154,0.388606307222787,,,0.0
2026-07-09,ANDROID,dhgate_product394_UK_ACT&Nopay 30D_purchase_IAP_Kelsey_AND_20260708,R2w3HgOjXxczhMlu,44.58,3228,965,3,78.0,product394,13.8104089219331,0.0461968911917098,0.298946716232962,14.86,26.0,1.74966352624495
2026-07-09,IOS,dhgate_product392_UK_ACT&Nopay 30D_purchase_IAP_Kelsey_IOS_20260707,q0zvJvGLyJwL5848,50.48,1234,638,4,95.48,product392,40.9076175040519,0.0791222570532915,0.517017828200972,12.62,23.87,1.89144215530903
2026-07-09,ANDROID,dhgate_product392_UK_ACT&Nopay 30D_purchase_IAP_Kelsey_AND_20260707,UPSWDB1oXONhqPxz,49.03,3675,1205,4,126.74,product392,13.3414965986395,0.0406887966804979,0.327891156462585,12.2575,31.685,2.5849479910259
2026-07-09,IOS,dhgate_product390_UK_Purchase 30D_purchase_IAP_Kelsey_IOS_20260707,ofCAbBvdiAKdTaHs,50.01,1032,482,10,334.39,product390,48.4593023255814,0.103755186721992,0.467054263565891,5.001,33.439,6.68646270745851
2026-07-09,IOS,dhgate_product387_US_Purchase 30D_purchase_IAP_Kelsey_IOS_20260701,dqSpxpWzr1rTkEdk,44.19,4498,244,4,172.42,product387,9.82436638506003,0.181106557377049,0.0542463317029791,11.0475,43.105,3.90178773478163
2026-07-09,IOS,dhgate_product386_US_Purchase 30D_purchase_IAP_Kelsey_IOS_20260630,kpNA9cC8I3HMEtHY,43.81,1056,488,19,866.4,product386,41.4867424242424,0.0897745901639344,0.462121212121212,2.30578947368421,45.6,19.7763067792741
2026-07-09,ANDROID,dhgate_product386_US_Purchase 30D_purchase_IAP_Kelsey_AND_20260701,rJAl2dweZnU4qvuG,49.92,7519,589,8,518.52,product386,6.63918074211996,0.0847538200339559,0.0783348849581061,6.24,64.815,10.3870192307692
2026-07-09,IOS,dhgate_product385_UK_ACT&Nopay 30D_purchase_IAP_Kelsey_IOS_20260629,c0t3kucHhrc7ADQK,45.83,4017,316,1,31.2,product385,11.4090117002738,0.14503164556962,0.0786656708986806,45.83,31.2,0.680776783766092
2026-07-09,ANDROID,dhgate_product390_UK_Purchase 30D_purchase_IAP_Kelsey_AND_20260707,f34nleKihCgNUIbw,50.25,2626,803,4,137.57,product390,19.1355674028941,0.0625778331257783,0.305788271134806,12.5625,34.3925,2.73771144278607
2026-07-09,ANDROID,dhgate_product384_T1_Purchase 30D_purchase_IAP_Kelsey_AND_20260709_D7,funYq3Yvepl5ocKc,1.65,194,52,0,0.0,product384,8.50515463917526,0.0317307692307692,0.268041237113402,,,0.0
2026-07-09,ANDROID,dhgate_product374_US_ACT&Nopay 30D_purchase_IAP_Kelsey_AND_20260610,lHtOeUxHZghwmdpM,47.96,14874,514,8,301.78,product374,3.22441844829905,0.093307392996109,0.0345569450047062,5.995,37.7225,6.29232693911593
2026-07-09,ANDROID,dhgate_product385_UK_ACT&Nopay 30D_purchase_IAP_Kelsey_AND_20260630,VzqTPrFSQDRkzKZj,48.35,6384,612,9,204.54,product385,7.57362155388471,0.0790032679738562,0.0958646616541353,5.37222222222222,22.7266666666667,4.23040330920372
2026-07-09,ANDROID,dhgate_product377_T1_Purchase 30D_purchase_IAP_Kelsey_AND_20260613,jQWebXWoq2Emp98e,47.1,7762,423,1,25.57,product377,6.06802370523061,0.111347517730496,0.0544962638495233,47.1,25.57,0.542887473460722
2026-07-09,IOS,dhgate_product377_T1_Purchase 30D_purchase_IAP_Kelsey_IOS_20260613,ImdbSHRgpaEHQaDV,50.04,5662,386,4,194.37,product377,8.83786647827623,0.129637305699482,0.0681737901801484,12.51,48.5925,3.88429256594724
2026-07-09,IOS,dhgate_product381_GB_ACT&Nopay 30D_purchase_IAP_Kelsey_IOS_20260707,FLkCNgAUV5GydQkp,45.61,1176,528,0,0.0,product381,38.7840136054422,0.0863825757575758,0.448979591836735,,,0.0
2026-07-09,ANDROID,dhgate_product375_US_Purchase 30D_purchase_IAP_Kelsey_AND_20260611,ZmROz0lvQRxsi3uG,50.04,7580,545,6,184.77,product375,6.60158311345646,0.0918165137614679,0.0718997361477573,8.34,30.795,3.69244604316547
2026-07-09,ANDROID,dhgate_product384_T1_ACT&Nopay 30D_purchase_IAP_Kelsey_AND_20260627,S76pXwyrVvtdre2B,100.73,10784,4258,13,493.66,product384,9.34068991097923,0.0236566463128229,0.394844213649852,7.74846153846154,37.9738461538462,4.90082398491016
2026-07-09,IOS,dhgate_product384_T1_ACT&Nopay 30D_purchase_IAP_Kelsey_IOS_20260627,HgoIpNDJKiz1hrzc,86.58,3571,1670,8,380.99,product384,24.2453094371325,0.0518443113772455,0.467656118734248,10.8225,47.62375,4.4004389004389
2026-07-09,IOS,dhgate_product384_T1_Purchase 30D_purchase_IAP_Kelsey_IOS_20260709_D7,a6HoTnERdU9tuFNK,4.58,188,110,0,0.0,product384,24.3617021276596,0.0416363636363636,0.585106382978723,,,0.0
2026-07-09,IOS,dhgate_product381_US_ACT&Nopay 30D_purchase_IAP_Kelsey_IOS_20260624,koAG4uPwaNuNbSsi,96.03,10020,839,22,883.52,product381,9.58383233532934,0.11445768772348,0.0837325349301397,4.365,40.16,9.20045819014891
2026-07-09,IOS,dhgate_product395_T1_ACT&Nopay 30D_purchase_IAP_Kelsey_IOS_20260626,kFokWmeFrJnq8Inb,10.35,671,323,0,0.0,product395,15.424739195231,0.0320433436532508,0.481371087928465,,,0.0
2026-07-10,IOS,dhgate_product319_CA_Purchase 30D_purchase_IAP_Kelsey_IOS_20260707,kJqgxnpe6VbEV7uj,0.04,5,2,0,0.0,product319,8.0,0.02,0.4,,,0.0
2026-07-10,ANDROID,dhgate_product368_T1_Purchase 30D_purchase_IAP_Kelsey_AND_20260531,b3s2CGS3sMxfFWgV,50.08,7671,514,8,329.65,product368,6.52848390040412,0.097431906614786,0.0670056055273107,6.26,41.20625,6.58246805111821
2026-07-10,ANDROID,dhgate_product367_UK_Purchase 30D_purchase_IAP_Kelsey_AND_20260530,AsUotp8z2P369W1o,100.93,8081,754,18,764.95,product367,12.4897908674669,0.133859416445623,0.093305283999505,5.60722222222222,42.4972222222222,7.5790151590211
2026-07-10,IOS,dhgate_product364_US&FR_Purchase 30D_purchase_IAP_Kelsey_IOS_20260527,qX4oco28gDbrpBri,58.08,6231,334,10,430.28,product364,9.32113625421281,0.173892215568862,0.0536029529770502,5.808,43.028,7.40840220385675
2026-07-10,IOS,dhgate_product350_US_Purchase 30D_purchase_IAP_Kelsey_IOS_20260517,eZwoS7yMwcYqxbzm,45.11,4058,188,7,373.08,product350,11.1163134549039,0.239946808510638,0.0463282405125678,6.44428571428571,53.2971428571429,8.27045001108402
2026-07-10,IOS,dhgate_product340_US_Purchase 30D_purchase_IAP_Kelsey_IOS_20260516,yznk4uz7IRlNu5TH,58.85,5446,283,15,564.06,product340,10.8060962174073,0.207950530035336,0.0519647447668013,3.92333333333333,37.604,9.58470688190314
2026-07-10,IOS,dhgate_product337_T1_ACT&Nopay 30D_purchase_IAP_Kelsey_IOS_20260513,pMbmqjxpXWy9uySH,80.33,13235,655,2,49.48,product337,6.0695126558368,0.122641221374046,0.0494899886664148,40.165,24.74,0.615959168430225
2026-07-10,ANDROID,dhgate_product337_T1_ACT&Nopay 30D_purchase_IAP_Kelsey_AND_20260513,Hi3okRpzvLX7H2oQ,50.13,19920,749,7,201.51,product337,2.51656626506024,0.0669292389853138,0.0376004016064257,7.16142857142857,28.7871428571429,4.0197486535009
2026-07-10,IOS,dhgate_product326_US_ACT&Nopay 30D_purchase_IAP_Kelsey_IOS_20260506,zMf9PKJzCf4uVI7T,61.37,8504,406,16,1043.82,product326,7.21660395108184,0.15115763546798,0.0477422389463782,3.835625,65.23875,17.0086361414372
2026-07-10,IOS,dhgate_product319_US_Purchase 30D_purchase_IAP_Kelsey_IOS_20260429,SGOG7us7fBY7c5lH,100.25,8487,653,38,1773.07,product319,11.8121833392247,0.153522205206738,0.0769412041946506,2.63815789473684,46.6597368421053,17.6864837905237
2026-07-10,ANDROID,dhgate_dpa-and_US_ACT&Nopay 30D_purchase_IAP_Kelsey_AND_20260511,M0ZXR7rklCeN7J9o,100.14,22694,383,1,26.35,dpa-and,4.41262007579096,0.261462140992167,0.0168767074997797,100.14,26.35,0.263131615737967
2026-07-10,IOS,dhgate_product317_UK_ACT&Nopay 30D_purchase_IAP_Kelsey_IOS_20260427,H9HAtL9q0yyc4Gdy,100.72,6147,645,9,245.03,product317,16.3852285667805,0.15615503875969,0.104929233772572,11.1911111111111,27.2255555555556,2.43278395552025
2026-07-10,ANDROID,dhgate_product317_UK&FR_ACT&Nopay 30D_purchase_IAP_Kelsey_AND_20260427,tDzMEZEldS4Kei0r,77.58,10225,1683,14,538.55,product317,7.58728606356968,0.046096256684492,0.164596577017115,5.54142857142857,38.4678571428572,6.94186646042795
2026-07-10,ANDROID,dhgate_product317_FR_ACT&Nopay 30D_purchase_IAP_Kelsey_AND_20260526,zbor8ujPF081oChW,116.08,11829,2145,25,1003.08,product317,9.81317102037366,0.0541165501165501,0.181334009637332,4.6432,40.1232,8.64128187456926
2026-07-10,ANDROID,dhgate_product315_UK_ACT&Nopay 30D_purchase_IAP_Kelsey_AND_20260425,bedUOEtGfoRFbmze,73.89,7099,866,16,341.91,product315,10.4085082405973,0.0853233256351039,0.121989012536977,4.618125,21.369375,4.62728380024361
2026-07-10,IOS,dhgate_product314_UK_Purchase 30D_purchase_IAP_Kelsey_IOS_20260424,NmHyz3ZrSwNTmf0j,48.82,2610,251,20,1162.35,product314,18.7049808429119,0.194501992031873,0.0961685823754789,2.441,58.1175,23.8088897992626
2026-07-10,ANDROID,dhgate_product148_T1_Purchase 30D_purchase_IAP_Kelsey_AND_20260415,dVlitdxzfmXStKCR,100.32,11705,1093,23,1133.78,product148,8.57069628363947,0.0917840805123513,0.0933788979068774,4.36173913043478,49.2947826086957,11.30163476874
2026-07-10,IOS,dhgate_product138_FR_ACT&Nopay 30D_purchase_IAP_Kelsey_IOS_20260403,zNcB24si9mbzBPed,150.66,11704,1578,19,807.41,product138,12.8725222146275,0.0954752851711027,0.134825700615174,7.92947368421053,42.4952631578947,5.35915305986991
2026-07-10,IOS,dhgate_product138_ES_ACT&Nopay 30D_purchase_IAP_Kelsey_IOS_20260707,dIYXvkLe5eBbUsbF,11.95,579,187,0,0.0,product138,20.6390328151986,0.063903743315508,0.322970639032815,,,0.0
2026-07-10,IOS,dhgate_product137_US_Purchase 30D_purchase_IAP_Kelsey_IOS_20260402,Eo7scqEETcYxo6WH,46.02,2986,210,5,201.98,product137,15.4119223040857,0.219142857142857,0.0703281982585399,9.204,40.396,4.38896132116471
2026-07-10,IOS,dhgate_dpa-ios_US_ACT&Nopay 30D_purchase_IAP_Kelsey_IOS_20260515,y55faIMh7doL5RvO,99.46,11767,315,2,116.71,dpa-ios,8.45245177190448,0.315746031746032,0.0267697798929209,49.73,58.355,1.17343655741001
2026-07-10,IOS,dhgate_product368_T1_Purchase 30D_purchase_IAP_Kelsey_IOS_20260531,Ta2k2BeVyS7dWN4n,50.04,5978,283,2,143.54,product368,8.37069253931081,0.176819787985866,0.0473402475744396,25.02,71.77,2.86850519584333
2026-07-10,ANDROID,dhgate_product317_US_ACT&Nopay 30D_purchase_IAP_Kelsey_AND_20260707,QaDmc1Cy1yXv7PUz,35.35,1900,932,0,0.0,product317,18.6052631578947,0.0379291845493562,0.490526315789474,,,0.0
2026-07-10,IOS,dhgate_product372_T1_ACT&Nopay 30D_purchase_IAP_Kelsey_IOS_20260605,U4gzqzcEnoe3yurD,71.29,8997,769,15,533.51,product372,7.92375236189841,0.092704811443433,0.0854729354229188,4.75266666666667,35.5673333333333,7.48365829709637
2026-07-10,IOS,dhgate_product318_T1_Purchase 30D_purchase_IAP_Kelsey_IOS_20260428,mayu0PGeMJEYQhWJ,113.74,8045,660,15,599.96,product318,14.1379738968303,0.172333333333333,0.0820385332504661,7.58266666666667,39.9973333333333,5.27483734833832
2026-07-10,ANDROID,dhgate_product374_US_ACT&Nopay 30D_purchase_IAP_Kelsey_AND_20260610,lHtOeUxHZghwmdpM,50.18,15521,507,5,309.39,product374,3.23303910830488,0.098974358974359,0.0326654210424586,10.036,61.878,6.16560382622559
2026-07-10,ANDROID,dhgate_product374_GB_ACT&Nopay 30D_purchase_IAP_Kelsey_AND_20260707,OSGTJR6hG0un7jPR,35.53,1803,618,9,250.58,product374,19.706045479756,0.0574919093851133,0.342762063227953,3.94777777777778,27.8422222222222,7.05263157894737
2026-07-10,IOS,dhgate_product396_T1_ACT&Nopay 30D_purchase_IAP_Kelsey_IOS_20260710,vcNIW6lXyB0GNsd7,7.94,606,270,0,0.0,product396,13.1023102310231,0.0294074074074074,0.445544554455446,,,0.0
2026-07-10,ANDROID,dhgate_product396_T1_ACT&Nopay 30D_purchase_IAP_Kelsey_AND_20260710,PQ4WrQLOvdlsyVCF,10.1,2327,892,4,161.5,product396,4.34035238504512,0.011322869955157,0.383326171035668,2.525,40.375,15.990099009901
2026-07-10,ANDROID,dhgate_product395_T1_ACT&Nopay 30D_purchase_IAP_Kelsey_AND_20260709,Ay3645qgnDxTnMnY,44.44,9930,3466,2,64.0,product395,4.47532729103726,0.0128216964800923,0.349043303121853,22.22,32.0,1.44014401440144
2026-07-10,IOS,dhgate_product394_UK_ACT&Nopay 30D_purchase_IAP_Kelsey_IOS_20260708,wG2ZMunTwwH1zgZJ,47.93,1184,544,4,112.3,product394,40.4814189189189,0.0881066176470588,0.45945945945946,11.9825,28.075,2.3430002086376
2026-07-10,ANDROID,dhgate_product394_UK_ACT&Nopay 30D_purchase_IAP_Kelsey_AND_20260708,R2w3HgOjXxczhMlu,50.44,2697,892,2,81.32,product394,18.7022617723396,0.0565470852017937,0.330737856878013,25.22,40.66,1.6122125297383
2026-07-10,IOS,dhgate_product392_UK_ACT&Nopay 30D_purchase_IAP_Kelsey_IOS_20260707,q0zvJvGLyJwL5848,42.91,994,511,1,40.52,product392,43.169014084507,0.083972602739726,0.514084507042254,42.91,40.52,0.944302027499418
2026-07-10,ANDROID,dhgate_product392_UK_ACT&Nopay 30D_purchase_IAP_Kelsey_AND_20260707,UPSWDB1oXONhqPxz,38.4,2812,934,3,95.48,product392,13.6557610241821,0.0411134903640257,0.332147937411095,12.8,31.8266666666667,2.48645833333333
2026-07-10,IOS,dhgate_product390_UK_Purchase 30D_purchase_IAP_Kelsey_IOS_20260707,ofCAbBvdiAKdTaHs,50.34,1126,493,17,487.05,product390,44.7069271758437,0.10210953346856,0.437833037300178,2.96117647058824,28.65,9.67520858164481
2026-07-10,ANDROID,dhgate_product390_UK_Purchase 30D_purchase_IAP_Kelsey_AND_20260707,f34nleKihCgNUIbw,43.67,1794,597,3,50.5,product390,24.3422519509476,0.0731490787269682,0.332775919732441,14.5566666666667,16.8333333333333,1.15640027478818
2026-07-10,IOS,dhgate_product387_US_Purchase 30D_purchase_IAP_Kelsey_IOS_20260701,dqSpxpWzr1rTkEdk,40.97,3501,196,4,176.37,product387,11.7023707512139,0.209030612244898,0.0559840045701228,10.2425,44.0925,4.30485721259458
2026-07-10,IOS,dhgate_product386_US_Purchase 30D_purchase_IAP_Kelsey_IOS_20260630,kpNA9cC8I3HMEtHY,46.96,1230,447,11,303.89,product386,38.1788617886179,0.105055928411633,0.363414634146341,4.26909090909091,27.6263636363636,6.47125212947189
2026-07-10,IOS,dhgate_product395_T1_ACT&Nopay 30D_purchase_IAP_Kelsey_IOS_20260709,kFokWmeFrJnq8Inb,38.81,2622,997,0,0.0,product395,14.8016781083143,0.0389267803410231,0.380244088482075,,,0.0
2026-07-10,IOS,dhgate_product385_UK_ACT&Nopay 30D_purchase_IAP_Kelsey_IOS_20260629,c0t3kucHhrc7ADQK,33.43,2645,236,4,70.51,product385,12.6389413988658,0.141652542372881,0.0892249527410208,8.3575,17.6275,2.10918336823213
2026-07-10,ANDROID,dhgate_product386_US_Purchase 30D_purchase_IAP_Kelsey_AND_20260701,rJAl2dweZnU4qvuG,60.82,8425,607,4,261.11,product386,7.21899109792285,0.100197693574959,0.0720474777448071,15.205,65.2775,4.29316014468925
2026-07-10,ANDROID,dhgate_product377_T1_Purchase 30D_purchase_IAP_Kelsey_AND_20260613,jQWebXWoq2Emp98e,38.38,5198,386,3,132.95,product377,7.38360908041555,0.0994300518134715,0.0742593305117353,12.7933333333333,44.3166666666667,3.46404377279833
2026-07-10,ANDROID,dhgate_product375_US_Purchase 30D_purchase_IAP_Kelsey_AND_20260611,ZmROz0lvQRxsi3uG,37.0,5811,344,3,246.85,product375,6.36723455515402,0.107558139534884,0.0591980726208914,12.3333333333333,82.2833333333333,6.67162162162162
2026-07-10,IOS,dhgate_product381_GB_ACT&Nopay 30D_purchase_IAP_Kelsey_IOS_20260707,FLkCNgAUV5GydQkp,36.01,870,384,2,52.83,product381,41.3908045977012,0.0937760416666667,0.441379310344828,18.005,26.415,1.46709247431269
2026-07-10,IOS,dhgate_product381_US_ACT&Nopay 30D_purchase_IAP_Kelsey_IOS_20260624,koAG4uPwaNuNbSsi,106.75,9605,874,20,751.52,product381,11.1140031233732,0.122139588100687,0.090994273815721,5.3375,37.576,7.04
2026-07-10,IOS,dhgate_product377_T1_Purchase 30D_purchase_IAP_Kelsey_IOS_20260613,ImdbSHRgpaEHQaDV,34.91,3657,211,12,461.14,product377,9.54607601859448,0.165450236966825,0.057697566311184,2.90916666666667,38.4283333333333,13.2093955886565
2026-07-10,IOS,dhgate_product384_T1_ACT&Nopay 30D_purchase_IAP_Kelsey_IOS_20260627,HgoIpNDJKiz1hrzc,89.25,3770,1525,21,1040.78,product384,23.6737400530504,0.0585245901639344,0.404509283819629,4.25,49.5609523809524,11.6614005602241
2026-07-10,IOS,dhgate_product384_T1_Purchase 30D_purchase_IAP_Kelsey_IOS_20260709_D7,a6HoTnERdU9tuFNK,36.03,1272,640,4,147.89,product384,28.3254716981132,0.056296875,0.50314465408805,9.0075,36.9725,4.10463502636692
2026-07-10,ANDROID,dhgate_product384_T1_Purchase 30D_purchase_IAP_Kelsey_AND_20260709_D7,funYq3Yvepl5ocKc,46.88,3722,1209,1,16.28,product384,12.5953788285868,0.0387758478081059,0.324825362708221,46.88,16.28,0.347269624573379
2026-07-10,ANDROID,dhgate_product385_UK_ACT&Nopay 30D_purchase_IAP_Kelsey_AND_20260630,VzqTPrFSQDRkzKZj,67.4,7897,838,3,135.59,product385,8.53488666582247,0.0804295942720764,0.106116246675953,22.4666666666667,45.1966666666667,2.01172106824926
2026-07-10,ANDROID,dhgate_product384_T1_ACT&Nopay 30D_purchase_IAP_Kelsey_AND_20260627,S76pXwyrVvtdre2B,93.85,10564,3563,38,1484.4,product384,8.88394547519879,0.0263401627841706,0.337277546383945,2.46973684210526,39.0631578947369,15.8167288225892
2026-07-11,IOS,dhgate_product317_UK_ACT&Nopay 30D_purchase_IAP_Kelsey_IOS_20260427,H9HAtL9q0yyc4Gdy,99.65,5880,572,14,411.61,product317,16.9472789115646,0.174213286713287,0.0972789115646259,7.11785714285714,29.4007142857143,4.13055694932263
2026-07-11,IOS,dhgate_product337_T1_ACT&Nopay 30D_purchase_IAP_Kelsey_IOS_20260513,pMbmqjxpXWy9uySH,50.1,9831,314,2,50.29,product337,5.09612450411962,0.159554140127389,0.0319397823212288,25.05,25.145,1.00379241516966
2026-07-11,ANDROID,dhgate_product337_T1_ACT&Nopay 30D_purchase_IAP_Kelsey_AND_20260513,Hi3okRpzvLX7H2oQ,50.05,18955,667,5,142.58,product337,2.64046425745186,0.0750374812593703,0.035188604589818,10.01,28.516,2.84875124875125
2026-07-11,IOS,dhgate_product326_US_ACT&Nopay 30D_purchase_IAP_Kelsey_IOS_20260506,zMf9PKJzCf4uVI7T,96.01,9615,687,7,475.89,product326,9.9854394175767,0.139752547307132,0.0714508580343214,13.7157142857143,67.9842857142857,4.95667118008541
2026-07-11,IOS,dhgate_product319_US_Purchase 30D_purchase_IAP_Kelsey_IOS_20260429,SGOG7us7fBY7c5lH,100.57,7862,746,30,1025.12,product319,12.7919104553549,0.134812332439678,0.0948867972526075,3.35233333333333,34.1706666666667,10.1930993337974
2026-07-11,IOS,dhgate_product319_CA_Purchase 30D_purchase_IAP_Kelsey_IOS_20260707,kJqgxnpe6VbEV7uj,0.51,34,13,0,0.0,product319,15.0,0.0392307692307692,0.382352941176471,,,0.0
2026-07-11,IOS,dhgate_product318_T1_Purchase 30D_purchase_IAP_Kelsey_IOS_20260428,mayu0PGeMJEYQhWJ,144.25,10004,1037,28,1041.01,product318,14.4192323070772,0.139103182256509,0.103658536585366,5.15178571428571,37.1789285714286,7.21670710571924
2026-07-11,ANDROID,dhgate_product317_UK&FR_ACT&Nopay 30D_purchase_IAP_Kelsey_AND_20260427,tDzMEZEldS4Kei0r,50.29,8082,1072,7,228.41,product317,6.22246968572136,0.0469123134328358,0.132640435535758,7.18428571428571,32.63,4.54185722807715
2026-07-11,IOS,dhgate_product138_FR_ACT&Nopay 30D_purchase_IAP_Kelsey_IOS_20260403,zNcB24si9mbzBPed,150.68,13069,1565,12,489.1,product138,11.5295738005968,0.0962811501597444,0.119749024408907,12.5566666666667,40.7583333333333,3.24595168569153
2026-07-11,ANDROID,dhgate_product315_UK_ACT&Nopay 30D_purchase_IAP_Kelsey_AND_20260425,bedUOEtGfoRFbmze,50.39,6179,555,17,488.88,product315,8.15504126881372,0.0907927927927928,0.0898203592814371,2.96411764705882,28.7576470588235,9.70192498511609
2026-07-11,IOS,dhgate_product314_UK_Purchase 30D_purchase_IAP_Kelsey_IOS_20260424,NmHyz3ZrSwNTmf0j,50.22,2462,285,15,497.36,product314,20.3980503655565,0.176210526315789,0.115759545085297,3.348,33.1573333333333,9.90362405416169
2026-07-11,ANDROID,dhgate_product148_T1_Purchase 30D_purchase_IAP_Kelsey_AND_20260415,dVlitdxzfmXStKCR,97.93,11125,1069,21,621.42,product148,8.80269662921348,0.0916089803554724,0.0960898876404494,4.66333333333333,29.5914285714286,6.34555294598182
2026-07-11,IOS,dhgate_product138_ES_ACT&Nopay 30D_purchase_IAP_Kelsey_IOS_20260707,dIYXvkLe5eBbUsbF,42.93,1717,465,0,0.0,product138,25.0029120559115,0.0923225806451613,0.270821199767036,,,0.0
2026-07-11,IOS,dhgate_product137_US_Purchase 30D_purchase_IAP_Kelsey_IOS_20260402,Eo7scqEETcYxo6WH,39.29,2514,173,20,1155.63,product137,15.6284805091488,0.227109826589595,0.0688146380270485,1.9645,57.7815,29.4128276915246
2026-07-11,IOS,dhgate_dpa-ios_US_ACT&Nopay 30D_purchase_IAP_Kelsey_IOS_20260515,y55faIMh7doL5RvO,97.78,9849,250,11,591.41,dpa-ios,9.9279114630927,0.39112,0.0253832876434156,8.88909090909091,53.7645454545455,6.04837390059317
2026-07-11,ANDROID,dhgate_dpa-and_US_ACT&Nopay 30D_purchase_IAP_Kelsey_AND_20260511,M0ZXR7rklCeN7J9o,94.72,21403,418,6,202.57,dpa-and,4.42554782039901,0.226602870813397,0.019529972433771,15.7866666666667,33.7616666666667,2.13861908783784
2026-07-11,IOS,dhgate_product340_US_Purchase 30D_purchase_IAP_Kelsey_IOS_20260516,yznk4uz7IRlNu5TH,93.16,6058,462,7,522.81,product340,15.3780125453945,0.201645021645022,0.0762627930009904,13.3085714285714,74.6871428571429,5.61195792185487
2026-07-11,ANDROID,dhgate_product317_FR_ACT&Nopay 30D_purchase_IAP_Kelsey_AND_20260526,zbor8ujPF081oChW,150.43,13480,2831,16,719.8,product317,11.1594955489614,0.0531367008124338,0.210014836795252,9.401875,44.9875,4.78494981054311
2026-07-11,IOS,dhgate_product350_US_Purchase 30D_purchase_IAP_Kelsey_IOS_20260517,eZwoS7yMwcYqxbzm,46.99,3606,206,6,361.02,product350,13.0310593455352,0.228106796116505,0.0571270105379922,7.83166666666667,60.17,7.68291125771441
2026-07-11,IOS,dhgate_product368_T1_Purchase 30D_purchase_IAP_Kelsey_IOS_20260531,Ta2k2BeVyS7dWN4n,48.97,5885,351,7,297.24,product368,8.32115548003399,0.13951566951567,0.05964316057774,6.99571428571429,42.4628571428571,6.06983867674086
2026-07-11,ANDROID,dhgate_product367_UK_Purchase 30D_purchase_IAP_Kelsey_AND_20260530,AsUotp8z2P369W1o,100.39,7169,712,27,640.43,product367,14.0033477472451,0.140997191011236,0.0993165016041289,3.71814814814815,23.7196296296296,6.37942026098217
2026-07-11,IOS,dhgate_product364_US&FR_Purchase 30D_purchase_IAP_Kelsey_IOS_20260527,qX4oco28gDbrpBri,96.39,7258,614,8,417.03,product364,13.2805180490493,0.156986970684039,0.0845963075227335,12.04875,52.12875,4.32648615001556
2026-07-11,IOS,dhgate_product396_T1_ACT&Nopay 30D_purchase_IAP_Kelsey_IOS_20260710,vcNIW6lXyB0GNsd7,43.36,2713,1155,1,29.84,product396,15.9823074087726,0.0375411255411255,0.425727976409878,43.36,29.84,0.688191881918819
2026-07-11,ANDROID,dhgate_product396_T1_ACT&Nopay 30D_purchase_IAP_Kelsey_AND_20260710,PQ4WrQLOvdlsyVCF,50.33,8349,2994,0,0.0,product396,6.02826685830638,0.016810287241149,0.358605821056414,,,0.0
2026-07-11,IOS,dhgate_product395_T1_ACT&Nopay 30D_purchase_IAP_Kelsey_IOS_20260709,kFokWmeFrJnq8Inb,45.78,2551,1205,4,146.39,product395,17.9459035672285,0.0379917012448133,0.472363778910231,11.445,36.5975,3.19768457841852
2026-07-11,ANDROID,dhgate_product395_T1_ACT&Nopay 30D_purchase_IAP_Kelsey_AND_20260709,Ay3645qgnDxTnMnY,50.15,5848,2522,7,190.06,product395,8.57558139534884,0.0198850118953212,0.431258549931601,7.16428571428571,27.1514285714286,3.78983050847458
2026-07-11,ANDROID,dhgate_product394_UK_ACT&Nopay 30D_purchase_IAP_Kelsey_AND_20260708,R2w3HgOjXxczhMlu,50.33,2295,945,5,200.38,product394,21.9302832244009,0.0532592592592593,0.411764705882353,10.066,40.076,3.98132326644149
2026-07-11,IOS,dhgate_product390_UK_Purchase 30D_purchase_IAP_Kelsey_IOS_20260707,ofCAbBvdiAKdTaHs,47.3,3490,275,6,158.61,product390,13.5530085959885,0.172,0.0787965616045845,7.88333333333333,26.435,3.35327695560254
2026-07-11,IOS,dhgate_product386_US_Purchase 30D_purchase_IAP_Kelsey_IOS_20260630,kpNA9cC8I3HMEtHY,85.97,1999,714,19,700.13,product386,43.0065032516258,0.120406162464986,0.357178589294647,4.52473684210526,36.8489473684211,8.1438874025823
2026-07-11,ANDROID,dhgate_product386_US_Purchase 30D_purchase_IAP_Kelsey_AND_20260701,rJAl2dweZnU4qvuG,99.1,11098,967,20,1090.41,product386,8.92953685348711,0.102481902792141,0.087132816723734,4.955,54.5205,11.0031281533804
2026-07-11,IOS,dhgate_product394_UK_ACT&Nopay 30D_purchase_IAP_Kelsey_IOS_20260708,wG2ZMunTwwH1zgZJ,44.12,1608,509,3,105.61,product394,27.4378109452736,0.0866797642436149,0.316542288557214,14.7066666666667,35.2033333333333,2.39369900271986
2026-07-11,ANDROID,dhgate_product384_T1_Purchase 30D_purchase_IAP_Kelsey_AND_20260709_D7,funYq3Yvepl5ocKc,50.36,3242,1163,10,320.58,product384,15.5336212214682,0.0433018056749785,0.358729179518816,5.036,32.058,6.36576648133439
2026-07-11,ANDROID,dhgate_product385_UK_ACT&Nopay 30D_purchase_IAP_Kelsey_AND_20260630,VzqTPrFSQDRkzKZj,96.98,9948,1192,12,372.67,product385,9.74869320466426,0.0813590604026846,0.119823080016084,8.08166666666667,31.0558333333333,3.84275108269746
2026-07-11,IOS,dhgate_product372_T1_ACT&Nopay 30D_purchase_IAP_Kelsey_IOS_20260605,U4gzqzcEnoe3yurD,50.16,7507,472,10,447.08,product372,6.68176368722526,0.106271186440678,0.0628746503263621,5.016,44.708,8.91307814992026
2026-07-11,ANDROID,dhgate_product374_US_ACT&Nopay 30D_purchase_IAP_Kelsey_AND_20260610,lHtOeUxHZghwmdpM,50.16,15871,509,13,418.1,product374,3.1604813811354,0.0985461689587426,0.0320710730262743,3.85846153846154,32.1615384615385,8.33532695374801
2026-07-11,IOS,dhgate_product381_US_ACT&Nopay 30D_purchase_IAP_Kelsey_IOS_20260624,koAG4uPwaNuNbSsi,143.78,10698,1182,17,905.54,product381,13.4398953075341,0.121641285956007,0.11048794167134,8.45764705882353,53.2670588235294,6.29809431075254
2026-07-11,ANDROID,dhgate_product368_T1_Purchase 30D_purchase_IAP_Kelsey_AND_20260531,b3s2CGS3sMxfFWgV,50.55,7671,506,8,237.88,product368,6.58975361752053,0.099901185770751,0.0659627167253292,6.31875,29.735,4.70583580613254
2026-07-11,IOS,dhgate_product384_T1_ACT&Nopay 30D_purchase_IAP_Kelsey_IOS_20260627,HgoIpNDJKiz1hrzc,86.74,2999,1482,7,350.11,product384,28.9229743247749,0.0585290148448043,0.494164721573858,12.3914285714286,50.0157142857143,4.03631542540927
2026-07-11,IOS,dhgate_product384_T1_Purchase 30D_purchase_IAP_Kelsey_IOS_20260709_D7,a6HoTnERdU9tuFNK,45.94,1515,800,8,224.86,product384,30.3234323432343,0.057425,0.528052805280528,5.7425,28.1075,4.89464518937745
2026-07-11,ANDROID,dhgate_product384_T1_ACT&Nopay 30D_purchase_IAP_Kelsey_AND_20260627,S76pXwyrVvtdre2B,100.4,22371,2264,20,670.82,product384,4.4879531536364,0.0443462897526502,0.101202449599928,5.02,33.541,6.68147410358566
2026-07-12,IOS,dhgate_product318_T1_Purchase 30D_purchase_IAP_Kelsey_IOS_20260428,mayu0PGeMJEYQhWJ,150.4,11827,1109,13,378.33,product318,12.7166652574617,0.135617673579802,0.0937684958146614,11.5692307692308,29.1023076923077,2.5154920212766
2026-07-12,IOS,dhgate_product350_US_Purchase 30D_purchase_IAP_Kelsey_IOS_20260517,eZwoS7yMwcYqxbzm,50.13,4349,235,5,318.93,product350,11.5267877673028,0.21331914893617,0.0540354104391814,10.026,63.786,6.36205864751646
2026-07-12,IOS,dhgate_product340_US_Purchase 30D_purchase_IAP_Kelsey_IOS_20260516,yznk4uz7IRlNu5TH,100.57,7797,459,13,469.3,product340,12.8985507246377,0.219106753812636,0.0588687956906503,7.73615384615385,36.1,4.6664015113851
2026-07-12,IOS,dhgate_product337_T1_ACT&Nopay 30D_purchase_IAP_Kelsey_IOS_20260513,pMbmqjxpXWy9uySH,46.28,11537,286,17,878.05,product337,4.01144144925024,0.161818181818182,0.0247898067088498,2.72235294117647,51.65,18.9725583405359
2026-07-12,ANDROID,dhgate_product337_T1_ACT&Nopay 30D_purchase_IAP_Kelsey_AND_20260513,Hi3okRpzvLX7H2oQ,48.66,19627,686,5,163.39,product337,2.47923778468436,0.070932944606414,0.0349518520405564,9.732,32.678,3.35778873818331
2026-07-12,IOS,dhgate_product326_US_ACT&Nopay 30D_purchase_IAP_Kelsey_IOS_20260506,zMf9PKJzCf4uVI7T,100.41,11526,634,4,140.43,product326,8.7116085372202,0.158375394321767,0.0550060732257505,25.1025,35.1075,1.39856587989244
2026-07-12,IOS,dhgate_product319_US_Purchase 30D_purchase_IAP_Kelsey_IOS_20260429,SGOG7us7fBY7c5lH,100.17,9159,697,12,481.37,product319,10.9367834916476,0.143715925394548,0.0761000109182225,8.3475,40.1141666666667,4.80553059798343
2026-07-12,IOS,dhgate_product319_CA_Purchase 30D_purchase_IAP_Kelsey_IOS_20260707,kJqgxnpe6VbEV7uj,0.9,48,21,0,0.0,product319,18.75,0.0428571428571429,0.4375,,,0.0
2026-07-12,IOS,dhgate_product317_UK_ACT&Nopay 30D_purchase_IAP_Kelsey_IOS_20260427,H9HAtL9q0yyc4Gdy,99.98,5883,702,4,108.15,product317,16.9947305796362,0.142421652421652,0.119326874043855,24.995,27.0375,1.08171634326865
2026-07-12,ANDROID,dhgate_dpa-and_US_ACT&Nopay 30D_purchase_IAP_Kelsey_AND_20260511,M0ZXR7rklCeN7J9o,95.93,23102,367,2,70.99,dpa-and,4.15245433295819,0.261389645776567,0.0158860704700892,47.965,35.495,0.740018763681851
2026-07-12,ANDROID,dhgate_product317_FR_ACT&Nopay 30D_purchase_IAP_Kelsey_AND_20260526,zbor8ujPF081oChW,150.67,13839,2830,14,667.35,product317,10.8873473516873,0.0532402826855124,0.204494544403497,10.7621428571429,47.6678571428571,4.4292161677839
2026-07-12,ANDROID,dhgate_product315_UK_ACT&Nopay 30D_purchase_IAP_Kelsey_AND_20260425,bedUOEtGfoRFbmze,50.62,6450,734,11,418.6,product315,7.84806201550388,0.0689645776566757,0.113798449612403,4.60181818181818,38.0545454545455,8.26945871197155
2026-07-12,IOS,dhgate_product314_UK_Purchase 30D_purchase_IAP_Kelsey_IOS_20260424,NmHyz3ZrSwNTmf0j,47.49,2215,293,12,426.52,product314,21.4401805869075,0.162081911262799,0.132279909706546,3.9575,35.5433333333333,8.98125921246578
2026-07-12,ANDROID,dhgate_product148_T1_Purchase 30D_purchase_IAP_Kelsey_AND_20260415,dVlitdxzfmXStKCR,100.22,11645,1227,16,635.28,product148,8.60626878488622,0.081678891605542,0.105367110347789,6.26375,39.705,6.33885452005588
2026-07-12,IOS,dhgate_product138_FR_ACT&Nopay 30D_purchase_IAP_Kelsey_IOS_20260403,zNcB24si9mbzBPed,150.78,16337,1702,15,754.51,product138,9.22935667503214,0.0885898942420682,0.104180694129889,10.052,50.3006666666667,5.00404562939382
2026-07-12,IOS,dhgate_product138_ES_ACT&Nopay 30D_purchase_IAP_Kelsey_IOS_20260707,dIYXvkLe5eBbUsbF,49.74,1967,552,0,0.0,product138,25.2872394509405,0.0901086956521739,0.280630401626843,,,0.0
2026-07-12,IOS,dhgate_product137_US_Purchase 30D_purchase_IAP_Kelsey_IOS_20260402,Eo7scqEETcYxo6WH,50.06,3479,222,9,356.41,product137,14.389192296637,0.225495495495496,0.0638114400689853,5.56222222222222,39.6011111111111,7.11965641230523
2026-07-12,IOS,dhgate_dpa-ios_US_ACT&Nopay 30D_purchase_IAP_Kelsey_IOS_20260515,y55faIMh7doL5RvO,100.42,11344,250,8,322.62,dpa-ios,8.85225669957687,0.40168,0.0220380818053597,12.5525,40.3275,3.21270663214499
2026-07-12,ANDROID,dhgate_product317_UK&FR_ACT&Nopay 30D_purchase_IAP_Kelsey_AND_20260427,tDzMEZEldS4Kei0r,47.8,8267,998,8,175.56,product317,5.78202491835007,0.0478957915831663,0.120720938671828,5.975,21.945,3.67280334728034
2026-07-12,IOS,dhgate_product364_US&FR_Purchase 30D_purchase_IAP_Kelsey_IOS_20260527,qX4oco28gDbrpBri,100.44,9033,616,13,742.96,product364,11.1192294918632,0.163051948051948,0.0681943983172811,7.72615384615385,57.1507692307692,7.39705296694544
2026-07-12,ANDROID,dhgate_product368_T1_Purchase 30D_purchase_IAP_Kelsey_AND_20260531,b3s2CGS3sMxfFWgV,50.22,7608,516,17,682.04,product368,6.60094637223975,0.0973255813953488,0.0678233438485804,2.95411764705882,40.12,13.5810434090004
2026-07-12,IOS,dhgate_product368_T1_Purchase 30D_purchase_IAP_Kelsey_IOS_20260531,Ta2k2BeVyS7dWN4n,50.2,6297,370,3,115.18,product368,7.97205018262665,0.135675675675676,0.0587581387962522,16.7333333333333,38.3933333333333,2.29442231075697
2026-07-12,ANDROID,dhgate_product398_T1_ACT&Nopay 30D_purchase_IAP_Kelsey_AND_20260712,MAiS0xm3ashcD2k1,14.18,3741,1451,0,0.0,product398,3.79043036621224,0.00977257064093728,0.387864207431168,,,0.0
2026-07-12,IOS,dhgate_product396_T1_ACT&Nopay 30D_purchase_IAP_Kelsey_IOS_20260710,vcNIW6lXyB0GNsd7,43.55,2682,1172,5,213.26,product396,16.2378821774795,0.0371587030716724,0.436987322893363,8.71,42.652,4.89690011481056
2026-07-12,ANDROID,dhgate_product396_T1_ACT&Nopay 30D_purchase_IAP_Kelsey_AND_20260710,PQ4WrQLOvdlsyVCF,43.56,6050,2443,4,191.69,product396,7.2,0.0178305362259517,0.403801652892562,10.89,47.9225,4.40059687786961
2026-07-12,IOS,dhgate_product395_T1_ACT&Nopay 30D_purchase_IAP_Kelsey_IOS_20260709,kFokWmeFrJnq8Inb,27.29,1766,837,5,201.52,product395,15.4530011325028,0.0326045400238949,0.473952434881087,5.458,40.304,7.38438988640528
2026-07-12,ANDROID,dhgate_product395_T1_ACT&Nopay 30D_purchase_IAP_Kelsey_AND_20260709,Ay3645qgnDxTnMnY,41.32,5204,2142,0,0.0,product395,7.94004611837049,0.0192903828197946,0.411606456571868,,,0.0
2026-07-12,IOS,dhgate_product394_UK_ACT&Nopay 30D_purchase_IAP_Kelsey_IOS_20260708,wG2ZMunTwwH1zgZJ,47.59,4363,367,0,0.0,product394,10.9076323630529,0.129673024523161,0.0841164336465735,,,0.0
2026-07-12,ANDROID,dhgate_product394_UK_ACT&Nopay 30D_purchase_IAP_Kelsey_AND_20260708,R2w3HgOjXxczhMlu,39.61,1835,899,0,0.0,product394,21.5858310626703,0.0440600667408231,0.48991825613079,,,0.0
2026-07-12,IOS,dhgate_product390_UK_Purchase 30D_purchase_IAP_Kelsey_IOS_20260707,ofCAbBvdiAKdTaHs,48.15,2998,328,8,250.83,product390,16.0607071380921,0.146798780487805,0.109406270847232,6.01875,31.35375,5.20934579439252
2026-07-12,IOS,dhgate_product386_US_Purchase 30D_purchase_IAP_Kelsey_IOS_20260630,kpNA9cC8I3HMEtHY,61.12,1353,528,23,840.45,product386,45.1736881005174,0.115757575757576,0.390243902439024,2.65739130434783,36.5413043478261,13.7508180628272
2026-07-12,ANDROID,dhgate_product367_UK_Purchase 30D_purchase_IAP_Kelsey_AND_20260530,AsUotp8z2P369W1o,100.35,6852,823,30,883.15,product367,14.6453590192644,0.121931956257594,0.120110916520724,3.345,29.4383333333333,8.80069755854509
2026-07-12,ANDROID,dhgate_product385_UK_ACT&Nopay 30D_purchase_IAP_Kelsey_AND_20260630,VzqTPrFSQDRkzKZj,100.7,9954,1298,14,409.36,product385,10.1165360659032,0.0775808936825886,0.130399839260599,7.19285714285714,29.24,4.06514399205561
2026-07-12,ANDROID,dhgate_product384_T1_Purchase 30D_purchase_IAP_Kelsey_AND_20260709_D7,funYq3Yvepl5ocKc,49.52,3194,1239,11,442.58,product384,15.5040701314966,0.0399677158999193,0.387914840325611,4.50181818181818,40.2345454545455,8.93739903069467
2026-07-12,IOS,dhgate_product384_T1_Purchase 30D_purchase_IAP_Kelsey_IOS_20260709_D7,a6HoTnERdU9tuFNK,50.71,1870,678,5,262.35,product384,27.1176470588235,0.0747935103244838,0.362566844919786,10.142,52.47,5.17353579175705
2026-07-12,IOS,dhgate_product384_T1_ACT&Nopay 30D_purchase_IAP_Kelsey_IOS_20260627,HgoIpNDJKiz1hrzc,78.08,2828,1427,12,461.68,product384,27.6096181046676,0.0547161878065873,0.504596888260255,6.50666666666667,38.4733333333333,5.91290983606557
2026-07-12,ANDROID,dhgate_product384_T1_ACT&Nopay 30D_purchase_IAP_Kelsey_AND_20260627,S76pXwyrVvtdre2B,100.49,23704,2303,14,505.88,product384,4.23936888288896,0.0436343899261832,0.0971565980425245,7.17785714285714,36.1342857142857,5.03413274952732
2026-07-12,IOS,dhgate_product381_US_ACT&Nopay 30D_purchase_IAP_Kelsey_IOS_20260624,koAG4uPwaNuNbSsi,150.46,12874,1059,28,1265.23,product381,11.687121329812,0.142077431539188,0.0822588162187354,5.37357142857143,45.1867857142857,8.40907882493686
2026-07-12,ANDROID,dhgate_product374_US_ACT&Nopay 30D_purchase_IAP_Kelsey_AND_20260610,lHtOeUxHZghwmdpM,50.04,16019,499,6,312.94,product374,3.1237904987827,0.100280561122244,0.0311505087708346,8.34,52.1566666666667,6.25379696243006
2026-07-12,IOS,dhgate_product372_T1_ACT&Nopay 30D_purchase_IAP_Kelsey_IOS_20260605,U4gzqzcEnoe3yurD,50.09,9994,550,6,236.0,product372,5.01200720432259,0.0910727272727273,0.0550330198118871,8.34833333333333,39.3333333333333,4.71151926532242
2026-07-12,ANDROID,dhgate_product386_US_Purchase 30D_purchase_IAP_Kelsey_AND_20260701,rJAl2dweZnU4qvuG,98.93,11632,992,3,160.67,product386,8.50498624484182,0.0997278225806452,0.0852819807427785,32.9766666666667,53.5566666666667,1.62407763064793
2026-07-13,IOS,dhgate_product319_US_Purchase 30D_purchase_IAP_Kelsey_IOS_20260429,SGOG7us7fBY7c5lH,120.26,10480,758,21,859.43,product319,11.4751908396947,0.158654353562005,0.0723282442748092,5.72666666666667,40.9252380952381,7.14643272908698
2026-07-13,IOS,dhgate_product326_US_ACT&Nopay 30D_purchase_IAP_Kelsey_IOS_20260506,zMf9PKJzCf4uVI7T,100.16,11378,746,12,579.2,product326,8.8029530673229,0.13426273458445,0.065565125681139,8.34666666666667,48.2666666666667,5.78274760383387
2026-07-13,ANDROID,dhgate_product337_T1_ACT&Nopay 30D_purchase_IAP_Kelsey_AND_20260513,Hi3okRpzvLX7H2oQ,50.16,15554,829,0,0.0,product337,3.22489391796322,0.0605066344993969,0.0532981869615533,,,0.0
2026-07-13,IOS,dhgate_product364_US&FR_Purchase 30D_purchase_IAP_Kelsey_IOS_20260527,qX4oco28gDbrpBri,100.19,8122,588,14,840.29,product364,12.3356316178281,0.170391156462585,0.0723959615858163,7.15642857142857,60.0207142857143,8.38696476694281
2026-07-13,IOS,dhgate_product340_US_Purchase 30D_purchase_IAP_Kelsey_IOS_20260516,yznk4uz7IRlNu5TH,100.65,7262,482,15,505.35,product340,13.859818231892,0.208817427385892,0.0663729000275406,6.71,33.69,5.02086438152012
2026-07-13,IOS,dhgate_product350_US_Purchase 30D_purchase_IAP_Kelsey_IOS_20260517,eZwoS7yMwcYqxbzm,48.14,3911,242,0,0.0,product350,12.308872411148,0.198925619834711,0.0618767578624393,,,0.0
2026-07-13,IOS,dhgate_product319_CA_Purchase 30D_purchase_IAP_Kelsey_IOS_20260707,kJqgxnpe6VbEV7uj,2.73,93,45,0,0.0,product319,29.3548387096774,0.0606666666666667,0.483870967741936,,,0.0
2026-07-13,IOS,dhgate_product337_T1_ACT&Nopay 30D_purchase_IAP_Kelsey_IOS_20260513,pMbmqjxpXWy9uySH,49.36,11931,340,13,456.27,product337,4.13712178358897,0.145176470588235,0.0284971921884167,3.79692307692308,35.0976923076923,9.24371961102107
2026-07-13,IOS,dhgate_product318_T1_Purchase 30D_purchase_IAP_Kelsey_IOS_20260428,mayu0PGeMJEYQhWJ,110.7,8093,716,14,470.88,product318,13.6784875818609,0.154608938547486,0.0884715185963178,7.90714285714286,33.6342857142857,4.25365853658537
2026-07-13,IOS,dhgate_product314_UK_Purchase 30D_purchase_IAP_Kelsey_IOS_20260424,NmHyz3ZrSwNTmf0j,58.09,2468,312,21,749.14,product314,23.5372771474878,0.186185897435897,0.126418152350081,2.76619047619048,35.6733333333333,12.8961955586159
2026-07-13,ANDROID,dhgate_product317_UK&FR_ACT&Nopay 30D_purchase_IAP_Kelsey_AND_20260427,tDzMEZEldS4Kei0r,50.11,7984,1037,12,470.26,product317,6.27630260521042,0.0483220829315333,0.129884769539078,4.17583333333333,39.1883333333333,9.38455398124127
2026-07-13,ANDROID,dhgate_product317_FR_ACT&Nopay 30D_purchase_IAP_Kelsey_AND_20260526,zbor8ujPF081oChW,100.43,9518,1930,19,747.95,product317,10.5515864677453,0.0520362694300518,0.202773691952091,5.28578947368421,39.3657894736842,7.44747585382854
2026-07-13,ANDROID,dhgate_product315_UK_ACT&Nopay 30D_purchase_IAP_Kelsey_AND_20260425,bedUOEtGfoRFbmze,50.28,5310,700,7,233.47,product315,9.46892655367232,0.0718285714285714,0.131826741996234,7.18285714285714,33.3528571428571,4.6433969769292
2026-07-13,ANDROID,dhgate_product148_T1_Purchase 30D_purchase_IAP_Kelsey_AND_20260415,dVlitdxzfmXStKCR,100.31,10127,1163,19,834.36,product148,9.9052039103387,0.0862510748065348,0.114841512787598,5.27947368421053,43.9136842105263,8.31781477419998
2026-07-13,IOS,dhgate_product138_FR_ACT&Nopay 30D_purchase_IAP_Kelsey_IOS_20260403,zNcB24si9mbzBPed,100.46,12153,1016,17,1515.77,product138,8.2662717024603,0.0988779527559055,0.0836007570147289,5.90941176470588,89.1629411764706,15.0882938482978
2026-07-13,IOS,dhgate_product138_ES_ACT&Nopay 30D_purchase_IAP_Kelsey_IOS_20260707,dIYXvkLe5eBbUsbF,23.21,727,215,1,49.5,product138,31.9257221458047,0.107953488372093,0.295735900962861,23.21,49.5,2.13270142180095
2026-07-13,IOS,dhgate_product137_US_Purchase 30D_purchase_IAP_Kelsey_IOS_20260402,Eo7scqEETcYxo6WH,56.84,3676,293,24,899.55,product137,15.4624591947769,0.193993174061433,0.0797062023939064,2.36833333333333,37.48125,15.8260028149191
2026-07-13,ANDROID,dhgate_product367_UK_Purchase 30D_purchase_IAP_Kelsey_AND_20260530,AsUotp8z2P369W1o,100.54,6950,849,22,661.61,product367,14.4661870503597,0.118421672555948,0.122158273381295,4.57,30.0731818181818,6.58056494927392
2026-07-13,ANDROID,dhgate_dpa-and_US_ACT&Nopay 30D_purchase_IAP_Kelsey_AND_20260511,M0ZXR7rklCeN7J9o,98.93,20691,326,8,258.08,dpa-and,4.78130588178435,0.303466257668712,0.0157556425499009,12.36625,32.26,2.60871323157788
2026-07-13,IOS,dhgate_product317_UK_ACT&Nopay 30D_purchase_IAP_Kelsey_IOS_20260427,H9HAtL9q0yyc4Gdy,65.83,3855,421,4,131.44,product317,17.0765239948119,0.156365795724466,0.109208819714656,16.4575,32.86,1.99665805863588
2026-07-13,IOS,dhgate_dpa-ios_US_ACT&Nopay 30D_purchase_IAP_Kelsey_IOS_20260515,y55faIMh7doL5RvO,100.09,11238,290,12,453.48,dpa-ios,8.90638903719523,0.345137931034483,0.0258053034347749,8.34083333333333,37.79,4.5307223498851
2026-07-13,ANDROID,dhgate_product368_T1_Purchase 30D_purchase_IAP_Kelsey_AND_20260531,b3s2CGS3sMxfFWgV,60.27,7869,619,8,677.31,product368,7.6591688905833,0.0973667205169629,0.0786631084000508,7.53375,84.66375,11.2379293180687
2026-07-13,IOS,dhgate_product372_T1_ACT&Nopay 30D_purchase_IAP_Kelsey_IOS_20260605,U4gzqzcEnoe3yurD,50.14,10367,435,3,130.58,product372,4.83650043406964,0.115264367816092,0.0419600655927462,16.7133333333333,43.5266666666667,2.60430793777423
2026-07-13,IOS,dhgate_product368_T1_Purchase 30D_purchase_IAP_Kelsey_IOS_20260531,Ta2k2BeVyS7dWN4n,50.19,6523,335,4,130.86,product368,7.69431243292963,0.149820895522388,0.0513567376973785,12.5475,32.715,2.60729228930066
2026-07-13,ANDROID,dhgate_product403_US_Purchase 30D_purchse_IAP_Kelsey_AND_20260713,bgYcroQHZYVRMl2B,5.03,478,65,0,0.0,product403,10.5230125523013,0.0773846153846154,0.135983263598326,,,0.0
2026-07-13,ANDROID,dhgate_product398_T1_ACT&Nopay 30D_purchase_IAP_Kelsey_AND_20260712,MAiS0xm3ashcD2k1,46.48,13337,3347,2,37.18,product398,3.48504161355627,0.0138870630415297,0.250955987103547,23.24,18.59,0.799913941480207
2026-07-13,IOS,dhgate_product396_T1_ACT&Nopay 30D_purchase_IAP_Kelsey_IOS_20260710,vcNIW6lXyB0GNsd7,43.56,4544,928,0,0.0,product396,9.5862676056338,0.0469396551724138,0.204225352112676,,,0.0
2026-07-13,ANDROID,dhgate_product396_T1_ACT&Nopay 30D_purchase_IAP_Kelsey_AND_20260710,PQ4WrQLOvdlsyVCF,42.73,5459,2423,7,312.9,product396,7.82744092324602,0.0176351630210483,0.443854185748306,6.10428571428571,44.7,7.32272408144161
2026-07-13,IOS,dhgate_product395_T1_ACT&Nopay 30D_purchase_IAP_Kelsey_IOS_20260709,kFokWmeFrJnq8Inb,27.57,1838,719,8,272.48,product395,15.0,0.0383449235048679,0.391186071817193,3.44625,34.06,9.88320638375045
2026-07-13,ANDROID,dhgate_product395_T1_ACT&Nopay 30D_purchase_IAP_Kelsey_AND_20260709,Ay3645qgnDxTnMnY,34.14,5754,1928,4,223.7,product395,5.9332638164755,0.0177074688796681,0.335071254779284,8.535,55.925,6.55243116578793
2026-07-13,IOS,dhgate_product394_UK_ACT&Nopay 30D_purchase_IAP_Kelsey_IOS_20260708,wG2ZMunTwwH1zgZJ,34.75,2859,300,10,322.68,product394,12.1545995103183,0.115833333333333,0.104931794333683,3.475,32.268,9.28575539568345
2026-07-13,ANDROID,dhgate_product394_UK_ACT&Nopay 30D_purchase_IAP_Kelsey_AND_20260708,R2w3HgOjXxczhMlu,22.68,1201,592,0,0.0,product394,18.8842631140716,0.0383108108108108,0.492922564529559,,,0.0
2026-07-13,IOS,dhgate_product403_US_Purchase 30D_purchse_IAP_Kelsey_IOS_20260713,OLvDIbZvBDJIzHMD,6.55,183,69,0,0.0,product403,35.792349726776,0.0949275362318841,0.377049180327869,,,0.0
2026-07-13,IOS,dhgate_product386_US_Purchase 30D_purchase_IAP_Kelsey_IOS_20260630,kpNA9cC8I3HMEtHY,87.32,2134,811,38,1859.04,product386,40.9184629803187,0.10766954377312,0.380037488284911,2.29789473684211,48.9221052631579,21.2899679340357
2026-07-13,IOS,dhgate_product390_UK_Purchase 30D_purchase_IAP_Kelsey_IOS_20260707,ofCAbBvdiAKdTaHs,42.29,2741,276,6,187.84,product390,15.4286756658154,0.153224637681159,0.100693177672382,7.04833333333333,31.3066666666667,4.4417119886498
2026-07-13,IOS,dhgate_product381_US_ACT&Nopay 30D_purchase_IAP_Kelsey_IOS_20260624,koAG4uPwaNuNbSsi,150.31,12085,1167,18,814.56,product381,12.4377327265205,0.128800342759212,0.0965659908978072,8.35055555555556,45.2533333333333,5.41920031934003
2026-07-13,ANDROID,dhgate_product384_T1_ACT&Nopay 30D_purchase_IAP_Kelsey_AND_20260627,S76pXwyrVvtdre2B,97.1,20789,2105,13,489.6,product384,4.67073933330127,0.0461282660332542,0.101255471643658,7.46923076923077,37.6615384615385,5.0422245108136
2026-07-13,IOS,dhgate_product384_T1_ACT&Nopay 30D_purchase_IAP_Kelsey_IOS_20260627,HgoIpNDJKiz1hrzc,84.59,3240,1366,12,602.82,product384,26.108024691358,0.0619253294289898,0.421604938271605,7.04916666666667,50.235,7.12637427591914
2026-07-13,ANDROID,dhgate_product374_US_ACT&Nopay 30D_purchase_IAP_Kelsey_AND_20260610,lHtOeUxHZghwmdpM,50.1,13069,585,5,202.22,product374,3.83349912005509,0.0856410256410256,0.0447624148748948,10.02,40.444,4.03632734530938
2026-07-13,ANDROID,dhgate_product384_T1_Purchase 30D_purchase_IAP_Kelsey_AND_20260709_D7,funYq3Yvepl5ocKc,51.05,3684,1019,15,408.47,product384,13.857220412595,0.0500981354268891,0.276601520086862,3.40333333333333,27.2313333333333,8.00137120470127
2026-07-13,ANDROID,dhgate_product385_UK_ACT&Nopay 30D_purchase_IAP_Kelsey_AND_20260630,VzqTPrFSQDRkzKZj,66.38,5986,917,11,263.57,product385,11.0892081523555,0.0723882224645583,0.153190778483127,6.03454545454545,23.9609090909091,3.97062368183188
2026-07-13,ANDROID,dhgate_product386_US_Purchase 30D_purchase_IAP_Kelsey_AND_20260701,rJAl2dweZnU4qvuG,96.35,10014,1045,3,184.13,product386,9.62152985819852,0.092200956937799,0.104353904533653,32.1166666666667,61.3766666666667,1.91105345096004
2026-07-13,IOS,dhgate_product384_T1_Purchase 30D_purchase_IAP_Kelsey_IOS_20260709_D7,a6HoTnERdU9tuFNK,50.15,4488,485,8,470.19,product384,11.1742424242424,0.10340206185567,0.108065953654189,6.26875,58.77375,9.37567298105683
2026-07-14,ANDROID,dhgate_product317_UK&FR_ACT&Nopay 30D_purchase_IAP_Kelsey_AND_20260427,tDzMEZEldS4Kei0r,35.57,6069,846,4,231.51,product317,5.86093260833745,0.0420449172576832,0.139396935244686,8.8925,57.8775,6.50857464155187
2026-07-14,ANDROID,dhgate_product337_T1_ACT&Nopay 30D_purchase_IAP_Kelsey_AND_20260513,Hi3okRpzvLX7H2oQ,33.44,11557,499,3,154.95,product337,2.89348446828762,0.0670140280561122,0.0431772951457991,11.1466666666667,51.65,4.63367224880383
2026-07-14,IOS,dhgate_product326_US_ACT&Nopay 30D_purchase_IAP_Kelsey_IOS_20260506,zMf9PKJzCf4uVI7T,83.02,9350,520,8,368.71,product326,8.87914438502674,0.159653846153846,0.0556149732620321,10.3775,46.08875,4.4412189833775
2026-07-14,IOS,dhgate_product319_US_Purchase 30D_purchase_IAP_Kelsey_IOS_20260429,SGOG7us7fBY7c5lH,105.13,9455,804,18,840.99,product319,11.1189846641988,0.130758706467662,0.0850343733474352,5.84055555555556,46.7216666666667,7.99952439836393
2026-07-14,IOS,dhgate_product319_CA_Purchase 30D_purchase_IAP_Kelsey_IOS_20260707,kJqgxnpe6VbEV7uj,5.75,147,64,1,113.5,product319,39.1156462585034,0.08984375,0.435374149659864,5.75,113.5,19.7391304347826
2026-07-14,IOS,dhgate_product318_T1_Purchase 30D_purchase_IAP_Kelsey_IOS_20260428,mayu0PGeMJEYQhWJ,70.04,7536,475,12,523.32,product318,9.29405520169851,0.147452631578947,0.0630307855626327,5.83666666666667,43.61,7.47173043974872
2026-07-14,IOS,dhgate_product317_UK_ACT&Nopay 30D_purchase_IAP_Kelsey_IOS_20260427,H9HAtL9q0yyc4Gdy,39.53,3578,270,5,209.29,product317,11.048071548351,0.146407407407407,0.0754611514812745,7.906,41.858,5.29445990387048
2026-07-14,ANDROID,dhgate_product317_FR_ACT&Nopay 30D_purchase_IAP_Kelsey_AND_20260526,zbor8ujPF081oChW,66.81,7805,1398,17,646.86,product317,8.55989750160154,0.0477896995708155,0.179115951313261,3.93,38.0505882352941,9.68208352043107
2026-07-14,IOS,dhgate_product137_US_Purchase 30D_purchase_IAP_Kelsey_IOS_20260402,Eo7scqEETcYxo6WH,78.74,3735,325,7,521.89,product137,21.0816599732262,0.242276923076923,0.0870147255689424,11.2485714285714,74.5557142857143,6.62801625603251
2026-07-14,IOS,dhgate_product314_UK_Purchase 30D_purchase_IAP_Kelsey_IOS_20260424,NmHyz3ZrSwNTmf0j,68.91,3164,385,4,114.19,product314,21.7793931731985,0.178987012987013,0.121681415929204,17.2275,28.5475,1.65708895661007
2026-07-14,ANDROID,dhgate_product148_T1_Purchase 30D_purchase_IAP_Kelsey_AND_20260415,dVlitdxzfmXStKCR,77.32,6961,937,14,471.55,product148,11.1075994828329,0.0825186766275347,0.134607096681511,5.52285714285714,33.6821428571429,6.0986808070357
2026-07-14,IOS,dhgate_product138_FR_ACT&Nopay 30D_purchase_IAP_Kelsey_IOS_20260403,zNcB24si9mbzBPed,80.85,12972,794,11,494.81,product138,6.23265494912118,0.101826196473552,0.0612087573234659,7.35,44.9827272727273,6.12009894867038
2026-07-14,IOS,dhgate_dpa-ios_US_ACT&Nopay 30D_purchase_IAP_Kelsey_IOS_20260515,y55faIMh7doL5RvO,80.9,8973,218,4,137.43,dpa-ios,9.01593669898585,0.371100917431193,0.0242951075448568,20.225,34.3575,1.69876390605686
2026-07-14,ANDROID,dhgate_dpa-and_US_ACT&Nopay 30D_purchase_IAP_Kelsey_AND_20260511,M0ZXR7rklCeN7J9o,75.74,17157,271,5,178.86,dpa-and,4.41452468380253,0.279483394833948,0.0157953022090109,15.148,35.772,2.36149986796937
2026-07-14,IOS,dhgate_product337_T1_ACT&Nopay 30D_purchase_IAP_Kelsey_IOS_20260513,pMbmqjxpXWy9uySH,36.57,8328,217,7,238.2,product337,4.39121037463977,0.16852534562212,0.0260566762728146,5.22428571428571,34.0285714285714,6.5135356849877
2026-07-14,IOS,dhgate_product384_T1_Purchase 30D_purchase_IAP_Kelsey_IOS_20260709_D7,a6HoTnERdU9tuFNK,34.42,3795,359,2,81.97,product384,9.06982872200264,0.0958774373259053,0.0945981554677207,17.21,40.985,2.38146426496223
2026-07-14,ANDROID,dhgate_product384_T1_Purchase 30D_purchase_IAP_Kelsey_AND_20260709_D7,funYq3Yvepl5ocKc,45.88,4617,618,16,491.84,product384,9.93718865063894,0.0742394822006473,0.133853151397011,2.8675,30.74,10.720139494333
2026-07-14,ANDROID,dhgate_product315_UK_ACT&Nopay 30D_purchase_IAP_Kelsey_AND_20260425,bedUOEtGfoRFbmze,39.75,4958,573,10,242.6,product315,8.01734570391287,0.0693717277486911,0.115570794675272,3.975,24.26,6.10314465408805
2026-07-14,IOS,dhgate_product340_US_Purchase 30D_purchase_IAP_Kelsey_IOS_20260516,yznk4uz7IRlNu5TH,82.64,5953,330,26,1321.55,product340,13.8820762640685,0.250424242424242,0.0554342348395767,3.17846153846154,50.8288461538462,15.9916505324298
2026-07-14,ANDROID,dhgate_product398_T1_ACT&Nopay 30D_purchase_IAP_Kelsey_AND_20260712,MAiS0xm3ashcD2k1,37.92,7510,2547,1,15.91,product398,5.04926764314248,0.0148881036513545,0.339147802929427,37.92,15.91,0.419567510548523
2026-07-14,IOS,dhgate_product364_US&FR_Purchase 30D_purchase_IAP_Kelsey_IOS_20260527,qX4oco28gDbrpBri,81.9,7056,371,7,409.21,product364,11.6071428571429,0.220754716981132,0.0525793650793651,11.7,58.4585714285714,4.9964590964591
2026-07-14,ANDROID,dhgate_product403_US_Purchase 30D_purchse_IAP_Kelsey_AND_20260713,bgYcroQHZYVRMl2B,41.31,2861,413,1,51.09,product403,14.4390073400909,0.100024213075061,0.144355120587207,41.31,51.09,1.23674655047204
2026-07-14,IOS,dhgate_product396_T1_ACT&Nopay 30D_purchase_IAP_Kelsey_IOS_20260710,vcNIW6lXyB0GNsd7,32.38,7842,324,3,115.09,product396,4.12904871206325,0.0999382716049383,0.0413159908186687,10.7933333333333,38.3633333333333,3.55435453983941
2026-07-14,ANDROID,dhgate_product396_T1_ACT&Nopay 30D_purchase_IAP_Kelsey_AND_20260710,PQ4WrQLOvdlsyVCF,35.23,5445,1893,5,210.92,product396,6.47015610651974,0.0186106708927628,0.347658402203857,7.046,42.184,5.98694294635254
2026-07-14,IOS,dhgate_product390_UK_Purchase 30D_purchase_IAP_Kelsey_IOS_20260707,ofCAbBvdiAKdTaHs,33.11,2415,234,9,375.67,product390,13.7101449275362,0.141495726495727,0.0968944099378882,3.67888888888889,41.7411111111111,11.3461189972818
2026-07-14,ANDROID,dhgate_product386_US_Purchase 30D_purchase_IAP_Kelsey_AND_20260701,rJAl2dweZnU4qvuG,70.92,7173,741,7,301.88,product386,9.8870765370138,0.0957085020242915,0.103304056879967,10.1314285714286,43.1257142857143,4.2566271855612
2026-07-14,ANDROID,dhgate_product385_UK_ACT&Nopay 30D_purchase_IAP_Kelsey_AND_20260630,VzqTPrFSQDRkzKZj,36.61,4754,539,23,1105.1,product385,7.70088346655448,0.0679220779220779,0.113378207824989,1.59173913043478,48.0478260869565,30.1857416006556
2026-07-14,IOS,dhgate_product403_US_Purchase 30D_purchse_IAP_Kelsey_IOS_20260713,OLvDIbZvBDJIzHMD,27.38,745,274,0,0.0,product403,36.751677852349,0.0999270072992701,0.367785234899329,,,0.0
2026-07-14,IOS,dhgate_product350_US_Purchase 30D_purchase_IAP_Kelsey_IOS_20260517,eZwoS7yMwcYqxbzm,37.14,2973,128,10,639.25,product350,12.4924318869828,0.29015625,0.043054154053145,3.714,63.925,17.211900915455
2026-07-14,IOS,dhgate_product386_US_Purchase 30D_purchase_IAP_Kelsey_IOS_20260630,kpNA9cC8I3HMEtHY,109.83,2461,885,41,2825.1,product386,44.6281999187322,0.124101694915254,0.359609914668834,2.67878048780488,68.9048780487805,25.7224801966676
2026-07-14,ANDROID,dhgate_product384_T1_ACT&Nopay 30D_purchase_IAP_Kelsey_AND_20260627,S76pXwyrVvtdre2B,67.11,15695,1656,13,460.49,product384,4.27588403950303,0.0405253623188406,0.105511309334183,5.16230769230769,35.4223076923077,6.86171956489346
2026-07-14,IOS,dhgate_product381_US_ACT&Nopay 30D_purchase_IAP_Kelsey_IOS_20260624,koAG4uPwaNuNbSsi,128.32,12044,827,27,1546.2,product381,10.6542676851544,0.155163240628779,0.0686648953835935,4.75259259259259,57.2666666666667,12.0495635910224
2026-07-14,ANDROID,dhgate_product374_US_ACT&Nopay 30D_purchase_IAP_Kelsey_AND_20260610,lHtOeUxHZghwmdpM,38.42,10278,414,11,431.75,product374,3.73808133878186,0.0928019323671498,0.0402802101576182,3.49272727272727,39.25,11.2376366475794
2026-07-14,IOS,dhgate_product372_T1_ACT&Nopay 30D_purchase_IAP_Kelsey_IOS_20260605,U4gzqzcEnoe3yurD,33.86,7362,353,7,465.07,product372,4.59929367019832,0.0959206798866856,0.0479489269220321,4.83714285714286,66.4385714285714,13.7350856467809
2026-07-14,IOS,dhgate_product368_T1_Purchase 30D_purchase_IAP_Kelsey_IOS_20260531,Ta2k2BeVyS7dWN4n,31.06,5077,227,2,151.98,product368,6.11778609415009,0.136828193832599,0.0447114437660036,15.53,75.99,4.89311010946555
2026-07-14,ANDROID,dhgate_product368_T1_Purchase 30D_purchase_IAP_Kelsey_AND_20260531,b3s2CGS3sMxfFWgV,62.41,6268,750,10,503.25,product368,9.95692405871091,0.0832133333333333,0.119655392469687,6.241,50.325,8.06361160070502
2026-07-14,ANDROID,dhgate_product367_UK_Purchase 30D_purchase_IAP_Kelsey_AND_20260530,AsUotp8z2P369W1o,70.85,4793,578,19,401.19,product367,14.7819737116628,0.12257785467128,0.120592530774045,3.72894736842105,21.1152631578947,5.66252646436133
2026-07-14,IOS,dhgate_product384_T1_ACT&Nopay 30D_purchase_IAP_Kelsey_IOS_20260627,HgoIpNDJKiz1hrzc,72.73,2624,1136,15,1034.38,product384,27.7172256097561,0.0640228873239437,0.432926829268293,4.84866666666667,68.9586666666667,14.2221916678125
2026-07-15,IOS,dhgate_product318_T1_Purchase 30D_purchase_IAP_Kelsey_IOS_20260428,mayu0PGeMJEYQhWJ,55.73,6069,367,9,605.37,product318,9.18273191629593,0.151852861035422,0.0604712473224584,6.19222222222222,67.2633333333333,10.8625515880136
2026-07-15,IOS,dhgate_product319_CA_Purchase 30D_purchase_IAP_Kelsey_IOS_20260707,kJqgxnpe6VbEV7uj,15.04,349,126,0,0.0,product319,43.0945558739255,0.119365079365079,0.361031518624642,,,0.0
2026-07-15,IOS,dhgate_product319_US_Purchase 30D_purchase_IAP_Kelsey_IOS_20260429,SGOG7us7fBY7c5lH,150.4,15715,1018,15,705.96,product319,9.57047406936048,0.147740667976424,0.0647788736875597,10.0266666666667,47.064,4.6938829787234
2026-07-15,IOS,dhgate_product337_T1_ACT&Nopay 30D_purchase_IAP_Kelsey_IOS_20260513,pMbmqjxpXWy9uySH,68.35,18699,374,3,207.99,product337,3.65527568319161,0.182754010695187,0.0200010695759132,22.7833333333333,69.33,3.04301389904901
2026-07-15,ANDROID,dhgate_product337_T1_ACT&Nopay 30D_purchase_IAP_Kelsey_AND_20260513,Hi3okRpzvLX7H2oQ,30.98,11184,411,7,166.78,product337,2.77002861230329,0.0753771289537713,0.0367489270386266,4.42571428571429,23.8257142857143,5.38347320852163
2026-07-15,IOS,dhgate_product340_US_Purchase 30D_purchase_IAP_Kelsey_IOS_20260516,yznk4uz7IRlNu5TH,100.1,8067,323,6,184.91,product340,12.4085781579274,0.309907120743034,0.0400396677823231,16.6833333333333,30.8183333333333,1.84725274725275
2026-07-15,IOS,dhgate_product317_UK_ACT&Nopay 30D_purchase_IAP_Kelsey_IOS_20260427,H9HAtL9q0yyc4Gdy,27.92,2883,184,5,215.86,product317,9.68435657301422,0.151739130434783,0.0638224072147069,5.584,43.172,7.73137535816619
2026-07-15,IOS,dhgate_product326_US_ACT&Nopay 30D_purchase_IAP_Kelsey_IOS_20260506,zMf9PKJzCf4uVI7T,66.61,7899,389,0,0.0,product326,8.43271300164578,0.171233933161954,0.0492467400936827,,,0.0
2026-07-15,ANDROID,dhgate_product317_UK&FR_ACT&Nopay 30D_purchase_IAP_Kelsey_AND_20260427,tDzMEZEldS4Kei0r,50.29,9244,1099,6,287.93,product317,5.4402855906534,0.0457597816196542,0.118887927304197,8.38166666666667,47.9883333333333,5.72539272221118
2026-07-15,ANDROID,dhgate_dpa-and_US_ACT&Nopay 30D_purchase_IAP_Kelsey_AND_20260511,M0ZXR7rklCeN7J9o,100.17,25166,360,1,21.23,dpa-and,3.98037034093618,0.27825,0.0143050147023762,100.17,21.23,0.21193970250574
2026-07-15,ANDROID,dhgate_product315_UK_ACT&Nopay 30D_purchase_IAP_Kelsey_AND_20260425,bedUOEtGfoRFbmze,50.54,6779,667,18,528.43,product315,7.45537689924768,0.0757721139430285,0.0983920932290898,2.80777777777778,29.3572222222222,10.4556786703601
2026-07-15,IOS,dhgate_product314_UK_Purchase 30D_purchase_IAP_Kelsey_IOS_20260424,NmHyz3ZrSwNTmf0j,97.6,4978,538,8,217.27,product314,19.6062675773403,0.181412639405204,0.108075532342306,12.2,27.15875,2.22612704918033
2026-07-15,ANDROID,dhgate_product148_T1_Purchase 30D_purchase_IAP_Kelsey_AND_20260415,dVlitdxzfmXStKCR,100.63,10709,1220,22,848.85,product148,9.39676907274255,0.0824836065573771,0.113922868615183,4.57409090909091,38.5840909090909,8.43535724932923
2026-07-15,IOS,dhgate_product138_FR_ACT&Nopay 30D_purchase_IAP_Kelsey_IOS_20260403,zNcB24si9mbzBPed,100.22,18758,1060,7,224.19,product138,5.34278707751359,0.0945471698113208,0.0565092227316345,14.3171428571429,32.0271428571429,2.23697864697665
2026-07-15,IOS,dhgate_product137_US_Purchase 30D_purchase_IAP_Kelsey_IOS_20260402,Eo7scqEETcYxo6WH,100.46,5668,347,5,275.06,product137,17.7240649258998,0.289510086455331,0.0612208892025406,20.092,55.012,2.73800517618953
2026-07-15,IOS,dhgate_dpa-ios_US_ACT&Nopay 30D_purchase_IAP_Kelsey_IOS_20260515,y55faIMh7doL5RvO,97.77,13524,163,1,76.36,dpa-ios,7.22937000887311,0.599815950920245,0.0120526471458148,97.77,76.36,0.78101667178071
2026-07-15,IOS,dhgate_product350_US_Purchase 30D_purchase_IAP_Kelsey_IOS_20260517,eZwoS7yMwcYqxbzm,50.12,4004,152,9,433.4,product350,12.5174825174825,0.329736842105263,0.037962037962038,5.56888888888889,48.1555555555556,8.64724660814046
2026-07-15,IOS,dhgate_product384_T1_Purchase 30D_purchase_IAP_Kelsey_IOS_20260709_D7,a6HoTnERdU9tuFNK,46.24,5272,461,3,135.51,product384,8.77086494688923,0.100303687635575,0.087443095599393,15.4133333333333,45.17,2.93057958477509
2026-07-15,ANDROID,dhgate_product384_T1_Purchase 30D_purchase_IAP_Kelsey_AND_20260709_D7,funYq3Yvepl5ocKc,75.0,8347,1034,13,471.69,product384,8.9852641667665,0.0725338491295938,0.123876841979154,5.76923076923077,36.2838461538462,6.2892
2026-07-15,ANDROID,dhgate_product317_FR_ACT&Nopay 30D_purchase_IAP_Kelsey_AND_20260526,zbor8ujPF081oChW,100.14,12729,2193,11,618.41,product317,7.86707518265378,0.0456634746922025,0.172283761489512,9.10363636363636,56.2190909090909,6.17545436389055
2026-07-15,IOS,dhgate_product364_US&FR_Purchase 30D_purchase_IAP_Kelsey_IOS_20260527,qX4oco28gDbrpBri,100.31,10628,412,24,1034.62,product364,9.43827625141137,0.243470873786408,0.0387655250282273,4.17958333333333,43.1091666666667,10.3142258997109
2026-07-15,ANDROID,dhgate_product367_UK_Purchase 30D_purchase_IAP_Kelsey_AND_20260530,AsUotp8z2P369W1o,101.84,7110,919,16,569.03,product367,14.323488045007,0.110816104461371,0.129254571026723,6.365,35.564375,5.58749018067557
2026-07-15,ANDROID,dhgate_product368_T1_Purchase 30D_purchase_IAP_Kelsey_AND_20260531,b3s2CGS3sMxfFWgV,122.1,12941,1287,9,257.85,product368,9.43512866084537,0.0948717948717949,0.0994513561548567,13.5666666666667,28.65,2.11179361179361
2026-07-15,ANDROID,dhgate_product409_US_Purchase 30D_purchse_IAP_Kelsey_AND_20260715,ZGa8bU3V5aZwVzXI,11.49,801,143,0,0.0,product409,14.3445692883895,0.0803496503496504,0.17852684144819,,,0.0
2026-07-15,IOS,dhgate_product409_US_Purchase 30D_purchse_IAP_Kelsey_IOS_20260715,lEeOk16FCFPRziEo,29.58,507,280,0,0.0,product409,58.3431952662722,0.105642857142857,0.552268244575937,,,0.0
2026-07-15,IOS,dhgate_product405_US_Purchase 30D_purchse_IAP_Kelsey_IOS_20260714,pooV0geOxpxLrTu6,50.41,1117,470,4,152.73,product405,45.129811996419,0.107255319148936,0.420769919427037,12.6025,38.1825,3.02975600079349
2026-07-15,ANDROID,dhgate_product405_US_Purchase 30D_purchse_IAP_Kelsey_AND_20260714,rFDaHNCVJqmWOU4h,50.48,3891,536,0,0.0,product405,12.9735286558725,0.0941791044776119,0.13775379079928,,,0.0
2026-07-15,IOS,dhgate_product403_US_Purchase 30D_purchse_IAP_Kelsey_IOS_20260713,OLvDIbZvBDJIzHMD,42.46,1303,358,2,99.31,product403,32.5863392171911,0.118603351955307,0.274750575594781,21.23,49.655,2.33890720678285
2026-07-15,ANDROID,dhgate_product403_US_Purchase 30D_purchse_IAP_Kelsey_AND_20260713,bgYcroQHZYVRMl2B,50.24,3409,520,8,328.08,product403,14.7374596655911,0.0966153846153846,0.15253740099736,6.28,41.01,6.53025477707006
2026-07-15,ANDROID,dhgate_product398_T1_ACT&Nopay 30D_purchase_IAP_Kelsey_AND_20260712,MAiS0xm3ashcD2k1,27.32,3858,1747,6,152.63,product398,7.08138932089165,0.015638236977676,0.452825298081908,4.55333333333333,25.4383333333333,5.58674963396779
2026-07-15,ANDROID,dhgate_product396_T1_ACT&Nopay 30D_purchase_IAP_Kelsey_AND_20260710,PQ4WrQLOvdlsyVCF,50.02,17203,1129,4,181.18,product396,2.90763238969947,0.0443046944198406,0.0656280881241644,12.505,45.295,3.62215113954418
2026-07-15,IOS,dhgate_product390_UK_Purchase 30D_purchase_IAP_Kelsey_IOS_20260707,ofCAbBvdiAKdTaHs,44.14,3615,281,4,127.64,product390,12.210235131397,0.157081850533808,0.077731673582296,11.035,31.91,2.89170820117807
2026-07-15,IOS,dhgate_product396_T1_ACT&Nopay 30D_purchase_IAP_Kelsey_IOS_20260710,vcNIW6lXyB0GNsd7,26.4,6704,293,1,21.0,product396,3.93794749403341,0.0901023890784983,0.0437052505966587,26.4,21.0,0.795454545454546
2026-07-15,ANDROID,dhgate_product386_US_Purchase 30D_purchase_IAP_Kelsey_AND_20260701,rJAl2dweZnU4qvuG,56.18,6407,550,6,197.03,product386,8.76853441548307,0.102145454545455,0.085843608553145,9.36333333333333,32.8383333333333,3.50711997152011
2026-07-15,ANDROID,dhgate_product385_UK_ACT&Nopay 30D_purchase_IAP_Kelsey_AND_20260630,VzqTPrFSQDRkzKZj,50.28,7141,713,18,554.26,product385,7.04103066797367,0.0705189340813464,0.0998459599495869,2.79333333333333,30.7922222222222,11.0234685759745
2026-07-15,IOS,dhgate_product384_T1_ACT&Nopay 30D_purchase_IAP_Kelsey_IOS_20260627,HgoIpNDJKiz1hrzc,78.82,2889,1466,11,504.62,product384,27.2827968155071,0.0537653478854025,0.507442021460713,7.16545454545455,45.8745454545455,6.40218218726212
2026-07-15,ANDROID,dhgate_product384_T1_ACT&Nopay 30D_purchase_IAP_Kelsey_AND_20260627,S76pXwyrVvtdre2B,100.55,26510,2348,16,842.68,product384,3.7929083364768,0.0428236797274276,0.0885703508110147,6.284375,52.6675,8.38070611636002
2026-07-15,IOS,dhgate_product381_US_ACT&Nopay 30D_purchase_IAP_Kelsey_IOS_20260624,koAG4uPwaNuNbSsi,150.38,15732,865,25,957.05,product381,9.55886092041699,0.173849710982659,0.0549834731756929,6.0152,38.282,6.36421066631201
2026-07-15,ANDROID,dhgate_product374_US_ACT&Nopay 30D_purchase_IAP_Kelsey_AND_20260610,lHtOeUxHZghwmdpM,50.18,15055,604,7,261.7,product374,3.33311192294919,0.0830794701986755,0.0401195616074394,7.16857142857143,37.3857142857143,5.21522518931845
2026-07-15,IOS,dhgate_product372_T1_ACT&Nopay 30D_purchase_IAP_Kelsey_IOS_20260605,U4gzqzcEnoe3yurD,48.92,14223,380,10,540.11,product372,3.43949940237643,0.128736842105263,0.0267172888982634,4.892,54.011,11.0406786590352
2026-07-15,IOS,dhgate_product368_T1_Purchase 30D_purchase_IAP_Kelsey_IOS_20260531,Ta2k2BeVyS7dWN4n,24.21,4200,174,3,550.7,product368,5.76428571428572,0.139137931034483,0.0414285714285714,8.07,183.566666666667,22.7467988434531
2026-07-15,IOS,dhgate_product386_US_Purchase 30D_purchase_IAP_Kelsey_IOS_20260630,kpNA9cC8I3HMEtHY,147.2,2687,1060,12,402.58,product386,54.7822850762933,0.138867924528302,0.394491998511351,12.2666666666667,33.5483333333333,2.73491847826087
2026-07-16,IOS,dhgate_product319_US_Purchase 30D_purchase_IAP_Kelsey_IOS_20260429,SGOG7us7fBY7c5lH,146.43,15347,1097,21,853.53,product319,9.54127842575096,0.133482224247949,0.0714797680328403,6.97285714285714,40.6442857142857,5.82892849825855
2026-07-16,IOS,dhgate_product364_US&FR_Purchase 30D_purchase_IAP_Kelsey_IOS_20260527,qX4oco28gDbrpBri,95.67,9484,426,12,754.77,product364,10.0875158161113,0.224577464788732,0.0449177562210038,7.9725,62.8975,7.88930699278771
2026-07-16,IOS,dhgate_product350_US_Purchase 30D_purchase_IAP_Kelsey_IOS_20260517,eZwoS7yMwcYqxbzm,48.01,4311,135,6,176.74,product350,11.1366272326606,0.35562962962963,0.0313152400835073,8.00166666666667,29.4566666666667,3.68131639241825
2026-07-16,IOS,dhgate_product340_US_Purchase 30D_purchase_IAP_Kelsey_IOS_20260516,yznk4uz7IRlNu5TH,98.33,8566,281,6,182.02,product340,11.4791034321737,0.349928825622776,0.0328041092692038,16.3883333333333,30.3366666666667,1.85111359707109
2026-07-16,IOS,dhgate_product337_T1_ACT&Nopay 30D_purchase_IAP_Kelsey_IOS_20260513,pMbmqjxpXWy9uySH,96.52,19544,636,0,0.0,product337,4.93860008186656,0.151761006289308,0.0325419566107245,,,0.0
2026-07-16,IOS,dhgate_product326_US_ACT&Nopay 30D_purchase_IAP_Kelsey_IOS_20260506,zMf9PKJzCf4uVI7T,50.01,7537,245,5,216.97,product326,6.63526602096325,0.204122448979592,0.0325063022422715,10.002,43.394,4.33853229354129
2026-07-16,IOS,dhgate_product319_CA_Purchase 30D_purchase_IAP_Kelsey_IOS_20260707,kJqgxnpe6VbEV7uj,18.97,523,175,0,0.0,product319,36.2715105162524,0.1084,0.334608030592734,,,0.0
2026-07-16,IOS,dhgate_dpa-ios_US_ACT&Nopay 30D_purchase_IAP_Kelsey_IOS_20260515,y55faIMh7doL5RvO,95.62,11923,207,2,152.21,dpa-ios,8.01979367608823,0.461932367149759,0.0173614023316279,47.81,76.105,1.59182179460364
2026-07-16,ANDROID,dhgate_product317_UK&FR_ACT&Nopay 30D_purchase_IAP_Kelsey_AND_20260427,tDzMEZEldS4Kei0r,50.22,9063,1111,9,869.65,product317,5.54121151936445,0.0452025202520252,0.122586340063996,5.58,96.6277777777778,17.3168060533652
2026-07-16,ANDROID,dhgate_product317_FR_ACT&Nopay 30D_purchase_IAP_Kelsey_AND_20260526,zbor8ujPF081oChW,100.57,12765,2233,11,405.84,product317,7.87857422640031,0.045038065382893,0.174931453192323,9.14272727272727,36.8945454545455,4.0353982300885
2026-07-16,ANDROID,dhgate_product315_UK_ACT&Nopay 30D_purchase_IAP_Kelsey_AND_20260425,bedUOEtGfoRFbmze,50.58,6958,742,10,312.63,product315,7.26933026731819,0.068167115902965,0.106639839034205,5.058,31.263,6.18090154211151
2026-07-16,IOS,dhgate_product314_UK_Purchase 30D_purchase_IAP_Kelsey_IOS_20260424,NmHyz3ZrSwNTmf0j,99.74,4357,491,11,315.88,product314,22.8918980950195,0.203136456211813,0.11269221941703,9.06727272727273,28.7163636363636,3.16703428915179
2026-07-16,ANDROID,dhgate_product148_T1_Purchase 30D_purchase_IAP_Kelsey_AND_20260415,dVlitdxzfmXStKCR,100.25,10302,1146,20,666.49,product148,9.73112017084061,0.087478184991274,0.111240535818288,5.0125,33.3245,6.64827930174564
2026-07-16,IOS,dhgate_product138_FR_ACT&Nopay 30D_purchase_IAP_Kelsey_IOS_20260403,zNcB24si9mbzBPed,99.04,16729,1138,9,443.22,product138,5.92025823420408,0.0870298769771529,0.0680255843146632,11.0044444444444,49.2466666666667,4.47516155088853
2026-07-16,IOS,dhgate_product137_US_Purchase 30D_purchase_IAP_Kelsey_IOS_20260402,Eo7scqEETcYxo6WH,95.04,5949,343,4,159.02,product137,15.9757942511346,0.277084548104956,0.057656749033451,23.76,39.755,1.67319023569024
2026-07-16,ANDROID,dhgate_product368_T1_Purchase 30D_purchase_IAP_Kelsey_AND_20260531,b3s2CGS3sMxfFWgV,142.32,14174,1408,9,379.08,product368,10.0409199943559,0.101079545454545,0.0993368138845774,15.8133333333333,42.12,2.66357504215852
2026-07-16,ANDROID,dhgate_dpa-and_US_ACT&Nopay 30D_purchase_IAP_Kelsey_AND_20260511,M0ZXR7rklCeN7J9o,100.1,25139,416,6,195.98,dpa-and,3.98186085365369,0.240625,0.0165479931580413,16.6833333333333,32.6633333333333,1.95784215784216
2026-07-16,IOS,dhgate_product318_T1_Purchase 30D_purchase_IAP_Kelsey_IOS_20260428,mayu0PGeMJEYQhWJ,50.22,7422,304,9,336.65,product318,6.76637025060631,0.165197368421053,0.0409593101589868,5.58,37.4055555555556,6.70350457984867
2026-07-16,IOS,dhgate_product372_T1_ACT&Nopay 30D_purchase_IAP_Kelsey_IOS_20260605,U4gzqzcEnoe3yurD,48.37,12128,444,5,215.9,product372,3.98829155672823,0.108941441441441,0.0366094986807388,9.674,43.18,4.46351044035559
2026-07-16,ANDROID,dhgate_product367_UK_Purchase 30D_purchase_IAP_Kelsey_AND_20260530,AsUotp8z2P369W1o,100.75,7239,835,28,1096.76,product367,13.9176681862136,0.120658682634731,0.115347423677304,3.59821428571429,39.17,10.8859553349876
2026-07-16,IOS,dhgate_product381_US_ACT&Nopay 30D_purchase_IAP_Kelsey_IOS_20260624,koAG4uPwaNuNbSsi,149.69,13911,938,23,1398.56,product381,10.7605492056646,0.159584221748401,0.0674286535834951,6.50826086956522,60.8069565217391,9.34304228739395
2026-07-16,IOS,dhgate_product384_T1_Purchase 30D_purchase_IAP_Kelsey_IOS_20260709_D7,a6HoTnERdU9tuFNK,46.65,4842,518,9,252.26,product384,9.63444857496902,0.0900579150579151,0.10698058653449,5.18333333333333,28.0288888888889,5.4075026795284
2026-07-16,ANDROID,dhgate_product384_T1_Purchase 30D_purchase_IAP_Kelsey_AND_20260709_D7,funYq3Yvepl5ocKc,100.51,9049,1363,12,511.62,product384,11.1073046745497,0.0737417461482025,0.150624378384352,8.37583333333333,42.635,5.0902397771366
2026-07-16,IOS,dhgate_product411_UK_Purchase 30D_purchse_IAP_Kelsey_IOS_20260716,uVssynWrCxEfr4Q8,10.29,327,160,0,0.0,product411,31.4678899082569,0.0643125,0.489296636085627,,,0.0
2026-07-16,ANDROID,dhgate_product411_UK_Purchase 30D_purchse_IAP_Kelsey_AND_20260716,hoTEkvhmBYMCkOdm,10.0,636,240,1,17.4,product411,15.7232704402516,0.0416666666666667,0.377358490566038,10.0,17.4,1.74
2026-07-16,IOS,dhgate_product409_US_Purchase 30D_purchse_IAP_Kelsey_IOS_20260715,lEeOk16FCFPRziEo,50.25,1007,437,2,78.91,product409,49.9006951340616,0.114988558352403,0.433962264150943,25.125,39.455,1.57034825870647
2026-07-16,ANDROID,dhgate_product409_US_Purchase 30D_purchse_IAP_Kelsey_AND_20260715,ZGa8bU3V5aZwVzXI,50.28,2749,472,0,0.0,product409,18.2902873772281,0.106525423728814,0.171698799563478,,,0.0
2026-07-16,IOS,dhgate_product405_US_Purchase 30D_purchse_IAP_Kelsey_IOS_20260714,pooV0geOxpxLrTu6,50.15,1337,370,9,340.78,product405,37.509349289454,0.135540540540541,0.276738967838444,5.57222222222222,37.8644444444444,6.79521435692921
2026-07-16,ANDROID,dhgate_product405_US_Purchase 30D_purchse_IAP_Kelsey_AND_20260714,rFDaHNCVJqmWOU4h,50.22,3290,409,2,214.97,product405,15.2644376899696,0.12278728606357,0.124316109422492,25.11,107.485,4.28056551174831
2026-07-16,IOS,dhgate_product403_US_Purchase 30D_purchse_IAP_Kelsey_IOS_20260713,OLvDIbZvBDJIzHMD,50.16,1390,354,2,110.78,product403,36.0863309352518,0.141694915254237,0.254676258992806,25.08,55.39,2.2085326953748
2026-07-16,ANDROID,dhgate_product403_US_Purchase 30D_purchse_IAP_Kelsey_AND_20260713,bgYcroQHZYVRMl2B,50.33,2417,515,5,213.73,product403,20.8233347124535,0.0977281553398058,0.213074058750517,10.066,42.746,4.24657262070336
2026-07-16,ANDROID,dhgate_product374_US_ACT&Nopay 30D_purchase_IAP_Kelsey_AND_20260610,lHtOeUxHZghwmdpM,47.4,14460,563,2,60.43,product374,3.27800829875519,0.0841918294849023,0.0389349930843707,23.7,30.215,1.27489451476793
2026-07-16,ANDROID,dhgate_product399_US_Purchase 30D_purchse_IAP_Kelsey_AND_20260713,pykwMMQYNbcpI7N6,11.58,1305,161,0,0.0,product399,8.87356321839081,0.0719254658385093,0.123371647509579,,,0.0
2026-07-16,ANDROID,dhgate_product396_T1_ACT&Nopay 30D_purchase_IAP_Kelsey_AND_20260710,PQ4WrQLOvdlsyVCF,50.2,16882,1329,5,158.48,product396,2.9735813292264,0.0377727614747931,0.0787229001303163,10.04,31.696,3.15697211155379
2026-07-16,IOS,dhgate_product390_UK_Purchase 30D_purchase_IAP_Kelsey_IOS_20260707,ofCAbBvdiAKdTaHs,41.81,3170,232,6,269.71,product390,13.1892744479495,0.180215517241379,0.073186119873817,6.96833333333333,44.9516666666667,6.45084907916766
2026-07-16,IOS,dhgate_product386_US_Purchase 30D_purchase_IAP_Kelsey_IOS_20260630,kpNA9cC8I3HMEtHY,201.64,3858,1196,31,1322.06,product386,52.265422498704,0.168595317725753,0.310005184033178,6.50451612903226,42.6470967741936,6.55653640150764
2026-07-16,ANDROID,dhgate_product386_US_Purchase 30D_purchase_IAP_Kelsey_AND_20260701,rJAl2dweZnU4qvuG,50.07,6965,632,8,315.39,product386,7.18880114860014,0.0792246835443038,0.0907394113424264,6.25875,39.42375,6.2989814260036
2026-07-16,ANDROID,dhgate_product385_UK_ACT&Nopay 30D_purchase_IAP_Kelsey_AND_20260630,VzqTPrFSQDRkzKZj,50.77,7161,797,21,608.48,product385,7.08979192850161,0.0637013801756587,0.111297304845692,2.41761904761905,28.9752380952381,11.9850305298405
2026-07-16,IOS,dhgate_product384_T1_ACT&Nopay 30D_purchase_IAP_Kelsey_IOS_20260627,HgoIpNDJKiz1hrzc,84.89,3222,1647,13,483.84,product384,26.3469894475481,0.0515421979356406,0.511173184357542,6.53,37.2184615384615,5.6996112616327
2026-07-16,IOS,dhgate_product399_US_Purchase 30D_purchse_IAP_Kelsey_IOS_20260713,m0AfmfYsl54jMdHh,17.23,375,173,0,0.0,product399,45.9466666666667,0.0995953757225434,0.461333333333333,,,0.0
2026-07-16,ANDROID,dhgate_product384_T1_ACT&Nopay 30D_purchase_IAP_Kelsey_AND_20260627,S76pXwyrVvtdre2B,100.24,24929,2459,14,785.57,product384,4.02101969593646,0.0407645384302562,0.098640137991897,7.16,56.1121428571429,7.83689146049481
2026-07-17,IOS,dhgate_product337_T1_ACT&Nopay 30D_purchase_IAP_Kelsey_IOS_20260513,pMbmqjxpXWy9uySH,75.63,12817,512,6,316.66,product337,5.90075680736522,0.14771484375,0.0399469454630569,12.605,52.7766666666667,4.18696284543171
2026-07-17,IOS,dhgate_product340_US_Purchase 30D_purchase_IAP_Kelsey_IOS_20260516,yznk4uz7IRlNu5TH,94.48,6835,330,13,743.14,product340,13.8229700073153,0.28630303030303,0.0482809070958303,7.26769230769231,57.1646153846154,7.8655800169348
2026-07-17,IOS,dhgate_product350_US_Purchase 30D_purchase_IAP_Kelsey_IOS_20260517,eZwoS7yMwcYqxbzm,48.79,3690,153,4,322.97,product350,13.2222222222222,0.318888888888889,0.0414634146341463,12.1975,80.7425,6.61959417913507
2026-07-17,ANDROID,dhgate_product368_T1_Purchase 30D_purchase_IAP_Kelsey_AND_20260531,b3s2CGS3sMxfFWgV,95.07,7627,862,8,655.02,product368,12.4649272322014,0.110290023201856,0.113019535859447,11.88375,81.8775,6.88987062164721
2026-07-17,ANDROID,dhgate_product367_UK_Purchase 30D_purchase_IAP_Kelsey_AND_20260530,AsUotp8z2P369W1o,100.29,6033,708,12,375.14,product367,16.6235703630035,0.141652542372881,0.117354549975137,8.3575,31.2616666666667,3.74055239804567
2026-07-17,IOS,dhgate_product326_US_ACT&Nopay 30D_purchase_IAP_Kelsey_IOS_20260506,zMf9PKJzCf4uVI7T,38.46,5018,233,5,298.58,product326,7.66440813072938,0.165064377682403,0.0464328417696293,7.692,59.716,7.76339053562143
2026-07-17,IOS,dhgate_product372_T1_ACT&Nopay 30D_purchase_IAP_Kelsey_IOS_20260605,U4gzqzcEnoe3yurD,49.51,12878,392,6,155.51,product372,3.84454107780711,0.126301020408163,0.0304395092405653,8.25166666666667,25.9183333333333,3.14098161987477
2026-07-17,IOS,dhgate_product364_US&FR_Purchase 30D_purchase_IAP_Kelsey_IOS_20260527,qX4oco28gDbrpBri,96.31,8969,448,10,604.97,product364,10.7380978927417,0.214977678571429,0.0499498271825176,9.631,60.497,6.2814868653307
2026-07-17,IOS,dhgate_product319_US_Purchase 30D_purchase_IAP_Kelsey_IOS_20260429,SGOG7us7fBY7c5lH,144.35,13773,953,12,468.15,product319,10.480650548174,0.151469045120672,0.0691933493066144,12.0291666666667,39.0125,3.24315898856945
2026-07-17,ANDROID,dhgate_product317_FR_ACT&Nopay 30D_purchase_IAP_Kelsey_AND_20260526,zbor8ujPF081oChW,100.6,13239,2118,11,367.99,product317,7.59876123574288,0.0474976392823418,0.159981871742579,9.14545454545455,33.4536363636364,3.65795228628231
2026-07-17,IOS,dhgate_product318_T1_Purchase 30D_purchase_IAP_Kelsey_IOS_20260428,mayu0PGeMJEYQhWJ,50.33,6969,295,7,336.81,product318,7.22198306787201,0.170610169491525,0.0423303199885206,7.19,48.1157142857143,6.6920325849394
2026-07-17,ANDROID,dhgate_product317_UK&FR_ACT&Nopay 30D_purchase_IAP_Kelsey_AND_20260427,tDzMEZEldS4Kei0r,71.59,11354,1330,15,341.12,product317,6.30526686630263,0.0538270676691729,0.117139334155364,4.77266666666667,22.7413333333333,4.76491130046096
2026-07-17,ANDROID,dhgate_product315_UK_ACT&Nopay 30D_purchase_IAP_Kelsey_AND_20260425,bedUOEtGfoRFbmze,50.07,6040,642,6,171.04,product315,8.28973509933775,0.0779906542056075,0.106291390728477,8.345,28.5066666666667,3.41601757539445
2026-07-17,IOS,dhgate_product314_UK_Purchase 30D_purchase_IAP_Kelsey_IOS_20260424,NmHyz3ZrSwNTmf0j,53.11,2053,325,16,572.39,product314,25.869459327813,0.163415384615385,0.15830491962981,3.319375,35.774375,10.7774430427415
2026-07-17,ANDROID,dhgate_product148_T1_Purchase 30D_purchase_IAP_Kelsey_AND_20260415,dVlitdxzfmXStKCR,100.56,9793,1080,24,1099.62,product148,10.2685591749209,0.0931111111111111,0.110282855100582,4.19,45.8175,10.9349642004773
2026-07-17,IOS,dhgate_product138_FR_ACT&Nopay 30D_purchase_IAP_Kelsey_IOS_20260403,zNcB24si9mbzBPed,57.7,8860,601,14,790.45,product138,6.51241534988713,0.0960066555740433,0.0678329571106095,4.12142857142857,56.4607142857143,13.6993067590988
2026-07-17,IOS,dhgate_product137_US_Purchase 30D_purchase_IAP_Kelsey_IOS_20260402,Eo7scqEETcYxo6WH,67.95,3169,268,7,351.3,product137,21.4420952982013,0.253544776119403,0.0845692647522878,9.70714285714286,50.1857142857143,5.16997792494481
2026-07-17,ANDROID,dhgate_product374_US_ACT&Nopay 30D_purchase_IAP_Kelsey_AND_20260610,lHtOeUxHZghwmdpM,50.16,12825,624,10,436.06,product374,3.91111111111111,0.0803846153846154,0.0486549707602339,5.016,43.606,8.69338118022329
2026-07-17,ANDROID,dhgate_dpa-and_US_ACT&Nopay 30D_purchase_IAP_Kelsey_AND_20260511,M0ZXR7rklCeN7J9o,100.15,22113,450,9,343.06,dpa-and,4.52901008456564,0.222555555555556,0.0203500203500204,11.1277777777778,38.1177777777778,3.42546180728907
2026-07-17,ANDROID,dhgate_product384_T1_Purchase 30D_purchase_IAP_Kelsey_AND_20260709_D7,funYq3Yvepl5ocKc,100.7,8150,1232,18,780.38,product384,12.3558282208589,0.081737012987013,0.151165644171779,5.59444444444445,43.3544444444445,7.74955312810328
2026-07-17,IOS,dhgate_product319_CA_Purchase 30D_purchase_IAP_Kelsey_IOS_20260707,kJqgxnpe6VbEV7uj,26.93,658,251,1,54.83,product319,40.9270516717325,0.107290836653386,0.38145896656535,26.93,54.83,2.03601930932046
2026-07-17,IOS,dhgate_dpa-ios_US_ACT&Nopay 30D_purchase_IAP_Kelsey_IOS_20260515,y55faIMh7doL5RvO,95.09,11621,197,19,1285.59,dpa-ios,8.18260046467602,0.482690355329949,0.0169520695293004,5.00473684210526,67.6626315789474,13.5197181617415
2026-07-17,IOS,dhgate_product381_US_ACT&Nopay 30D_purchase_IAP_Kelsey_IOS_20260624,koAG4uPwaNuNbSsi,158.05,14853,1026,22,1100.9,product381,10.6409479566418,0.154044834307992,0.0690769541506766,7.18409090909091,50.0409090909091,6.96551724137931
2026-07-17,ANDROID,dhgate_product384_T1_ACT&Nopay 30D_purchase_IAP_Kelsey_AND_20260627,S76pXwyrVvtdre2B,98.39,23715,2278,8,291.49,product384,4.14885093822475,0.0431913959613696,0.0960573476702509,12.29875,36.43625,2.96259782498221
2026-07-17,IOS,dhgate_product381_FR_ACT&Nopay 30D_purchase_IAP_Kelsey_IOS_20260717,i9Ads9K1dgsPK6yZ,10.94,618,327,0,0.0,product381,17.7022653721683,0.0334556574923547,0.529126213592233,,,0.0
2026-07-17,IOS,dhgate_product411_UK_Purchase 30D_purchse_IAP_Kelsey_IOS_20260716,uVssynWrCxEfr4Q8,41.61,1041,460,1,24.98,product411,39.971181556196,0.0904565217391304,0.441882804995197,41.61,24.98,0.600336457582312
2026-07-17,ANDROID,dhgate_product411_UK_Purchase 30D_purchse_IAP_Kelsey_AND_20260716,hoTEkvhmBYMCkOdm,50.21,2319,916,2,60.22,product411,21.6515739542906,0.0548144104803493,0.394997843898232,25.105,30.11,1.19936267675762
2026-07-17,IOS,dhgate_product409_US_Purchase 30D_purchse_IAP_Kelsey_IOS_20260715,lEeOk16FCFPRziEo,50.42,1007,431,4,167.46,product409,50.0695134061569,0.116983758700696,0.428003972194638,12.605,41.865,3.32130107100357
2026-07-17,ANDROID,dhgate_product409_US_Purchase 30D_purchse_IAP_Kelsey_AND_20260715,ZGa8bU3V5aZwVzXI,50.27,2554,541,4,171.44,product409,19.682850430697,0.0929205175600739,0.211824588880188,12.5675,42.86,3.41038392679531
2026-07-17,IOS,dhgate_product405_US_Purchase 30D_purchse_IAP_Kelsey_IOS_20260714,pooV0geOxpxLrTu6,47.78,1399,432,5,192.26,product405,34.1529664045747,0.110601851851852,0.30879199428163,9.556,38.452,4.02385935537882
2026-07-17,ANDROID,dhgate_product405_US_Purchase 30D_purchse_IAP_Kelsey_AND_20260714,rFDaHNCVJqmWOU4h,44.46,3063,464,5,276.09,product405,14.515181194907,0.0958189655172414,0.151485471759713,8.892,55.218,6.20985155195681
2026-07-17,IOS,dhgate_product403_US_Purchase 30D_purchse_IAP_Kelsey_IOS_20260713,OLvDIbZvBDJIzHMD,35.74,1162,290,54,2362.5,product403,30.7573149741824,0.123241379310345,0.249569707401033,0.661851851851852,43.75,66.1024062674874
2026-07-17,ANDROID,dhgate_product403_US_Purchase 30D_purchse_IAP_Kelsey_AND_20260713,bgYcroQHZYVRMl2B,50.18,2974,503,3,103.49,product403,16.8728984532616,0.0997614314115308,0.169132481506389,16.7266666666667,34.4966666666667,2.06237544838581
2026-07-17,IOS,dhgate_product399_US_Purchase 30D_purchse_IAP_Kelsey_IOS_20260713,m0AfmfYsl54jMdHh,50.27,1367,447,3,159.49,product399,36.7739575713241,0.112460850111857,0.326993416239942,16.7566666666667,53.1633333333333,3.17266759498707
2026-07-17,ANDROID,dhgate_product414_UK_ACT&Nopay 30D_purchse_IAP_Kelsey_AND_20260717,Sta14UHs9lqoZaRk,8.92,662,328,1,60.67,product414,13.4743202416918,0.0271951219512195,0.495468277945619,8.92,60.67,6.80156950672646
2026-07-17,ANDROID,dhgate_product396_T1_ACT&Nopay 30D_purchase_IAP_Kelsey_AND_20260710,PQ4WrQLOvdlsyVCF,50.02,15213,1079,3,137.77,product396,3.28797738776047,0.0463577386468953,0.0709261815552488,16.6733333333333,45.9233333333333,2.75429828068773
2026-07-17,IOS,dhgate_product390_UK_Purchase 30D_purchase_IAP_Kelsey_IOS_20260707,ofCAbBvdiAKdTaHs,46.4,3423,255,1,101.08,product390,13.5553607946246,0.181960784313725,0.0744960560911481,46.4,101.08,2.17844827586207
2026-07-17,IOS,dhgate_product386_US_Purchase 30D_purchase_IAP_Kelsey_IOS_20260630,kpNA9cC8I3HMEtHY,234.27,12695,915,45,4290.82,product386,18.4537219377708,0.256032786885246,0.0720756203229618,5.206,95.3515555555556,18.3157041021044
2026-07-17,ANDROID,dhgate_product386_US_Purchase 30D_purchase_IAP_Kelsey_AND_20260701,rJAl2dweZnU4qvuG,43.35,5806,662,4,149.85,product386,7.46641405442646,0.0654833836858006,0.114019979331726,10.8375,37.4625,3.45674740484429
2026-07-17,IOS,dhgate_product386_T1_Purchase 30D_purchase_IAP_Kelsey_IOS_20260717,EoSOPyFN9JaZMNAx,7.73,317,180,0,0.0,product386,24.384858044164,0.0429444444444444,0.567823343848581,,,0.0
2026-07-17,ANDROID,dhgate_product385_UK_ACT&Nopay 30D_purchase_IAP_Kelsey_AND_20260630,VzqTPrFSQDRkzKZj,74.28,8191,1014,15,333.25,product385,9.06848980588451,0.0732544378698225,0.123794408497131,4.952,22.2166666666667,4.4864028002154
2026-07-17,ANDROID,dhgate_product385_FR_ACT&Nopay 30D_purchase_IAP_Kelsey_AND_20260717,ya88Oo6wiz1zd68P,7.66,1166,562,0,0.0,product385,6.56946826758148,0.0136298932384342,0.481989708404803,,,0.0
2026-07-17,IOS,dhgate_product384_T1_Purchase 30D_purchase_IAP_Kelsey_IOS_20260709_D7,a6HoTnERdU9tuFNK,46.04,5039,438,13,427.6,product384,9.13673347886485,0.105114155251142,0.0869220083349871,3.54153846153846,32.8923076923077,9.28757602085143
2026-07-17,IOS,dhgate_product384_T1_ACT&Nopay 30D_purchase_IAP_Kelsey_IOS_20260627,HgoIpNDJKiz1hrzc,85.66,3063,1570,20,849.85,product384,27.966046359778,0.0545605095541401,0.512569376428338,4.283,42.4925,9.92120009339248
2026-07-17,ANDROID,dhgate_product399_US_Purchase 30D_purchse_IAP_Kelsey_AND_20260713,pykwMMQYNbcpI7N6,50.22,4841,463,3,113.48,product399,10.3738896922124,0.108466522678186,0.0956413964057013,16.74,37.8266666666667,2.25965750696933
2026-07-18,IOS,dhgate_product319_US_Purchase 30D_purchase_IAP_Kelsey_IOS_20260429,SGOG7us7fBY7c5lH,149.75,15966,887,16,772.16,product319,9.37930602530377,0.168827508455468,0.0555555555555556,9.359375,48.26,5.15632721202003
2026-07-18,IOS,dhgate_product337_T1_ACT&Nopay 30D_purchase_IAP_Kelsey_IOS_20260513,pMbmqjxpXWy9uySH,50.13,15258,175,6,363.53,product337,3.28548957923712,0.286457142857143,0.0114693931052563,8.355,60.5883333333333,7.25174546179932
2026-07-18,IOS,dhgate_product340_US_Purchase 30D_purchase_IAP_Kelsey_IOS_20260516,yznk4uz7IRlNu5TH,90.57,7261,331,15,819.95,product340,12.4734885002066,0.273625377643505,0.0455860074369922,6.038,54.6633333333333,9.05321850502374
2026-07-18,ANDROID,dhgate_product368_T1_Purchase 30D_purchase_IAP_Kelsey_AND_20260531,b3s2CGS3sMxfFWgV,49.8,7493,504,10,299.48,product368,6.64620312291472,0.0988095238095238,0.0672627785933538,4.98,29.948,6.0136546184739
2026-07-18,IOS,dhgate_product364_US&FR_Purchase 30D_purchase_IAP_Kelsey_IOS_20260527,qX4oco28gDbrpBri,100.17,9684,445,10,555.72,product364,10.3438661710037,0.225101123595506,0.0459520859149112,10.017,55.572,5.54776879305181
2026-07-18,ANDROID,dhgate_product367_UK_Purchase 30D_purchase_IAP_Kelsey_AND_20260530,AsUotp8z2P369W1o,100.72,6937,828,30,992.41,product367,14.5192446302436,0.121642512077295,0.119359953870549,3.35733333333333,33.0803333333333,9.85315726767276
2026-07-18,IOS,dhgate_product319_CA_Purchase 30D_purchase_IAP_Kelsey_IOS_20260707,kJqgxnpe6VbEV7uj,9.94,251,86,1,20.53,product319,39.601593625498,0.115581395348837,0.342629482071713,9.94,20.53,2.06539235412475
2026-07-18,IOS,dhgate_product350_US_Purchase 30D_purchase_IAP_Kelsey_IOS_20260517,eZwoS7yMwcYqxbzm,46.02,3716,146,12,478.81,product350,12.3842841765339,0.315205479452055,0.0392895586652314,3.835,39.9008333333333,10.4043893959148
2026-07-18,IOS,dhgate_product318_T1_Purchase 30D_purchase_IAP_Kelsey_IOS_20260428,mayu0PGeMJEYQhWJ,49.04,8074,256,18,1016.99,product318,6.0738171909834,0.1915625,0.031706712905623,2.72444444444444,56.4994444444444,20.737969004894
2026-07-18,ANDROID,dhgate_product148_T1_Purchase 30D_purchase_IAP_Kelsey_AND_20260415,dVlitdxzfmXStKCR,100.43,11321,1137,11,449.98,product148,8.87112445897006,0.0883289357959543,0.100432823955481,9.13,40.9072727272727,4.48053370506821
2026-07-18,ANDROID,dhgate_product317_FR_ACT&Nopay 30D_purchase_IAP_Kelsey_AND_20260526,zbor8ujPF081oChW,100.3,14395,2367,5,255.1,product317,6.96769711705453,0.0423743134769751,0.164432094477249,20.06,51.02,2.54336989032901
2026-07-18,ANDROID,dhgate_product315_UK_ACT&Nopay 30D_purchase_IAP_Kelsey_AND_20260425,bedUOEtGfoRFbmze,50.67,6007,613,7,244.42,product315,8.43515898118861,0.0826590538336052,0.10204761112036,7.23857142857143,34.9171428571429,4.82376159463193
2026-07-18,IOS,dhgate_product314_UK_Purchase 30D_purchase_IAP_Kelsey_IOS_20260424,NmHyz3ZrSwNTmf0j,48.39,3100,249,16,805.22,product314,15.6096774193548,0.19433734939759,0.0803225806451613,3.024375,50.32625,16.6402149204381
2026-07-18,IOS,dhgate_product138_FR_ACT&Nopay 30D_purchase_IAP_Kelsey_IOS_20260403,zNcB24si9mbzBPed,50.25,12924,474,10,459.07,product138,3.88811513463324,0.106012658227848,0.0366759517177345,5.025,45.907,9.13572139303483
2026-07-18,IOS,dhgate_product137_US_Purchase 30D_purchase_IAP_Kelsey_IOS_20260402,Eo7scqEETcYxo6WH,50.09,3297,168,6,280.37,product137,15.1925993327267,0.298154761904762,0.0509554140127389,8.34833333333333,46.7283333333333,5.5973248153324
2026-07-18,IOS,dhgate_dpa-ios_US_ACT&Nopay 30D_purchase_IAP_Kelsey_IOS_20260515,y55faIMh7doL5RvO,92.43,12979,190,13,455.6,dpa-ios,7.12150396794822,0.486473684210526,0.0146390322829186,7.11,35.0461538461539,4.92913556204695
2026-07-18,ANDROID,dhgate_dpa-and_US_ACT&Nopay 30D_purchase_IAP_Kelsey_AND_20260511,M0ZXR7rklCeN7J9o,96.4,25146,429,3,167.67,dpa-and,3.83361170762746,0.224708624708625,0.0170603674540682,32.1333333333333,55.89,1.7393153526971
2026-07-18,IOS,dhgate_product372_T1_ACT&Nopay 30D_purchase_IAP_Kelsey_IOS_20260605,U4gzqzcEnoe3yurD,47.19,14323,360,4,139.82,product372,3.29470083083153,0.131083333333333,0.0251343992180409,11.7975,34.955,2.96291587200678
2026-07-18,ANDROID,dhgate_product317_UK&FR_ACT&Nopay 30D_purchase_IAP_Kelsey_AND_20260427,tDzMEZEldS4Kei0r,99.77,14656,1929,19,628.33,product317,6.80745087336245,0.0517210990150337,0.131618449781659,5.25105263157895,33.07,6.29778490528215
2026-07-18,ANDROID,dhgate_product374_US_ACT&Nopay 30D_purchase_IAP_Kelsey_AND_20260610,lHtOeUxHZghwmdpM,46.53,14580,464,2,81.19,product374,3.19135802469136,0.100280172413793,0.0318244170096022,23.265,40.595,1.74489576617236
2026-07-18,IOS,dhgate_product409_US_Purchase 30D_purchse_IAP_Kelsey_IOS_20260715,lEeOk16FCFPRziEo,50.37,881,438,1,11.67,product409,57.1736662883087,0.115,0.497162315550511,50.37,11.67,0.231685527099464
2026-07-18,IOS,dhgate_product381_US_ACT&Nopay 30D_purchase_IAP_Kelsey_IOS_20260624,koAG4uPwaNuNbSsi,200.31,20337,1211,34,1548.56,product381,9.84953532969465,0.165408753096614,0.0595466391306486,5.89147058823529,45.5458823529412,7.7308172332884
2026-07-18,IOS,dhgate_product411_UK_Purchase 30D_purchse_IAP_Kelsey_IOS_20260716,uVssynWrCxEfr4Q8,40.55,799,421,6,150.34,product411,50.7509386733417,0.0963182897862233,0.526908635794744,6.75833333333333,25.0566666666667,3.7075215782984
2026-07-18,ANDROID,dhgate_product411_UK_Purchase 30D_purchse_IAP_Kelsey_AND_20260716,hoTEkvhmBYMCkOdm,41.37,1668,631,8,207.91,product411,24.8021582733813,0.0655625990491284,0.378297362110312,5.17125,25.98875,5.0256224317138
2026-07-18,ANDROID,dhgate_product414_UK_ACT&Nopay 30D_purchse_IAP_Kelsey_AND_20260717,Sta14UHs9lqoZaRk,32.81,1905,994,2,41.58,product414,17.2230971128609,0.0330080482897384,0.521784776902887,16.405,20.79,1.26729655592807
2026-07-18,ANDROID,dhgate_product409_US_Purchase 30D_purchse_IAP_Kelsey_AND_20260715,ZGa8bU3V5aZwVzXI,50.72,3378,466,3,200.96,product409,15.0148016577857,0.108841201716738,0.137951450562463,16.9066666666667,66.9866666666667,3.96214511041009
2026-07-18,IOS,dhgate_product405_US_Purchase 30D_purchse_IAP_Kelsey_IOS_20260714,pooV0geOxpxLrTu6,50.26,1014,444,4,138.65,product405,49.5660749506903,0.113198198198198,0.437869822485207,12.565,34.6625,2.75865499403104
2026-07-18,ANDROID,dhgate_product403_US_Purchase 30D_purchse_IAP_Kelsey_AND_20260713,bgYcroQHZYVRMl2B,50.08,2745,405,12,329.24,product403,18.2440801457195,0.123654320987654,0.147540983606557,4.17333333333333,27.4366666666667,6.57428115015975
2026-07-18,IOS,dhgate_product399_US_Purchase 30D_purchse_IAP_Kelsey_IOS_20260713,m0AfmfYsl54jMdHh,49.48,1074,405,3,96.98,product399,46.0707635009311,0.122172839506173,0.377094972067039,16.4933333333333,32.3266666666667,1.95998383185125
2026-07-18,ANDROID,dhgate_product399_US_Purchase 30D_purchse_IAP_Kelsey_AND_20260713,pykwMMQYNbcpI7N6,50.92,4473,507,0,0.0,product399,11.3838587078024,0.10043392504931,0.113346747149564,,,0.0
2026-07-18,ANDROID,dhgate_product396_T1_ACT&Nopay 30D_purchase_IAP_Kelsey_AND_20260710,PQ4WrQLOvdlsyVCF,50.34,16711,1231,0,0.0,product396,3.01238705044581,0.04089358245329,0.0736640536173778,,,0.0
2026-07-18,IOS,dhgate_product381_FR_ACT&Nopay 30D_purchase_IAP_Kelsey_IOS_20260717,i9Ads9K1dgsPK6yZ,27.19,1478,725,1,48.61,product381,18.3964817320704,0.0375034482758621,0.490527740189445,27.19,48.61,1.7877896285399
2026-07-18,IOS,dhgate_product386_US_Purchase 30D_purchase_IAP_Kelsey_IOS_20260630,kpNA9cC8I3HMEtHY,250.0,13123,1055,30,1570.16,product386,19.0505219843024,0.23696682464455,0.080393202773756,8.33333333333333,52.3386666666667,6.28064
2026-07-18,ANDROID,dhgate_product386_US_Purchase 30D_purchase_IAP_Kelsey_AND_20260701,rJAl2dweZnU4qvuG,47.33,6666,714,15,573.53,product386,7.1002100210021,0.0662885154061625,0.107110711071107,3.15533333333333,38.2353333333333,12.1176843439679
2026-07-18,IOS,dhgate_product386_T1_Purchase 30D_purchase_IAP_Kelsey_IOS_20260717,EoSOPyFN9JaZMNAx,29.82,1152,519,2,56.15,product386,25.8854166666667,0.0574566473988439,0.450520833333333,14.91,28.075,1.88296445338699
2026-07-18,ANDROID,dhgate_product385_UK_ACT&Nopay 30D_purchase_IAP_Kelsey_AND_20260630,VzqTPrFSQDRkzKZj,100.37,10208,1281,7,243.33,product385,9.83248432601881,0.0783528493364559,0.125489811912226,14.3385714285714,34.7614285714286,2.42432997907741
2026-07-18,ANDROID,dhgate_product385_FR_ACT&Nopay 30D_purchase_IAP_Kelsey_AND_20260717,ya88Oo6wiz1zd68P,39.24,3877,1828,1,24.29,product385,10.1212277534176,0.0214660831509847,0.471498581377354,39.24,24.29,0.61901121304791
2026-07-18,ANDROID,dhgate_product384_T1_Purchase 30D_purchase_IAP_Kelsey_AND_20260709_D7,funYq3Yvepl5ocKc,100.78,8766,1230,10,365.26,product384,11.4966917636322,0.0819349593495935,0.14031485284052,10.078,36.526,3.62433022425084
2026-07-18,IOS,dhgate_product384_T1_Purchase 30D_purchase_IAP_Kelsey_IOS_20260709_D7,a6HoTnERdU9tuFNK,48.51,6183,444,5,167.81,product384,7.84570596797671,0.109256756756757,0.071809801067443,9.702,33.562,3.45928674500103
2026-07-18,IOS,dhgate_product384_T1_ACT&Nopay 30D_purchase_IAP_Kelsey_IOS_20260627,HgoIpNDJKiz1hrzc,65.6,5306,1172,11,492.85,product384,12.3633622314361,0.0559726962457338,0.220882020354316,5.96363636363636,44.8045454545455,7.51295731707317
2026-07-18,ANDROID,dhgate_product384_T1_ACT&Nopay 30D_purchase_IAP_Kelsey_AND_20260627,S76pXwyrVvtdre2B,100.41,26169,2474,18,579.41,product384,3.83698268944171,0.0405860953920776,0.0945393404409798,5.57833333333333,32.1894444444444,5.77044119111642
2026-07-18,IOS,dhgate_product390_UK_Purchase 30D_purchase_IAP_Kelsey_IOS_20260707,ofCAbBvdiAKdTaHs,44.99,3877,237,10,311.31,product390,11.6043332473562,0.189831223628692,0.0611297394892959,4.499,31.131,6.9195376750389
2026-07-19,IOS,dhgate_product319_US_Purchase 30D_purchase_IAP_Kelsey_IOS_20260429,SGOG7us7fBY7c5lH,150.41,14872,1001,14,593.87,product319,10.1136363636364,0.15025974025974,0.0673076923076923,10.7435714285714,42.4192857142857,3.94834120071804
2026-07-19,IOS,dhgate_product337_T1_ACT&Nopay 30D_purchase_IAP_Kelsey_IOS_20260513,pMbmqjxpXWy9uySH,47.39,13176,261,3,109.17,product337,3.59669095324833,0.181570881226054,0.0198087431693989,15.7966666666667,36.39,2.3036505591897
2026-07-19,IOS,dhgate_product340_US_Purchase 30D_purchase_IAP_Kelsey_IOS_20260516,yznk4uz7IRlNu5TH,100.38,7481,364,3,73.64,product340,13.4179922470258,0.275769230769231,0.0486565967116696,33.46,24.5466666666667,0.733612273361227
2026-07-19,ANDROID,dhgate_product368_T1_Purchase 30D_purchase_IAP_Kelsey_AND_20260531,b3s2CGS3sMxfFWgV,50.21,7383,571,7,228.19,product368,6.80075849925505,0.0879334500875657,0.0773398347555194,7.17285714285714,32.5985714285714,4.54471220872336
2026-07-19,IOS,dhgate_product364_US&FR_Purchase 30D_purchase_IAP_Kelsey_IOS_20260527,qX4oco28gDbrpBri,98.67,9263,532,15,884.46,product364,10.6520565691461,0.18546992481203,0.0574327971499514,6.578,58.964,8.96381878990575
2026-07-19,ANDROID,dhgate_product367_UK_Purchase 30D_purchase_IAP_Kelsey_AND_20260530,AsUotp8z2P369W1o,100.83,7323,912,13,547.4,product367,13.7689471528062,0.110559210526316,0.124539123310119,7.75615384615385,42.1076923076923,5.4289397996628
2026-07-19,IOS,dhgate_product319_CA_Purchase 30D_purchase_IAP_Kelsey_IOS_20260707,kJqgxnpe6VbEV7uj,20.71,448,149,1,22.49,product319,46.2276785714286,0.138993288590604,0.332589285714286,20.71,22.49,1.08594881699662
2026-07-19,IOS,dhgate_product350_US_Purchase 30D_purchase_IAP_Kelsey_IOS_20260517,eZwoS7yMwcYqxbzm,50.09,3467,163,4,178.37,product350,14.4476492644938,0.307300613496933,0.0470147101240265,12.5225,44.5925,3.56099021760831
2026-07-19,IOS,dhgate_product318_T1_Purchase 30D_purchase_IAP_Kelsey_IOS_20260428,mayu0PGeMJEYQhWJ,50.34,7846,326,7,274.04,product318,6.41600815702269,0.15441717791411,0.0415498343104767,7.19142857142857,39.1485714285714,5.44378228049265
2026-07-19,ANDROID,dhgate_product148_T1_Purchase 30D_purchase_IAP_Kelsey_AND_20260415,dVlitdxzfmXStKCR,100.44,10545,1217,18,723.36,product148,9.524893314367,0.0825308134757601,0.115410146989094,5.58,40.1866666666667,7.20191158900836
2026-07-19,ANDROID,dhgate_product317_FR_ACT&Nopay 30D_purchase_IAP_Kelsey_AND_20260526,zbor8ujPF081oChW,100.98,13547,2496,13,589.62,product317,7.4540488669078,0.0404567307692308,0.184247434856426,7.76769230769231,45.3553846153846,5.8389780154486
2026-07-19,ANDROID,dhgate_product315_UK_ACT&Nopay 30D_purchase_IAP_Kelsey_AND_20260425,bedUOEtGfoRFbmze,50.43,6802,749,7,137.26,product315,7.41399588356366,0.0673297730307076,0.110114672155248,7.20428571428572,19.6085714285714,2.7217925837795
2026-07-19,IOS,dhgate_product314_UK_Purchase 30D_purchase_IAP_Kelsey_IOS_20260424,NmHyz3ZrSwNTmf0j,50.25,2599,300,21,831.61,product314,19.3343593689881,0.1675,0.115429011158138,2.39285714285714,39.6004761904762,16.5494527363184
2026-07-19,IOS,dhgate_product138_FR_ACT&Nopay 30D_purchase_IAP_Kelsey_IOS_20260403,zNcB24si9mbzBPed,50.08,9800,644,13,754.3,product138,5.11020408163265,0.0777639751552795,0.0657142857142857,3.85230769230769,58.0230769230769,15.0619009584665
2026-07-19,IOS,dhgate_product137_US_Purchase 30D_purchase_IAP_Kelsey_IOS_20260402,Eo7scqEETcYxo6WH,41.68,2989,130,8,288.77,product137,13.9444630311141,0.320615384615385,0.0434928069588491,5.21,36.09625,6.92826295585413
2026-07-19,IOS,dhgate_dpa-ios_US_ACT&Nopay 30D_purchase_IAP_Kelsey_IOS_20260515,y55faIMh7doL5RvO,93.89,12169,212,9,290.58,dpa-ios,7.71550661516969,0.442877358490566,0.017421316459857,10.4322222222222,32.2866666666667,3.09489828522739
2026-07-19,ANDROID,dhgate_dpa-and_US_ACT&Nopay 30D_purchase_IAP_Kelsey_AND_20260511,M0ZXR7rklCeN7J9o,97.32,25003,544,8,404.19,dpa-and,3.89233292004959,0.178897058823529,0.0217573891133064,12.165,50.52375,4.15320591861899
2026-07-19,IOS,dhgate_product372_T1_ACT&Nopay 30D_purchase_IAP_Kelsey_IOS_20260605,U4gzqzcEnoe3yurD,47.59,12527,470,8,245.06,product372,3.79899417258721,0.101255319148936,0.0375189590484553,5.94875,30.6325,5.14940113469216
2026-07-19,ANDROID,dhgate_product317_UK&FR_ACT&Nopay 30D_purchase_IAP_Kelsey_AND_20260427,tDzMEZEldS4Kei0r,100.72,15044,2154,8,281.54,product317,6.69502791810689,0.0467595171773445,0.143180005317735,12.59,35.1925,2.79527402700556
2026-07-19,IOS,dhgate_product381_FR_ACT&Nopay 30D_purchase_IAP_Kelsey_IOS_20260717,i9Ads9K1dgsPK6yZ,43.11,1942,1138,5,229.72,product381,22.1987641606591,0.0378822495606327,0.585993820803296,8.622,45.944,5.32869403850615
2026-07-19,ANDROID,dhgate_product374_US_ACT&Nopay 30D_purchase_IAP_Kelsey_AND_20260610,lHtOeUxHZghwmdpM,48.45,14942,572,2,240.59,product374,3.24253781287646,0.0847027972027972,0.0382813545710079,24.225,120.295,4.96573787409701
2026-07-19,IOS,dhgate_product405_US_Purchase 30D_purchse_IAP_Kelsey_IOS_20260714,pooV0geOxpxLrTu6,50.59,2338,179,3,988.61,product405,21.6381522668948,0.282625698324022,0.0765611633875107,16.8633333333333,329.536666666667,19.5416090136391
2026-07-19,ANDROID,dhgate_product414_UK_ACT&Nopay 30D_purchse_IAP_Kelsey_AND_20260717,Sta14UHs9lqoZaRk,41.56,2120,1058,7,156.73,product414,19.6037735849057,0.0392816635160681,0.499056603773585,5.93714285714286,22.39,3.77117420596728
2026-07-19,IOS,dhgate_product381_US_ACT&Nopay 30D_purchase_IAP_Kelsey_IOS_20260624,koAG4uPwaNuNbSsi,194.55,17048,1264,41,1699.01,product381,11.411895823557,0.153916139240506,0.0741435945565462,4.74512195121951,41.4392682926829,8.73302492932408
2026-07-19,IOS,dhgate_product411_UK_Purchase 30D_purchse_IAP_Kelsey_IOS_20260716,uVssynWrCxEfr4Q8,49.04,864,466,2,94.42,product411,56.7592592592593,0.105236051502146,0.539351851851852,24.52,47.21,1.92536704730832
2026-07-19,ANDROID,dhgate_product411_UK_Purchase 30D_purchse_IAP_Kelsey_AND_20260716,hoTEkvhmBYMCkOdm,48.75,2045,769,4,70.86,product411,23.838630806846,0.0633940182054616,0.376039119804401,12.1875,17.715,1.45353846153846
2026-07-19,IOS,dhgate_product409_US_Purchase 30D_purchse_IAP_Kelsey_IOS_20260715,lEeOk16FCFPRziEo,50.34,1966,178,7,264.28,product409,25.6052899287894,0.282808988764045,0.0905391658189217,7.19142857142857,37.7542857142857,5.24990067540723
2026-07-19,ANDROID,dhgate_product409_US_Purchase 30D_purchse_IAP_Kelsey_AND_20260715,ZGa8bU3V5aZwVzXI,50.38,3500,493,5,235.36,product409,14.3942857142857,0.102190669371197,0.140857142857143,10.076,47.072,4.67169511710996
2026-07-19,ANDROID,dhgate_product403_US_Purchase 30D_purchse_IAP_Kelsey_AND_20260713,bgYcroQHZYVRMl2B,50.11,4235,413,14,563.18,product403,11.8323494687131,0.121331719128329,0.0975206611570248,3.57928571428571,40.2271428571429,11.2388744761525
2026-07-19,IOS,dhgate_product399_US_Purchase 30D_purchse_IAP_Kelsey_IOS_20260713,m0AfmfYsl54jMdHh,50.06,867,424,7,239.99,product399,57.7393310265283,0.118066037735849,0.489042675893887,7.15142857142857,34.2842857142857,4.79404714342789
2026-07-19,ANDROID,dhgate_product396_T1_ACT&Nopay 30D_purchase_IAP_Kelsey_AND_20260710,PQ4WrQLOvdlsyVCF,49.47,17049,1458,3,249.69,product396,2.9016364596164,0.0339300411522634,0.0855182122118599,16.49,83.23,5.04730139478472
2026-07-19,ANDROID,dhgate_product399_US_Purchase 30D_purchse_IAP_Kelsey_AND_20260713,pykwMMQYNbcpI7N6,50.51,3507,504,2,37.62,product399,14.402623324779,0.100218253968254,0.143712574850299,25.255,18.81,0.744803009305088
2026-07-19,IOS,dhgate_product386_US_Purchase 30D_purchase_IAP_Kelsey_IOS_20260630,kpNA9cC8I3HMEtHY,250.72,11432,1008,22,1266.31,product386,21.9314205738279,0.248730158730159,0.0881735479356193,11.3963636363636,57.5595454545455,5.05069400127632
2026-07-19,ANDROID,dhgate_product386_US_Purchase 30D_purchase_IAP_Kelsey_AND_20260701,rJAl2dweZnU4qvuG,50.08,7252,841,0,0.0,product386,6.90568119139548,0.0595481569560048,0.115968008825152,,,0.0
2026-07-19,IOS,dhgate_product386_T1_Purchase 30D_purchase_IAP_Kelsey_IOS_20260717,EoSOPyFN9JaZMNAx,49.98,1534,756,1,31.98,product386,32.5814863102999,0.0661111111111111,0.492829204693611,49.98,31.98,0.639855942376951
2026-07-19,ANDROID,dhgate_product385_UK_ACT&Nopay 30D_purchase_IAP_Kelsey_AND_20260630,VzqTPrFSQDRkzKZj,100.73,11034,1519,18,573.27,product385,9.12905564618452,0.0663133640552995,0.137665397861156,5.59611111111111,31.8483333333333,5.69115457162712
2026-07-19,ANDROID,dhgate_product385_FR_ACT&Nopay 30D_purchase_IAP_Kelsey_AND_20260717,ya88Oo6wiz1zd68P,41.45,3476,1808,0,0.0,product385,11.9246260069045,0.0229258849557522,0.520138089758343,,,0.0
2026-07-19,ANDROID,dhgate_product384_T1_Purchase 30D_purchase_IAP_Kelsey_AND_20260709_D7,funYq3Yvepl5ocKc,100.37,8002,1398,27,1209.6,product384,12.5431142214446,0.0717954220314735,0.174706323419145,3.71740740740741,44.8,12.0514097837999
2026-07-19,IOS,dhgate_product384_T1_Purchase 30D_purchase_IAP_Kelsey_IOS_20260709_D7,a6HoTnERdU9tuFNK,50.32,4575,499,6,493.75,product384,10.9989071038251,0.100841683366733,0.109071038251366,8.38666666666667,82.2916666666667,9.81220190779014
2026-07-19,IOS,dhgate_product384_T1_ACT&Nopay 30D_purchase_IAP_Kelsey_IOS_20260627,HgoIpNDJKiz1hrzc,100.25,20477,862,17,1182.7,product384,4.89573668017776,0.116299303944316,0.042096010157738,5.89705882352941,69.5705882352941,11.797506234414
2026-07-19,ANDROID,dhgate_product384_T1_ACT&Nopay 30D_purchase_IAP_Kelsey_AND_20260627,S76pXwyrVvtdre2B,100.74,26199,2982,21,621.97,product384,3.84518493072255,0.0337826961770624,0.113821138211382,4.79714285714286,29.617619047619,6.17401230891404
2026-07-19,IOS,dhgate_product390_UK_Purchase 30D_purchase_IAP_Kelsey_IOS_20260707,ofCAbBvdiAKdTaHs,50.43,3801,280,4,66.86,product390,13.2675611681137,0.180107142857143,0.0736648250460405,12.6075,16.715,1.32579813603014
2026-07-20,IOS,dhgate_product364_US&FR_Purchase 30D_purchase_IAP_Kelsey_IOS_20260527,qX4oco28gDbrpBri,99.26,9533,525,6,244.62,product364,10.4122521766495,0.189066666666667,0.0550718556592888,16.5433333333333,40.77,2.46443683256095
2026-07-20,IOS,dhgate_product340_US_Purchase 30D_purchase_IAP_Kelsey_IOS_20260516,yznk4uz7IRlNu5TH,94.91,7378,316,2,125.66,product340,12.863919761453,0.300348101265823,0.0428300352399024,47.455,62.83,1.32399114951006
2026-07-20,IOS,dhgate_product350_US_Purchase 30D_purchase_IAP_Kelsey_IOS_20260517,eZwoS7yMwcYqxbzm,50.3,3751,161,0,0.0,product350,13.4097573980272,0.312422360248447,0.0429218874966676,,,0.0
2026-07-20,ANDROID,dhgate_product367_UK_Purchase 30D_purchase_IAP_Kelsey_AND_20260530,AsUotp8z2P369W1o,100.51,7963,965,12,315.14,product367,12.6221273389426,0.104155440414508,0.121185482858219,8.37583333333333,26.2616666666667,3.13540941199881
2026-07-20,IOS,dhgate_product381_US_ACT&Nopay 30D_purchase_IAP_Kelsey_IOS_20260624,koAG4uPwaNuNbSsi,200.39,18695,1201,27,1539.65,product381,10.7189087991442,0.166852622814321,0.0642417758759026,7.42185185185185,57.0240740740741,7.68326762812516
2026-07-20,IOS,dhgate_product372_T1_ACT&Nopay 30D_purchase_IAP_Kelsey_IOS_20260605,U4gzqzcEnoe3yurD,48.08,12896,481,8,388.4,product372,3.72828784119107,0.09995841995842,0.0372983870967742,6.01,48.55,8.07820299500832
2026-07-20,ANDROID,dhgate_product374_US_ACT&Nopay 30D_purchase_IAP_Kelsey_AND_20260610,lHtOeUxHZghwmdpM,48.89,14528,547,0,0.0,product374,3.36522577092511,0.0893784277879342,0.0376514317180617,,,0.0
2026-07-20,IOS,dhgate_product381_FR_ACT&Nopay 30D_purchase_IAP_Kelsey_IOS_20260717,i9Ads9K1dgsPK6yZ,38.39,1885,1160,3,78.91,product381,20.3660477453581,0.0330948275862069,0.615384615384615,12.7966666666667,26.3033333333333,2.05548319874967
2026-07-20,IOS,dhgate_product337_T1_ACT&Nopay 30D_purchase_IAP_Kelsey_IOS_20260513,pMbmqjxpXWy9uySH,48.1,13552,237,4,166.28,product337,3.54929161747344,0.20295358649789,0.0174881936245573,12.025,41.57,3.45696465696466
2026-07-20,ANDROID,dhgate_product368_T1_Purchase 30D_purchase_IAP_Kelsey_AND_20260531,b3s2CGS3sMxfFWgV,50.25,7789,592,4,120.22,product368,6.45140582873283,0.0848817567567568,0.0760046219026833,12.5625,30.055,2.39243781094527
2026-07-20,IOS,dhgate_product319_US_Purchase 30D_purchase_IAP_Kelsey_IOS_20260429,SGOG7us7fBY7c5lH,115.91,12684,865,30,1367.61,product319,9.13828445285399,0.134,0.0681961526332387,3.86366666666667,45.587,11.7988956949357
2026-07-20,IOS,dhgate_dpa-ios_US_ACT&Nopay 30D_purchase_IAP_Kelsey_IOS_20260515,y55faIMh7doL5RvO,98.73,13362,197,6,294.44,dpa-ios,7.38886394252357,0.501167512690355,0.014743301900913,16.455,49.0733333333333,2.98227489111719
2026-07-20,IOS,dhgate_product318_T1_Purchase 30D_purchase_IAP_Kelsey_IOS_20260428,mayu0PGeMJEYQhWJ,57.21,9565,360,11,392.65,product318,5.98118139048615,0.158916666666667,0.0376372190277052,5.20090909090909,35.6954545454545,6.86331061003321
2026-07-20,ANDROID,dhgate_product317_UK&FR_ACT&Nopay 30D_purchase_IAP_Kelsey_AND_20260427,tDzMEZEldS4Kei0r,100.39,16078,2304,22,807.18,product317,6.24393581291205,0.0435720486111111,0.143301405647469,4.56318181818182,36.69,8.04044227512701
2026-07-20,ANDROID,dhgate_product317_FR_ACT&Nopay 30D_purchase_IAP_Kelsey_AND_20260526,zbor8ujPF081oChW,80.92,10805,2030,22,862.51,product317,7.48912540490514,0.0398620689655172,0.187875983341046,3.67818181818182,39.205,10.6587988136431
2026-07-20,ANDROID,dhgate_product315_UK_ACT&Nopay 30D_purchase_IAP_Kelsey_AND_20260425,bedUOEtGfoRFbmze,50.29,6810,778,4,120.91,product315,7.38472834067548,0.0646401028277635,0.11424375917768,12.5725,30.2275,2.40425531914894
2026-07-20,IOS,dhgate_product314_UK_Purchase 30D_purchase_IAP_Kelsey_IOS_20260424,NmHyz3ZrSwNTmf0j,55.43,3433,341,17,624.49,product314,16.1462277891057,0.162551319648094,0.0993300320419458,3.26058823529412,36.7347058823529,11.2662817968609
2026-07-20,ANDROID,dhgate_product148_T1_Purchase 30D_purchase_IAP_Kelsey_AND_20260415,dVlitdxzfmXStKCR,100.33,11873,1290,28,1061.38,product148,8.45026530784132,0.0777751937984496,0.108649877874168,3.58321428571429,37.9064285714286,10.5788896641084
2026-07-20,IOS,dhgate_product138_FR_ACT&Nopay 30D_purchase_IAP_Kelsey_IOS_20260403,zNcB24si9mbzBPed,62.15,13329,788,11,462.43,product138,4.6627653987546,0.0788705583756345,0.059119213744467,5.65,42.0390909090909,7.44054706355591
2026-07-20,IOS,dhgate_product137_US_Purchase 30D_purchase_IAP_Kelsey_IOS_20260402,Eo7scqEETcYxo6WH,48.92,3199,192,14,889.59,product137,15.2922788371366,0.254791666666667,0.0600187558612066,3.49428571428571,63.5421428571429,18.1845870809485
2026-07-20,ANDROID,dhgate_dpa-and_US_ACT&Nopay 30D_purchase_IAP_Kelsey_AND_20260511,M0ZXR7rklCeN7J9o,99.43,25133,445,8,443.22,dpa-and,3.95615326463216,0.223438202247191,0.0177058051167787,12.42875,55.4025,4.45760836769587
2026-07-20,IOS,dhgate_product319_CA_Purchase 30D_purchase_IAP_Kelsey_IOS_20260707,kJqgxnpe6VbEV7uj,12.83,251,107,2,89.01,product319,51.1155378486056,0.119906542056075,0.426294820717132,6.415,44.505,6.93764614185503
2026-07-20,ANDROID,dhgate_product384_T1_ACT&Nopay 30D_purchase_IAP_Kelsey_AND_20260627,S76pXwyrVvtdre2B,81.12,22889,2390,30,1094.02,product384,3.54406046572589,0.0339414225941423,0.104416968849666,2.704,36.4673333333333,13.4864398422091
2026-07-20,IOS,dhgate_product415_UK_ACT&Nopay 30D_purchse_IAP_Kelsey_IOS_20260720,QsEaAhCMoLrvsawb,5.84,220,131,0,0.0,product415,26.5454545454545,0.0445801526717557,0.595454545454546,,,0.0
2026-07-20,IOS,dhgate_product384_T1_Purchase 30D_purchase_IAP_Kelsey_IOS_20260709_D7,a6HoTnERdU9tuFNK,50.1,5647,522,10,516.3,product384,8.87196741632725,0.0959770114942529,0.0924384629006552,5.01,51.63,10.3053892215569
2026-07-20,IOS,dhgate_product384_T1_ACT&Nopay 30D_purchase_IAP_Kelsey_IOS_20260627,HgoIpNDJKiz1hrzc,105.17,20736,966,9,765.04,product384,5.07185570987654,0.108871635610766,0.0465856481481482,11.6855555555556,85.0044444444445,7.27431777122754
2026-07-20,ANDROID,dhgate_product416_T1_ACT&Nopay 30D_purchse_IAP_Kelsey_AND_20260720,keisiJsWSukJumr6,3.19,1132,462,0,0.0,product416,2.81802120141343,0.00690476190476191,0.408127208480565,,,0.0
2026-07-20,ANDROID,dhgate_product415_T1_ACT&Nopay 30D_purchse_IAP_Kelsey_AND_20260720,mAKCz6oEkG8RFtXq,2.66,998,327,0,0.0,product415,2.66533066132265,0.00813455657492355,0.327655310621243,,,0.0
2026-07-20,ANDROID,dhgate_product414_UK_ACT&Nopay 30D_purchse_IAP_Kelsey_AND_20260717,Sta14UHs9lqoZaRk,32.77,1850,965,10,208.44,product414,17.7135135135135,0.0339585492227979,0.521621621621622,3.277,20.844,6.36069575831553
2026-07-20,IOS,dhgate_product411_UK_Purchase 30D_purchse_IAP_Kelsey_IOS_20260716,uVssynWrCxEfr4Q8,37.14,718,358,15,443.22,product411,51.7270194986073,0.103743016759777,0.498607242339833,2.476,29.548,11.9337641357027
2026-07-20,ANDROID,dhgate_product411_UK_Purchase 30D_purchse_IAP_Kelsey_AND_20260716,hoTEkvhmBYMCkOdm,31.73,1327,505,5,133.94,product411,23.9110776186888,0.0628316831683168,0.380557648831952,6.346,26.788,4.22124172707217
2026-07-20,IOS,dhgate_product409_US_Purchase 30D_purchse_IAP_Kelsey_IOS_20260715,lEeOk16FCFPRziEo,43.35,3224,216,2,153.05,product409,13.4460297766749,0.200694444444444,0.0669975186104218,21.675,76.525,3.53056516724337
2026-07-20,ANDROID,dhgate_product409_US_Purchase 30D_purchse_IAP_Kelsey_AND_20260715,ZGa8bU3V5aZwVzXI,50.22,3538,593,6,726.77,product409,14.1944601469757,0.0846880269814503,0.167608818541549,8.37,121.128333333333,14.4717244125846
2026-07-20,IOS,dhgate_product405_US_Purchase 30D_purchse_IAP_Kelsey_IOS_20260714,pooV0geOxpxLrTu6,55.65,4595,236,7,292.91,product405,12.1109902067465,0.235805084745763,0.0513601741022851,7.95,41.8442857142857,5.26343216531896
2026-07-20,IOS,dhgate_product403_US_Purchase 30D_purchse_IAP_Kelsey_IOS_20260713,OLvDIbZvBDJIzHMD,9.34,200,87,0,0.0,product403,46.7,0.10735632183908,0.435,,,0.0
2026-07-20,IOS,dhgate_product416_T1_ACT&Nopay 30D_purchse_IAP_Kelsey_IOS_20260720,L9SKqTadbXdFGvAH,6.4,435,269,0,0.0,product416,14.7126436781609,0.0237918215613383,0.618390804597701,,,0.0
2026-07-20,IOS,dhgate_product399_US_Purchase 30D_purchse_IAP_Kelsey_IOS_20260713,m0AfmfYsl54jMdHh,50.06,820,418,7,261.52,product399,61.0487804878049,0.119760765550239,0.509756097560976,7.15142857142857,37.36,5.2241310427487
2026-07-20,ANDROID,dhgate_product403_US_Purchase 30D_purchse_IAP_Kelsey_AND_20260713,bgYcroQHZYVRMl2B,50.25,6013,404,3,125.88,product403,8.35689339763845,0.124381188118812,0.0671877598536504,16.75,41.96,2.50507462686567
2026-07-20,ANDROID,dhgate_product385_FR_ACT&Nopay 30D_purchase_IAP_Kelsey_AND_20260717,ya88Oo6wiz1zd68P,30.86,2699,1440,6,334.35,product385,11.4338643942201,0.0214305555555556,0.533530937384216,5.14333333333333,55.725,10.8344134802333
2026-07-20,ANDROID,dhgate_product385_UK_ACT&Nopay 30D_purchase_IAP_Kelsey_AND_20260630,VzqTPrFSQDRkzKZj,84.95,9626,1317,8,178.17,product385,8.82505713692084,0.0645026575550494,0.136816954082693,10.61875,22.27125,2.09735138316657
2026-07-20,IOS,dhgate_product386_T1_Purchase 30D_purchase_IAP_Kelsey_IOS_20260717,EoSOPyFN9JaZMNAx,25.37,900,518,3,125.31,product386,28.1888888888889,0.048976833976834,0.575555555555556,8.45666666666667,41.77,4.93929838391801
2026-07-20,ANDROID,dhgate_product384_T1_Purchase 30D_purchase_IAP_Kelsey_AND_20260709_D7,funYq3Yvepl5ocKc,117.11,9849,1710,24,814.44,product384,11.8905472636816,0.0684853801169591,0.173621687480963,4.87958333333333,33.935,6.95448723422423
2026-07-20,IOS,dhgate_product386_US_Purchase 30D_purchase_IAP_Kelsey_IOS_20260630,kpNA9cC8I3HMEtHY,257.79,11935,1018,26,1255.97,product386,21.5994972769166,0.253231827111984,0.0852953498114789,9.915,48.3065384615385,4.87206641064432
2026-07-20,IOS,dhgate_product390_UK_Purchase 30D_purchase_IAP_Kelsey_IOS_20260707,ofCAbBvdiAKdTaHs,50.39,4200,276,9,227.78,product390,11.997619047619,0.182572463768116,0.0657142857142857,5.59888888888889,25.3088888888889,4.52034133756698
2026-07-20,ANDROID,dhgate_product396_T1_ACT&Nopay 30D_purchase_IAP_Kelsey_AND_20260710,PQ4WrQLOvdlsyVCF,39.53,14209,1122,18,710.82,product396,2.78203955239637,0.0352317290552585,0.0789640368780351,2.19611111111111,39.49,17.9817859853276
2026-07-20,ANDROID,dhgate_product399_US_Purchase 30D_purchse_IAP_Kelsey_AND_20260713,pykwMMQYNbcpI7N6,50.04,3053,496,4,380.66,product399,16.3904356370783,0.100887096774194,0.162463150999017,12.51,95.165,7.60711430855316
2026-07-20,ANDROID,dhgate_product386_US_Purchase 30D_purchase_IAP_Kelsey_AND_20260701,rJAl2dweZnU4qvuG,48.12,6176,821,5,222.38,product386,7.79145077720207,0.0586114494518879,0.132933937823834,9.624,44.476,4.62136325852037
2026-07-21,IOS,dhgate_product319_US_Purchase 30D_purchase_IAP_Kelsey_IOS_20260429,SGOG7us7fBY7c5lH,50.16,8524,323,10,395.84,product319,5.884561238855,0.155294117647059,0.0378930079774754,5.016,39.584,7.89154704944179
2026-07-21,ANDROID,dhgate_product368_T1_Purchase 30D_purchase_IAP_Kelsey_AND_20260531,b3s2CGS3sMxfFWgV,50.19,7296,578,11,521.99,product368,6.87911184210526,0.0868339100346021,0.0792214912280702,4.56272727272727,47.4536363636364,10.4002789400279
2026-07-21,ANDROID,dhgate_product367_UK_Purchase 30D_purchase_IAP_Kelsey_AND_20260530,AsUotp8z2P369W1o,100.39,7363,1012,29,914.35,product367,13.6343881570012,0.099199604743083,0.137443976639957,3.46172413793103,31.5293103448276,9.1079788823588
2026-07-21,IOS,dhgate_product364_US&FR_Purchase 30D_purchase_IAP_Kelsey_IOS_20260527,qX4oco28gDbrpBri,99.21,9453,457,4,161.01,product364,10.4950809266899,0.217089715536105,0.048344440918227,24.8025,40.2525,1.62292107650438
2026-07-21,IOS,dhgate_product350_US_Purchase 30D_purchase_IAP_Kelsey_IOS_20260517,eZwoS7yMwcYqxbzm,50.03,3950,220,2,169.68,product350,12.6658227848101,0.227409090909091,0.0556962025316456,25.015,84.84,3.39156506096342
2026-07-21,IOS,dhgate_product340_US_Purchase 30D_purchase_IAP_Kelsey_IOS_20260516,yznk4uz7IRlNu5TH,100.21,7471,373,13,586.43,product340,13.4131976977647,0.268659517426273,0.0499263820104404,7.70846153846154,45.11,5.85201077736753
2026-07-21,IOS,dhgate_product372_T1_ACT&Nopay 30D_purchase_IAP_Kelsey_IOS_20260605,U4gzqzcEnoe3yurD,49.48,12915,470,8,975.05,product372,3.83120402632598,0.105276595744681,0.0363917924893535,6.185,121.88125,19.7059417946645
2026-07-21,IOS,dhgate_product337_T1_ACT&Nopay 30D_purchase_IAP_Kelsey_IOS_20260513,pMbmqjxpXWy9uySH,49.62,13977,281,3,131.58,product337,3.55011805108392,0.176583629893238,0.0201044573227445,16.54,43.86,2.65175332527207
2026-07-21,IOS,dhgate_product319_CA_Purchase 30D_purchase_IAP_Kelsey_IOS_20260707,kJqgxnpe6VbEV7uj,6.3,161,54,4,148.19,product319,39.1304347826087,0.116666666666667,0.335403726708075,1.575,37.0475,23.5222222222222
2026-07-21,IOS,dhgate_product314_UK_Purchase 30D_purchase_IAP_Kelsey_IOS_20260424,NmHyz3ZrSwNTmf0j,93.77,4880,521,6,288.07,product314,19.2151639344262,0.179980806142035,0.106762295081967,15.6283333333333,48.0116666666667,3.07209128719207
2026-07-21,ANDROID,dhgate_product317_UK&FR_ACT&Nopay 30D_purchase_IAP_Kelsey_AND_20260427,tDzMEZEldS4Kei0r,100.52,17042,2423,6,245.16,product317,5.89836873606384,0.0414857614527445,0.142178148104683,16.7533333333333,40.86,2.43891762833267
2026-07-21,ANDROID,dhgate_product317_FR_ACT&Nopay 30D_purchase_IAP_Kelsey_AND_20260526,zbor8ujPF081oChW,50.35,8665,1502,10,307.72,product317,5.81073283323716,0.0335219707057257,0.1733410271206,5.035,30.772,6.1116186693148
2026-07-21,ANDROID,dhgate_product315_UK_ACT&Nopay 30D_purchase_IAP_Kelsey_AND_20260425,bedUOEtGfoRFbmze,50.21,6937,766,11,325.14,product315,7.2379991350728,0.0655483028720627,0.110422372783624,4.56454545454545,29.5581818181818,6.47560246962756
2026-07-21,ANDROID,dhgate_product148_T1_Purchase 30D_purchase_IAP_Kelsey_AND_20260415,dVlitdxzfmXStKCR,99.94,11034,1164,34,1335.25,product148,9.05745876382092,0.0858591065292096,0.105492115280044,2.93941176470588,39.2720588235294,13.3605163097859
2026-07-21,IOS,dhgate_product138_FR_ACT&Nopay 30D_purchase_IAP_Kelsey_IOS_20260403,zNcB24si9mbzBPed,97.29,21329,1088,4,169.72,product138,4.56139528341694,0.089420955882353,0.0510103614796756,24.3225,42.43,1.74447528009045
2026-07-21,IOS,dhgate_product137_US_Purchase 30D_purchase_IAP_Kelsey_IOS_20260402,Eo7scqEETcYxo6WH,48.58,3251,172,5,258.14,product137,14.9430944324823,0.282441860465116,0.0529067979083359,9.716,51.628,5.31370934540963
2026-07-21,IOS,dhgate_dpa-ios_US_ACT&Nopay 30D_purchase_IAP_Kelsey_IOS_20260515,y55faIMh7doL5RvO,99.09,15151,240,10,556.39,dpa-ios,6.54016236552043,0.412875,0.0158405385783117,9.909,55.639,5.6149964678575
2026-07-21,ANDROID,dhgate_dpa-and_US_ACT&Nopay 30D_purchase_IAP_Kelsey_AND_20260511,M0ZXR7rklCeN7J9o,98.72,26266,516,7,661.21,dpa-and,3.75847102718343,0.191317829457364,0.019645168659103,14.1028571428571,94.4585714285714,6.6978322528363
2026-07-21,IOS,dhgate_product318_T1_Purchase 30D_purchase_IAP_Kelsey_IOS_20260428,mayu0PGeMJEYQhWJ,95.12,14212,617,5,167.87,product318,6.69293554742471,0.154165316045381,0.043414016324233,19.024,33.574,1.76482338099243
2026-07-21,ANDROID,dhgate_product374_US_ACT&Nopay 30D_purchase_IAP_Kelsey_AND_20260610,lHtOeUxHZghwmdpM,50.16,14950,748,7,278.97,product374,3.35518394648829,0.0670588235294118,0.0500334448160535,7.16571428571429,39.8528571428572,5.5616028708134
2026-07-21,ANDROID,dhgate_product386_US_Purchase 30D_purchase_IAP_Kelsey_AND_20260701,rJAl2dweZnU4qvuG,50.05,6601,802,2,76.35,product386,7.58218451749735,0.0624064837905237,0.12149674291774,25.025,38.175,1.52547452547453
2026-07-21,IOS,dhgate_product381_US_ACT&Nopay 30D_purchase_IAP_Kelsey_IOS_20260624,koAG4uPwaNuNbSsi,195.79,19169,1322,20,827.19,product381,10.2138870050603,0.148101361573374,0.0689655172413793,9.7895,41.3595,4.2248838040758
2026-07-21,IOS,dhgate_product381_FR_ACT&Nopay 30D_purchase_IAP_Kelsey_IOS_20260717,i9Ads9K1dgsPK6yZ,37.18,1587,913,5,150.27,product381,23.4278512917454,0.0407228915662651,0.575299306868305,7.436,30.054,4.04168908015062
2026-07-21,IOS,dhgate_product417_T1_ACT&Nopay 30D_purchse_IAP_Kelsey_IOS_20260721,d7jX0iC90lS75ROO,12.15,766,471,0,0.0,product417,15.8616187989556,0.025796178343949,0.614882506527415,,,0.0
2026-07-21,ANDROID,dhgate_product417_T1_ACT&Nopay 30D_purchse_IAP_Kelsey_AND_20260721,pKciwrr10Kcz9O8a,12.65,3661,1252,0,0.0,product417,3.45534007101885,0.0101038338658147,0.341983064736411,,,0.0
2026-07-21,IOS,dhgate_product416_T1_ACT&Nopay 30D_purchse_IAP_Kelsey_IOS_20260720,L9SKqTadbXdFGvAH,33.51,1935,1028,2,42.47,product416,17.3178294573643,0.0325972762645914,0.531266149870801,16.755,21.235,1.26738287078484
2026-07-21,ANDROID,dhgate_product416_T1_ACT&Nopay 30D_purchse_IAP_Kelsey_AND_20260720,keisiJsWSukJumr6,44.72,8838,3518,1,120.44,product416,5.05996831862412,0.0127117680500284,0.398053858338991,44.72,120.44,2.69320214669052
2026-07-21,ANDROID,dhgate_product415_T1_ACT&Nopay 30D_purchse_IAP_Kelsey_AND_20260720,mAKCz6oEkG8RFtXq,45.07,10346,3531,1,28.72,product415,4.35627295573168,0.0127640894930615,0.341291320317031,45.07,28.72,0.637230974040382
2026-07-21,ANDROID,dhgate_product414_UK_ACT&Nopay 30D_purchse_IAP_Kelsey_AND_20260717,Sta14UHs9lqoZaRk,39.4,2195,1003,3,133.53,product414,17.9498861047836,0.0392821535393819,0.456947608200456,13.1333333333333,44.51,3.38908629441624
2026-07-21,ANDROID,dhgate_product409_US_Purchase 30D_purchse_IAP_Kelsey_AND_20260715,ZGa8bU3V5aZwVzXI,50.3,5028,597,5,198.95,product409,10.0039777247414,0.0842546063651591,0.11873508353222,10.06,39.79,3.95526838966203
2026-07-21,IOS,dhgate_product405_US_Purchase 30D_purchse_IAP_Kelsey_IOS_20260714,pooV0geOxpxLrTu6,94.18,5768,473,11,1673.06,product405,16.3280166435506,0.199112050739958,0.082004160887656,8.56181818181818,152.096363636364,17.764493523041
2026-07-21,IOS,dhgate_product415_UK_ACT&Nopay 30D_purchse_IAP_Kelsey_IOS_20260720,QsEaAhCMoLrvsawb,46.84,1254,735,7,411.94,product415,37.3524720893142,0.0637278911564626,0.586124401913876,6.69142857142857,58.8485714285714,8.79461998292058
2026-07-21,ANDROID,dhgate_product403_US_Purchase 30D_purchse_IAP_Kelsey_AND_20260713,bgYcroQHZYVRMl2B,50.46,3541,379,9,369.5,product403,14.250211804575,0.133139841688654,0.107031911889297,5.60666666666667,41.0555555555556,7.3226317875545
2026-07-21,IOS,dhgate_product403_US_Purchase 30D_purchse_IAP_Kelsey_IOS_20260713,OLvDIbZvBDJIzHMD,48.72,974,507,4,389.64,product403,50.0205338809035,0.096094674556213,0.520533880903491,12.18,97.41,7.99753694581281
2026-07-21,IOS,dhgate_product384_T1_ACT&Nopay 30D_purchase_IAP_Kelsey_IOS_20260627,HgoIpNDJKiz1hrzc,144.93,24710,1258,12,698.63,product384,5.86523674625658,0.115206677265501,0.0509105625252934,12.0775,58.2191666666667,4.82046505209411
2026-07-21,IOS,dhgate_product384_T1_Purchase 30D_purchase_IAP_Kelsey_IOS_20260709_D7,a6HoTnERdU9tuFNK,48.15,5485,467,6,219.36,product384,8.77848678213309,0.103104925053533,0.0851412944393801,8.025,36.56,4.55576323987539
2026-07-21,ANDROID,dhgate_product384_T1_Purchase 30D_purchase_IAP_Kelsey_AND_20260709_D7,funYq3Yvepl5ocKc,148.97,11460,2098,27,1006.48,product384,12.999127399651,0.0710057197330791,0.183071553228621,5.51740740740741,37.277037037037,6.75625964959388
2026-07-21,ANDROID,dhgate_product384_T1_ACT&Nopay 30D_purchase_IAP_Kelsey_AND_20260627,S76pXwyrVvtdre2B,50.23,16659,1471,30,1174.05,product384,3.01518698601357,0.0341468388851122,0.0883006182844108,1.67433333333333,39.135,23.3734819828788
2026-07-21,IOS,dhgate_product386_US_Purchase 30D_purchase_IAP_Kelsey_IOS_20260630,kpNA9cC8I3HMEtHY,286.72,12649,1207,38,1623.44,product386,22.6674045379081,0.237547638773819,0.0954225630484623,7.54526315789474,42.7221052631579,5.662109375
2026-07-21,IOS,dhgate_product390_UK_Purchase 30D_purchase_IAP_Kelsey_IOS_20260707,ofCAbBvdiAKdTaHs,45.82,3836,279,1,20.63,product390,11.9447340980188,0.164229390681004,0.0727320125130344,45.82,20.63,0.450240069838498
2026-07-21,ANDROID,dhgate_product385_UK_ACT&Nopay 30D_purchase_IAP_Kelsey_AND_20260630,VzqTPrFSQDRkzKZj,50.46,7688,864,8,345.29,product385,6.56347554630593,0.0584027777777778,0.112382934443288,6.3075,43.16125,6.84284581847008
2026-07-22,IOS,dhgate_product319_US_Purchase 30D_purchase_IAP_Kelsey_IOS_20260429,SGOG7us7fBY7c5lH,49.66,7231,310,6,237.87,product319,6.86765316000553,0.160193548387097,0.0428709722030148,8.27666666666667,39.645,4.78997180829642
2026-07-22,IOS,dhgate_product372_T1_ACT&Nopay 30D_purchase_IAP_Kelsey_IOS_20260605,U4gzqzcEnoe3yurD,55.72,11801,531,4,277.57,product372,4.72163375985086,0.104934086629002,0.0449961867638336,13.93,69.3925,4.98151471643934
2026-07-22,ANDROID,dhgate_product368_T1_Purchase 30D_purchase_IAP_Kelsey_AND_20260531,b3s2CGS3sMxfFWgV,49.37,8605,534,5,147.96,product368,5.73736199883788,0.0924531835205993,0.0620569436374201,9.874,29.592,2.99696171764229
2026-07-22,ANDROID,dhgate_product367_UK_Purchase 30D_purchase_IAP_Kelsey_AND_20260530,AsUotp8z2P369W1o,80.04,6533,778,19,649.59,product367,12.2516454921169,0.102879177377892,0.119087708556559,4.21263157894737,34.1889473684211,8.11581709145427
2026-07-22,IOS,dhgate_product364_US&FR_Purchase 30D_purchase_IAP_Kelsey_IOS_20260527,qX4oco28gDbrpBri,80.92,7296,414,9,380.89,product364,11.0910087719298,0.195458937198068,0.0567434210526316,8.99111111111111,42.3211111111111,4.7069945625309
2026-07-22,IOS,dhgate_product350_US_Purchase 30D_purchase_IAP_Kelsey_IOS_20260517,eZwoS7yMwcYqxbzm,41.67,3675,188,7,185.81,product350,11.3387755102041,0.221648936170213,0.051156462585034,5.95285714285714,26.5442857142857,4.45908327333813
2026-07-22,IOS,dhgate_product340_US_Purchase 30D_purchase_IAP_Kelsey_IOS_20260516,yznk4uz7IRlNu5TH,86.77,6475,336,13,415.71,product340,13.4007722007722,0.258244047619048,0.0518918918918919,6.67461538461538,31.9776923076923,4.79094156966694
2026-07-22,IOS,dhgate_product337_T1_ACT&Nopay 30D_purchase_IAP_Kelsey_IOS_20260513,pMbmqjxpXWy9uySH,38.74,10242,208,3,184.48,product337,3.78246436242921,0.18625,0.0203085334895528,12.9133333333333,61.4933333333333,4.76200309757357
2026-07-22,IOS,dhgate_product319_CA_Purchase 30D_purchase_IAP_Kelsey_IOS_20260707,kJqgxnpe6VbEV7uj,6.16,137,68,3,187.65,product319,44.963503649635,0.0905882352941177,0.496350364963504,2.05333333333333,62.55,30.4626623376623
2026-07-22,ANDROID,dhgate_dpa-and_US_ACT&Nopay 30D_purchase_IAP_Kelsey_AND_20260511,M0ZXR7rklCeN7J9o,90.04,24555,609,1,22.0,dpa-and,3.66687029118306,0.147848932676519,0.024801466096518,90.04,22.0,0.244335850733008
2026-07-22,ANDROID,dhgate_product317_UK&FR_ACT&Nopay 30D_purchase_IAP_Kelsey_AND_20260427,tDzMEZEldS4Kei0r,68.44,13936,1658,12,506.94,product317,4.91102181400689,0.0412786489746683,0.118972445464983,5.70333333333333,42.245,7.40707188778492
2026-07-22,ANDROID,dhgate_product317_FR_ACT&Nopay 30D_purchase_IAP_Kelsey_AND_20260526,zbor8ujPF081oChW,50.14,10963,1315,10,344.57,product317,4.57356562984585,0.0381292775665399,0.11994891909149,5.014,34.457,6.87215795771839
2026-07-22,ANDROID,dhgate_product315_UK_ACT&Nopay 30D_purchase_IAP_Kelsey_AND_20260425,bedUOEtGfoRFbmze,50.23,7989,787,6,182.04,product315,6.28739516835649,0.0638246505717916,0.0985104518713231,8.37166666666667,30.34,3.62412900656978
2026-07-22,IOS,dhgate_product314_UK_Purchase 30D_purchase_IAP_Kelsey_IOS_20260424,NmHyz3ZrSwNTmf0j,94.17,5157,544,11,492.63,product314,18.26061663758,0.173106617647059,0.105487686639519,8.56090909090909,44.7845454545455,5.23128384835935
2026-07-22,ANDROID,dhgate_product148_T1_Purchase 30D_purchase_IAP_Kelsey_AND_20260415,dVlitdxzfmXStKCR,117.74,14439,1325,14,610.79,product148,8.15430431470323,0.0888603773584906,0.0917653577117529,8.41,43.6278571428571,5.18761678274164
2026-07-22,IOS,dhgate_product138_FR_ACT&Nopay 30D_purchase_IAP_Kelsey_IOS_20260403,zNcB24si9mbzBPed,92.28,14332,1005,10,448.93,product138,6.43873848730114,0.0918208955223881,0.0701228021211276,9.228,44.893,4.86486779367144
2026-07-22,IOS,dhgate_product137_US_Purchase 30D_purchase_IAP_Kelsey_IOS_20260402,Eo7scqEETcYxo6WH,57.71,4386,250,1,31.02,product137,13.1577747378021,0.23084,0.056999544003648,57.71,31.02,0.537515162016982
2026-07-22,IOS,dhgate_dpa-ios_US_ACT&Nopay 30D_purchase_IAP_Kelsey_IOS_20260515,y55faIMh7doL5RvO,96.99,13565,252,0,0.0,dpa-ios,7.15001842978253,0.384880952380952,0.0185772207887947,,,0.0
2026-07-22,ANDROID,dhgate_product374_US_ACT&Nopay 30D_purchase_IAP_Kelsey_AND_20260610,lHtOeUxHZghwmdpM,48.09,16316,612,1,46.2,product374,2.94741358176024,0.078578431372549,0.0375091934297622,48.09,46.2,0.960698689956332
2026-07-22,IOS,dhgate_product318_T1_Purchase 30D_purchase_IAP_Kelsey_IOS_20260428,mayu0PGeMJEYQhWJ,67.68,9718,466,7,220.75,product318,6.9643959662482,0.145236051502146,0.0479522535501132,9.66857142857143,31.5357142857143,3.26167257683215
2026-07-22,IOS,dhgate_product381_FR_ACT&Nopay 30D_purchase_IAP_Kelsey_IOS_20260717,i9Ads9K1dgsPK6yZ,38.38,2429,882,3,138.84,product381,15.8007410456978,0.043514739229025,0.363112391930836,12.7933333333333,46.28,3.61750911933299
2026-07-22,IOS,dhgate_product381_US_ACT&Nopay 30D_purchase_IAP_Kelsey_IOS_20260624,koAG4uPwaNuNbSsi,195.51,18552,1358,19,1009.23,product381,10.5384864165589,0.143969072164948,0.0731996550237171,10.29,53.1173684210526,5.1620377474298
2026-07-22,ANDROID,dhgate_product384_T1_ACT&Nopay 30D_purchase_IAP_Kelsey_AND_20260627,S76pXwyrVvtdre2B,62.23,25186,1651,23,784.95,product384,2.47081712062257,0.0376923076923077,0.0655522909552926,2.70565217391304,34.1282608695652,12.6136911457496
2026-07-22,IOS,dhgate_product418_T1_ACT&Nopay 30D_purchse_IAP_Kelsey_IOS_20260722,Hp7X2KeSfchcLmzh,6.83,468,239,0,0.0,product418,14.5940170940171,0.0285774058577406,0.510683760683761,,,0.0
2026-07-22,IOS,dhgate_product417_T1_ACT&Nopay 30D_purchse_IAP_Kelsey_IOS_20260721,d7jX0iC90lS75ROO,44.7,3137,1259,0,0.0,product417,14.2492827542238,0.0355043685464655,0.401338858782276,,,0.0
2026-07-22,ANDROID,dhgate_product417_T1_ACT&Nopay 30D_purchse_IAP_Kelsey_AND_20260721,pKciwrr10Kcz9O8a,50.37,13824,3409,1,67.65,product417,3.64366319444444,0.0147755940158404,0.246600115740741,50.37,67.65,1.34306134603931
2026-07-22,IOS,dhgate_product416_T1_ACT&Nopay 30D_purchse_IAP_Kelsey_IOS_20260720,L9SKqTadbXdFGvAH,44.13,2065,1039,1,24.74,product416,21.3704600484262,0.0424735322425409,0.503147699757869,44.13,24.74,0.560616360752323
2026-07-22,ANDROID,dhgate_product416_T1_ACT&Nopay 30D_purchse_IAP_Kelsey_AND_20260720,keisiJsWSukJumr6,50.5,6603,2630,1,26.87,product416,7.64803877025594,0.0192015209125475,0.398303801302438,50.5,26.87,0.532079207920792
2026-07-22,IOS,dhgate_product415_UK_ACT&Nopay 30D_purchse_IAP_Kelsey_IOS_20260720,QsEaAhCMoLrvsawb,42.64,1078,606,6,204.42,product415,39.5547309833024,0.0703630363036304,0.562152133580705,7.10666666666667,34.07,4.79409005628518
2026-07-22,ANDROID,dhgate_product415_T1_ACT&Nopay 30D_purchse_IAP_Kelsey_AND_20260720,mAKCz6oEkG8RFtXq,50.42,7402,2600,3,83.25,product415,6.81167252094029,0.0193923076923077,0.351256417184545,16.8066666666667,27.75,1.65113050376835
2026-07-22,ANDROID,dhgate_product414_UK_ACT&Nopay 30D_purchse_IAP_Kelsey_AND_20260717,Sta14UHs9lqoZaRk,45.71,2492,1045,6,133.17,product414,18.3426966292135,0.0437416267942584,0.419341894060995,7.61833333333333,22.195,2.91336687814483
2026-07-22,ANDROID,dhgate_product409_US_Purchase 30D_purchse_IAP_Kelsey_AND_20260715,ZGa8bU3V5aZwVzXI,49.82,6098,574,4,148.93,product409,8.16989176779272,0.086794425087108,0.0941292226959659,12.455,37.2325,2.98936170212766
2026-07-22,IOS,dhgate_product405_US_Purchase 30D_purchse_IAP_Kelsey_IOS_20260714,pooV0geOxpxLrTu6,101.71,6807,455,12,937.71,product405,14.9419714999265,0.223538461538462,0.0668429557808139,8.47583333333333,78.1425,9.21944744862845
2026-07-22,ANDROID,dhgate_product418_T1_ACT&Nopay 30D_purchse_IAP_Kelsey_AND_20260722,GRTymfTgCFvj9zd3,7.74,2069,747,0,0.0,product418,3.74093765103915,0.0103614457831325,0.36104398260029,,,0.0
2026-07-22,IOS,dhgate_product403_US_Purchase 30D_purchse_IAP_Kelsey_IOS_20260713,OLvDIbZvBDJIzHMD,40.43,875,420,4,219.89,product403,46.2057142857143,0.0962619047619048,0.48,10.1075,54.9725,5.4387830818699
2026-07-22,IOS,dhgate_product405_FR_Purchase 30D_purchse_IAP_Kelsey_IOS_20260722,U3LxkggQNPg2gWjo,1.57,79,47,0,0.0,product405,19.873417721519,0.0334042553191489,0.594936708860759,,,0.0
2026-07-22,IOS,dhgate_product384_T1_Purchase 30D_purchase_IAP_Kelsey_IOS_20260709_D7,a6HoTnERdU9tuFNK,50.29,5292,439,9,322.99,product384,9.50302343159486,0.114555808656036,0.0829554043839758,5.58777777777778,35.8877777777778,6.42254921455558
2026-07-22,ANDROID,dhgate_product384_T1_Purchase 30D_purchase_IAP_Kelsey_AND_20260709_D7,funYq3Yvepl5ocKc,150.32,13210,1969,30,1329.32,product384,11.3792581377744,0.0763433214829863,0.149053747161241,5.01066666666667,44.3106666666667,8.84326769558276
2026-07-22,ANDROID,dhgate_product385_UK_ACT&Nopay 30D_purchase_IAP_Kelsey_AND_20260630,VzqTPrFSQDRkzKZj,50.3,8546,899,21,676.86,product385,5.8857945237538,0.0559510567296997,0.105195413058741,2.3952380952381,32.2314285714286,13.4564612326044
2026-07-22,IOS,dhgate_product384_T1_ACT&Nopay 30D_purchase_IAP_Kelsey_IOS_20260627,HgoIpNDJKiz1hrzc,142.22,20632,1201,14,783.02,product384,6.89317564947654,0.11841798501249,0.0582105467235363,10.1585714285714,55.93,5.50569540149065
2026-07-22,IOS,dhgate_product386_US_Purchase 30D_purchase_IAP_Kelsey_IOS_20260630,kpNA9cC8I3HMEtHY,237.46,11064,1035,26,1222.07,product386,21.4624005784526,0.229429951690821,0.0935466377440347,9.13307692307692,47.0026923076923,5.14642466099554
2026-07-22,IOS,dhgate_product390_UK_Purchase 30D_purchase_IAP_Kelsey_IOS_20260707,ofCAbBvdiAKdTaHs,35.87,3088,208,8,353.64,product390,11.615932642487,0.172451923076923,0.0673575129533679,4.48375,44.205,9.8589350432116
2026-07-22,ANDROID,dhgate_product403_US_Purchase 30D_purchse_IAP_Kelsey_AND_20260713,bgYcroQHZYVRMl2B,50.01,6747,840,9,473.53,product403,7.41218319253001,0.0595357142857143,0.124499777678968,5.55666666666667,52.6144444444444,9.46870625874825
2026-07-22,ANDROID,dhgate_product386_US_Purchase 30D_purchase_IAP_Kelsey_AND_20260701,rJAl2dweZnU4qvuG,40.8,5911,553,0,0.0,product386,6.90238538318389,0.0737793851717902,0.093554390120115,,,0.0
2026-07-23,ANDROID,dhgate_product374_US_ACT&Nopay 30D_purchase_IAP_Kelsey_AND_20260610,lHtOeUxHZghwmdpM,50.15,15500,655,4,137.59,product374,3.23548387096774,0.0765648854961832,0.042258064516129,12.5375,34.3975,2.74356929212363
2026-07-23,IOS,dhgate_product319_CA_Purchase 30D_purchase_IAP_Kelsey_IOS_20260707,kJqgxnpe6VbEV7uj,8.13,216,79,1,20.45,product319,37.6388888888889,0.102911392405063,0.365740740740741,8.13,20.45,2.51537515375154
2026-07-23,IOS,dhgate_product372_T1_ACT&Nopay 30D_purchase_IAP_Kelsey_IOS_20260605,U4gzqzcEnoe3yurD,97.33,13708,1048,4,198.72,product372,7.10023344032682,0.0928721374045802,0.0764517070323899,24.3325,49.68,2.04171375732046
2026-07-23,ANDROID,dhgate_product368_T1_Purchase 30D_purchase_IAP_Kelsey_AND_20260531,b3s2CGS3sMxfFWgV,50.32,8610,558,1,24.17,product368,5.84436701509872,0.0901792114695341,0.064808362369338,50.32,24.17,0.480325914149444
2026-07-23,ANDROID,dhgate_product367_UK_Purchase 30D_purchase_IAP_Kelsey_AND_20260530,AsUotp8z2P369W1o,50.18,4980,474,23,637.43,product367,10.0763052208835,0.105864978902954,0.0951807228915663,2.18173913043478,27.714347826087,12.7028696691909
2026-07-23,IOS,dhgate_product364_US&FR_Purchase 30D_purchase_IAP_Kelsey_IOS_20260527,qX4oco28gDbrpBri,43.92,4855,209,6,301.76,product364,9.04634397528321,0.210143540669856,0.043048403707518,7.32,50.2933333333333,6.87067395264117
2026-07-23,IOS,dhgate_product340_US_Purchase 30D_purchase_IAP_Kelsey_IOS_20260516,yznk4uz7IRlNu5TH,46.53,4406,160,6,228.08,product340,10.5605991829324,0.2908125,0.0363141171130277,7.755,38.0133333333333,4.90178379540082
2026-07-23,IOS,dhgate_product319_US_Purchase 30D_purchase_IAP_Kelsey_IOS_20260429,SGOG7us7fBY7c5lH,47.96,5662,311,8,351.99,product319,8.47050512186507,0.154212218649518,0.0549275874249382,5.995,43.99875,7.33924103419516
2026-07-23,IOS,dhgate_product318_T1_Purchase 30D_purchase_IAP_Kelsey_IOS_20260428,mayu0PGeMJEYQhWJ,47.16,6893,304,9,660.19,product318,6.84172348759611,0.155131578947368,0.044102712897142,5.24,73.3544444444444,13.9989397794741
2026-07-23,ANDROID,dhgate_product148_T1_Purchase 30D_purchase_IAP_Kelsey_AND_20260415,dVlitdxzfmXStKCR,150.39,16562,1651,17,938.14,product148,9.08042506943606,0.0910902483343428,0.0996860282574568,8.84647058823529,55.1847058823529,6.23804774253607
2026-07-23,ANDROID,dhgate_product317_FR_ACT&Nopay 30D_purchase_IAP_Kelsey_AND_20260526,zbor8ujPF081oChW,50.5,11215,1352,9,371.16,product317,4.50289790459206,0.0373520710059172,0.120552831029871,5.61111111111111,41.24,7.34970297029703
2026-07-23,ANDROID,dhgate_product315_UK_ACT&Nopay 30D_purchase_IAP_Kelsey_AND_20260425,bedUOEtGfoRFbmze,50.52,8104,692,10,259.12,product315,6.23395853899309,0.0730057803468208,0.0853899308983218,5.052,25.912,5.12905779889153
2026-07-23,IOS,dhgate_product314_UK_Purchase 30D_purchase_IAP_Kelsey_IOS_20260424,NmHyz3ZrSwNTmf0j,92.06,4552,511,9,473.51,product314,20.2240773286468,0.180156555772994,0.11225834797891,10.2288888888889,52.6122222222222,5.1434933738866
2026-07-23,IOS,dhgate_product138_FR_ACT&Nopay 30D_purchase_IAP_Kelsey_IOS_20260403,zNcB24si9mbzBPed,100.36,12718,1165,6,255.05,product138,7.8911778581538,0.0861459227467811,0.0916024532159145,16.7266666666667,42.5083333333333,2.54135113591072
2026-07-23,IOS,dhgate_product137_US_Purchase 30D_purchase_IAP_Kelsey_IOS_20260402,Eo7scqEETcYxo6WH,99.94,6153,497,6,328.75,product137,16.2424833414595,0.201086519114688,0.080773606370876,16.6566666666667,54.7916666666667,3.28947368421053
2026-07-23,IOS,dhgate_dpa-ios_US_ACT&Nopay 30D_purchase_IAP_Kelsey_IOS_20260515,y55faIMh7doL5RvO,93.92,12200,263,10,345.81,dpa-ios,7.69836065573771,0.357110266159696,0.0215573770491803,9.392,34.581,3.68196337308347
2026-07-23,ANDROID,dhgate_dpa-and_US_ACT&Nopay 30D_purchase_IAP_Kelsey_AND_20260511,M0ZXR7rklCeN7J9o,100.29,25465,683,2,45.68,dpa-and,3.93834675044178,0.146837481698389,0.0268211270371098,50.145,22.84,0.45547911057932
2026-07-23,IOS,dhgate_product381_FR_ACT&Nopay 30D_purchase_IAP_Kelsey_IOS_20260717,i9Ads9K1dgsPK6yZ,48.89,8363,627,3,105.12,product381,5.84598828171709,0.0779744816586922,0.0749730957790267,16.2966666666667,35.04,2.15013295152383
2026-07-23,ANDROID,dhgate_product317_UK&FR_ACT&Nopay 30D_purchase_IAP_Kelsey_AND_20260427,tDzMEZEldS4Kei0r,50.43,13630,1098,6,217.51,product317,3.69992663242847,0.0459289617486339,0.0805575935436537,8.405,36.2516666666667,4.31310727741424
2026-07-23,IOS,dhgate_product381_US_ACT&Nopay 30D_purchase_IAP_Kelsey_IOS_20260624,koAG4uPwaNuNbSsi,200.52,15656,1508,23,1476.36,product381,12.8078691875319,0.132970822281167,0.0963208993357179,8.71826086956522,64.1895652173913,7.36265709156194
2026-07-23,IOS,dhgate_product420_US_Purchase 30D_purchse_IAP_Kelsey_IOS_20260723,PyqKKirYV9Yg6uFd,5.69,154,53,0,0.0,product420,36.948051948052,0.107358490566038,0.344155844155844,,,0.0
2026-07-23,IOS,dhgate_product384_T1_ACT&Nopay 30D_purchase_IAP_Kelsey_IOS_20260627,HgoIpNDJKiz1hrzc,140.43,15848,1287,16,796.74,product384,8.8610550227158,0.109114219114219,0.0812089853609288,8.776875,49.79625,5.67357402264474
2026-07-23,ANDROID,dhgate_product384_T1_ACT&Nopay 30D_purchase_IAP_Kelsey_AND_20260627,S76pXwyrVvtdre2B,100.45,32243,2604,23,883.96,product384,3.11540489408554,0.0385752688172043,0.0807617157212418,4.36739130434783,38.4330434782609,8.8
2026-07-23,ANDROID,dhgate_product420_US_Purchase 30D_purchse_IAP_Kelsey_AND_20260723,UxeRwjZMdJsp2uCh,2.48,247,51,0,0.0,product420,10.0404858299595,0.0486274509803922,0.206477732793522,,,0.0
2026-07-23,IOS,dhgate_product418_T1_ACT&Nopay 30D_purchse_IAP_Kelsey_IOS_20260722,Hp7X2KeSfchcLmzh,40.95,3009,1025,0,0.0,product418,13.6091724825523,0.0399512195121951,0.340644732469259,,,0.0
2026-07-23,ANDROID,dhgate_product418_T1_ACT&Nopay 30D_purchse_IAP_Kelsey_AND_20260722,GRTymfTgCFvj9zd3,44.93,14513,2989,1,34.44,product418,3.09584510438917,0.0150317832050853,0.205953283263281,44.93,34.44,0.766525706654796
2026-07-23,IOS,dhgate_product417_T1_ACT&Nopay 30D_purchse_IAP_Kelsey_IOS_20260721,d7jX0iC90lS75ROO,46.09,2555,1077,3,78.95,product417,18.0391389432485,0.0427948003714021,0.421526418786693,15.3633333333333,26.3166666666667,1.71295291820351
2026-07-23,ANDROID,dhgate_product417_T1_ACT&Nopay 30D_purchse_IAP_Kelsey_AND_20260721,pKciwrr10Kcz9O8a,50.2,10668,2651,0,0.0,product417,4.70566179227597,0.0189362504715202,0.248500187476565,,,0.0
2026-07-23,ANDROID,dhgate_product416_T1_ACT&Nopay 30D_purchse_IAP_Kelsey_AND_20260720,keisiJsWSukJumr6,50.3,7906,2356,2,101.37,product416,6.36225651403997,0.0213497453310696,0.298001517834556,25.15,50.685,2.01530815109344
2026-07-23,IOS,dhgate_product415_UK_ACT&Nopay 30D_purchse_IAP_Kelsey_IOS_20260720,QsEaAhCMoLrvsawb,50.21,1144,652,4,170.51,product415,43.8898601398601,0.0770092024539877,0.56993006993007,12.5525,42.6275,3.39593706432981
2026-07-23,ANDROID,dhgate_product415_T1_ACT&Nopay 30D_purchse_IAP_Kelsey_AND_20260720,mAKCz6oEkG8RFtXq,49.73,9634,2311,2,73.06,product415,5.16192651027611,0.0215188230203375,0.239879593107743,24.865,36.53,1.46913331992761
2026-07-23,IOS,dhgate_product416_T1_ACT&Nopay 30D_purchse_IAP_Kelsey_IOS_20260720,L9SKqTadbXdFGvAH,44.05,2070,958,7,356.88,product416,21.280193236715,0.0459812108559499,0.46280193236715,6.29285714285714,50.9828571428571,8.10170261066969
2026-07-23,ANDROID,dhgate_product409_US_Purchase 30D_purchse_IAP_Kelsey_AND_20260715,ZGa8bU3V5aZwVzXI,50.16,6129,442,5,200.51,product409,8.18404307391091,0.113484162895928,0.0721161690324686,10.032,40.102,3.99740829346093
2026-07-23,ANDROID,dhgate_product414_UK_ACT&Nopay 30D_purchse_IAP_Kelsey_AND_20260717,Sta14UHs9lqoZaRk,48.77,2849,973,9,213.81,product414,17.1182871182871,0.0501233299075026,0.341523341523342,5.41888888888889,23.7566666666667,4.3840475702276
2026-07-23,IOS,dhgate_product384_T1_Purchase 30D_purchase_IAP_Kelsey_IOS_20260709_D7,a6HoTnERdU9tuFNK,45.03,3582,413,2,105.63,product384,12.571189279732,0.109031476997579,0.115298715801228,22.515,52.815,2.34576948700866
2026-07-23,ANDROID,dhgate_product385_UK_ACT&Nopay 30D_purchase_IAP_Kelsey_AND_20260630,VzqTPrFSQDRkzKZj,50.32,8432,750,11,466.47,product385,5.96774193548387,0.0670933333333333,0.0889468690702087,4.57454545454545,42.4063636363636,9.27007154213037
2026-07-23,IOS,dhgate_product386_US_Purchase 30D_purchase_IAP_Kelsey_IOS_20260630,kpNA9cC8I3HMEtHY,188.42,9925,870,36,2758.48,product386,18.9843828715365,0.216574712643678,0.0876574307304786,5.23388888888889,76.6244444444445,14.6400594416729
2026-07-23,ANDROID,dhgate_product384_T1_Purchase 30D_purchase_IAP_Kelsey_AND_20260709_D7,funYq3Yvepl5ocKc,151.15,11875,1910,49,1975.27,product384,12.7284210526316,0.0791361256544503,0.160842105263158,3.08469387755102,40.3116326530612,13.068276546477
2026-07-23,IOS,dhgate_product403_US_Purchase 30D_purchse_IAP_Kelsey_IOS_20260713,OLvDIbZvBDJIzHMD,45.96,1066,458,10,615.07,product403,43.1144465290807,0.100349344978166,0.429643527204503,4.596,61.507,13.3827241079199
2026-07-23,IOS,dhgate_product405_FR_Purchase 30D_purchse_IAP_Kelsey_IOS_20260722,U3LxkggQNPg2gWjo,24.48,1260,418,0,0.0,product405,19.4285714285714,0.0585645933014354,0.331746031746032,,,0.0
2026-07-23,IOS,dhgate_product405_US_Purchase 30D_purchse_IAP_Kelsey_IOS_20260714,pooV0geOxpxLrTu6,148.75,7304,753,23,1448.32,product405,20.3655531215772,0.197543160690571,0.103094194961665,6.46739130434783,62.9704347826087,9.73660504201681
2026-07-23,ANDROID,dhgate_product403_US_Purchase 30D_purchse_IAP_Kelsey_AND_20260713,bgYcroQHZYVRMl2B,45.48,6439,887,13,841.4,product403,7.06320857275975,0.0512739571589628,0.137754309675415,3.49846153846154,64.7230769230769,18.5004397537379
2026-07-24,IOS,dhgate_product340_US_Purchase 30D_purchase_IAP_Kelsey_IOS_20260516,yznk4uz7IRlNu5TH,50.12,4299,207,4,247.85,product340,11.6585252384275,0.242125603864734,0.0481507327285415,12.53,61.9625,4.9451316839585
2026-07-24,IOS,dhgate_product381_US_ACT&Nopay 30D_purchase_IAP_Kelsey_IOS_20260624,koAG4uPwaNuNbSsi,200.59,12334,1711,36,1914.4,product381,16.2631749635155,0.117235534774985,0.138722231230744,5.57194444444444,53.1777777777778,9.54384565531682
2026-07-24,IOS,dhgate_product381_FR_ACT&Nopay 30D_purchase_IAP_Kelsey_IOS_20260717,i9Ads9K1dgsPK6yZ,37.34,6409,498,5,191.14,product381,5.82618193165861,0.0749799196787149,0.0777032298330473,7.468,38.228,5.11890733797536
2026-07-24,ANDROID,dhgate_product374_US_ACT&Nopay 30D_purchase_IAP_Kelsey_AND_20260610,lHtOeUxHZghwmdpM,50.09,14941,773,6,254.32,product374,3.3525199116525,0.0647994825355757,0.0517368315373804,8.34833333333333,42.3866666666667,5.07726093032541
2026-07-24,IOS,dhgate_product372_T1_ACT&Nopay 30D_purchase_IAP_Kelsey_IOS_20260605,U4gzqzcEnoe3yurD,100.35,14360,1119,3,154.08,product372,6.98816155988858,0.0896782841823056,0.077924791086351,33.45,51.36,1.53542600896861
2026-07-24,ANDROID,dhgate_product368_T1_Purchase 30D_purchase_IAP_Kelsey_AND_20260531,b3s2CGS3sMxfFWgV,50.44,8348,587,8,302.34,product368,6.04216578821275,0.0859284497444634,0.0703162434115956,6.305,37.7925,5.99405233941317
2026-07-24,ANDROID,dhgate_product367_UK_Purchase 30D_purchase_IAP_Kelsey_AND_20260530,AsUotp8z2P369W1o,50.31,4269,520,32,922.53,product367,11.7849613492621,0.09675,0.121808386038885,1.5721875,28.8290625,18.3369111508646
2026-07-24,IOS,dhgate_product364_US&FR_Purchase 30D_purchase_IAP_Kelsey_IOS_20260527,qX4oco28gDbrpBri,50.29,5060,296,17,727.48,product364,9.93873517786561,0.169898648648649,0.058498023715415,2.95823529411765,42.7929411764706,14.4656989461125
2026-07-24,IOS,dhgate_product319_US_Purchase 30D_purchase_IAP_Kelsey_IOS_20260429,SGOG7us7fBY7c5lH,50.11,5427,351,17,941.99,product319,9.23346231803943,0.142763532763533,0.0646766169154229,2.94764705882353,55.4111764705882,18.7984434244662
2026-07-24,ANDROID,dhgate_dpa-and_US_ACT&Nopay 30D_purchase_IAP_Kelsey_AND_20260511,M0ZXR7rklCeN7J9o,100.18,24818,790,3,62.17,dpa-and,4.03658634861794,0.126810126582279,0.0318317350310259,33.3933333333333,20.7233333333333,0.62058295068876
2026-07-24,ANDROID,dhgate_product384_T1_ACT&Nopay 30D_purchase_IAP_Kelsey_AND_20260627,S76pXwyrVvtdre2B,100.38,30347,2579,15,544.28,product384,3.30774046858009,0.0389220628150446,0.0849836886677431,6.692,36.2853333333333,5.42219565650528
2026-07-24,ANDROID,dhgate_product317_UK&FR_ACT&Nopay 30D_purchase_IAP_Kelsey_AND_20260427,tDzMEZEldS4Kei0r,50.3,12359,1313,12,331.22,product317,4.06990856865442,0.0383092155369383,0.106238368800065,4.19166666666667,27.6016666666667,6.58489065606362
2026-07-24,ANDROID,dhgate_product317_FR_ACT&Nopay 30D_purchase_IAP_Kelsey_AND_20260526,zbor8ujPF081oChW,50.27,9238,1356,10,465.8,product317,5.44165403767049,0.0370722713864307,0.146785018402252,5.027,46.58,9.26596379550428
2026-07-24,ANDROID,dhgate_product315_UK_ACT&Nopay 30D_purchase_IAP_Kelsey_AND_20260425,bedUOEtGfoRFbmze,45.92,6346,700,11,315.1,product315,7.23605420737473,0.0656,0.110305704380712,4.17454545454546,28.6454545454545,6.86193379790941
2026-07-24,IOS,dhgate_product314_UK_Purchase 30D_purchase_IAP_Kelsey_IOS_20260424,NmHyz3ZrSwNTmf0j,98.69,4119,594,9,251.56,product314,23.9596989560573,0.166144781144781,0.144209759650401,10.9655555555556,27.9511111111111,2.54899179248151
2026-07-24,ANDROID,dhgate_product148_T1_Purchase 30D_purchase_IAP_Kelsey_AND_20260415,dVlitdxzfmXStKCR,151.96,15516,1669,16,486.38,product148,9.79376127868007,0.0910485320551228,0.107566383088425,9.4975,30.39875,3.20071071334562
2026-07-24,IOS,dhgate_product138_FR_ACT&Nopay 30D_purchase_IAP_Kelsey_IOS_20260403,zNcB24si9mbzBPed,100.39,15703,1199,6,189.47,product138,6.39304591479335,0.0837281067556297,0.0763548366554162,16.7316666666667,31.5783333333333,1.88733937643192
2026-07-24,IOS,dhgate_product137_US_Purchase 30D_purchase_IAP_Kelsey_IOS_20260402,Eo7scqEETcYxo6WH,101.01,6338,517,4,236.97,product137,15.9372041653518,0.195377176015474,0.081571473650994,25.2525,59.2425,2.34600534600535
2026-07-24,IOS,dhgate_dpa-ios_US_ACT&Nopay 30D_purchase_IAP_Kelsey_IOS_20260515,y55faIMh7doL5RvO,100.42,11772,282,11,606.11,dpa-ios,8.53041114509004,0.356099290780142,0.0239551478083588,9.12909090909091,55.1009090909091,6.03574985062737
2026-07-24,IOS,dhgate_product319_CA_Purchase 30D_purchase_IAP_Kelsey_IOS_20260707,kJqgxnpe6VbEV7uj,9.28,238,88,0,0.0,product319,38.9915966386555,0.105454545454545,0.369747899159664,,,0.0
2026-07-24,IOS,dhgate_product384_T1_ACT&Nopay 30D_purchase_IAP_Kelsey_IOS_20260627,HgoIpNDJKiz1hrzc,150.78,15308,1434,16,698.27,product384,9.84975176378364,0.105146443514644,0.0936765090148942,9.42375,43.641875,4.63105186364239
2026-07-24,IOS,dhgate_product318_T1_Purchase 30D_purchase_IAP_Kelsey_IOS_20260428,mayu0PGeMJEYQhWJ,50.49,7749,409,10,283.89,product318,6.51567944250871,0.123447432762836,0.0527810040005162,5.049,28.389,5.62269756387403
2026-07-24,IOS,dhgate_product384_T1_Purchase 30D_purchase_IAP_Kelsey_IOS_20260709_D7,a6HoTnERdU9tuFNK,50.25,3327,501,11,440.3,product384,15.1036970243463,0.100299401197605,0.15058611361587,4.56818181818182,40.0272727272727,8.76218905472637
2026-07-24,ANDROID,dhgate_product384_T1_Purchase 30D_purchase_IAP_Kelsey_AND_20260709_D7,funYq3Yvepl5ocKc,151.15,11690,2019,27,807.0,product384,12.9298545765612,0.0748637939574047,0.172711719418306,5.59814814814815,29.8888888888889,5.33906715183592
2026-07-24,IOS,dhgate_product420_US_Purchase 30D_purchse_IAP_Kelsey_IOS_20260723,PyqKKirYV9Yg6uFd,36.26,1448,407,5,183.04,product420,25.0414364640884,0.0890909090909091,0.281077348066298,7.252,36.608,5.04798676227248
2026-07-24,ANDROID,dhgate_product420_US_Purchase 30D_purchse_IAP_Kelsey_AND_20260723,UxeRwjZMdJsp2uCh,46.5,3832,628,4,447.32,product420,12.1346555323591,0.0740445859872611,0.163883089770355,11.625,111.83,9.61978494623656
2026-07-24,IOS,dhgate_product418_T1_ACT&Nopay 30D_purchse_IAP_Kelsey_IOS_20260722,Hp7X2KeSfchcLmzh,45.86,4162,1169,3,142.94,product418,11.0187409899087,0.0392301112061591,0.280874579529073,15.2866666666667,47.6466666666667,3.11687745311819
2026-07-24,ANDROID,dhgate_product418_T1_ACT&Nopay 30D_purchse_IAP_Kelsey_AND_20260722,GRTymfTgCFvj9zd3,50.21,15223,2863,3,478.16,product418,3.29829862707745,0.0175375480265456,0.188070682519871,16.7366666666667,159.386666666667,9.52320254929297
2026-07-24,IOS,dhgate_product417_T1_ACT&Nopay 30D_purchse_IAP_Kelsey_IOS_20260721,d7jX0iC90lS75ROO,43.71,2523,1075,1,34.64,product417,17.3246135552913,0.0406604651162791,0.426080063416568,43.71,34.64,0.79249599633951
2026-07-24,ANDROID,dhgate_product417_T1_ACT&Nopay 30D_purchse_IAP_Kelsey_AND_20260721,pKciwrr10Kcz9O8a,47.75,8943,2464,0,0.0,product417,5.33937157553394,0.0193790584415584,0.275522755227552,,,0.0
2026-07-24,IOS,dhgate_product416_T1_ACT&Nopay 30D_purchse_IAP_Kelsey_IOS_20260720,L9SKqTadbXdFGvAH,42.94,1979,856,3,161.67,product416,21.6978271854472,0.0501635514018692,0.432541687721071,14.3133333333333,53.89,3.76502095947834
2026-07-24,ANDROID,dhgate_product416_T1_ACT&Nopay 30D_purchse_IAP_Kelsey_AND_20260720,keisiJsWSukJumr6,50.39,9336,2290,4,527.12,product416,5.39738646101114,0.0220043668122271,0.24528706083976,12.5975,131.78,10.4608057154197
2026-07-24,IOS,dhgate_product415_UK_ACT&Nopay 30D_purchse_IAP_Kelsey_IOS_20260720,QsEaAhCMoLrvsawb,50.35,1126,593,3,53.91,product415,44.7158081705151,0.0849072512647555,0.52664298401421,16.7833333333333,17.97,1.07070506454816
2026-07-24,ANDROID,dhgate_product422_US_Purchase 30D_purchse_IAP_Kelsey_AND_20260724,RNxECTYCW3t3KFtK,3.18,276,57,0,0.0,product422,11.5217391304348,0.0557894736842105,0.206521739130435,,,0.0
2026-07-24,ANDROID,dhgate_product414_UK_ACT&Nopay 30D_purchse_IAP_Kelsey_AND_20260717,Sta14UHs9lqoZaRk,50.19,2521,956,12,490.29,product414,19.9087663625545,0.0525,0.379214597381991,4.1825,40.8575,9.76867901972505
2026-07-24,ANDROID,dhgate_product409_US_Purchase 30D_purchse_IAP_Kelsey_AND_20260715,ZGa8bU3V5aZwVzXI,50.04,5122,525,6,274.17,product409,9.76962124170246,0.0953142857142857,0.102499023818821,8.34,45.695,5.47901678657074
2026-07-24,IOS,dhgate_product405_US_Purchase 30D_purchse_IAP_Kelsey_IOS_20260714,pooV0geOxpxLrTu6,150.78,6101,871,20,1875.61,product405,24.7139813145386,0.173111366245695,0.142763481396492,7.539,93.7805,12.4393818808861
2026-07-24,IOS,dhgate_product405_T1_Purchase 30D_purchse_IAP_Kelsey_IOS_20260724_D7,Dnt07pISlZfFTVJr,4.14,183,109,0,0.0,product405,22.6229508196721,0.0379816513761468,0.595628415300546,,,0.0
2026-07-24,IOS,dhgate_product405_FR_Purchase 30D_purchse_IAP_Kelsey_IOS_20260722,U3LxkggQNPg2gWjo,39.05,2087,571,1,30.5,product405,18.7110685194058,0.0683887915936953,0.27359846669861,39.05,30.5,0.781049935979514
2026-07-24,IOS,dhgate_product403_US_Purchase 30D_purchse_IAP_Kelsey_IOS_20260713,OLvDIbZvBDJIzHMD,50.26,990,453,19,675.55,product403,50.7676767676768,0.110949227373068,0.457575757575758,2.64526315789474,35.5552631578947,13.4411062475129
2026-07-24,ANDROID,dhgate_product403_US_Purchase 30D_purchse_IAP_Kelsey_AND_20260713,bgYcroQHZYVRMl2B,50.06,6335,1023,4,148.2,product403,7.90213101815312,0.0489345063538612,0.161483820047356,12.515,37.05,2.96044746304435
2026-07-24,IOS,dhgate_product386_US_Purchase 30D_purchase_IAP_Kelsey_IOS_20260630,kpNA9cC8I3HMEtHY,201.01,8574,965,39,2055.38,product386,23.4441334266387,0.208300518134715,0.112549568462795,5.15410256410256,52.7020512820513,10.225262424755
2026-07-24,ANDROID,dhgate_product385_UK_ACT&Nopay 30D_purchase_IAP_Kelsey_AND_20260630,VzqTPrFSQDRkzKZj,50.4,7859,793,25,808.43,product385,6.41302964753785,0.0635561160151324,0.100903422827332,2.016,32.3372,16.0402777777778
2026-07-24,ANDROID,dhgate_product385_T1_ACT&Nopay 30D_purchase_IAP_Kelsey_AND_20260724_D7,TEApHE7HAUzhrbb0,4.29,1319,412,0,0.0,product385,3.2524639878696,0.0104126213592233,0.312357846853677,,,0.0
2026-07-24,ANDROID,dhgate_product415_T1_ACT&Nopay 30D_purchse_IAP_Kelsey_AND_20260720,mAKCz6oEkG8RFtXq,49.09,9750,2365,4,146.84,product415,5.0348717948718,0.0207568710359408,0.242564102564103,12.2725,36.71,2.99124057852923
2026-07-25,ANDROID,dhgate_product367_UK_Purchase 30D_purchase_IAP_Kelsey_AND_20260530,AsUotp8z2P369W1o,50.39,4642,512,26,735.16,product367,10.8552348125808,0.09841796875,0.110297285652736,1.93807692307692,28.2753846153846,14.5894026592578
2026-07-25,ANDROID,dhgate_product368_T1_Purchase 30D_purchase_IAP_Kelsey_AND_20260531,b3s2CGS3sMxfFWgV,50.25,8938,613,3,218.26,product368,5.62206310136496,0.081973898858075,0.0685835757440143,16.75,72.7533333333333,4.34348258706468
2026-07-25,IOS,dhgate_product372_T1_ACT&Nopay 30D_purchase_IAP_Kelsey_IOS_20260605,U4gzqzcEnoe3yurD,100.24,19032,1065,14,399.38,product372,5.26691887347625,0.0941220657276995,0.0559583858764187,7.16,28.5271428571429,3.9842378292099
2026-07-25,ANDROID,dhgate_product384_T1_ACT&Nopay 30D_purchase_IAP_Kelsey_AND_20260627,S76pXwyrVvtdre2B,100.1,31488,2385,19,792.41,product384,3.17898882113821,0.0419706498951782,0.0757431402439024,5.26842105263158,41.7057894736842,7.91618381618382
2026-07-25,IOS,dhgate_product381_FR_ACT&Nopay 30D_purchase_IAP_Kelsey_IOS_20260717,i9Ads9K1dgsPK6yZ,0.0,1,0,8,351.75,product381,0.0,,0.0,0.0,43.96875,
2026-07-25,IOS,dhgate_product381_US_ACT&Nopay 30D_purchase_IAP_Kelsey_IOS_20260624,koAG4uPwaNuNbSsi,201.03,13887,1664,58,3163.76,product381,14.4761287535105,0.120811298076923,0.11982429610427,3.46603448275862,54.5475862068966,15.7377505844899
2026-07-25,IOS,dhgate_product364_US&FR_Purchase 30D_purchase_IAP_Kelsey_IOS_20260527,qX4oco28gDbrpBri,50.44,6422,244,8,300.93,product364,7.85425101214575,0.20672131147541,0.0379943942696979,6.305,37.61625,5.96609833465504
2026-07-25,ANDROID,dhgate_product374_US_ACT&Nopay 30D_purchase_IAP_Kelsey_AND_20260610,lHtOeUxHZghwmdpM,46.92,13195,649,11,275.56,product374,3.55589238347859,0.0722958397534669,0.0491852974611595,4.26545454545455,25.0509090909091,5.87297527706735
2026-07-25,IOS,dhgate_product340_US_Purchase 30D_purchase_IAP_Kelsey_IOS_20260516,yznk4uz7IRlNu5TH,50.04,4135,218,5,233.09,product340,12.1015719467956,0.22954128440367,0.052720677146312,10.008,46.618,4.65807354116707
2026-07-25,ANDROID,dhgate_product148_T1_Purchase 30D_purchase_IAP_Kelsey_AND_20260415,dVlitdxzfmXStKCR,150.43,15585,1674,39,1310.05,product148,9.65222970805261,0.0898626045400239,0.107410972088547,3.85717948717949,33.5910256410257,8.70870172173104
2026-07-25,IOS,dhgate_product318_T1_Purchase 30D_purchase_IAP_Kelsey_IOS_20260428,mayu0PGeMJEYQhWJ,50.1,9994,343,5,152.31,product318,5.01300780468281,0.146064139941691,0.0343205923554133,10.02,30.462,3.04011976047904
2026-07-25,ANDROID,dhgate_product317_UK&FR_ACT&Nopay 30D_purchase_IAP_Kelsey_AND_20260427,tDzMEZEldS4Kei0r,50.14,13359,1024,17,618.56,product317,3.75327494572947,0.04896484375,0.076652444045213,2.94941176470588,36.3858823529412,12.3366573593937
2026-07-25,ANDROID,dhgate_product317_FR_ACT&Nopay 30D_purchase_IAP_Kelsey_AND_20260526,zbor8ujPF081oChW,50.37,9824,1219,3,136.93,product317,5.12723941368078,0.0413207547169811,0.124083876221498,16.79,45.6433333333333,2.71848322414135
2026-07-25,IOS,dhgate_product314_UK_Purchase 30D_purchase_IAP_Kelsey_IOS_20260424,NmHyz3ZrSwNTmf0j,100.95,5176,586,11,486.76,product314,19.5034775888717,0.172269624573379,0.113214837712519,9.17727272727273,44.2509090909091,4.82179296681526
2026-07-25,IOS,dhgate_product138_FR_ACT&Nopay 30D_purchase_IAP_Kelsey_IOS_20260403,zNcB24si9mbzBPed,100.39,23486,1287,1,43.94,product138,4.2744613812484,0.078003108003108,0.054798603423316,100.39,43.94,0.437692997310489
2026-07-25,IOS,dhgate_product137_US_Purchase 30D_purchase_IAP_Kelsey_IOS_20260402,Eo7scqEETcYxo6WH,100.42,6553,516,4,127.05,product137,15.3242789562033,0.194612403100775,0.07874256065924,25.105,31.7625,1.26518621788488
2026-07-25,IOS,dhgate_dpa-ios_US_ACT&Nopay 30D_purchase_IAP_Kelsey_IOS_20260515,y55faIMh7doL5RvO,100.15,13865,246,10,489.13,dpa-ios,7.22322394518572,0.407113821138211,0.0177425171294627,10.015,48.913,4.88397403894159
2026-07-25,ANDROID,dhgate_dpa-and_US_ACT&Nopay 30D_purchase_IAP_Kelsey_AND_20260511,M0ZXR7rklCeN7J9o,100.07,26500,772,14,706.17,dpa-and,3.77622641509434,0.129624352331606,0.0291320754716981,7.14785714285714,50.4407142857143,7.05676026781253
2026-07-25,IOS,dhgate_product384_T1_ACT&Nopay 30D_purchase_IAP_Kelsey_IOS_20260627,HgoIpNDJKiz1hrzc,150.88,19879,1457,9,297.59,product384,7.58991901001056,0.103555250514756,0.0732934252225967,16.7644444444444,33.0655555555556,1.97236214209968
2026-07-25,IOS,dhgate_product319_US_Purchase 30D_purchase_IAP_Kelsey_IOS_20260429,SGOG7us7fBY7c5lH,50.24,7672,327,11,1481.9,product319,6.54848800834202,0.153639143730887,0.0426225234619395,4.56727272727273,134.718181818182,29.4964171974522
2026-07-25,ANDROID,dhgate_product384_T1_Purchase 30D_purchase_IAP_Kelsey_AND_20260709_D7,funYq3Yvepl5ocKc,150.51,12558,2127,41,1271.41,product384,11.9851887243192,0.0707616361071932,0.169374104156713,3.6709756097561,31.01,8.44734569131619
2026-07-25,ANDROID,dhgate_product385_T1_ACT&Nopay 30D_purchase_IAP_Kelsey_AND_20260724_D7,TEApHE7HAUzhrbb0,47.41,14499,2604,0,0.0,product385,3.26988068142631,0.0182066052227343,0.179598593006414,,,0.0
2026-07-25,ANDROID,dhgate_product417_T1_ACT&Nopay 30D_purchse_IAP_Kelsey_AND_20260721,pKciwrr10Kcz9O8a,50.27,11026,2092,8,292.48,product417,4.55922365318339,0.0240296367112811,0.189733357518592,6.28375,36.56,5.81818181818182
2026-07-25,IOS,dhgate_product384_T1_Purchase 30D_purchase_IAP_Kelsey_IOS_20260709_D7,a6HoTnERdU9tuFNK,50.14,5016,463,8,283.45,product384,9.99601275917065,0.10829373650108,0.092304625199362,6.2675,35.43125,5.65317112086159
2026-07-25,IOS,dhgate_product420_US_Purchase 30D_purchse_IAP_Kelsey_IOS_20260723,PyqKKirYV9Yg6uFd,50.1,1932,462,2,34.69,product420,25.9316770186335,0.108441558441558,0.239130434782609,25.05,17.345,0.692415169660679
2026-07-25,ANDROID,dhgate_product420_US_Purchase 30D_purchse_IAP_Kelsey_AND_20260723,UxeRwjZMdJsp2uCh,50.19,6266,448,8,236.62,product420,8.00989466964571,0.11203125,0.0714969677625279,6.27375,29.5775,4.71448495716278
2026-07-25,IOS,dhgate_product418_T1_ACT&Nopay 30D_purchse_IAP_Kelsey_IOS_20260722,Hp7X2KeSfchcLmzh,50.2,7228,958,5,384.0,product418,6.94521306032098,0.0524008350730689,0.132540121748755,10.04,76.8,7.64940239043825
2026-07-25,ANDROID,dhgate_product418_T1_ACT&Nopay 30D_purchse_IAP_Kelsey_AND_20260722,GRTymfTgCFvj9zd3,50.5,10913,2644,1,16.9,product418,4.62750847612939,0.0190998487140696,0.242279849720517,50.5,16.9,0.334653465346535
2026-07-25,IOS,dhgate_product417_T1_ACT&Nopay 30D_purchse_IAP_Kelsey_IOS_20260721,d7jX0iC90lS75ROO,49.19,3309,1083,6,223.41,product417,14.8655182834693,0.0454201292705448,0.327289211242067,8.19833333333333,37.235,4.54177678389917
2026-07-25,ANDROID,dhgate_product422_US_Purchase 30D_purchse_IAP_Kelsey_AND_20260724,RNxECTYCW3t3KFtK,43.3,5108,444,0,0.0,product422,8.47689898198904,0.0975225225225225,0.0869224745497259,,,0.0
2026-07-25,IOS,dhgate_product416_T1_ACT&Nopay 30D_purchse_IAP_Kelsey_IOS_20260720,L9SKqTadbXdFGvAH,45.69,2442,855,2,124.76,product416,18.7100737100737,0.0534385964912281,0.35012285012285,22.845,62.38,2.73057561829722
2026-07-25,ANDROID,dhgate_product416_T1_ACT&Nopay 30D_purchse_IAP_Kelsey_AND_20260720,keisiJsWSukJumr6,50.35,8364,2144,7,251.09,product416,6.01984696317551,0.0234841417910448,0.256336681013869,7.19285714285714,35.87,4.98689175769613
2026-07-25,IOS,dhgate_product415_UK_ACT&Nopay 30D_purchse_IAP_Kelsey_IOS_20260720,QsEaAhCMoLrvsawb,45.32,1108,533,8,253.04,product415,40.9025270758123,0.0850281425891182,0.481046931407942,5.665,31.63,5.58340688437776
2026-07-25,ANDROID,dhgate_product414_UK_ACT&Nopay 30D_purchse_IAP_Kelsey_AND_20260717,Sta14UHs9lqoZaRk,50.28,3089,866,9,186.61,product414,16.2771123340887,0.0580600461893764,0.280349627711233,5.58666666666667,20.7344444444444,3.71141607000796
2026-07-25,ANDROID,dhgate_product409_US_Purchase 30D_purchse_IAP_Kelsey_AND_20260715,ZGa8bU3V5aZwVzXI,50.27,5042,450,6,187.41,product409,9.970249900833,0.111711111111111,0.0892502975009917,8.37833333333333,31.235,3.72806843047543
2026-07-25,IOS,dhgate_product405_US_Purchase 30D_purchse_IAP_Kelsey_IOS_20260714,pooV0geOxpxLrTu6,150.47,6491,792,16,724.12,product405,23.1813279926051,0.189987373737374,0.122015097827762,9.404375,45.2575,4.81238785139895
2026-07-25,IOS,dhgate_product405_T1_Purchase 30D_purchse_IAP_Kelsey_IOS_20260724_D7,Dnt07pISlZfFTVJr,49.05,1559,769,0,0.0,product405,31.4624759461193,0.0637841352405722,0.49326491340603,,,0.0
2026-07-25,IOS,dhgate_product405_FR_Purchase 30D_purchse_IAP_Kelsey_IOS_20260722,U3LxkggQNPg2gWjo,42.47,1898,642,2,65.81,product405,22.3761854583772,0.0661526479750779,0.338250790305585,21.235,32.905,1.54956439839887
2026-07-25,IOS,dhgate_product403_US_Purchase 30D_purchse_IAP_Kelsey_IOS_20260713,OLvDIbZvBDJIzHMD,50.23,972,442,2,209.18,product403,51.6769547325103,0.113642533936652,0.454732510288066,25.115,104.59,4.16444355962572
2026-07-25,ANDROID,dhgate_product403_US_Purchase 30D_purchse_IAP_Kelsey_AND_20260713,bgYcroQHZYVRMl2B,46.79,6162,929,9,342.83,product403,7.59331385913664,0.0503659849300323,0.150762739370334,5.19888888888889,38.0922222222222,7.32699294721094
2026-07-25,IOS,dhgate_product386_US_Purchase 30D_purchase_IAP_Kelsey_IOS_20260630,kpNA9cC8I3HMEtHY,200.8,9385,956,69,5294.41,product386,21.3958444326052,0.210041841004184,0.101864677677144,2.91014492753623,76.7305797101449,26.3665836653386
2026-07-25,ANDROID,dhgate_product385_UK_ACT&Nopay 30D_purchase_IAP_Kelsey_AND_20260630,VzqTPrFSQDRkzKZj,50.33,8514,698,17,542.67,product385,5.91143998120742,0.0721060171919771,0.0819826168663378,2.96058823529412,31.9217647058824,10.7822372342539
2026-07-25,ANDROID,dhgate_product415_T1_ACT&Nopay 30D_purchse_IAP_Kelsey_AND_20260720,mAKCz6oEkG8RFtXq,50.36,6278,1932,5,170.65,product415,8.02166294998407,0.0260662525879917,0.307741318891367,10.072,34.13,3.38860206513106
2026-07-26,ANDROID,dhgate_product367_UK_Purchase 30D_purchase_IAP_Kelsey_AND_20260530,AsUotp8z2P369W1o,50.5,4918,616,23,757.64,product367,10.2684017893453,0.0819805194805195,0.125254168361122,2.19565217391304,32.9408695652174,15.0027722772277
2026-07-26,IOS,dhgate_product364_US&FR_Purchase 30D_purchase_IAP_Kelsey_IOS_20260527,qX4oco28gDbrpBri,50.34,7232,252,14,424.01,product364,6.96073008849558,0.199761904761905,0.0348451327433628,3.59571428571429,30.2864285714286,8.42292411601112
2026-07-26,ANDROID,dhgate_product368_T1_Purchase 30D_purchase_IAP_Kelsey_AND_20260531,b3s2CGS3sMxfFWgV,50.27,8961,640,4,83.58,product368,5.60986497042741,0.078546875,0.0714206003794219,12.5675,20.895,1.66262184205291
2026-07-26,IOS,dhgate_product384_T1_ACT&Nopay 30D_purchase_IAP_Kelsey_IOS_20260627,HgoIpNDJKiz1hrzc,150.56,21604,1387,20,692.6,product384,6.96907980003703,0.108550829127614,0.0642010738752083,7.528,34.63,4.60015940488842
2026-07-26,ANDROID,dhgate_product374_US_ACT&Nopay 30D_purchase_IAP_Kelsey_AND_20260610,lHtOeUxHZghwmdpM,46.63,13111,796,2,87.66,product374,3.5565555640302,0.0585804020100503,0.0607123789184654,23.315,43.83,1.87990564014583
2026-07-26,IOS,dhgate_product381_US_ACT&Nopay 30D_purchase_IAP_Kelsey_IOS_20260624,koAG4uPwaNuNbSsi,200.54,15284,1462,45,1915.63,product381,13.1209107563465,0.137168262653899,0.0956555875425281,4.45644444444444,42.5695555555556,9.55235863169443
2026-07-26,ANDROID,dhgate_product384_T1_ACT&Nopay 30D_purchase_IAP_Kelsey_AND_20260627,S76pXwyrVvtdre2B,100.32,31008,2786,13,640.58,product384,3.23529411764706,0.0360086145010768,0.0898477812177503,7.71692307692308,49.2753846153846,6.3853668261563
2026-07-26,IOS,dhgate_product372_T1_ACT&Nopay 30D_purchase_IAP_Kelsey_IOS_20260605,U4gzqzcEnoe3yurD,100.33,21240,923,11,591.07,product372,4.72363465160075,0.108699891657638,0.0434557438794727,9.12090909090909,53.7336363636364,5.89125884580883
2026-07-26,IOS,dhgate_product340_US_Purchase 30D_purchase_IAP_Kelsey_IOS_20260516,yznk4uz7IRlNu5TH,50.06,3845,189,4,153.56,product340,13.0195058517555,0.264867724867725,0.0491547464239272,12.515,38.39,3.06751897722733
2026-07-26,ANDROID,dhgate_dpa-and_US_ACT&Nopay 30D_purchase_IAP_Kelsey_AND_20260511,M0ZXR7rklCeN7J9o,97.45,25925,909,14,853.67,dpa-and,3.75891996142719,0.107205720572057,0.0350626808100289,6.96071428571429,60.9764285714286,8.76008209338122
2026-07-26,IOS,dhgate_product318_T1_Purchase 30D_purchase_IAP_Kelsey_IOS_20260428,mayu0PGeMJEYQhWJ,50.19,11092,301,8,399.1,product318,4.52488279841327,0.166744186046512,0.0271366750811396,6.27375,49.8875,7.95178322374975
2026-07-26,ANDROID,dhgate_product317_UK&FR_ACT&Nopay 30D_purchase_IAP_Kelsey_AND_20260427,tDzMEZEldS4Kei0r,50.45,13626,1178,4,136.77,product317,3.7024805518861,0.0428268251273345,0.0864523704682225,12.6125,34.1925,2.71100099108028
2026-07-26,ANDROID,dhgate_product317_FR_ACT&Nopay 30D_purchase_IAP_Kelsey_AND_20260526,zbor8ujPF081oChW,50.24,10499,1379,3,72.58,product317,4.78521763977522,0.03643219724438,0.131345842461187,16.7466666666667,24.1933333333333,1.44466560509554
2026-07-26,IOS,dhgate_product314_UK_Purchase 30D_purchase_IAP_Kelsey_IOS_20260424,NmHyz3ZrSwNTmf0j,100.9,5215,623,10,508.91,product314,19.3480345158198,0.161958266452649,0.119463087248322,10.09,50.891,5.04370664023786
2026-07-26,ANDROID,dhgate_product148_T1_Purchase 30D_purchase_IAP_Kelsey_AND_20260415,dVlitdxzfmXStKCR,150.9,16734,1846,17,714.4,product148,9.01756902115454,0.0817443120260022,0.11031433010637,8.8764705882353,42.0235294117647,4.73426110006627
2026-07-26,IOS,dhgate_product138_FR_ACT&Nopay 30D_purchase_IAP_Kelsey_IOS_20260403,zNcB24si9mbzBPed,100.36,28173,1176,4,296.33,product138,3.56227593795478,0.0853401360544218,0.0417420934937706,25.09,74.0825,2.95267038660821
2026-07-26,IOS,dhgate_product137_US_Purchase 30D_purchase_IAP_Kelsey_IOS_20260402,Eo7scqEETcYxo6WH,100.54,5818,498,4,153.24,product137,17.2808525266415,0.201887550200803,0.0855964248882778,25.135,38.31,1.52416948478218
2026-07-26,IOS,dhgate_dpa-ios_US_ACT&Nopay 30D_purchase_IAP_Kelsey_IOS_20260515,y55faIMh7doL5RvO,95.64,12856,222,2,61.57,dpa-ios,7.43932794026136,0.430810810810811,0.0172682016179216,47.82,30.785,0.643768297783354
2026-07-26,IOS,dhgate_product319_US_Purchase 30D_purchase_IAP_Kelsey_IOS_20260429,SGOG7us7fBY7c5lH,50.18,8278,288,21,1810.6,product319,6.06185068857212,0.174236111111111,0.0347910123218169,2.38952380952381,86.2190476190476,36.0821044240733
2026-07-26,ANDROID,dhgate_product384_T1_Purchase 30D_purchase_IAP_Kelsey_AND_20260709_D7,funYq3Yvepl5ocKc,151.02,12216,2184,29,951.69,product384,12.3624754420432,0.0691483516483517,0.178781925343811,5.20758620689655,32.8168965517241,6.30174811283274
2026-07-26,ANDROID,dhgate_product414_UK_ACT&Nopay 30D_purchse_IAP_Kelsey_AND_20260717,Sta14UHs9lqoZaRk,49.77,2854,1027,3,66.4,product414,17.4386825508059,0.0484615384615385,0.359845830413455,16.59,22.1333333333333,1.33413703033956
2026-07-26,ANDROID,dhgate_product385_T1_ACT&Nopay 30D_purchase_IAP_Kelsey_AND_20260724_D7,TEApHE7HAUzhrbb0,50.13,9291,2236,2,98.04,product385,5.3955440749112,0.0224194991055456,0.24066300721128,25.065,49.02,1.95571514063435
2026-07-26,IOS,dhgate_product384_T1_Purchase 30D_purchase_IAP_Kelsey_IOS_20260709_D7,a6HoTnERdU9tuFNK,50.12,6233,462,6,490.42,product384,8.04107171506498,0.108484848484848,0.0741216107813252,8.35333333333333,81.7366666666667,9.78491620111732
2026-07-26,ANDROID,dhgate_product422_US_Purchase 30D_purchse_IAP_Kelsey_AND_20260724,RNxECTYCW3t3KFtK,50.3,6667,340,2,158.42,product422,7.54462276886156,0.147941176470588,0.0509974501274936,25.15,79.21,3.14950298210736
2026-07-26,IOS,dhgate_product420_US_Purchase 30D_purchse_IAP_Kelsey_IOS_20260723,PyqKKirYV9Yg6uFd,45.66,1441,472,3,54.59,product420,31.6863289382373,0.0967372881355932,0.327550312283137,15.22,18.1966666666667,1.19557599649584
2026-07-26,ANDROID,dhgate_product420_US_Purchase 30D_purchse_IAP_Kelsey_AND_20260723,UxeRwjZMdJsp2uCh,50.51,4943,533,5,188.0,product420,10.2184907950637,0.094765478424015,0.107829253489784,10.102,37.6,3.72203524054643
2026-07-26,IOS,dhgate_product418_T1_ACT&Nopay 30D_purchse_IAP_Kelsey_IOS_20260722,Hp7X2KeSfchcLmzh,47.29,11949,428,1,24.31,product418,3.95765336011382,0.110490654205607,0.0358188969788267,47.29,24.31,0.51406216959188
2026-07-26,ANDROID,dhgate_product418_T1_ACT&Nopay 30D_purchse_IAP_Kelsey_AND_20260722,GRTymfTgCFvj9zd3,50.3,8887,2477,14,432.58,product418,5.65995273995724,0.0203068227694792,0.278721728367278,3.59285714285714,30.8985714285714,8.6
2026-07-26,ANDROID,dhgate_product417_T1_ACT&Nopay 30D_purchse_IAP_Kelsey_AND_20260721,pKciwrr10Kcz9O8a,50.5,20258,2478,1,67.48,product417,2.49284233389278,0.0203793381759483,0.12232204561161,50.5,67.48,1.33623762376238
2026-07-26,IOS,dhgate_product416_T1_ACT&Nopay 30D_purchse_IAP_Kelsey_IOS_20260720,L9SKqTadbXdFGvAH,45.37,1909,888,3,97.21,product416,23.7663698271346,0.0510923423423423,0.465165007857517,15.1233333333333,32.4033333333333,2.14260524575711
2026-07-26,ANDROID,dhgate_product416_T1_ACT&Nopay 30D_purchse_IAP_Kelsey_AND_20260720,keisiJsWSukJumr6,50.26,9559,2272,3,94.3,product416,5.25787216236008,0.0221214788732394,0.237681765875092,16.7533333333333,31.4333333333333,1.87624353362515
2026-07-26,IOS,dhgate_product417_T1_ACT&Nopay 30D_purchse_IAP_Kelsey_IOS_20260721,d7jX0iC90lS75ROO,48.57,2696,1115,5,223.67,product417,18.0155786350148,0.0435605381165919,0.413575667655786,9.714,44.734,4.60510603253037
2026-07-26,ANDROID,dhgate_product415_T1_ACT&Nopay 30D_purchse_IAP_Kelsey_AND_20260720,mAKCz6oEkG8RFtXq,50.47,6455,2006,10,324.45,product415,7.81874515879164,0.0251595214356929,0.310766847405112,5.047,32.445,6.42857142857143
2026-07-26,ANDROID,dhgate_product409_US_Purchase 30D_purchse_IAP_Kelsey_AND_20260715,ZGa8bU3V5aZwVzXI,50.46,4527,407,8,390.35,product409,11.1464546056991,0.123980343980344,0.0899050143582947,6.3075,48.79375,7.73583036068173
2026-07-26,IOS,dhgate_product405_US_Purchase 30D_purchse_IAP_Kelsey_IOS_20260714,pooV0geOxpxLrTu6,150.57,7684,699,11,486.61,product405,19.5952628839146,0.215407725321888,0.0909682457053618,13.6881818181818,44.2372727272727,3.23178588032145
2026-07-26,ANDROID,dhgate_product385_UK_ACT&Nopay 30D_purchase_IAP_Kelsey_AND_20260630,VzqTPrFSQDRkzKZj,50.38,8911,826,19,417.63,product385,5.65368645494333,0.0609927360774818,0.0926944226237235,2.65157894736842,21.9805263157895,8.28959904724097
2026-07-26,IOS,dhgate_product405_T1_Purchase 30D_purchse_IAP_Kelsey_IOS_20260724_D7,Dnt07pISlZfFTVJr,44.56,1401,648,0,0.0,product405,31.8058529621699,0.0687654320987654,0.462526766595289,,,0.0
2026-07-26,IOS,dhgate_product405_FR_Purchase 30D_purchse_IAP_Kelsey_IOS_20260722,U3LxkggQNPg2gWjo,28.6,1170,390,0,0.0,product405,24.4444444444444,0.0733333333333333,0.333333333333333,,,0.0
2026-07-26,IOS,dhgate_product403_US_Purchase 30D_purchse_IAP_Kelsey_IOS_20260713,OLvDIbZvBDJIzHMD,50.0,915,455,11,566.65,product403,54.6448087431694,0.10989010989011,0.497267759562842,4.54545454545455,51.5136363636364,11.333
2026-07-26,ANDROID,dhgate_product403_US_Purchase 30D_purchse_IAP_Kelsey_AND_20260713,bgYcroQHZYVRMl2B,49.27,6641,1121,5,271.17,product403,7.41906339406716,0.0439518287243533,0.168799879536214,9.854,54.234,5.50375482037751
2026-07-26,IOS,dhgate_product386_US_Purchase 30D_purchase_IAP_Kelsey_IOS_20260630,kpNA9cC8I3HMEtHY,201.67,9817,966,34,2867.6,product386,20.5429357237445,0.208768115942029,0.0984007334216156,5.93147058823529,84.3411764705883,14.21926910299
2026-07-26,IOS,dhgate_product415_UK_ACT&Nopay 30D_purchse_IAP_Kelsey_IOS_20260720,QsEaAhCMoLrvsawb,50.36,1062,593,4,139.7,product415,47.4199623352166,0.0849241146711636,0.558380414312618,12.59,34.925,2.77402700555997
2026-07-27,ANDROID,dhgate_product368_T1_Purchase 30D_purchase_IAP_Kelsey_AND_20260531,b3s2CGS3sMxfFWgV,26.68,4542,361,4,153.88,product368,5.87406428885953,0.0739058171745152,0.079480405107882,6.67,38.47,5.76761619190405
2026-07-27,IOS,dhgate_product372_T1_ACT&Nopay 30D_purchase_IAP_Kelsey_IOS_20260605,U4gzqzcEnoe3yurD,100.11,22231,1144,10,581.25,product372,4.50317124735729,0.0875087412587413,0.0514596734289955,10.011,58.125,5.80611327539706
2026-07-27,ANDROID,dhgate_product374_US_ACT&Nopay 30D_purchase_IAP_Kelsey_AND_20260610,lHtOeUxHZghwmdpM,47.99,14540,851,1,13.29,product374,3.30055020632737,0.0563924794359577,0.0585281980742779,47.99,13.29,0.276932694311315
2026-07-27,IOS,dhgate_product384_T1_ACT&Nopay 30D_purchase_IAP_Kelsey_IOS_20260627,HgoIpNDJKiz1hrzc,100.36,14330,1230,8,400.14,product384,7.00348918353105,0.0815934959349594,0.0858339148639219,12.545,50.0175,3.98704663212435
2026-07-27,IOS,dhgate_product381_US_ACT&Nopay 30D_purchase_IAP_Kelsey_IOS_20260624,koAG4uPwaNuNbSsi,221.04,18021,1924,40,2055.05,product381,12.2656900283003,0.114885654885655,0.106764330503302,5.526,51.37625,9.29718602967789
2026-07-27,ANDROID,dhgate_product384_T1_ACT&Nopay 30D_purchase_IAP_Kelsey_AND_20260627,S76pXwyrVvtdre2B,98.56,32180,2544,25,809.88,product384,3.0627719080174,0.0387421383647799,0.0790553138595401,3.9424,32.3952,8.21712662337662
2026-07-27,ANDROID,dhgate_product368_T1_ACT&Nopay 30D_purchase_IAP_Kelsey_AND_20260727_D7,uucUGDXt8kl9pyWA,14.75,3746,1267,0,0.0,product368,3.93753336892686,0.0116416732438832,0.338227442605446,,,0.0
2026-07-27,IOS,dhgate_product381_T1_Purchase 30D_purchase_IAP_Kelsey_IOS_20260727_D7,milHelMolS4qsU66,44.53,1179,580,1,16.9,product381,37.7692960135708,0.0767758620689655,0.491942324003393,44.53,16.9,0.37951942510667
2026-07-27,ANDROID,dhgate_product367_UK_Purchase 30D_purchase_IAP_Kelsey_AND_20260530,AsUotp8z2P369W1o,76.45,7064,841,7,128.58,product367,10.8224801812005,0.0909036860879905,0.1190543601359,10.9214285714286,18.3685714285714,1.68188358404186
2026-07-27,IOS,dhgate_product137_US_Purchase 30D_purchase_IAP_Kelsey_IOS_20260402,Eo7scqEETcYxo6WH,61.68,4454,330,10,505.28,product137,13.8482263134261,0.186909090909091,0.0740907049842838,6.168,50.528,8.19195849546044
2026-07-27,IOS,dhgate_product340_US_Purchase 30D_purchase_IAP_Kelsey_IOS_20260516,yznk4uz7IRlNu5TH,43.87,4469,202,22,1822.41,product340,9.81651376146789,0.217178217821782,0.0452002685164466,1.99409090909091,82.8368181818182,41.5411442899476
2026-07-27,IOS,dhgate_product319_US_Purchase 30D_purchase_IAP_Kelsey_IOS_20260429,SGOG7us7fBY7c5lH,74.35,10144,480,6,546.79,product319,7.32945583596214,0.154895833333333,0.0473186119873817,12.3916666666667,91.1316666666667,7.35427034297243
2026-07-27,IOS,dhgate_product318_T1_Purchase 30D_purchase_IAP_Kelsey_IOS_20260428,mayu0PGeMJEYQhWJ,46.5,9392,313,7,332.94,product318,4.95102214650767,0.148562300319489,0.0333262350936968,6.64285714285714,47.5628571428571,7.16
2026-07-27,ANDROID,dhgate_product317_UK&FR_ACT&Nopay 30D_purchase_IAP_Kelsey_AND_20260427,tDzMEZEldS4Kei0r,50.06,14089,1180,12,498.06,product317,3.55312655262971,0.0424237288135593,0.0837532827028178,4.17166666666667,41.505,9.94926088693568
2026-07-27,ANDROID,dhgate_product317_FR_ACT&Nopay 30D_purchase_IAP_Kelsey_AND_20260526,zbor8ujPF081oChW,47.96,10859,1284,6,249.12,product317,4.41661294778525,0.0373520249221184,0.11824293213003,7.99333333333333,41.52,5.19432860717264
2026-07-27,IOS,dhgate_product314_UK_Purchase 30D_purchase_IAP_Kelsey_IOS_20260424,NmHyz3ZrSwNTmf0j,99.35,5330,594,7,256.53,product314,18.6397748592871,0.167255892255892,0.111444652908068,14.1928571428571,36.6471428571429,2.58208354302969
2026-07-27,ANDROID,dhgate_product148_T1_Purchase 30D_purchase_IAP_Kelsey_AND_20260415,dVlitdxzfmXStKCR,100.23,11804,1371,11,478.51,product148,8.49118942731278,0.0731072210065646,0.116147068790241,9.11181818181818,43.5009090909091,4.77411952509229
2026-07-27,IOS,dhgate_product138_FR_ACT&Nopay 30D_purchase_IAP_Kelsey_IOS_20260403,zNcB24si9mbzBPed,52.67,14887,747,13,543.3,product138,3.53798616242359,0.0705087014725569,0.0501780076576879,4.05153846153846,41.7923076923077,10.3151699259541
2026-07-27,ANDROID,dhgate_product384_T1_Purchase 30D_purchase_IAP_Kelsey_AND_20260709_D7,funYq3Yvepl5ocKc,150.62,14293,2417,22,851.49,product384,10.5380256069405,0.0623169218038891,0.169103757083887,6.84636363636364,38.7040909090909,5.65323330235028
2026-07-27,IOS,dhgate_dpa-ios_US_ACT&Nopay 30D_purchase_IAP_Kelsey_IOS_20260515,y55faIMh7doL5RvO,97.22,16429,257,4,191.52,dpa-ios,5.91758475865847,0.378287937743191,0.0156430701807779,24.305,47.88,1.96996502777206
2026-07-27,IOS,dhgate_product364_US&FR_Purchase 30D_purchase_IAP_Kelsey_IOS_20260527,qX4oco28gDbrpBri,50.16,7357,298,4,535.78,product364,6.8179964659508,0.168322147651007,0.0405056408862308,12.54,133.945,10.6814194577352
2026-07-27,IOS,dhgate_product384_T1_Purchase 30D_purchase_IAP_Kelsey_IOS_20260709_D7,a6HoTnERdU9tuFNK,49.79,5633,521,3,136.0,product384,8.83898455529913,0.0955662188099808,0.0924906799218889,16.5966666666667,45.3333333333333,2.73147218316931
2026-07-27,ANDROID,dhgate_product414_UK_ACT&Nopay 30D_purchse_IAP_Kelsey_AND_20260717,Sta14UHs9lqoZaRk,46.29,2758,1030,23,737.5,product414,16.78390137781,0.0449417475728155,0.373459028281363,2.01260869565217,32.0652173913044,15.9321667746814
2026-07-27,ANDROID,dhgate_product385_UK_ACT&Nopay 30D_purchase_IAP_Kelsey_AND_20260630,VzqTPrFSQDRkzKZj,76.29,10608,1182,12,489.53,product385,7.19174208144796,0.0645431472081218,0.111425339366516,6.3575,40.7941666666667,6.41669943636125
2026-07-27,ANDROID,dhgate_product422_US_Purchase 30D_purchse_IAP_Kelsey_AND_20260724,RNxECTYCW3t3KFtK,33.67,2950,269,2,72.36,product422,11.4135593220339,0.125167286245353,0.0911864406779661,16.835,36.18,2.14909414909415
2026-07-27,IOS,dhgate_product421_US_Purchase 30D_purchse_IAP_Kelsey_IOS_20260727,H6yJydBMXeBdmAVq,15.73,444,206,0,0.0,product421,35.4279279279279,0.0763592233009709,0.463963963963964,,,0.0
2026-07-27,ANDROID,dhgate_product421_US_Purchase 30D_purchse_IAP_Kelsey_AND_20260727,LnzRoFBVlVp0Azzh,9.75,963,179,0,0.0,product421,10.1246105919003,0.0544692737430168,0.185877466251298,,,0.0
2026-07-27,IOS,dhgate_product420_US_Purchase 30D_purchse_IAP_Kelsey_IOS_20260723,PyqKKirYV9Yg6uFd,29.03,712,331,9,504.11,product420,40.7724719101124,0.0877039274924471,0.464887640449438,3.22555555555556,56.0122222222222,17.3651395108508
2026-07-27,ANDROID,dhgate_product420_US_Purchase 30D_purchse_IAP_Kelsey_AND_20260723,UxeRwjZMdJsp2uCh,50.29,4322,537,9,680.93,product420,11.6358167515039,0.0936499068901304,0.124248033317908,5.58777777777778,75.6588888888889,13.5400676078743
2026-07-27,IOS,dhgate_product418_T1_ACT&Nopay 30D_purchse_IAP_Kelsey_IOS_20260722,Hp7X2KeSfchcLmzh,25.17,5156,364,2,79.16,product418,4.88169123351435,0.0691483516483517,0.0705973622963538,12.585,39.58,3.14501390544299
2026-07-27,ANDROID,dhgate_product418_T1_ACT&Nopay 30D_purchse_IAP_Kelsey_AND_20260722,GRTymfTgCFvj9zd3,50.25,11573,2207,1,89.85,product418,4.34200293787264,0.022768463978251,0.190702497191739,50.25,89.85,1.78805970149254
2026-07-27,IOS,dhgate_product417_T1_ACT&Nopay 30D_purchse_IAP_Kelsey_IOS_20260721,d7jX0iC90lS75ROO,20.85,1113,555,4,134.4,product417,18.733153638814,0.0375675675675676,0.498652291105121,5.2125,33.6,6.44604316546763
2026-07-27,ANDROID,dhgate_product417_T1_ACT&Nopay 30D_purchse_IAP_Kelsey_AND_20260721,pKciwrr10Kcz9O8a,50.43,14661,2156,4,122.52,product417,3.43973808062206,0.0233905380333952,0.147056817406725,12.6075,30.63,2.42950624628197
2026-07-27,ANDROID,dhgate_product385_T1_ACT&Nopay 30D_purchase_IAP_Kelsey_AND_20260724_D7,TEApHE7HAUzhrbb0,30.81,4064,1375,1,19.05,product385,7.58120078740157,0.0224072727272727,0.338336614173228,30.81,19.05,0.618305744888023
2026-07-27,IOS,dhgate_product416_T1_ACT&Nopay 30D_purchse_IAP_Kelsey_IOS_20260720,L9SKqTadbXdFGvAH,22.11,996,507,2,73.85,product416,22.1987951807229,0.0436094674556213,0.509036144578313,11.055,36.925,3.34011759384894
2026-07-27,IOS,dhgate_product415_UK_ACT&Nopay 30D_purchse_IAP_Kelsey_IOS_20260720,QsEaAhCMoLrvsawb,46.05,1229,570,6,138.43,product415,37.4694873881204,0.0807894736842105,0.463791700569569,7.675,23.0716666666667,3.00608034744843
2026-07-27,ANDROID,dhgate_product415_T1_ACT&Nopay 30D_purchse_IAP_Kelsey_AND_20260720,mAKCz6oEkG8RFtXq,49.43,6832,2110,5,342.32,product415,7.23507025761124,0.0234265402843602,0.30884074941452,9.886,68.464,6.92534897835323
2026-07-27,ANDROID,dhgate_product409_US_Purchase 30D_purchse_IAP_Kelsey_AND_20260715,ZGa8bU3V5aZwVzXI,50.01,3801,440,5,278.39,product409,13.1570639305446,0.113659090909091,0.115759010786635,10.002,55.678,5.56668666266747
2026-07-27,IOS,dhgate_product405_US_Purchase 30D_purchse_IAP_Kelsey_IOS_20260714,pooV0geOxpxLrTu6,149.38,8782,763,9,519.15,product405,17.0097927579139,0.195779816513761,0.0868822591664769,16.5977777777778,57.6833333333333,3.47536484134422
2026-07-27,IOS,dhgate_product405_T1_Purchase 30D_purchse_IAP_Kelsey_IOS_20260724_D7,Dnt07pISlZfFTVJr,26.7,834,422,4,71.27,product405,32.0143884892086,0.0632701421800948,0.50599520383693,6.675,17.8175,2.66928838951311
2026-07-27,IOS,dhgate_product405_FR_Purchase 30D_purchse_IAP_Kelsey_IOS_20260722,U3LxkggQNPg2gWjo,21.84,704,326,3,173.48,product405,31.0227272727273,0.0669938650306749,0.463068181818182,7.28,57.8266666666667,7.94322344322344
2026-07-27,IOS,dhgate_product403_US_Purchase 30D_purchse_IAP_Kelsey_IOS_20260713,OLvDIbZvBDJIzHMD,50.08,900,455,16,555.78,product403,55.6444444444444,0.110065934065934,0.505555555555556,3.13,34.73625,11.0978434504792
2026-07-27,ANDROID,dhgate_product403_US_Purchase 30D_purchse_IAP_Kelsey_AND_20260713,bgYcroQHZYVRMl2B,50.16,7308,1282,31,1276.48,product403,6.86371100164204,0.0391263650546022,0.175424192665572,1.61806451612903,41.1767741935484,25.4481658692185
2026-07-27,IOS,dhgate_product386_US_Purchase 30D_purchase_IAP_Kelsey_IOS_20260630,kpNA9cC8I3HMEtHY,216.39,12522,1188,26,1400.32,product386,17.2807858169621,0.182146464646465,0.0948730234786775,8.32269230769231,53.8584615384615,6.47127870973705
2026-07-27,ANDROID,dhgate_product416_T1_ACT&Nopay 30D_purchse_IAP_Kelsey_AND_20260720,keisiJsWSukJumr6,50.34,8555,2134,12,392.17,product416,5.88427819988311,0.0235895032802249,0.249444769140853,4.195,32.6808333333333,7.79042510925705
2026-07-27,ANDROID,dhgate_dpa-and_US_ACT&Nopay 30D_purchase_IAP_Kelsey_AND_20260511,M0ZXR7rklCeN7J9o,100.24,27722,1048,5,208.27,dpa-and,3.61590072866316,0.0956488549618321,0.0378039102517856,20.048,41.654,2.07771348762969
