date,os_type,campaign_name,campaign_id,spend,impressions,clicks,backend_orders,backend_gmv,product,cpm,cpc,ctr,cpa_purchase,aov,backend_roi
2026-07-22,IOS,dhgate_product138_FR_ACT&Nopay 30D_purchase_IAP_Kelsey_IOS_20260403,zNcB24si9mbzBPed,92.28,14332,1005,,,,,,,,,
2026-07-22,ANDROID,dhgate_dpa-and_US_ACT&Nopay 30D_purchase_IAP_Kelsey_AND_20260511,M0ZXR7rklCeN7J9o,90.04,24555,609,,,,,,,,,
2026-07-22,IOS,dhgate_product137_US_Purchase 30D_purchase_IAP_Kelsey_IOS_20260402,Eo7scqEETcYxo6WH,57.71,4386,250,,,,,,,,,
2026-07-22,IOS,dhgate_dpa-ios_US_ACT&Nopay 30D_purchase_IAP_Kelsey_IOS_20260515,y55faIMh7doL5RvO,96.99,13565,252,,,,,,,,,
2026-07-23,IOS,dhgate_product420_US_Purchase 30D_purchse_IAP_Kelsey_IOS_20260723,PyqKKirYV9Yg6uFd,5.69,154,53,,,,,,,,,
2026-07-23,ANDROID,dhgate_product374_US_ACT&Nopay 30D_purchase_IAP_Kelsey_AND_20260610,lHtOeUxHZghwmdpM,50.15,15500,655,,,,,,,,,
2026-07-23,IOS,dhgate_product372_T1_ACT&Nopay 30D_purchase_IAP_Kelsey_IOS_20260605,U4gzqzcEnoe3yurD,97.33,13708,1048,,,,,,,,,
2026-07-23,ANDROID,dhgate_product368_T1_Purchase 30D_purchase_IAP_Kelsey_AND_20260531,b3s2CGS3sMxfFWgV,50.32,8610,558,,,,,,,,,
2026-07-23,ANDROID,dhgate_product367_UK_Purchase 30D_purchase_IAP_Kelsey_AND_20260530,AsUotp8z2P369W1o,50.18,4980,474,,,,,,,,,
2026-07-23,IOS,dhgate_product364_US&FR_Purchase 30D_purchase_IAP_Kelsey_IOS_20260527,qX4oco28gDbrpBri,43.92,4855,209,,,,,,,,,
2026-07-23,IOS,dhgate_product340_US_Purchase 30D_purchase_IAP_Kelsey_IOS_20260516,yznk4uz7IRlNu5TH,46.53,4406,160,,,,,,,,,
2026-07-23,IOS,dhgate_product319_US_Purchase 30D_purchase_IAP_Kelsey_IOS_20260429,SGOG7us7fBY7c5lH,47.96,5662,311,,,,,,,,,
2026-07-23,IOS,dhgate_product319_CA_Purchase 30D_purchase_IAP_Kelsey_IOS_20260707,kJqgxnpe6VbEV7uj,8.13,216,79,,,,,,,,,
2026-07-23,ANDROID,dhgate_product317_UK&FR_ACT&Nopay 30D_purchase_IAP_Kelsey_AND_20260427,tDzMEZEldS4Kei0r,50.43,13630,1098,,,,,,,,,
2026-07-23,ANDROID,dhgate_product317_FR_ACT&Nopay 30D_purchase_IAP_Kelsey_AND_20260526,zbor8ujPF081oChW,50.5,11215,1352,,,,,,,,,
2026-07-23,ANDROID,dhgate_product315_UK_ACT&Nopay 30D_purchase_IAP_Kelsey_AND_20260425,bedUOEtGfoRFbmze,50.52,8104,692,,,,,,,,,
2026-07-23,IOS,dhgate_product314_UK_Purchase 30D_purchase_IAP_Kelsey_IOS_20260424,NmHyz3ZrSwNTmf0j,92.06,4552,511,,,,,,,,,
2026-07-23,ANDROID,dhgate_product148_T1_Purchase 30D_purchase_IAP_Kelsey_AND_20260415,dVlitdxzfmXStKCR,150.39,16562,1651,,,,,,,,,
2026-07-23,IOS,dhgate_product138_FR_ACT&Nopay 30D_purchase_IAP_Kelsey_IOS_20260403,zNcB24si9mbzBPed,100.36,12718,1165,,,,,,,,,
2026-07-23,IOS,dhgate_product137_US_Purchase 30D_purchase_IAP_Kelsey_IOS_20260402,Eo7scqEETcYxo6WH,99.94,6153,497,,,,,,,,,
2026-07-23,IOS,dhgate_dpa-ios_US_ACT&Nopay 30D_purchase_IAP_Kelsey_IOS_20260515,y55faIMh7doL5RvO,93.92,12200,263,,,,,,,,,
2026-07-23,ANDROID,dhgate_dpa-and_US_ACT&Nopay 30D_purchase_IAP_Kelsey_AND_20260511,M0ZXR7rklCeN7J9o,100.29,25465,683,,,,,,,,,
2026-07-23,IOS,dhgate_product381_FR_ACT&Nopay 30D_purchase_IAP_Kelsey_IOS_20260717,i9Ads9K1dgsPK6yZ,48.89,8363,627,,,,,,,,,
2026-07-23,IOS,dhgate_product381_US_ACT&Nopay 30D_purchase_IAP_Kelsey_IOS_20260624,koAG4uPwaNuNbSsi,200.52,15656,1508,,,,,,,,,
2026-07-23,IOS,dhgate_product318_T1_Purchase 30D_purchase_IAP_Kelsey_IOS_20260428,mayu0PGeMJEYQhWJ,47.16,6893,304,,,,,,,,,
2026-07-23,IOS,dhgate_product384_T1_ACT&Nopay 30D_purchase_IAP_Kelsey_IOS_20260627,HgoIpNDJKiz1hrzc,140.43,15848,1287,,,,,,,,,
2026-07-23,ANDROID,dhgate_product384_T1_ACT&Nopay 30D_purchase_IAP_Kelsey_AND_20260627,S76pXwyrVvtdre2B,100.45,32243,2604,,,,,,,,,
2026-07-23,ANDROID,dhgate_product420_US_Purchase 30D_purchse_IAP_Kelsey_AND_20260723,UxeRwjZMdJsp2uCh,2.48,247,51,,,,,,,,,
2026-07-23,IOS,dhgate_product418_T1_ACT&Nopay 30D_purchse_IAP_Kelsey_IOS_20260722,Hp7X2KeSfchcLmzh,40.95,3009,1025,,,,,,,,,
2026-07-23,ANDROID,dhgate_product418_T1_ACT&Nopay 30D_purchse_IAP_Kelsey_AND_20260722,GRTymfTgCFvj9zd3,44.93,14513,2989,,,,,,,,,
2026-07-23,IOS,dhgate_product417_T1_ACT&Nopay 30D_purchse_IAP_Kelsey_IOS_20260721,d7jX0iC90lS75ROO,46.09,2555,1077,,,,,,,,,
2026-07-23,ANDROID,dhgate_product417_T1_ACT&Nopay 30D_purchse_IAP_Kelsey_AND_20260721,pKciwrr10Kcz9O8a,50.2,10668,2651,,,,,,,,,
2026-07-23,ANDROID,dhgate_product416_T1_ACT&Nopay 30D_purchse_IAP_Kelsey_AND_20260720,keisiJsWSukJumr6,50.3,7906,2356,,,,,,,,,
2026-07-23,IOS,dhgate_product415_UK_ACT&Nopay 30D_purchse_IAP_Kelsey_IOS_20260720,QsEaAhCMoLrvsawb,50.21,1144,652,,,,,,,,,
2026-07-23,ANDROID,dhgate_product415_T1_ACT&Nopay 30D_purchse_IAP_Kelsey_AND_20260720,mAKCz6oEkG8RFtXq,49.73,9634,2311,,,,,,,,,
2026-07-23,ANDROID,dhgate_product414_UK_ACT&Nopay 30D_purchse_IAP_Kelsey_AND_20260717,Sta14UHs9lqoZaRk,48.77,2849,973,,,,,,,,,
2026-07-23,IOS,dhgate_product416_T1_ACT&Nopay 30D_purchse_IAP_Kelsey_IOS_20260720,L9SKqTadbXdFGvAH,44.05,2070,958,,,,,,,,,
2026-07-23,ANDROID,dhgate_product409_US_Purchase 30D_purchse_IAP_Kelsey_AND_20260715,ZGa8bU3V5aZwVzXI,50.16,6129,442,,,,,,,,,
2026-07-23,IOS,dhgate_product384_T1_Purchase 30D_purchase_IAP_Kelsey_IOS_20260709_D7,a6HoTnERdU9tuFNK,45.03,3582,413,,,,,,,,,
2026-07-23,ANDROID,dhgate_product385_UK_ACT&Nopay 30D_purchase_IAP_Kelsey_AND_20260630,VzqTPrFSQDRkzKZj,50.32,8432,750,,,,,,,,,
2026-07-23,IOS,dhgate_product386_US_Purchase 30D_purchase_IAP_Kelsey_IOS_20260630,kpNA9cC8I3HMEtHY,188.42,9925,870,,,,,,,,,
2026-07-23,ANDROID,dhgate_product403_US_Purchase 30D_purchse_IAP_Kelsey_AND_20260713,bgYcroQHZYVRMl2B,45.48,6439,887,,,,,,,,,
2026-07-23,ANDROID,dhgate_product384_T1_Purchase 30D_purchase_IAP_Kelsey_AND_20260709_D7,funYq3Yvepl5ocKc,151.15,11875,1910,,,,,,,,,
2026-07-23,IOS,dhgate_product405_FR_Purchase 30D_purchse_IAP_Kelsey_IOS_20260722,U3LxkggQNPg2gWjo,24.48,1260,418,,,,,,,,,
2026-07-23,IOS,dhgate_product405_US_Purchase 30D_purchse_IAP_Kelsey_IOS_20260714,pooV0geOxpxLrTu6,148.75,7304,753,,,,,,,,,
2026-07-23,IOS,dhgate_product403_US_Purchase 30D_purchse_IAP_Kelsey_IOS_20260713,OLvDIbZvBDJIzHMD,45.96,1066,458,,,,,,,,,
2026-07-24,IOS,dhgate_product319_US_Purchase 30D_purchase_IAP_Kelsey_IOS_20260429,SGOG7us7fBY7c5lH,50.11,5427,351,,,,,,,,,
2026-07-24,IOS,dhgate_product381_US_ACT&Nopay 30D_purchase_IAP_Kelsey_IOS_20260624,koAG4uPwaNuNbSsi,200.59,12334,1711,,,,,,,,,
2026-07-24,IOS,dhgate_product381_FR_ACT&Nopay 30D_purchase_IAP_Kelsey_IOS_20260717,i9Ads9K1dgsPK6yZ,37.34,6409,498,,,,,,,,,
2026-07-24,ANDROID,dhgate_product374_US_ACT&Nopay 30D_purchase_IAP_Kelsey_AND_20260610,lHtOeUxHZghwmdpM,50.09,14941,773,,,,,,,,,
2026-07-24,IOS,dhgate_product372_T1_ACT&Nopay 30D_purchase_IAP_Kelsey_IOS_20260605,U4gzqzcEnoe3yurD,100.35,14360,1119,,,,,,,,,
2026-07-24,ANDROID,dhgate_product368_T1_Purchase 30D_purchase_IAP_Kelsey_AND_20260531,b3s2CGS3sMxfFWgV,50.44,8348,587,,,,,,,,,
2026-07-24,ANDROID,dhgate_product367_UK_Purchase 30D_purchase_IAP_Kelsey_AND_20260530,AsUotp8z2P369W1o,50.31,4269,520,,,,,,,,,
2026-07-24,IOS,dhgate_product364_US&FR_Purchase 30D_purchase_IAP_Kelsey_IOS_20260527,qX4oco28gDbrpBri,50.29,5060,296,,,,,,,,,
2026-07-24,IOS,dhgate_product340_US_Purchase 30D_purchase_IAP_Kelsey_IOS_20260516,yznk4uz7IRlNu5TH,50.12,4299,207,,,,,,,,,
2026-07-24,IOS,dhgate_product319_CA_Purchase 30D_purchase_IAP_Kelsey_IOS_20260707,kJqgxnpe6VbEV7uj,9.28,238,88,,,,,,,,,
2026-07-24,ANDROID,dhgate_dpa-and_US_ACT&Nopay 30D_purchase_IAP_Kelsey_AND_20260511,M0ZXR7rklCeN7J9o,100.18,24818,790,,,,,,,,,
2026-07-24,ANDROID,dhgate_product317_UK&FR_ACT&Nopay 30D_purchase_IAP_Kelsey_AND_20260427,tDzMEZEldS4Kei0r,50.3,12359,1313,,,,,,,,,
2026-07-24,ANDROID,dhgate_product317_FR_ACT&Nopay 30D_purchase_IAP_Kelsey_AND_20260526,zbor8ujPF081oChW,50.27,9238,1356,,,,,,,,,
2026-07-24,ANDROID,dhgate_product315_UK_ACT&Nopay 30D_purchase_IAP_Kelsey_AND_20260425,bedUOEtGfoRFbmze,45.92,6346,700,,,,,,,,,
2026-07-24,IOS,dhgate_product314_UK_Purchase 30D_purchase_IAP_Kelsey_IOS_20260424,NmHyz3ZrSwNTmf0j,98.69,4119,594,,,,,,,,,
2026-07-24,ANDROID,dhgate_product148_T1_Purchase 30D_purchase_IAP_Kelsey_AND_20260415,dVlitdxzfmXStKCR,151.96,15516,1669,,,,,,,,,
2026-07-24,IOS,dhgate_product138_FR_ACT&Nopay 30D_purchase_IAP_Kelsey_IOS_20260403,zNcB24si9mbzBPed,100.39,15703,1199,,,,,,,,,
2026-07-24,IOS,dhgate_product137_US_Purchase 30D_purchase_IAP_Kelsey_IOS_20260402,Eo7scqEETcYxo6WH,101.01,6338,517,,,,,,,,,
2026-07-24,IOS,dhgate_dpa-ios_US_ACT&Nopay 30D_purchase_IAP_Kelsey_IOS_20260515,y55faIMh7doL5RvO,100.42,11772,282,,,,,,,,,
2026-07-24,ANDROID,dhgate_product384_T1_ACT&Nopay 30D_purchase_IAP_Kelsey_AND_20260627,S76pXwyrVvtdre2B,100.38,30347,2579,,,,,,,,,
2026-07-24,IOS,dhgate_product318_T1_Purchase 30D_purchase_IAP_Kelsey_IOS_20260428,mayu0PGeMJEYQhWJ,50.49,7749,409,,,,,,,,,
2026-07-24,IOS,dhgate_product384_T1_ACT&Nopay 30D_purchase_IAP_Kelsey_IOS_20260627,HgoIpNDJKiz1hrzc,150.78,15308,1434,,,,,,,,,
2026-07-24,ANDROID,dhgate_product409_US_Purchase 30D_purchse_IAP_Kelsey_AND_20260715,ZGa8bU3V5aZwVzXI,50.04,5122,525,,,,,,,,,
2026-07-24,IOS,dhgate_product384_T1_Purchase 30D_purchase_IAP_Kelsey_IOS_20260709_D7,a6HoTnERdU9tuFNK,50.25,3327,501,,,,,,,,,
2026-07-24,ANDROID,dhgate_product384_T1_Purchase 30D_purchase_IAP_Kelsey_AND_20260709_D7,funYq3Yvepl5ocKc,151.15,11690,2019,,,,,,,,,
2026-07-24,IOS,dhgate_product420_US_Purchase 30D_purchse_IAP_Kelsey_IOS_20260723,PyqKKirYV9Yg6uFd,36.26,1448,407,,,,,,,,,
2026-07-24,ANDROID,dhgate_product420_US_Purchase 30D_purchse_IAP_Kelsey_AND_20260723,UxeRwjZMdJsp2uCh,46.5,3832,628,,,,,,,,,
2026-07-24,IOS,dhgate_product418_T1_ACT&Nopay 30D_purchse_IAP_Kelsey_IOS_20260722,Hp7X2KeSfchcLmzh,45.86,4162,1169,,,,,,,,,
2026-07-24,ANDROID,dhgate_product418_T1_ACT&Nopay 30D_purchse_IAP_Kelsey_AND_20260722,GRTymfTgCFvj9zd3,50.21,15223,2863,,,,,,,,,
2026-07-24,IOS,dhgate_product417_T1_ACT&Nopay 30D_purchse_IAP_Kelsey_IOS_20260721,d7jX0iC90lS75ROO,43.71,2523,1075,,,,,,,,,
2026-07-24,ANDROID,dhgate_product417_T1_ACT&Nopay 30D_purchse_IAP_Kelsey_AND_20260721,pKciwrr10Kcz9O8a,47.75,8943,2464,,,,,,,,,
2026-07-24,IOS,dhgate_product416_T1_ACT&Nopay 30D_purchse_IAP_Kelsey_IOS_20260720,L9SKqTadbXdFGvAH,42.94,1979,856,,,,,,,,,
2026-07-24,ANDROID,dhgate_product416_T1_ACT&Nopay 30D_purchse_IAP_Kelsey_AND_20260720,keisiJsWSukJumr6,50.39,9336,2290,,,,,,,,,
2026-07-24,IOS,dhgate_product415_UK_ACT&Nopay 30D_purchse_IAP_Kelsey_IOS_20260720,QsEaAhCMoLrvsawb,50.35,1126,593,,,,,,,,,
2026-07-24,ANDROID,dhgate_product422_US_Purchase 30D_purchse_IAP_Kelsey_AND_20260724,RNxECTYCW3t3KFtK,3.18,276,57,,,,,,,,,
2026-07-24,ANDROID,dhgate_product414_UK_ACT&Nopay 30D_purchse_IAP_Kelsey_AND_20260717,Sta14UHs9lqoZaRk,50.19,2521,956,,,,,,,,,
2026-07-24,ANDROID,dhgate_product415_T1_ACT&Nopay 30D_purchse_IAP_Kelsey_AND_20260720,mAKCz6oEkG8RFtXq,49.09,9750,2365,,,,,,,,,
2026-07-24,ANDROID,dhgate_product385_UK_ACT&Nopay 30D_purchase_IAP_Kelsey_AND_20260630,VzqTPrFSQDRkzKZj,50.4,7859,793,,,,,,,,,
2026-07-24,IOS,dhgate_product386_US_Purchase 30D_purchase_IAP_Kelsey_IOS_20260630,kpNA9cC8I3HMEtHY,201.01,8574,965,,,,,,,,,
2026-07-24,ANDROID,dhgate_product403_US_Purchase 30D_purchse_IAP_Kelsey_AND_20260713,bgYcroQHZYVRMl2B,50.06,6335,1023,,,,,,,,,
2026-07-24,ANDROID,dhgate_product385_T1_ACT&Nopay 30D_purchase_IAP_Kelsey_AND_20260724_D7,TEApHE7HAUzhrbb0,4.29,1319,412,,,,,,,,,
2026-07-24,IOS,dhgate_product405_FR_Purchase 30D_purchse_IAP_Kelsey_IOS_20260722,U3LxkggQNPg2gWjo,39.05,2087,571,,,,,,,,,
2026-07-24,IOS,dhgate_product405_T1_Purchase 30D_purchse_IAP_Kelsey_IOS_20260724_D7,Dnt07pISlZfFTVJr,4.14,183,109,,,,,,,,,
2026-07-24,IOS,dhgate_product405_US_Purchase 30D_purchse_IAP_Kelsey_IOS_20260714,pooV0geOxpxLrTu6,150.78,6101,871,,,,,,,,,
2026-07-24,IOS,dhgate_product403_US_Purchase 30D_purchse_IAP_Kelsey_IOS_20260713,OLvDIbZvBDJIzHMD,50.26,990,453,,,,,,,,,
2026-07-25,IOS,dhgate_product364_US&FR_Purchase 30D_purchase_IAP_Kelsey_IOS_20260527,qX4oco28gDbrpBri,50.44,6422,244,,,,,,,,,
2026-07-25,IOS,dhgate_product381_US_ACT&Nopay 30D_purchase_IAP_Kelsey_IOS_20260624,koAG4uPwaNuNbSsi,201.03,13887,1664,,,,,,,,,
2026-07-25,IOS,dhgate_product381_FR_ACT&Nopay 30D_purchase_IAP_Kelsey_IOS_20260717,i9Ads9K1dgsPK6yZ,0.0,1,0,,,,,,,,,
2026-07-25,ANDROID,dhgate_product374_US_ACT&Nopay 30D_purchase_IAP_Kelsey_AND_20260610,lHtOeUxHZghwmdpM,46.92,13195,649,,,,,,,,,
2026-07-25,IOS,dhgate_product372_T1_ACT&Nopay 30D_purchase_IAP_Kelsey_IOS_20260605,U4gzqzcEnoe3yurD,100.24,19032,1065,,,,,,,,,
2026-07-25,ANDROID,dhgate_product368_T1_Purchase 30D_purchase_IAP_Kelsey_AND_20260531,b3s2CGS3sMxfFWgV,50.25,8938,613,,,,,,,,,
2026-07-25,ANDROID,dhgate_product384_T1_ACT&Nopay 30D_purchase_IAP_Kelsey_AND_20260627,S76pXwyrVvtdre2B,100.1,31488,2385,,,,,,,,,
2026-07-25,ANDROID,dhgate_product367_UK_Purchase 30D_purchase_IAP_Kelsey_AND_20260530,AsUotp8z2P369W1o,50.39,4642,512,,,,,,,,,
2026-07-25,IOS,dhgate_product340_US_Purchase 30D_purchase_IAP_Kelsey_IOS_20260516,yznk4uz7IRlNu5TH,50.04,4135,218,,,,,,,,,
2026-07-25,IOS,dhgate_product314_UK_Purchase 30D_purchase_IAP_Kelsey_IOS_20260424,NmHyz3ZrSwNTmf0j,100.95,5176,586,,,,,,,,,
2026-07-25,IOS,dhgate_product318_T1_Purchase 30D_purchase_IAP_Kelsey_IOS_20260428,mayu0PGeMJEYQhWJ,50.1,9994,343,,,,,,,,,
2026-07-25,ANDROID,dhgate_product317_UK&FR_ACT&Nopay 30D_purchase_IAP_Kelsey_AND_20260427,tDzMEZEldS4Kei0r,50.14,13359,1024,,,,,,,,,
2026-07-25,ANDROID,dhgate_product317_FR_ACT&Nopay 30D_purchase_IAP_Kelsey_AND_20260526,zbor8ujPF081oChW,50.37,9824,1219,,,,,,,,,
2026-07-25,ANDROID,dhgate_product148_T1_Purchase 30D_purchase_IAP_Kelsey_AND_20260415,dVlitdxzfmXStKCR,150.43,15585,1674,,,,,,,,,
2026-07-25,IOS,dhgate_product138_FR_ACT&Nopay 30D_purchase_IAP_Kelsey_IOS_20260403,zNcB24si9mbzBPed,100.39,23486,1287,,,,,,,,,
2026-07-25,IOS,dhgate_product137_US_Purchase 30D_purchase_IAP_Kelsey_IOS_20260402,Eo7scqEETcYxo6WH,100.42,6553,516,,,,,,,,,
2026-07-25,IOS,dhgate_dpa-ios_US_ACT&Nopay 30D_purchase_IAP_Kelsey_IOS_20260515,y55faIMh7doL5RvO,100.15,13865,246,,,,,,,,,
2026-07-25,ANDROID,dhgate_dpa-and_US_ACT&Nopay 30D_purchase_IAP_Kelsey_AND_20260511,M0ZXR7rklCeN7J9o,100.07,26500,772,,,,,,,,,
2026-07-25,IOS,dhgate_product384_T1_ACT&Nopay 30D_purchase_IAP_Kelsey_IOS_20260627,HgoIpNDJKiz1hrzc,150.88,19879,1457,,,,,,,,,
2026-07-25,IOS,dhgate_product319_US_Purchase 30D_purchase_IAP_Kelsey_IOS_20260429,SGOG7us7fBY7c5lH,50.24,7672,327,,,,,,,,,
2026-07-25,ANDROID,dhgate_product384_T1_Purchase 30D_purchase_IAP_Kelsey_AND_20260709_D7,funYq3Yvepl5ocKc,150.51,12558,2127,,,,,,,,,
2026-07-25,ANDROID,dhgate_product415_T1_ACT&Nopay 30D_purchse_IAP_Kelsey_AND_20260720,mAKCz6oEkG8RFtXq,50.36,6278,1932,,,,,,,,,
2026-07-25,ANDROID,dhgate_product385_T1_ACT&Nopay 30D_purchase_IAP_Kelsey_AND_20260724_D7,TEApHE7HAUzhrbb0,47.41,14499,2604,,,,,,,,,
2026-07-25,IOS,dhgate_product384_T1_Purchase 30D_purchase_IAP_Kelsey_IOS_20260709_D7,a6HoTnERdU9tuFNK,50.14,5016,463,,,,,,,,,
2026-07-25,IOS,dhgate_product420_US_Purchase 30D_purchse_IAP_Kelsey_IOS_20260723,PyqKKirYV9Yg6uFd,50.1,1932,462,,,,,,,,,
2026-07-25,ANDROID,dhgate_product420_US_Purchase 30D_purchse_IAP_Kelsey_AND_20260723,UxeRwjZMdJsp2uCh,50.19,6266,448,,,,,,,,,
2026-07-25,IOS,dhgate_product418_T1_ACT&Nopay 30D_purchse_IAP_Kelsey_IOS_20260722,Hp7X2KeSfchcLmzh,50.2,7228,958,,,,,,,,,
2026-07-25,ANDROID,dhgate_product418_T1_ACT&Nopay 30D_purchse_IAP_Kelsey_AND_20260722,GRTymfTgCFvj9zd3,50.5,10913,2644,,,,,,,,,
2026-07-25,IOS,dhgate_product417_T1_ACT&Nopay 30D_purchse_IAP_Kelsey_IOS_20260721,d7jX0iC90lS75ROO,49.19,3309,1083,,,,,,,,,
2026-07-25,IOS,dhgate_product416_T1_ACT&Nopay 30D_purchse_IAP_Kelsey_IOS_20260720,L9SKqTadbXdFGvAH,45.69,2442,855,,,,,,,,,
2026-07-25,ANDROID,dhgate_product416_T1_ACT&Nopay 30D_purchse_IAP_Kelsey_AND_20260720,keisiJsWSukJumr6,50.35,8364,2144,,,,,,,,,
2026-07-25,IOS,dhgate_product415_UK_ACT&Nopay 30D_purchse_IAP_Kelsey_IOS_20260720,QsEaAhCMoLrvsawb,45.32,1108,533,,,,,,,,,
2026-07-25,ANDROID,dhgate_product417_T1_ACT&Nopay 30D_purchse_IAP_Kelsey_AND_20260721,pKciwrr10Kcz9O8a,50.27,11026,2092,,,,,,,,,
2026-07-25,ANDROID,dhgate_product414_UK_ACT&Nopay 30D_purchse_IAP_Kelsey_AND_20260717,Sta14UHs9lqoZaRk,50.28,3089,866,,,,,,,,,
2026-07-25,ANDROID,dhgate_product422_US_Purchase 30D_purchse_IAP_Kelsey_AND_20260724,RNxECTYCW3t3KFtK,43.3,5108,444,,,,,,,,,
2026-07-25,IOS,dhgate_product386_US_Purchase 30D_purchase_IAP_Kelsey_IOS_20260630,kpNA9cC8I3HMEtHY,200.8,9385,956,,,,,,,,,
2026-07-25,ANDROID,dhgate_product403_US_Purchase 30D_purchse_IAP_Kelsey_AND_20260713,bgYcroQHZYVRMl2B,46.79,6162,929,,,,,,,,,
2026-07-25,IOS,dhgate_product403_US_Purchase 30D_purchse_IAP_Kelsey_IOS_20260713,OLvDIbZvBDJIzHMD,50.23,972,442,,,,,,,,,
2026-07-25,ANDROID,dhgate_product385_UK_ACT&Nopay 30D_purchase_IAP_Kelsey_AND_20260630,VzqTPrFSQDRkzKZj,50.33,8514,698,,,,,,,,,
2026-07-25,IOS,dhgate_product405_T1_Purchase 30D_purchse_IAP_Kelsey_IOS_20260724_D7,Dnt07pISlZfFTVJr,49.05,1559,769,,,,,,,,,
2026-07-25,IOS,dhgate_product405_US_Purchase 30D_purchse_IAP_Kelsey_IOS_20260714,pooV0geOxpxLrTu6,150.47,6491,792,,,,,,,,,
2026-07-25,ANDROID,dhgate_product409_US_Purchase 30D_purchse_IAP_Kelsey_AND_20260715,ZGa8bU3V5aZwVzXI,50.27,5042,450,,,,,,,,,
2026-07-25,IOS,dhgate_product405_FR_Purchase 30D_purchse_IAP_Kelsey_IOS_20260722,U3LxkggQNPg2gWjo,42.47,1898,642,,,,,,,,,
2026-07-26,IOS,dhgate_product364_US&FR_Purchase 30D_purchase_IAP_Kelsey_IOS_20260527,qX4oco28gDbrpBri,50.34,7232,252,,,,,,,,,
2026-07-26,IOS,dhgate_product384_T1_ACT&Nopay 30D_purchase_IAP_Kelsey_IOS_20260627,HgoIpNDJKiz1hrzc,150.56,21604,1387,,,,,,,,,
2026-07-26,ANDROID,dhgate_product384_T1_ACT&Nopay 30D_purchase_IAP_Kelsey_AND_20260627,S76pXwyrVvtdre2B,100.32,31008,2786,,,,,,,,,
2026-07-26,IOS,dhgate_product381_US_ACT&Nopay 30D_purchase_IAP_Kelsey_IOS_20260624,koAG4uPwaNuNbSsi,200.54,15284,1462,,,,,,,,,
2026-07-26,ANDROID,dhgate_product374_US_ACT&Nopay 30D_purchase_IAP_Kelsey_AND_20260610,lHtOeUxHZghwmdpM,46.63,13111,796,,,,,,,,,
2026-07-26,IOS,dhgate_product372_T1_ACT&Nopay 30D_purchase_IAP_Kelsey_IOS_20260605,U4gzqzcEnoe3yurD,100.33,21240,923,,,,,,,,,
2026-07-26,ANDROID,dhgate_product368_T1_Purchase 30D_purchase_IAP_Kelsey_AND_20260531,b3s2CGS3sMxfFWgV,50.27,8961,640,,,,,,,,,
2026-07-26,ANDROID,dhgate_product367_UK_Purchase 30D_purchase_IAP_Kelsey_AND_20260530,AsUotp8z2P369W1o,50.5,4918,616,,,,,,,,,
2026-07-26,IOS,dhgate_product340_US_Purchase 30D_purchase_IAP_Kelsey_IOS_20260516,yznk4uz7IRlNu5TH,50.06,3845,189,,,,,,,,,
2026-07-26,ANDROID,dhgate_dpa-and_US_ACT&Nopay 30D_purchase_IAP_Kelsey_AND_20260511,M0ZXR7rklCeN7J9o,97.45,25925,909,,,,,,,,,
2026-07-26,IOS,dhgate_product318_T1_Purchase 30D_purchase_IAP_Kelsey_IOS_20260428,mayu0PGeMJEYQhWJ,50.19,11092,301,,,,,,,,,
2026-07-26,ANDROID,dhgate_product317_UK&FR_ACT&Nopay 30D_purchase_IAP_Kelsey_AND_20260427,tDzMEZEldS4Kei0r,50.45,13626,1178,,,,,,,,,
2026-07-26,ANDROID,dhgate_product317_FR_ACT&Nopay 30D_purchase_IAP_Kelsey_AND_20260526,zbor8ujPF081oChW,50.24,10499,1379,,,,,,,,,
2026-07-26,IOS,dhgate_product314_UK_Purchase 30D_purchase_IAP_Kelsey_IOS_20260424,NmHyz3ZrSwNTmf0j,100.9,5215,623,,,,,,,,,
2026-07-26,ANDROID,dhgate_product148_T1_Purchase 30D_purchase_IAP_Kelsey_AND_20260415,dVlitdxzfmXStKCR,150.9,16734,1846,,,,,,,,,
2026-07-26,IOS,dhgate_product138_FR_ACT&Nopay 30D_purchase_IAP_Kelsey_IOS_20260403,zNcB24si9mbzBPed,100.36,28173,1176,,,,,,,,,
2026-07-26,IOS,dhgate_product137_US_Purchase 30D_purchase_IAP_Kelsey_IOS_20260402,Eo7scqEETcYxo6WH,100.54,5818,498,,,,,,,,,
2026-07-26,IOS,dhgate_dpa-ios_US_ACT&Nopay 30D_purchase_IAP_Kelsey_IOS_20260515,y55faIMh7doL5RvO,95.64,12856,222,,,,,,,,,
2026-07-26,IOS,dhgate_product319_US_Purchase 30D_purchase_IAP_Kelsey_IOS_20260429,SGOG7us7fBY7c5lH,50.18,8278,288,,,,,,,,,
2026-07-26,IOS,dhgate_product384_T1_Purchase 30D_purchase_IAP_Kelsey_IOS_20260709_D7,a6HoTnERdU9tuFNK,50.12,6233,462,,,,,,,,,
2026-07-26,ANDROID,dhgate_product384_T1_Purchase 30D_purchase_IAP_Kelsey_AND_20260709_D7,funYq3Yvepl5ocKc,151.02,12216,2184,,,,,,,,,
2026-07-26,ANDROID,dhgate_product385_UK_ACT&Nopay 30D_purchase_IAP_Kelsey_AND_20260630,VzqTPrFSQDRkzKZj,50.38,8911,826,,,,,,,,,
2026-07-26,ANDROID,dhgate_product385_T1_ACT&Nopay 30D_purchase_IAP_Kelsey_AND_20260724_D7,TEApHE7HAUzhrbb0,50.13,9291,2236,,,,,,,,,
2026-07-26,ANDROID,dhgate_product422_US_Purchase 30D_purchse_IAP_Kelsey_AND_20260724,RNxECTYCW3t3KFtK,50.3,6667,340,,,,,,,,,
2026-07-26,IOS,dhgate_product420_US_Purchase 30D_purchse_IAP_Kelsey_IOS_20260723,PyqKKirYV9Yg6uFd,45.66,1441,472,,,,,,,,,
2026-07-26,ANDROID,dhgate_product420_US_Purchase 30D_purchse_IAP_Kelsey_AND_20260723,UxeRwjZMdJsp2uCh,50.51,4943,533,,,,,,,,,
2026-07-26,IOS,dhgate_product418_T1_ACT&Nopay 30D_purchse_IAP_Kelsey_IOS_20260722,Hp7X2KeSfchcLmzh,47.29,11949,428,,,,,,,,,
2026-07-26,IOS,dhgate_product417_T1_ACT&Nopay 30D_purchse_IAP_Kelsey_IOS_20260721,d7jX0iC90lS75ROO,48.57,2696,1115,,,,,,,,,
2026-07-26,ANDROID,dhgate_product417_T1_ACT&Nopay 30D_purchse_IAP_Kelsey_AND_20260721,pKciwrr10Kcz9O8a,50.5,20258,2478,,,,,,,,,
2026-07-26,IOS,dhgate_product416_T1_ACT&Nopay 30D_purchse_IAP_Kelsey_IOS_20260720,L9SKqTadbXdFGvAH,45.37,1909,888,,,,,,,,,
2026-07-26,ANDROID,dhgate_product416_T1_ACT&Nopay 30D_purchse_IAP_Kelsey_AND_20260720,keisiJsWSukJumr6,50.26,9559,2272,,,,,,,,,
2026-07-26,ANDROID,dhgate_product418_T1_ACT&Nopay 30D_purchse_IAP_Kelsey_AND_20260722,GRTymfTgCFvj9zd3,50.3,8887,2477,,,,,,,,,
2026-07-26,ANDROID,dhgate_product415_T1_ACT&Nopay 30D_purchse_IAP_Kelsey_AND_20260720,mAKCz6oEkG8RFtXq,50.47,6455,2006,,,,,,,,,
2026-07-26,ANDROID,dhgate_product414_UK_ACT&Nopay 30D_purchse_IAP_Kelsey_AND_20260717,Sta14UHs9lqoZaRk,49.77,2854,1027,,,,,,,,,
2026-07-26,ANDROID,dhgate_product409_US_Purchase 30D_purchse_IAP_Kelsey_AND_20260715,ZGa8bU3V5aZwVzXI,50.46,4527,407,,,,,,,,,
2026-07-26,IOS,dhgate_product405_US_Purchase 30D_purchse_IAP_Kelsey_IOS_20260714,pooV0geOxpxLrTu6,150.57,7684,699,,,,,,,,,
2026-07-26,IOS,dhgate_product405_T1_Purchase 30D_purchse_IAP_Kelsey_IOS_20260724_D7,Dnt07pISlZfFTVJr,44.56,1401,648,,,,,,,,,
2026-07-26,IOS,dhgate_product405_FR_Purchase 30D_purchse_IAP_Kelsey_IOS_20260722,U3LxkggQNPg2gWjo,28.6,1170,390,,,,,,,,,
2026-07-26,IOS,dhgate_product403_US_Purchase 30D_purchse_IAP_Kelsey_IOS_20260713,OLvDIbZvBDJIzHMD,50.0,915,455,,,,,,,,,
2026-07-26,ANDROID,dhgate_product403_US_Purchase 30D_purchse_IAP_Kelsey_AND_20260713,bgYcroQHZYVRMl2B,49.27,6641,1121,,,,,,,,,
2026-07-26,IOS,dhgate_product415_UK_ACT&Nopay 30D_purchse_IAP_Kelsey_IOS_20260720,QsEaAhCMoLrvsawb,50.36,1062,593,,,,,,,,,
2026-07-26,IOS,dhgate_product386_US_Purchase 30D_purchase_IAP_Kelsey_IOS_20260630,kpNA9cC8I3HMEtHY,201.67,9817,966,,,,,,,,,
2026-07-27,ANDROID,dhgate_product367_UK_Purchase 30D_purchase_IAP_Kelsey_AND_20260530,AsUotp8z2P369W1o,76.45,7064,841,,,,,,,,,
2026-07-27,ANDROID,dhgate_product368_T1_ACT&Nopay 30D_purchase_IAP_Kelsey_AND_20260727_D7,uucUGDXt8kl9pyWA,14.75,3746,1267,,,,,,,,,
2026-07-27,ANDROID,dhgate_product368_T1_Purchase 30D_purchase_IAP_Kelsey_AND_20260531,b3s2CGS3sMxfFWgV,26.68,4542,361,,,,,,,,,
2026-07-27,IOS,dhgate_product372_T1_ACT&Nopay 30D_purchase_IAP_Kelsey_IOS_20260605,U4gzqzcEnoe3yurD,100.11,22231,1144,,,,,,,,,
2026-07-27,IOS,dhgate_product384_T1_ACT&Nopay 30D_purchase_IAP_Kelsey_IOS_20260627,HgoIpNDJKiz1hrzc,100.36,14330,1230,,,,,,,,,
2026-07-27,IOS,dhgate_product381_US_ACT&Nopay 30D_purchase_IAP_Kelsey_IOS_20260624,koAG4uPwaNuNbSsi,221.04,18021,1924,,,,,,,,,
2026-07-27,ANDROID,dhgate_product384_T1_ACT&Nopay 30D_purchase_IAP_Kelsey_AND_20260627,S76pXwyrVvtdre2B,98.56,32180,2544,,,,,,,,,
2026-07-27,IOS,dhgate_product364_US&FR_Purchase 30D_purchase_IAP_Kelsey_IOS_20260527,qX4oco28gDbrpBri,50.16,7357,298,,,,,,,,,
2026-07-27,IOS,dhgate_product381_T1_Purchase 30D_purchase_IAP_Kelsey_IOS_20260727_D7,milHelMolS4qsU66,44.53,1179,580,,,,,,,,,
2026-07-27,IOS,dhgate_product340_US_Purchase 30D_purchase_IAP_Kelsey_IOS_20260516,yznk4uz7IRlNu5TH,43.87,4469,202,,,,,,,,,
2026-07-27,ANDROID,dhgate_dpa-and_US_ACT&Nopay 30D_purchase_IAP_Kelsey_AND_20260511,M0ZXR7rklCeN7J9o,100.24,27722,1048,,,,,,,,,
2026-07-27,IOS,dhgate_product318_T1_Purchase 30D_purchase_IAP_Kelsey_IOS_20260428,mayu0PGeMJEYQhWJ,46.5,9392,313,,,,,,,,,
2026-07-27,ANDROID,dhgate_product317_UK&FR_ACT&Nopay 30D_purchase_IAP_Kelsey_AND_20260427,tDzMEZEldS4Kei0r,50.06,14089,1180,,,,,,,,,
2026-07-27,ANDROID,dhgate_product317_FR_ACT&Nopay 30D_purchase_IAP_Kelsey_AND_20260526,zbor8ujPF081oChW,47.96,10859,1284,,,,,,,,,
2026-07-27,IOS,dhgate_product314_UK_Purchase 30D_purchase_IAP_Kelsey_IOS_20260424,NmHyz3ZrSwNTmf0j,99.35,5330,594,,,,,,,,,
2026-07-27,ANDROID,dhgate_product148_T1_Purchase 30D_purchase_IAP_Kelsey_AND_20260415,dVlitdxzfmXStKCR,100.23,11804,1371,,,,,,,,,
2026-07-27,IOS,dhgate_product138_FR_ACT&Nopay 30D_purchase_IAP_Kelsey_IOS_20260403,zNcB24si9mbzBPed,52.67,14887,747,,,,,,,,,
2026-07-27,IOS,dhgate_product137_US_Purchase 30D_purchase_IAP_Kelsey_IOS_20260402,Eo7scqEETcYxo6WH,61.68,4454,330,,,,,,,,,
2026-07-27,IOS,dhgate_dpa-ios_US_ACT&Nopay 30D_purchase_IAP_Kelsey_IOS_20260515,y55faIMh7doL5RvO,97.22,16429,257,,,,,,,,,
2026-07-27,ANDROID,dhgate_product384_T1_Purchase 30D_purchase_IAP_Kelsey_AND_20260709_D7,funYq3Yvepl5ocKc,150.62,14293,2417,,,,,,,,,
2026-07-27,IOS,dhgate_product319_US_Purchase 30D_purchase_IAP_Kelsey_IOS_20260429,SGOG7us7fBY7c5lH,74.35,10144,480,,,,,,,,,
2026-07-27,IOS,dhgate_product384_T1_Purchase 30D_purchase_IAP_Kelsey_IOS_20260709_D7,a6HoTnERdU9tuFNK,49.79,5633,521,,,,,,,,,
2026-07-27,ANDROID,dhgate_product374_US_ACT&Nopay 30D_purchase_IAP_Kelsey_AND_20260610,lHtOeUxHZghwmdpM,47.99,14540,851,,,,,,,,,
2026-07-27,ANDROID,dhgate_product385_UK_ACT&Nopay 30D_purchase_IAP_Kelsey_AND_20260630,VzqTPrFSQDRkzKZj,76.29,10608,1182,,,,,,,,,
2026-07-27,ANDROID,dhgate_product385_T1_ACT&Nopay 30D_purchase_IAP_Kelsey_AND_20260724_D7,TEApHE7HAUzhrbb0,30.81,4064,1375,,,,,,,,,
2026-07-27,IOS,dhgate_product421_US_Purchase 30D_purchse_IAP_Kelsey_IOS_20260727,H6yJydBMXeBdmAVq,15.73,444,206,,,,,,,,,
2026-07-27,IOS,dhgate_product420_US_Purchase 30D_purchse_IAP_Kelsey_IOS_20260723,PyqKKirYV9Yg6uFd,29.03,712,331,,,,,,,,,
2026-07-27,ANDROID,dhgate_product420_US_Purchase 30D_purchse_IAP_Kelsey_AND_20260723,UxeRwjZMdJsp2uCh,50.29,4322,537,,,,,,,,,
2026-07-27,IOS,dhgate_product418_T1_ACT&Nopay 30D_purchse_IAP_Kelsey_IOS_20260722,Hp7X2KeSfchcLmzh,25.17,5156,364,,,,,,,,,
2026-07-27,ANDROID,dhgate_product418_T1_ACT&Nopay 30D_purchse_IAP_Kelsey_AND_20260722,GRTymfTgCFvj9zd3,50.25,11573,2207,,,,,,,,,
2026-07-27,IOS,dhgate_product417_T1_ACT&Nopay 30D_purchse_IAP_Kelsey_IOS_20260721,d7jX0iC90lS75ROO,20.85,1113,555,,,,,,,,,
2026-07-27,ANDROID,dhgate_product417_T1_ACT&Nopay 30D_purchse_IAP_Kelsey_AND_20260721,pKciwrr10Kcz9O8a,50.43,14661,2156,,,,,,,,,
2026-07-27,IOS,dhgate_product416_T1_ACT&Nopay 30D_purchse_IAP_Kelsey_IOS_20260720,L9SKqTadbXdFGvAH,22.11,996,507,,,,,,,,,
2026-07-27,ANDROID,dhgate_product416_T1_ACT&Nopay 30D_purchse_IAP_Kelsey_AND_20260720,keisiJsWSukJumr6,50.34,8555,2134,,,,,,,,,
2026-07-27,ANDROID,dhgate_product421_US_Purchase 30D_purchse_IAP_Kelsey_AND_20260727,LnzRoFBVlVp0Azzh,9.75,963,179,,,,,,,,,
2026-07-27,ANDROID,dhgate_product415_T1_ACT&Nopay 30D_purchse_IAP_Kelsey_AND_20260720,mAKCz6oEkG8RFtXq,49.43,6832,2110,,,,,,,,,
2026-07-27,IOS,dhgate_product415_UK_ACT&Nopay 30D_purchse_IAP_Kelsey_IOS_20260720,QsEaAhCMoLrvsawb,46.05,1229,570,,,,,,,,,
2026-07-27,IOS,dhgate_product386_US_Purchase 30D_purchase_IAP_Kelsey_IOS_20260630,kpNA9cC8I3HMEtHY,216.39,12522,1188,,,,,,,,,
2026-07-27,IOS,dhgate_product403_US_Purchase 30D_purchse_IAP_Kelsey_IOS_20260713,OLvDIbZvBDJIzHMD,50.08,900,455,,,,,,,,,
2026-07-27,IOS,dhgate_product405_FR_Purchase 30D_purchse_IAP_Kelsey_IOS_20260722,U3LxkggQNPg2gWjo,21.84,704,326,,,,,,,,,
2026-07-27,ANDROID,dhgate_product403_US_Purchase 30D_purchse_IAP_Kelsey_AND_20260713,bgYcroQHZYVRMl2B,50.16,7308,1282,,,,,,,,,
2026-07-27,IOS,dhgate_product405_T1_Purchase 30D_purchse_IAP_Kelsey_IOS_20260724_D7,Dnt07pISlZfFTVJr,26.7,834,422,,,,,,,,,
2026-07-27,IOS,dhgate_product405_US_Purchase 30D_purchse_IAP_Kelsey_IOS_20260714,pooV0geOxpxLrTu6,149.38,8782,763,,,,,,,,,
2026-07-27,ANDROID,dhgate_product409_US_Purchase 30D_purchse_IAP_Kelsey_AND_20260715,ZGa8bU3V5aZwVzXI,50.01,3801,440,,,,,,,,,
2026-07-27,ANDROID,dhgate_product414_UK_ACT&Nopay 30D_purchse_IAP_Kelsey_AND_20260717,Sta14UHs9lqoZaRk,46.29,2758,1030,,,,,,,,,
2026-07-27,ANDROID,dhgate_product422_US_Purchase 30D_purchse_IAP_Kelsey_AND_20260724,RNxECTYCW3t3KFtK,33.67,2950,269,,,,,,,,,
2026-07-28,IOS,dhgate_product381_T1_Purchase 30D_purchase_IAP_Kelsey_IOS_20260727_D7,milHelMolS4qsU66,172.2,5017,1855,,,,,,,,,
2026-07-28,IOS,dhgate_product340_US_Purchase 30D_purchase_IAP_Kelsey_IOS_20260516,yznk4uz7IRlNu5TH,50.11,4957,207,,,,,,,,,
2026-07-28,ANDROID,dhgate_product374_US_ACT&Nopay 30D_purchase_IAP_Kelsey_AND_20260610,lHtOeUxHZghwmdpM,47.46,13916,665,,,,,,,,,
2026-07-28,IOS,dhgate_product372_T1_ACT&Nopay 30D_purchase_IAP_Kelsey_IOS_20260605,U4gzqzcEnoe3yurD,100.35,25252,1136,,,,,,,,,
2026-07-28,ANDROID,dhgate_product368_T1_ACT&Nopay 30D_purchase_IAP_Kelsey_AND_20260727_D7,uucUGDXt8kl9pyWA,50.32,13699,2658,,,,,,,,,
2026-07-28,ANDROID,dhgate_product367_UK_Purchase 30D_purchase_IAP_Kelsey_AND_20260530,AsUotp8z2P369W1o,97.4,8602,1074,,,,,,,,,
2026-07-28,IOS,dhgate_product364_US&FR_Purchase 30D_purchase_IAP_Kelsey_IOS_20260527,qX4oco28gDbrpBri,50.24,8022,196,,,,,,,,,
2026-07-28,IOS,dhgate_product319_US_Purchase 30D_purchase_IAP_Kelsey_IOS_20260429,SGOG7us7fBY7c5lH,100.23,15088,636,,,,,,,,,
2026-07-28,IOS,dhgate_product138_FR_ACT&Nopay 30D_purchase_IAP_Kelsey_IOS_20260403,zNcB24si9mbzBPed,50.15,17541,647,,,,,,,,,
2026-07-28,ANDROID,dhgate_product317_UK&FR_ACT&Nopay 30D_purchase_IAP_Kelsey_AND_20260427,tDzMEZEldS4Kei0r,50.35,13028,1117,,,,,,,,,
2026-07-28,ANDROID,dhgate_product317_FR_ACT&Nopay 30D_purchase_IAP_Kelsey_AND_20260526,zbor8ujPF081oChW,49.21,10132,1270,,,,,,,,,
2026-07-28,IOS,dhgate_product314_UK_Purchase 30D_purchase_IAP_Kelsey_IOS_20260424,NmHyz3ZrSwNTmf0j,100.27,5614,624,,,,,,,,,
2026-07-28,ANDROID,dhgate_product148_T1_Purchase 30D_purchase_IAP_Kelsey_AND_20260415,dVlitdxzfmXStKCR,100.6,15793,1326,,,,,,,,,
2026-07-28,IOS,dhgate_product137_US_Purchase 30D_purchase_IAP_Kelsey_IOS_20260402,Eo7scqEETcYxo6WH,50.09,4927,213,,,,,,,,,
2026-07-28,IOS,dhgate_dpa-ios_US_ACT&Nopay 30D_purchase_IAP_Kelsey_IOS_20260515,y55faIMh7doL5RvO,99.66,15835,249,,,,,,,,,
2026-07-28,ANDROID,dhgate_dpa-and_US_ACT&Nopay 30D_purchase_IAP_Kelsey_AND_20260511,M0ZXR7rklCeN7J9o,94.19,25684,903,,,,,,,,,
2026-07-28,IOS,dhgate_product381_US_ACT&Nopay 30D_purchase_IAP_Kelsey_IOS_20260624,koAG4uPwaNuNbSsi,250.77,20255,2055,,,,,,,,,
2026-07-28,IOS,dhgate_product318_T1_Purchase 30D_purchase_IAP_Kelsey_IOS_20260428,mayu0PGeMJEYQhWJ,50.11,10579,305,,,,,,,,,
2026-07-28,ANDROID,dhgate_product384_T1_ACT&Nopay 30D_purchase_IAP_Kelsey_AND_20260627,S76pXwyrVvtdre2B,98.3,29808,2235,,,,,,,,,
2026-07-28,ANDROID,dhgate_product384_T1_Purchase 30D_purchase_IAP_Kelsey_AND_20260709_D7,funYq3Yvepl5ocKc,151.2,13221,1909,,,,,,,,,
2026-07-28,ANDROID,dhgate_product418_T1_ACT&Nopay 30D_purchse_IAP_Kelsey_AND_20260722,GRTymfTgCFvj9zd3,50.32,10389,2103,,,,,,,,,
2026-07-28,IOS,dhgate_product384_T1_ACT&Nopay 30D_purchase_IAP_Kelsey_IOS_20260627,HgoIpNDJKiz1hrzc,100.3,16034,1130,,,,,,,,,
2026-07-28,IOS,dhgate_product423_US_Purchase 30D_purchse_IAP_Kelsey_IOS_20260728,o5eF2SQDR3dXJclO,7.68,178,88,,,,,,,,,
2026-07-28,ANDROID,dhgate_product423_US_Purchase 30D_purchse_IAP_Kelsey_AND_20260728,Ef9ggfylBoAeE9Ty,8.06,279,133,,,,,,,,,
2026-07-28,IOS,dhgate_product421_US_Purchase 30D_purchse_IAP_Kelsey_IOS_20260727,H6yJydBMXeBdmAVq,35.92,872,387,,,,,,,,,
2026-07-28,ANDROID,dhgate_product421_US_Purchase 30D_purchse_IAP_Kelsey_AND_20260727,LnzRoFBVlVp0Azzh,50.74,7165,415,,,,,,,,,
2026-07-28,ANDROID,dhgate_product420_US_Purchase 30D_purchse_IAP_Kelsey_AND_20260723,UxeRwjZMdJsp2uCh,50.47,4567,518,,,,,,,,,
2026-07-28,ANDROID,dhgate_product417_T1_ACT&Nopay 30D_purchse_IAP_Kelsey_AND_20260721,pKciwrr10Kcz9O8a,50.14,13426,1982,,,,,,,,,
2026-07-28,ANDROID,dhgate_product416_T1_ACT&Nopay 30D_purchse_IAP_Kelsey_AND_20260720,keisiJsWSukJumr6,50.07,5576,1853,,,,,,,,,
2026-07-28,IOS,dhgate_product415_UK_ACT&Nopay 30D_purchse_IAP_Kelsey_IOS_20260720,QsEaAhCMoLrvsawb,50.27,2173,584,,,,,,,,,
2026-07-28,ANDROID,dhgate_product414_UK_ACT&Nopay 30D_purchse_IAP_Kelsey_AND_20260717,Sta14UHs9lqoZaRk,44.21,2507,1011,,,,,,,,,
2026-07-28,ANDROID,dhgate_product409_US_Purchase 30D_purchse_IAP_Kelsey_AND_20260715,ZGa8bU3V5aZwVzXI,50.14,4921,525,,,,,,,,,
2026-07-28,IOS,dhgate_product405_US_Purchase 30D_purchse_IAP_Kelsey_IOS_20260714,pooV0geOxpxLrTu6,151.07,10230,755,,,,,,,,,
2026-07-28,IOS,dhgate_product403_US_Purchase 30D_purchse_IAP_Kelsey_IOS_20260713,OLvDIbZvBDJIzHMD,49.6,1113,470,,,,,,,,,
2026-07-28,ANDROID,dhgate_product403_US_Purchase 30D_purchse_IAP_Kelsey_AND_20260713,bgYcroQHZYVRMl2B,49.85,6919,997,,,,,,,,,
2026-07-28,IOS,dhgate_product386_US_Purchase 30D_purchase_IAP_Kelsey_IOS_20260630,kpNA9cC8I3HMEtHY,246.76,15505,1158,,,,,,,,,
2026-07-28,ANDROID,dhgate_product385_UK_ACT&Nopay 30D_purchase_IAP_Kelsey_AND_20260630,VzqTPrFSQDRkzKZj,100.28,12224,1574,,,,,,,,,
2026-07-28,IOS,dhgate_product384_T1_Purchase 30D_purchase_IAP_Kelsey_IOS_20260709_D7,a6HoTnERdU9tuFNK,50.23,5992,486,,,,,,,,,
2026-07-28,ANDROID,dhgate_product415_T1_ACT&Nopay 30D_purchse_IAP_Kelsey_AND_20260720,mAKCz6oEkG8RFtXq,50.33,7616,2310,,,,,,,,,
2026-07-29,ANDROID,dhgate_product367_UK_Purchase 30D_purchase_IAP_Kelsey_AND_20260530,AsUotp8z2P369W1o,100.43,8214,1044,,,,,,,,,
2026-07-29,IOS,dhgate_product364_US&FR_Purchase 30D_purchase_IAP_Kelsey_IOS_20260527,qX4oco28gDbrpBri,50.1,8375,200,,,,,,,,,
2026-07-29,ANDROID,dhgate_product368_T1_ACT&Nopay 30D_purchase_IAP_Kelsey_AND_20260727_D7,uucUGDXt8kl9pyWA,50.39,10288,2630,,,,,,,,,
2026-07-29,IOS,dhgate_product381_US_ACT&Nopay 30D_purchase_IAP_Kelsey_IOS_20260624,koAG4uPwaNuNbSsi,244.48,23919,1843,,,,,,,,,
2026-07-29,ANDROID,dhgate_product374_US_ACT&Nopay 30D_purchase_IAP_Kelsey_AND_20260610,lHtOeUxHZghwmdpM,49.06,14229,774,,,,,,,,,
2026-07-29,IOS,dhgate_product381_T1_Purchase 30D_purchase_IAP_Kelsey_IOS_20260727_D7,milHelMolS4qsU66,100.93,2682,1171,,,,,,,,,
2026-07-29,IOS,dhgate_product340_US_Purchase 30D_purchase_IAP_Kelsey_IOS_20260516,yznk4uz7IRlNu5TH,67.54,6396,326,,,,,,,,,
2026-07-29,IOS,dhgate_product372_T1_ACT&Nopay 30D_purchase_IAP_Kelsey_IOS_20260605,U4gzqzcEnoe3yurD,52.01,14254,595,,,,,,,,,
2026-07-29,IOS,dhgate_product340_T1_Purchase 30D_purchase_IAP_Kelsey_IOS_20260729_D7,g5OokwJOrTmd1BeC,12.52,489,255,,,,,,,,,
2026-07-29,ANDROID,dhgate_dpa-and_US_ACT&Nopay 30D_purchase_IAP_Kelsey_AND_20260511,M0ZXR7rklCeN7J9o,99.17,25390,919,,,,,,,,,
2026-07-29,IOS,dhgate_product318_T1_Purchase 30D_purchase_IAP_Kelsey_IOS_20260428,mayu0PGeMJEYQhWJ,46.04,9736,300,,,,,,,,,
2026-07-29,ANDROID,dhgate_product317_UK&FR_ACT&Nopay 30D_purchase_IAP_Kelsey_AND_20260427,tDzMEZEldS4Kei0r,50.29,13690,1012,,,,,,,,,
2026-07-29,ANDROID,dhgate_product317_FR_ACT&Nopay 30D_purchase_IAP_Kelsey_AND_20260526,zbor8ujPF081oChW,26.35,5521,664,,,,,,,,,
2026-07-29,IOS,dhgate_product314_UK_Purchase 30D_purchase_IAP_Kelsey_IOS_20260424,NmHyz3ZrSwNTmf0j,92.14,5225,552,,,,,,,,,
2026-07-29,ANDROID,dhgate_product148_T1_Purchase 30D_purchase_IAP_Kelsey_AND_20260415,dVlitdxzfmXStKCR,54.21,6864,654,,,,,,,,,
2026-07-29,IOS,dhgate_product138_FR_ACT&Nopay 30D_purchase_IAP_Kelsey_IOS_20260403,zNcB24si9mbzBPed,49.45,19760,580,,,,,,,,,
2026-07-29,IOS,dhgate_product137_US_Purchase 30D_purchase_IAP_Kelsey_IOS_20260402,Eo7scqEETcYxo6WH,50.11,4463,218,,,,,,,,,
2026-07-29,IOS,dhgate_dpa-ios_US_ACT&Nopay 30D_purchase_IAP_Kelsey_IOS_20260515,y55faIMh7doL5RvO,92.64,15467,200,,,,,,,,,
2026-07-29,IOS,dhgate_product319_US_Purchase 30D_purchase_IAP_Kelsey_IOS_20260429,SGOG7us7fBY7c5lH,119.71,16730,778,,,,,,,,,
2026-07-29,ANDROID,dhgate_product384_T1_ACT&Nopay 30D_purchase_IAP_Kelsey_AND_20260627,S76pXwyrVvtdre2B,100.56,32264,2196,,,,,,,,,
2026-07-29,IOS,dhgate_product423_US_Purchase 30D_purchse_IAP_Kelsey_IOS_20260728,o5eF2SQDR3dXJclO,49.23,1292,569,,,,,,,,,
2026-07-29,ANDROID,dhgate_product384_T1_Purchase 30D_purchase_IAP_Kelsey_AND_20260709_D7,funYq3Yvepl5ocKc,150.89,13698,1729,,,,,,,,,
2026-07-29,IOS,dhgate_product384_T1_ACT&Nopay 30D_purchase_IAP_Kelsey_IOS_20260627,HgoIpNDJKiz1hrzc,54.52,9954,716,,,,,,,,,
2026-07-29,ANDROID,dhgate_product423_US_Purchase 30D_purchse_IAP_Kelsey_AND_20260728,Ef9ggfylBoAeE9Ty,38.72,2569,567,,,,,,,,,
2026-07-29,IOS,dhgate_product421_US_Purchase 30D_purchse_IAP_Kelsey_IOS_20260727,H6yJydBMXeBdmAVq,44.1,1036,428,,,,,,,,,
2026-07-29,ANDROID,dhgate_product421_US_Purchase 30D_purchse_IAP_Kelsey_AND_20260727,LnzRoFBVlVp0Azzh,50.16,6323,378,,,,,,,,,
2026-07-29,ANDROID,dhgate_product420_US_Purchase 30D_purchse_IAP_Kelsey_AND_20260723,UxeRwjZMdJsp2uCh,50.05,5456,476,,,,,,,,,
2026-07-29,ANDROID,dhgate_product418_T1_ACT&Nopay 30D_purchse_IAP_Kelsey_AND_20260722,GRTymfTgCFvj9zd3,50.23,9483,2109,,,,,,,,,
2026-07-29,ANDROID,dhgate_product417_T1_ACT&Nopay 30D_purchse_IAP_Kelsey_AND_20260721,pKciwrr10Kcz9O8a,31.75,10089,607,,,,,,,,,
2026-07-29,ANDROID,dhgate_product416_T1_ACT&Nopay 30D_purchse_IAP_Kelsey_AND_20260720,keisiJsWSukJumr6,46.86,4836,1694,,,,,,,,,
2026-07-29,IOS,dhgate_product415_UK_ACT&Nopay 30D_purchse_IAP_Kelsey_IOS_20260720,QsEaAhCMoLrvsawb,46.08,6367,318,,,,,,,,,
2026-07-29,IOS,dhgate_product424_FR_Purchase 30D_purchse_IAP_Kelsey_IOS_20260729,yX9jJXeqNiTwpTR5,5.19,206,104,,,,,,,,,
2026-07-29,ANDROID,dhgate_product414_UK_ACT&Nopay 30D_purchse_IAP_Kelsey_AND_20260717,Sta14UHs9lqoZaRk,44.63,2312,987,,,,,,,,,
2026-07-29,ANDROID,dhgate_product415_T1_ACT&Nopay 30D_purchse_IAP_Kelsey_AND_20260720,mAKCz6oEkG8RFtXq,50.22,7939,2232,,,,,,,,,
2026-07-29,ANDROID,dhgate_product385_UK_ACT&Nopay 30D_purchase_IAP_Kelsey_AND_20260630,VzqTPrFSQDRkzKZj,60.12,6602,834,,,,,,,,,
2026-07-29,IOS,dhgate_product386_US_Purchase 30D_purchase_IAP_Kelsey_IOS_20260630,kpNA9cC8I3HMEtHY,250.65,14806,1181,,,,,,,,,
2026-07-29,ANDROID,dhgate_product403_US_Purchase 30D_purchse_IAP_Kelsey_AND_20260713,bgYcroQHZYVRMl2B,65.86,8086,1364,,,,,,,,,
2026-07-29,IOS,dhgate_product384_T1_Purchase 30D_purchase_IAP_Kelsey_IOS_20260709_D7,a6HoTnERdU9tuFNK,46.74,5986,383,,,,,,,,,
2026-07-29,IOS,dhgate_product405_US_Purchase 30D_purchse_IAP_Kelsey_IOS_20260714,pooV0geOxpxLrTu6,100.56,6240,458,,,,,,,,,
2026-07-29,ANDROID,dhgate_product409_T1_Purchase 30D_purchse_IAP_Kelsey_AND_20260729_D7,hzurSjf5sHyjVyUq,17.42,2056,449,,,,,,,,,
2026-07-29,ANDROID,dhgate_product409_US_Purchase 30D_purchse_IAP_Kelsey_AND_20260715,ZGa8bU3V5aZwVzXI,52.22,3428,485,,,,,,,,,
2026-07-29,IOS,dhgate_product403_US_Purchase 30D_purchse_IAP_Kelsey_IOS_20260713,OLvDIbZvBDJIzHMD,64.73,1432,569,,,,,,,,,
2026-07-30,IOS,dhgate_product384_T1_ACT&Nopay 30D_purchase_IAP_Kelsey_IOS_20260627,HgoIpNDJKiz1hrzc,50.22,10954,659,,,,,,,,,
2026-07-30,IOS,dhgate_product364_US&FR_Purchase 30D_purchase_IAP_Kelsey_IOS_20260527,qX4oco28gDbrpBri,49.75,8397,188,,,,,,,,,
2026-07-30,ANDROID,dhgate_product384_T1_ACT&Nopay 30D_purchase_IAP_Kelsey_AND_20260627,S76pXwyrVvtdre2B,99.43,31498,2404,,,,,,,,,
2026-07-30,IOS,dhgate_product381_US_ACT&Nopay 30D_purchase_IAP_Kelsey_IOS_20260624,koAG4uPwaNuNbSsi,250.31,23680,1972,,,,,,,,,
2026-07-30,ANDROID,dhgate_product374_US_ACT&Nopay 30D_purchase_IAP_Kelsey_AND_20260610,lHtOeUxHZghwmdpM,47.72,13269,751,,,,,,,,,
2026-07-30,IOS,dhgate_product372_T1_ACT&Nopay 30D_purchase_IAP_Kelsey_IOS_20260605,U4gzqzcEnoe3yurD,50.2,15757,530,,,,,,,,,
2026-07-30,ANDROID,dhgate_product368_T1_ACT&Nopay 30D_purchase_IAP_Kelsey_AND_20260727_D7,uucUGDXt8kl9pyWA,36.81,5285,1960,,,,,,,,,
2026-07-30,ANDROID,dhgate_product367_UK_Purchase 30D_purchase_IAP_Kelsey_AND_20260530,AsUotp8z2P369W1o,100.79,7864,959,,,,,,,,,
2026-07-30,IOS,dhgate_product340_US_Purchase 30D_purchase_IAP_Kelsey_IOS_20260516,yznk4uz7IRlNu5TH,108.77,8781,494,,,,,,,,,
2026-07-30,IOS,dhgate_product314_UK_Purchase 30D_purchase_IAP_Kelsey_IOS_20260424,NmHyz3ZrSwNTmf0j,96.43,5026,619,,,,,,,,,
2026-07-30,IOS,dhgate_product319_US_Purchase 30D_purchase_IAP_Kelsey_IOS_20260429,SGOG7us7fBY7c5lH,100.35,12473,716,,,,,,,,,
2026-07-30,IOS,dhgate_product318_T1_Purchase 30D_purchase_IAP_Kelsey_IOS_20260428,mayu0PGeMJEYQhWJ,50.06,9032,297,,,,,,,,,
2026-07-30,ANDROID,dhgate_product317_UK&FR_ACT&Nopay 30D_purchase_IAP_Kelsey_AND_20260427,tDzMEZEldS4Kei0r,50.24,11929,1161,,,,,,,,,
2026-07-30,ANDROID,dhgate_product148_T1_Purchase 30D_purchase_IAP_Kelsey_AND_20260415,dVlitdxzfmXStKCR,50.29,9445,561,,,,,,,,,
2026-07-30,IOS,dhgate_product138_FR_ACT&Nopay 30D_purchase_IAP_Kelsey_IOS_20260403,zNcB24si9mbzBPed,67.17,21213,862,,,,,,,,,
2026-07-30,IOS,dhgate_product137_US_Purchase 30D_purchase_IAP_Kelsey_IOS_20260402,Eo7scqEETcYxo6WH,45.8,4211,207,,,,,,,,,
2026-07-30,IOS,dhgate_dpa-ios_US_ACT&Nopay 30D_purchase_IAP_Kelsey_IOS_20260515,y55faIMh7doL5RvO,98.08,16684,216,,,,,,,,,
2026-07-30,ANDROID,dhgate_dpa-and_US_ACT&Nopay 30D_purchase_IAP_Kelsey_AND_20260511,M0ZXR7rklCeN7J9o,100.02,26374,948,,,,,,,,,
2026-07-30,ANDROID,dhgate_product384_T1_Purchase 30D_purchase_IAP_Kelsey_AND_20260709_D7,funYq3Yvepl5ocKc,150.42,13633,1773,,,,,,,,,
2026-07-30,IOS,dhgate_product340_T1_Purchase 30D_purchase_IAP_Kelsey_IOS_20260729_D7,g5OokwJOrTmd1BeC,44.04,1412,663,,,,,,,,,
2026-07-30,IOS,dhgate_product384_T1_Purchase 30D_purchase_IAP_Kelsey_IOS_20260709_D7,a6HoTnERdU9tuFNK,50.13,5737,463,,,,,,,,,
2026-07-30,IOS,dhgate_product425_UK_ACT&Nopay 30D_purchse_IAP_Kelsey_IOS_20260730,aE60NiYtJf0tEF6c,12.5,396,216,,,,,,,,,
2026-07-30,IOS,dhgate_product386_US_Purchase 30D_purchase_IAP_Kelsey_IOS_20260630,kpNA9cC8I3HMEtHY,249.97,15018,1198,,,,,,,,,
2026-07-30,ANDROID,dhgate_product425_UK_ACT&Nopay 30D_purchse_IAP_Kelsey_AND_20260730,lXN5Czhh4qaoBhxV,11.33,742,358,,,,,,,,,
2026-07-30,ANDROID,dhgate_product424_UK_Purchase 30D_purchse_IAP_Kelsey_AND_20260729,xbNZUG8GRKBS7Xp6,0.05,8,4,,,,,,,,,
2026-07-30,IOS,dhgate_product424_FR_Purchase 30D_purchse_IAP_Kelsey_IOS_20260729,yX9jJXeqNiTwpTR5,25.72,996,413,,,,,,,,,
2026-07-30,IOS,dhgate_product423_US_Purchase 30D_purchse_IAP_Kelsey_IOS_20260728,o5eF2SQDR3dXJclO,50.83,1321,569,,,,,,,,,
2026-07-30,ANDROID,dhgate_product423_US_Purchase 30D_purchse_IAP_Kelsey_AND_20260728,Ef9ggfylBoAeE9Ty,50.1,4811,667,,,,,,,,,
2026-07-30,IOS,dhgate_product421_US_Purchase 30D_purchse_IAP_Kelsey_IOS_20260727,H6yJydBMXeBdmAVq,51.33,1308,442,,,,,,,,,
2026-07-30,ANDROID,dhgate_product421_US_Purchase 30D_purchse_IAP_Kelsey_AND_20260727,LnzRoFBVlVp0Azzh,46.35,3451,442,,,,,,,,,
2026-07-30,IOS,dhgate_product420_US_Purchase 30D_purchse_IAP_Kelsey_IOS_20260723,PyqKKirYV9Yg6uFd,16.27,341,189,,,,,,,,,
2026-07-30,ANDROID,dhgate_product420_US_Purchase 30D_purchse_IAP_Kelsey_AND_20260723,UxeRwjZMdJsp2uCh,50.09,4841,557,,,,,,,,,
2026-07-30,ANDROID,dhgate_product385_UK_ACT&Nopay 30D_purchase_IAP_Kelsey_AND_20260630,VzqTPrFSQDRkzKZj,50.16,6351,753,,,,,,,,,
2026-07-30,ANDROID,dhgate_product416_T1_ACT&Nopay 30D_purchse_IAP_Kelsey_AND_20260720,keisiJsWSukJumr6,50.34,5078,1943,,,,,,,,,
2026-07-30,IOS,dhgate_product415_UK_ACT&Nopay 30D_purchse_IAP_Kelsey_IOS_20260720,QsEaAhCMoLrvsawb,47.47,5415,370,,,,,,,,,
2026-07-30,ANDROID,dhgate_product415_T1_ACT&Nopay 30D_purchse_IAP_Kelsey_AND_20260720,mAKCz6oEkG8RFtXq,50.27,8373,2584,,,,,,,,,
2026-07-30,ANDROID,dhgate_product414_UK_ACT&Nopay 30D_purchse_IAP_Kelsey_AND_20260717,Sta14UHs9lqoZaRk,40.29,2956,857,,,,,,,,,
2026-07-30,ANDROID,dhgate_product409_US_Purchase 30D_purchse_IAP_Kelsey_AND_20260715,ZGa8bU3V5aZwVzXI,50.49,2194,359,,,,,,,,,
2026-07-30,ANDROID,dhgate_product409_T1_Purchase 30D_purchse_IAP_Kelsey_AND_20260729_D7,hzurSjf5sHyjVyUq,48.24,4071,1067,,,,,,,,,
2026-07-30,IOS,dhgate_product405_US_Purchase 30D_purchse_IAP_Kelsey_IOS_20260714,pooV0geOxpxLrTu6,79.16,5106,396,,,,,,,,,
2026-07-30,IOS,dhgate_product403_US_Purchase 30D_purchse_IAP_Kelsey_IOS_20260713,OLvDIbZvBDJIzHMD,83.7,1538,687,,,,,,,,,
2026-07-30,ANDROID,dhgate_product403_US_Purchase 30D_purchse_IAP_Kelsey_AND_20260713,bgYcroQHZYVRMl2B,94.97,11395,1593,,,,,,,,,
2026-07-30,ANDROID,dhgate_product418_T1_ACT&Nopay 30D_purchse_IAP_Kelsey_AND_20260722,GRTymfTgCFvj9zd3,50.29,10793,2078,,,,,,,,,
2026-07-31,ANDROID,dhgate_product367_UK_Purchase 30D_purchase_IAP_Kelsey_AND_20260530,AsUotp8z2P369W1o,100.56,7242,878,,,,,,,,,
2026-07-31,IOS,dhgate_product372_T1_ACT&Nopay 30D_purchase_IAP_Kelsey_IOS_20260605,U4gzqzcEnoe3yurD,50.21,14241,499,,,,,,,,,
2026-07-31,ANDROID,dhgate_product374_US_ACT&Nopay 30D_purchase_IAP_Kelsey_AND_20260610,lHtOeUxHZghwmdpM,49.47,12733,547,,,,,,,,,
2026-07-31,ANDROID,dhgate_product384_T1_Purchase 30D_purchase_IAP_Kelsey_AND_20260709_D7,funYq3Yvepl5ocKc,150.58,11940,1374,,,,,,,,,
2026-07-31,ANDROID,dhgate_product384_T1_ACT&Nopay 30D_purchase_IAP_Kelsey_AND_20260627,S76pXwyrVvtdre2B,100.43,26994,1638,,,,,,,,,
2026-07-31,IOS,dhgate_product384_T1_ACT&Nopay 30D_purchase_IAP_Kelsey_IOS_20260627,HgoIpNDJKiz1hrzc,48.97,10490,571,,,,,,,,,
2026-07-31,IOS,dhgate_product364_US&FR_Purchase 30D_purchase_IAP_Kelsey_IOS_20260527,qX4oco28gDbrpBri,50.41,7957,234,,,,,,,,,
2026-07-31,IOS,dhgate_product381_US_ACT&Nopay 30D_purchase_IAP_Kelsey_IOS_20260624,koAG4uPwaNuNbSsi,250.74,22368,1759,,,,,,,,,
2026-07-31,IOS,dhgate_product340_US_Purchase 30D_purchase_IAP_Kelsey_IOS_20260516,yznk4uz7IRlNu5TH,150.43,9935,661,,,,,,,,,
2026-07-31,IOS,dhgate_product314_UK_Purchase 30D_purchase_IAP_Kelsey_IOS_20260424,NmHyz3ZrSwNTmf0j,100.68,4677,542,,,,,,,,,
2026-07-31,IOS,dhgate_product319_US_Purchase 30D_purchase_IAP_Kelsey_IOS_20260429,SGOG7us7fBY7c5lH,100.54,12471,524,,,,,,,,,
2026-07-31,IOS,dhgate_product318_T1_Purchase 30D_purchase_IAP_Kelsey_IOS_20260428,mayu0PGeMJEYQhWJ,50.5,7919,325,,,,,,,,,
2026-07-31,ANDROID,dhgate_product317_UK&FR_ACT&Nopay 30D_purchase_IAP_Kelsey_AND_20260427,tDzMEZEldS4Kei0r,50.26,11704,924,,,,,,,,,
2026-07-31,ANDROID,dhgate_product148_T1_Purchase 30D_purchase_IAP_Kelsey_AND_20260415,dVlitdxzfmXStKCR,50.19,8130,455,,,,,,,,,
2026-07-31,IOS,dhgate_product138_FR_ACT&Nopay 30D_purchase_IAP_Kelsey_IOS_20260403,zNcB24si9mbzBPed,100.26,26973,1099,,,,,,,,,
2026-07-31,IOS,dhgate_product137_US_Purchase 30D_purchase_IAP_Kelsey_IOS_20260402,Eo7scqEETcYxo6WH,49.96,3962,221,,,,,,,,,
2026-07-31,IOS,dhgate_dpa-ios_US_ACT&Nopay 30D_purchase_IAP_Kelsey_IOS_20260515,y55faIMh7doL5RvO,96.52,15053,157,,,,,,,,,
2026-07-31,IOS,dhgate_product384_T1_Purchase 30D_purchase_IAP_Kelsey_IOS_20260709_D7,a6HoTnERdU9tuFNK,50.15,5271,420,,,,,,,,,
2026-07-31,IOS,dhgate_product340_T1_Purchase 30D_purchase_IAP_Kelsey_IOS_20260729_D7,g5OokwJOrTmd1BeC,50.09,1367,664,,,,,,,,,
2026-07-31,ANDROID,dhgate_dpa-and_US_ACT&Nopay 30D_purchase_IAP_Kelsey_AND_20260511,M0ZXR7rklCeN7J9o,100.15,24293,796,,,,,,,,,
2026-07-31,ANDROID,dhgate_product385_UK_ACT&Nopay 30D_purchase_IAP_Kelsey_AND_20260630,VzqTPrFSQDRkzKZj,50.2,6060,604,,,,,,,,,
2026-07-31,ANDROID,dhgate_product403_US_Purchase 30D_purchse_IAP_Kelsey_AND_20260713,bgYcroQHZYVRMl2B,97.38,10740,1259,,,,,,,,,
2026-07-31,IOS,dhgate_product386_US_Purchase 30D_purchase_IAP_Kelsey_IOS_20260630,kpNA9cC8I3HMEtHY,250.99,14208,1094,,,,,,,,,
2026-07-31,IOS,dhgate_product425_UK_ACT&Nopay 30D_purchse_IAP_Kelsey_IOS_20260730,aE60NiYtJf0tEF6c,50.46,1282,694,,,,,,,,,
2026-07-31,ANDROID,dhgate_product425_UK_ACT&Nopay 30D_purchse_IAP_Kelsey_AND_20260730,lXN5Czhh4qaoBhxV,40.98,2392,1134,,,,,,,,,
2026-07-31,ANDROID,dhgate_product424_UK_Purchase 30D_purchse_IAP_Kelsey_AND_20260729,xbNZUG8GRKBS7Xp6,24.2,1816,535,,,,,,,,,
2026-07-31,IOS,dhgate_product424_FR_Purchase 30D_purchse_IAP_Kelsey_IOS_20260729,yX9jJXeqNiTwpTR5,29.25,1369,408,,,,,,,,,
2026-07-31,ANDROID,dhgate_product423_US_Purchase 30D_purchse_IAP_Kelsey_AND_20260728,Ef9ggfylBoAeE9Ty,50.36,6433,609,,,,,,,,,
2026-07-31,IOS,dhgate_product421_US_Purchase 30D_purchse_IAP_Kelsey_IOS_20260727,H6yJydBMXeBdmAVq,50.04,4752,213,,,,,,,,,
2026-07-31,IOS,dhgate_product420_US_Purchase 30D_purchse_IAP_Kelsey_IOS_20260723,PyqKKirYV9Yg6uFd,49.25,1156,530,,,,,,,,,
2026-07-31,ANDROID,dhgate_product420_US_Purchase 30D_purchse_IAP_Kelsey_AND_20260723,UxeRwjZMdJsp2uCh,50.33,3059,571,,,,,,,,,
2026-07-31,IOS,dhgate_product423_US_Purchase 30D_purchse_IAP_Kelsey_IOS_20260728,o5eF2SQDR3dXJclO,50.54,1230,564,,,,,,,,,
2026-07-31,ANDROID,dhgate_product416_T1_ACT&Nopay 30D_purchse_IAP_Kelsey_AND_20260720,keisiJsWSukJumr6,48.91,6777,2106,,,,,,,,,
2026-07-31,ANDROID,dhgate_product418_T1_ACT&Nopay 30D_purchse_IAP_Kelsey_AND_20260722,GRTymfTgCFvj9zd3,50.09,9557,1932,,,,,,,,,
2026-07-31,IOS,dhgate_product405_US_Purchase 30D_purchse_IAP_Kelsey_IOS_20260714,pooV0geOxpxLrTu6,50.11,4293,196,,,,,,,,,
2026-07-31,ANDROID,dhgate_product409_T1_Purchase 30D_purchse_IAP_Kelsey_AND_20260729_D7,hzurSjf5sHyjVyUq,50.47,4346,1208,,,,,,,,,
2026-07-31,ANDROID,dhgate_product409_US_Purchase 30D_purchse_IAP_Kelsey_AND_20260715,ZGa8bU3V5aZwVzXI,50.12,5221,813,,,,,,,,,
2026-07-31,IOS,dhgate_product403_US_Purchase 30D_purchse_IAP_Kelsey_IOS_20260713,OLvDIbZvBDJIzHMD,100.28,1730,803,,,,,,,,,
2026-07-31,ANDROID,dhgate_product415_T1_ACT&Nopay 30D_purchse_IAP_Kelsey_AND_20260720,mAKCz6oEkG8RFtXq,48.3,11799,2907,,,,,,,,,
2026-07-31,IOS,dhgate_product415_UK_ACT&Nopay 30D_purchse_IAP_Kelsey_IOS_20260720,QsEaAhCMoLrvsawb,48.67,5135,343,,,,,,,,,
2026-07-31,ANDROID,dhgate_product414_UK_ACT&Nopay 30D_purchse_IAP_Kelsey_AND_20260717,Sta14UHs9lqoZaRk,50.32,5991,565,,,,,,,,,
2026-08-01,IOS,dhgate_product340_US_Purchase 30D_purchase_IAP_Kelsey_IOS_20260516,yznk4uz7IRlNu5TH,139.56,8224,653,,,,,,,,,
2026-08-01,IOS,dhgate_product384_T1_ACT&Nopay 30D_purchase_IAP_Kelsey_IOS_20260627,HgoIpNDJKiz1hrzc,48.01,9921,620,,,,,,,,,
2026-08-01,ANDROID,dhgate_product384_T1_ACT&Nopay 30D_purchase_IAP_Kelsey_AND_20260627,S76pXwyrVvtdre2B,100.09,25922,1575,,,,,,,,,
2026-08-01,IOS,dhgate_product381_US_ACT&Nopay 30D_purchase_IAP_Kelsey_IOS_20260624,koAG4uPwaNuNbSsi,250.84,21183,1956,,,,,,,,,
2026-08-01,ANDROID,dhgate_product374_US_ACT&Nopay 30D_purchase_IAP_Kelsey_AND_20260610,lHtOeUxHZghwmdpM,47.88,12466,632,,,,,,,,,
2026-08-01,IOS,dhgate_product372_T1_ACT&Nopay 30D_purchase_IAP_Kelsey_IOS_20260605,U4gzqzcEnoe3yurD,49.38,13608,567,,,,,,,,,
2026-08-01,ANDROID,dhgate_product367_UK_Purchase 30D_purchase_IAP_Kelsey_AND_20260530,AsUotp8z2P369W1o,100.3,7373,866,,,,,,,,,
2026-08-01,IOS,dhgate_product364_US&FR_Purchase 30D_purchase_IAP_Kelsey_IOS_20260527,qX4oco28gDbrpBri,50.41,6423,189,,,,,,,,,
2026-08-01,IOS,dhgate_product340_T1_Purchase 30D_purchase_IAP_Kelsey_IOS_20260729_D7,g5OokwJOrTmd1BeC,50.06,1386,653,,,,,,,,,
2026-08-01,ANDROID,dhgate_product384_T1_Purchase 30D_purchase_IAP_Kelsey_AND_20260709_D7,funYq3Yvepl5ocKc,150.78,11988,1376,,,,,,,,,
2026-08-01,IOS,dhgate_product318_T1_Purchase 30D_purchase_IAP_Kelsey_IOS_20260428,mayu0PGeMJEYQhWJ,50.24,7666,285,,,,,,,,,
2026-08-01,ANDROID,dhgate_product317_UK&FR_ACT&Nopay 30D_purchase_IAP_Kelsey_AND_20260427,tDzMEZEldS4Kei0r,49.51,11360,920,,,,,,,,,
2026-08-01,IOS,dhgate_product314_UK_Purchase 30D_purchase_IAP_Kelsey_IOS_20260424,NmHyz3ZrSwNTmf0j,90.54,4510,475,,,,,,,,,
2026-08-01,ANDROID,dhgate_product148_T1_Purchase 30D_purchase_IAP_Kelsey_AND_20260415,dVlitdxzfmXStKCR,50.55,8023,469,,,,,,,,,
2026-08-01,IOS,dhgate_product138_FR_ACT&Nopay 30D_purchase_IAP_Kelsey_IOS_20260403,zNcB24si9mbzBPed,100.52,26542,1268,,,,,,,,,
2026-08-01,IOS,dhgate_product137_US_Purchase 30D_purchase_IAP_Kelsey_IOS_20260402,Eo7scqEETcYxo6WH,49.25,3237,192,,,,,,,,,
2026-08-01,IOS,dhgate_dpa-ios_US_ACT&Nopay 30D_purchase_IAP_Kelsey_IOS_20260515,y55faIMh7doL5RvO,98.42,14866,148,,,,,,,,,
2026-08-01,ANDROID,dhgate_dpa-and_US_ACT&Nopay 30D_purchase_IAP_Kelsey_AND_20260511,M0ZXR7rklCeN7J9o,98.25,22734,945,,,,,,,,,
2026-08-01,IOS,dhgate_product319_US_Purchase 30D_purchase_IAP_Kelsey_IOS_20260429,SGOG7us7fBY7c5lH,100.37,11674,524,,,,,,,,,
2026-08-01,IOS,dhgate_product384_T1_Purchase 30D_purchase_IAP_Kelsey_IOS_20260709_D7,a6HoTnERdU9tuFNK,48.82,4763,375,,,,,,,,,
2026-08-01,IOS,dhgate_product423_US_Purchase 30D_purchse_IAP_Kelsey_IOS_20260728,o5eF2SQDR3dXJclO,49.03,1577,542,,,,,,,,,
2026-08-01,IOS,dhgate_product386_US_Purchase 30D_purchase_IAP_Kelsey_IOS_20260630,kpNA9cC8I3HMEtHY,248.07,12867,1113,,,,,,,,,
2026-08-01,ANDROID,dhgate_product425_UK_ACT&Nopay 30D_purchse_IAP_Kelsey_AND_20260730,lXN5Czhh4qaoBhxV,40.24,2068,985,,,,,,,,,
2026-08-01,ANDROID,dhgate_product424_UK_Purchase 30D_purchse_IAP_Kelsey_AND_20260729,xbNZUG8GRKBS7Xp6,50.39,2952,836,,,,,,,,,
2026-08-01,IOS,dhgate_product424_FR_Purchase 30D_purchse_IAP_Kelsey_IOS_20260729,yX9jJXeqNiTwpTR5,32.22,1355,457,,,,,,,,,
2026-08-01,IOS,dhgate_product425_UK_ACT&Nopay 30D_purchse_IAP_Kelsey_IOS_20260730,aE60NiYtJf0tEF6c,50.07,1253,695,,,,,,,,,
2026-08-01,ANDROID,dhgate_product423_US_Purchase 30D_purchse_IAP_Kelsey_AND_20260728,Ef9ggfylBoAeE9Ty,50.26,9556,405,,,,,,,,,
2026-08-01,IOS,dhgate_product421_US_Purchase 30D_purchse_IAP_Kelsey_IOS_20260727,H6yJydBMXeBdmAVq,48.82,4919,213,,,,,,,,,
2026-08-01,IOS,dhgate_product420_US_Purchase 30D_purchse_IAP_Kelsey_IOS_20260723,PyqKKirYV9Yg6uFd,50.04,1173,501,,,,,,,,,
2026-08-01,ANDROID,dhgate_product420_US_Purchase 30D_purchse_IAP_Kelsey_AND_20260723,UxeRwjZMdJsp2uCh,50.35,3015,569,,,,,,,,,
2026-08-01,ANDROID,dhgate_product418_T1_ACT&Nopay 30D_purchse_IAP_Kelsey_AND_20260722,GRTymfTgCFvj9zd3,49.71,18002,676,,,,,,,,,
2026-08-01,ANDROID,dhgate_product385_UK_ACT&Nopay 30D_purchase_IAP_Kelsey_AND_20260630,VzqTPrFSQDRkzKZj,50.21,6367,626,,,,,,,,,
2026-08-01,IOS,dhgate_product415_UK_ACT&Nopay 30D_purchse_IAP_Kelsey_IOS_20260720,QsEaAhCMoLrvsawb,47.89,5078,391,,,,,,,,,
2026-08-01,ANDROID,dhgate_product415_T1_ACT&Nopay 30D_purchse_IAP_Kelsey_AND_20260720,mAKCz6oEkG8RFtXq,50.28,11865,3026,,,,,,,,,
2026-08-01,ANDROID,dhgate_product414_UK_ACT&Nopay 30D_purchse_IAP_Kelsey_AND_20260717,Sta14UHs9lqoZaRk,50.3,6596,652,,,,,,,,,
2026-08-01,ANDROID,dhgate_product409_US_Purchase 30D_purchse_IAP_Kelsey_AND_20260715,ZGa8bU3V5aZwVzXI,50.05,4777,741,,,,,,,,,
2026-08-01,ANDROID,dhgate_product409_T1_Purchase 30D_purchse_IAP_Kelsey_AND_20260729_D7,hzurSjf5sHyjVyUq,52.64,3994,1042,,,,,,,,,
2026-08-01,IOS,dhgate_product405_US_Purchase 30D_purchse_IAP_Kelsey_IOS_20260714,pooV0geOxpxLrTu6,50.14,3750,229,,,,,,,,,
2026-08-01,IOS,dhgate_product403_US_Purchase 30D_purchse_IAP_Kelsey_IOS_20260713,OLvDIbZvBDJIzHMD,105.8,1685,843,,,,,,,,,
2026-08-01,ANDROID,dhgate_product403_US_Purchase 30D_purchse_IAP_Kelsey_AND_20260713,bgYcroQHZYVRMl2B,100.19,9909,1285,,,,,,,,,
2026-08-01,ANDROID,dhgate_product416_T1_ACT&Nopay 30D_purchse_IAP_Kelsey_AND_20260720,keisiJsWSukJumr6,50.33,7171,2141,,,,,,,,,
2026-08-02,IOS,dhgate_product364_US&FR_Purchase 30D_purchase_IAP_Kelsey_IOS_20260527,qX4oco28gDbrpBri,50.17,8441,199,,,,,,,,,
2026-08-02,ANDROID,dhgate_product367_UK_Purchase 30D_purchase_IAP_Kelsey_AND_20260530,AsUotp8z2P369W1o,98.67,7471,904,,,,,,,,,
2026-08-02,ANDROID,dhgate_product384_T1_ACT&Nopay 30D_purchase_IAP_Kelsey_AND_20260627,S76pXwyrVvtdre2B,100.27,27601,1726,,,,,,,,,
2026-08-02,ANDROID,dhgate_product374_US_ACT&Nopay 30D_purchase_IAP_Kelsey_AND_20260610,lHtOeUxHZghwmdpM,47.25,13143,569,,,,,,,,,
2026-08-02,IOS,dhgate_product381_US_ACT&Nopay 30D_purchase_IAP_Kelsey_IOS_20260624,koAG4uPwaNuNbSsi,240.49,22227,1828,,,,,,,,,
2026-08-02,IOS,dhgate_product340_US_Purchase 30D_purchase_IAP_Kelsey_IOS_20260516,yznk4uz7IRlNu5TH,150.58,9296,644,,,,,,,,,
2026-08-02,IOS,dhgate_product372_T1_ACT&Nopay 30D_purchase_IAP_Kelsey_IOS_20260605,U4gzqzcEnoe3yurD,50.16,13845,503,,,,,,,,,
2026-08-02,IOS,dhgate_product340_T1_Purchase 30D_purchase_IAP_Kelsey_IOS_20260729_D7,g5OokwJOrTmd1BeC,50.06,1264,707,,,,,,,,,
2026-08-02,ANDROID,dhgate_product148_T1_Purchase 30D_purchase_IAP_Kelsey_AND_20260415,dVlitdxzfmXStKCR,50.35,8529,477,,,,,,,,,
2026-08-02,IOS,dhgate_product318_T1_Purchase 30D_purchase_IAP_Kelsey_IOS_20260428,mayu0PGeMJEYQhWJ,50.22,6832,297,,,,,,,,,
2026-08-02,ANDROID,dhgate_product317_UK&FR_ACT&Nopay 30D_purchase_IAP_Kelsey_AND_20260427,tDzMEZEldS4Kei0r,50.33,11312,952,,,,,,,,,
2026-08-02,IOS,dhgate_product314_UK_Purchase 30D_purchase_IAP_Kelsey_IOS_20260424,NmHyz3ZrSwNTmf0j,96.92,4658,545,,,,,,,,,
2026-08-02,IOS,dhgate_product138_FR_ACT&Nopay 30D_purchase_IAP_Kelsey_IOS_20260403,zNcB24si9mbzBPed,100.31,22766,1298,,,,,,,,,
2026-08-02,IOS,dhgate_product137_US_Purchase 30D_purchase_IAP_Kelsey_IOS_20260402,Eo7scqEETcYxo6WH,50.43,3860,239,,,,,,,,,
2026-08-02,IOS,dhgate_dpa-ios_US_ACT&Nopay 30D_purchase_IAP_Kelsey_IOS_20260515,y55faIMh7doL5RvO,97.12,16654,158,,,,,,,,,
2026-08-02,ANDROID,dhgate_dpa-and_US_ACT&Nopay 30D_purchase_IAP_Kelsey_AND_20260511,M0ZXR7rklCeN7J9o,95.83,24707,733,,,,,,,,,
2026-08-02,IOS,dhgate_product384_T1_ACT&Nopay 30D_purchase_IAP_Kelsey_IOS_20260627,HgoIpNDJKiz1hrzc,50.19,10197,627,,,,,,,,,
2026-08-02,IOS,dhgate_product319_US_Purchase 30D_purchase_IAP_Kelsey_IOS_20260429,SGOG7us7fBY7c5lH,100.38,11157,580,,,,,,,,,
2026-08-02,ANDROID,dhgate_product384_T1_Purchase 30D_purchase_IAP_Kelsey_AND_20260709_D7,funYq3Yvepl5ocKc,150.44,12588,1508,,,,,,,,,
2026-08-02,IOS,dhgate_product384_T1_Purchase 30D_purchase_IAP_Kelsey_IOS_20260709_D7,a6HoTnERdU9tuFNK,50.25,4448,412,,,,,,,,,
2026-08-02,IOS,dhgate_product425_UK_ACT&Nopay 30D_purchse_IAP_Kelsey_IOS_20260730,aE60NiYtJf0tEF6c,35.18,927,553,,,,,,,,,
2026-08-02,ANDROID,dhgate_product385_UK_ACT&Nopay 30D_purchase_IAP_Kelsey_AND_20260630,VzqTPrFSQDRkzKZj,50.26,6028,573,,,,,,,,,
2026-08-02,ANDROID,dhgate_product425_UK_ACT&Nopay 30D_purchse_IAP_Kelsey_AND_20260730,lXN5Czhh4qaoBhxV,36.8,1795,965,,,,,,,,,
2026-08-02,ANDROID,dhgate_product424_UK_Purchase 30D_purchse_IAP_Kelsey_AND_20260729,xbNZUG8GRKBS7Xp6,32.04,1402,493,,,,,,,,,
2026-08-02,IOS,dhgate_product424_FR_Purchase 30D_purchse_IAP_Kelsey_IOS_20260729,yX9jJXeqNiTwpTR5,43.74,4254,471,,,,,,,,,
2026-08-02,IOS,dhgate_product423_US_Purchase 30D_purchse_IAP_Kelsey_IOS_20260728,o5eF2SQDR3dXJclO,45.92,1346,467,,,,,,,,,
2026-08-02,ANDROID,dhgate_product423_US_Purchase 30D_purchse_IAP_Kelsey_AND_20260728,Ef9ggfylBoAeE9Ty,49.99,10056,435,,,,,,,,,
2026-08-02,IOS,dhgate_product420_US_Purchase 30D_purchse_IAP_Kelsey_IOS_20260723,PyqKKirYV9Yg6uFd,46.84,1384,498,,,,,,,,,
2026-08-02,ANDROID,dhgate_product420_US_Purchase 30D_purchse_IAP_Kelsey_AND_20260723,UxeRwjZMdJsp2uCh,50.44,3029,483,,,,,,,,,
2026-08-02,ANDROID,dhgate_product418_T1_ACT&Nopay 30D_purchse_IAP_Kelsey_AND_20260722,GRTymfTgCFvj9zd3,49.06,19219,856,,,,,,,,,
2026-08-02,IOS,dhgate_product421_US_Purchase 30D_purchse_IAP_Kelsey_IOS_20260727,H6yJydBMXeBdmAVq,50.1,4781,273,,,,,,,,,
2026-08-02,IOS,dhgate_product415_UK_ACT&Nopay 30D_purchse_IAP_Kelsey_IOS_20260720,QsEaAhCMoLrvsawb,50.29,4537,382,,,,,,,,,
2026-08-02,ANDROID,dhgate_product416_T1_ACT&Nopay 30D_purchse_IAP_Kelsey_AND_20260720,keisiJsWSukJumr6,50.25,6733,1743,,,,,,,,,
2026-08-02,ANDROID,dhgate_product403_US_Purchase 30D_purchse_IAP_Kelsey_AND_20260713,bgYcroQHZYVRMl2B,96.86,11947,1349,,,,,,,,,
2026-08-02,IOS,dhgate_product403_US_Purchase 30D_purchse_IAP_Kelsey_IOS_20260713,OLvDIbZvBDJIzHMD,121.35,1811,911,,,,,,,,,
2026-08-02,IOS,dhgate_product405_US_Purchase 30D_purchse_IAP_Kelsey_IOS_20260714,pooV0geOxpxLrTu6,50.05,4929,221,,,,,,,,,
2026-08-02,IOS,dhgate_product386_US_Purchase 30D_purchase_IAP_Kelsey_IOS_20260630,kpNA9cC8I3HMEtHY,250.79,15803,1108,,,,,,,,,
2026-08-02,ANDROID,dhgate_product409_US_Purchase 30D_purchse_IAP_Kelsey_AND_20260715,ZGa8bU3V5aZwVzXI,45.54,5045,635,,,,,,,,,
2026-08-02,ANDROID,dhgate_product414_UK_ACT&Nopay 30D_purchse_IAP_Kelsey_AND_20260717,Sta14UHs9lqoZaRk,50.23,6149,596,,,,,,,,,
2026-08-02,ANDROID,dhgate_product415_T1_ACT&Nopay 30D_purchse_IAP_Kelsey_AND_20260720,mAKCz6oEkG8RFtXq,50.37,8598,2730,,,,,,,,,
2026-08-02,ANDROID,dhgate_product409_T1_Purchase 30D_purchse_IAP_Kelsey_AND_20260729_D7,hzurSjf5sHyjVyUq,50.33,2157,474,,,,,,,,,
2026-08-03,ANDROID,dhgate_product367_UK_Purchase 30D_purchase_IAP_Kelsey_AND_20260530,AsUotp8z2P369W1o,100.51,7640,955,,,,,,,,,
2026-08-03,IOS,dhgate_product384_T1_Purchase 30D_purchase_IAP_Kelsey_IOS_20260709_D7,a6HoTnERdU9tuFNK,50.36,5812,448,,,,,,,,,
2026-08-03,ANDROID,dhgate_product384_T1_Purchase 30D_purchase_IAP_Kelsey_AND_20260709_D7,funYq3Yvepl5ocKc,150.69,12101,1652,,,,,,,,,
2026-08-03,IOS,dhgate_product384_T1_ACT&Nopay 30D_purchase_IAP_Kelsey_IOS_20260627,HgoIpNDJKiz1hrzc,60.73,14914,664,,,,,,,,,
2026-08-03,ANDROID,dhgate_product384_T1_ACT&Nopay 30D_purchase_IAP_Kelsey_AND_20260627,S76pXwyrVvtdre2B,100.61,28796,2315,,,,,,,,,
2026-08-03,IOS,dhgate_product381_US_ACT&Nopay 30D_purchase_IAP_Kelsey_IOS_20260624,koAG4uPwaNuNbSsi,232.51,24843,1653,,,,,,,,,
2026-08-03,ANDROID,dhgate_product374_US_ACT&Nopay 30D_purchase_IAP_Kelsey_AND_20260610,lHtOeUxHZghwmdpM,37.2,10173,534,,,,,,,,,
2026-08-03,IOS,dhgate_product372_T1_ACT&Nopay 30D_purchase_IAP_Kelsey_IOS_20260605,U4gzqzcEnoe3yurD,59.16,19344,591,,,,,,,,,
2026-08-03,IOS,dhgate_product364_US&FR_Purchase 30D_purchase_IAP_Kelsey_IOS_20260527,qX4oco28gDbrpBri,37.46,5153,154,,,,,,,,,
2026-08-03,ANDROID,dhgate_product385_UK_ACT&Nopay 30D_purchase_IAP_Kelsey_AND_20260630,VzqTPrFSQDRkzKZj,67.35,7007,863,,,,,,,,,
2026-08-03,IOS,dhgate_product340_T1_Purchase 30D_purchase_IAP_Kelsey_IOS_20260729_D7,g5OokwJOrTmd1BeC,50.82,1960,612,,,,,,,,,
2026-08-03,IOS,dhgate_product319_US_Purchase 30D_purchase_IAP_Kelsey_IOS_20260429,SGOG7us7fBY7c5lH,99.91,12330,596,,,,,,,,,
2026-08-03,IOS,dhgate_product318_T1_Purchase 30D_purchase_IAP_Kelsey_IOS_20260428,mayu0PGeMJEYQhWJ,63.91,9522,387,,,,,,,,,
2026-08-03,ANDROID,dhgate_product317_UK&FR_ACT&Nopay 30D_purchase_IAP_Kelsey_AND_20260427,tDzMEZEldS4Kei0r,50.24,10791,1227,,,,,,,,,
2026-08-03,ANDROID,dhgate_product148_T1_Purchase 30D_purchase_IAP_Kelsey_AND_20260415,dVlitdxzfmXStKCR,49.4,7436,543,,,,,,,,,
2026-08-03,IOS,dhgate_product138_FR_ACT&Nopay 30D_purchase_IAP_Kelsey_IOS_20260403,zNcB24si9mbzBPed,100.36,31834,1117,,,,,,,,,
2026-08-03,IOS,dhgate_product137_US_Purchase 30D_purchase_IAP_Kelsey_IOS_20260402,Eo7scqEETcYxo6WH,46.6,3629,184,,,,,,,,,
2026-08-03,IOS,dhgate_dpa-ios_US_ACT&Nopay 30D_purchase_IAP_Kelsey_IOS_20260515,y55faIMh7doL5RvO,94.77,15892,180,,,,,,,,,
2026-08-03,ANDROID,dhgate_dpa-and_US_ACT&Nopay 30D_purchase_IAP_Kelsey_AND_20260511,M0ZXR7rklCeN7J9o,95.59,27991,865,,,,,,,,,
2026-08-03,IOS,dhgate_product340_US_Purchase 30D_purchase_IAP_Kelsey_IOS_20260516,yznk4uz7IRlNu5TH,128.86,7539,508,,,,,,,,,
2026-08-03,IOS,dhgate_product386_US_Purchase 30D_purchase_IAP_Kelsey_IOS_20260630,kpNA9cC8I3HMEtHY,250.21,14474,1158,,,,,,,,,
2026-08-03,IOS,dhgate_product314_UK_Purchase 30D_purchase_IAP_Kelsey_IOS_20260424,NmHyz3ZrSwNTmf0j,93.1,4502,517,,,,,,,,,
2026-08-03,IOS,dhgate_product403_US_Purchase 30D_purchse_IAP_Kelsey_IOS_20260713,OLvDIbZvBDJIzHMD,99.71,1492,801,,,,,,,,,
2026-08-03,ANDROID,dhgate_product403_US_Purchase 30D_purchse_IAP_Kelsey_AND_20260713,bgYcroQHZYVRMl2B,73.72,7675,979,,,,,,,,,
2026-08-03,ANDROID,dhgate_product427_UK_ACT&Nopay 30D_purchse_IAP_Kelsey_AND_20260803,bz5W3qSPZnbQLbdk,15.05,1008,500,,,,,,,,,
2026-08-03,ANDROID,dhgate_product425_UK_ACT&Nopay 30D_purchse_IAP_Kelsey_AND_20260730,lXN5Czhh4qaoBhxV,43.03,2138,1117,,,,,,,,,
2026-08-03,ANDROID,dhgate_product424_UK_Purchase 30D_purchse_IAP_Kelsey_AND_20260729,xbNZUG8GRKBS7Xp6,29.09,1087,532,,,,,,,,,
2026-08-03,IOS,dhgate_product424_FR_Purchase 30D_purchse_IAP_Kelsey_IOS_20260729,yX9jJXeqNiTwpTR5,29.05,5158,245,,,,,,,,,
2026-08-03,IOS,dhgate_product427_UK_ACT&Nopay 30D_purchse_IAP_Kelsey_IOS_20260803,NBVAITWLfT8KZpZu,17.44,529,290,,,,,,,,,
2026-08-03,IOS,dhgate_product423_US_Purchase 30D_purchse_IAP_Kelsey_IOS_20260728,o5eF2SQDR3dXJclO,31.89,999,341,,,,,,,,,
2026-08-03,ANDROID,dhgate_product423_US_Purchase 30D_purchse_IAP_Kelsey_AND_20260728,Ef9ggfylBoAeE9Ty,39.94,7817,302,,,,,,,,,
2026-08-03,IOS,dhgate_product421_US_Purchase 30D_purchse_IAP_Kelsey_IOS_20260727,H6yJydBMXeBdmAVq,49.24,4746,242,,,,,,,,,
2026-08-03,IOS,dhgate_product420_US_Purchase 30D_purchse_IAP_Kelsey_IOS_20260723,PyqKKirYV9Yg6uFd,35.75,968,340,,,,,,,,,
2026-08-03,IOS,dhgate_product425_UK_ACT&Nopay 30D_purchse_IAP_Kelsey_IOS_20260730,aE60NiYtJf0tEF6c,25.57,771,421,,,,,,,,,
2026-08-03,ANDROID,dhgate_product418_T1_ACT&Nopay 30D_purchse_IAP_Kelsey_AND_20260722,GRTymfTgCFvj9zd3,50.28,19994,1095,,,,,,,,,
2026-08-03,ANDROID,dhgate_product420_US_Purchase 30D_purchse_IAP_Kelsey_AND_20260723,UxeRwjZMdJsp2uCh,50.11,4235,417,,,,,,,,,
2026-08-03,IOS,dhgate_product405_US_Purchase 30D_purchse_IAP_Kelsey_IOS_20260714,pooV0geOxpxLrTu6,62.82,5308,257,,,,,,,,,
2026-08-03,ANDROID,dhgate_product409_US_Purchase 30D_purchse_IAP_Kelsey_AND_20260715,ZGa8bU3V5aZwVzXI,46.65,4788,881,,,,,,,,,
2026-08-03,ANDROID,dhgate_product414_UK_ACT&Nopay 30D_purchse_IAP_Kelsey_AND_20260717,Sta14UHs9lqoZaRk,70.14,7297,878,,,,,,,,,
2026-08-03,ANDROID,dhgate_product409_T1_Purchase 30D_purchse_IAP_Kelsey_AND_20260729_D7,hzurSjf5sHyjVyUq,50.19,6356,677,,,,,,,,,
2026-08-03,IOS,dhgate_product415_UK_ACT&Nopay 30D_purchse_IAP_Kelsey_IOS_20260720,QsEaAhCMoLrvsawb,45.95,5306,318,,,,,,,,,
2026-08-03,IOS,dhgate_product415_US_ACT&Nopay 30D_purchse_IAP_Kelsey_IOS_20260803,skjMlYo6gIpWsdzl,7.39,315,189,,,,,,,,,
2026-08-03,ANDROID,dhgate_product416_T1_ACT&Nopay 30D_purchse_IAP_Kelsey_AND_20260720,keisiJsWSukJumr6,50.18,5547,2056,,,,,,,,,
2026-08-03,ANDROID,dhgate_product415_T1_ACT&Nopay 30D_purchse_IAP_Kelsey_AND_20260720,mAKCz6oEkG8RFtXq,50.21,7800,2743,,,,,,,,,
2026-08-04,ANDROID,dhgate_product384_T1_Purchase 30D_purchase_IAP_Kelsey_AND_20260709_D7,funYq3Yvepl5ocKc,150.25,12203,1675,,,,,,,,,
2026-08-04,ANDROID,dhgate_product367_UK_Purchase 30D_purchase_IAP_Kelsey_AND_20260530,AsUotp8z2P369W1o,100.82,8528,1157,,,,,,,,,
2026-08-04,IOS,dhgate_product384_T1_ACT&Nopay 30D_purchase_IAP_Kelsey_IOS_20260627,HgoIpNDJKiz1hrzc,99.28,17789,1308,,,,,,,,,
2026-08-04,ANDROID,dhgate_product384_T1_ACT&Nopay 30D_purchase_IAP_Kelsey_AND_20260627,S76pXwyrVvtdre2B,100.58,28421,2638,,,,,,,,,
2026-08-04,IOS,dhgate_product381_US_ACT&Nopay 30D_purchase_IAP_Kelsey_IOS_20260624,koAG4uPwaNuNbSsi,250.26,29200,1886,,,,,,,,,
2026-08-04,IOS,dhgate_product372_T1_ACT&Nopay 30D_purchase_IAP_Kelsey_IOS_20260605,U4gzqzcEnoe3yurD,106.2,23941,1354,,,,,,,,,
2026-08-04,IOS,dhgate_product340_T1_Purchase 30D_purchase_IAP_Kelsey_IOS_20260729_D7,g5OokwJOrTmd1BeC,50.3,5990,428,,,,,,,,,
2026-08-04,ANDROID,dhgate_product148_T1_Purchase 30D_purchase_IAP_Kelsey_AND_20260415,dVlitdxzfmXStKCR,50.45,8130,635,,,,,,,,,
2026-08-04,IOS,dhgate_product318_T1_Purchase 30D_purchase_IAP_Kelsey_IOS_20260428,mayu0PGeMJEYQhWJ,94.39,13290,721,,,,,,,,,
2026-08-04,ANDROID,dhgate_product317_UK&FR_ACT&Nopay 30D_purchase_IAP_Kelsey_AND_20260427,tDzMEZEldS4Kei0r,61.95,13033,1553,,,,,,,,,
2026-08-04,IOS,dhgate_product314_UK_Purchase 30D_purchase_IAP_Kelsey_IOS_20260424,NmHyz3ZrSwNTmf0j,94.28,5138,627,,,,,,,,,
2026-08-04,IOS,dhgate_product138_FR_ACT&Nopay 30D_purchase_IAP_Kelsey_IOS_20260403,zNcB24si9mbzBPed,97.05,27895,1284,,,,,,,,,
2026-08-04,IOS,dhgate_product137_US_Purchase 30D_purchase_IAP_Kelsey_IOS_20260402,Eo7scqEETcYxo6WH,42.28,4168,190,,,,,,,,,
2026-08-04,ANDROID,dhgate_dpa-and_US_ACT&Nopay 30D_purchase_IAP_Kelsey_AND_20260511,M0ZXR7rklCeN7J9o,100.26,25060,873,,,,,,,,,
2026-08-04,IOS,dhgate_product384_T1_Purchase 30D_purchase_IAP_Kelsey_IOS_20260709_D7,a6HoTnERdU9tuFNK,48.69,5362,467,,,,,,,,,
2026-08-04,IOS,dhgate_product319_US_Purchase 30D_purchase_IAP_Kelsey_IOS_20260429,SGOG7us7fBY7c5lH,99.5,12858,726,,,,,,,,,
2026-08-04,ANDROID,dhgate_product385_UK_ACT&Nopay 30D_purchase_IAP_Kelsey_AND_20260630,VzqTPrFSQDRkzKZj,100.23,9977,1399,,,,,,,,,
2026-08-04,IOS,dhgate_dpa-ios_US_ACT&Nopay 30D_purchase_IAP_Kelsey_IOS_20260515,y55faIMh7doL5RvO,97.05,18062,156,,,,,,,,,
2026-08-04,ANDROID,dhgate_product403_US_Purchase 30D_purchse_IAP_Kelsey_AND_20260713,bgYcroQHZYVRMl2B,47.57,7221,799,,,,,,,,,
2026-08-04,ANDROID,dhgate_product429_T1_ACT&Nopay 30D_purchse_IAP_Kelsey_AND_20260804,Nm8fytNKvlRfha9h,1.3,513,205,,,,,,,,,
2026-08-04,IOS,dhgate_product427_UK_ACT&Nopay 30D_purchse_IAP_Kelsey_IOS_20260803,NBVAITWLfT8KZpZu,50.71,1368,767,,,,,,,,,
2026-08-04,ANDROID,dhgate_product427_UK_ACT&Nopay 30D_purchse_IAP_Kelsey_AND_20260803,bz5W3qSPZnbQLbdk,41.32,2515,1163,,,,,,,,,
2026-08-04,ANDROID,dhgate_product425_UK_ACT&Nopay 30D_purchse_IAP_Kelsey_AND_20260730,lXN5Czhh4qaoBhxV,35.49,1936,956,,,,,,,,,
2026-08-04,ANDROID,dhgate_product424_UK_Purchase 30D_purchse_IAP_Kelsey_AND_20260729,xbNZUG8GRKBS7Xp6,37.62,1777,696,,,,,,,,,
2026-08-04,IOS,dhgate_product421_US_Purchase 30D_purchse_IAP_Kelsey_IOS_20260727,H6yJydBMXeBdmAVq,50.28,5788,246,,,,,,,,,
2026-08-04,ANDROID,dhgate_product420_US_Purchase 30D_purchse_IAP_Kelsey_AND_20260723,UxeRwjZMdJsp2uCh,50.19,7324,739,,,,,,,,,
2026-08-04,ANDROID,dhgate_product418_T1_ACT&Nopay 30D_purchse_IAP_Kelsey_AND_20260722,GRTymfTgCFvj9zd3,50.29,19469,1195,,,,,,,,,
2026-08-04,IOS,dhgate_product386_US_Purchase 30D_purchase_IAP_Kelsey_IOS_20260630,kpNA9cC8I3HMEtHY,214.45,14948,1148,,,,,,,,,
2026-08-04,IOS,dhgate_product415_US_ACT&Nopay 30D_purchse_IAP_Kelsey_IOS_20260803,skjMlYo6gIpWsdzl,36.09,1543,836,,,,,,,,,
2026-08-04,IOS,dhgate_product415_UK_ACT&Nopay 30D_purchse_IAP_Kelsey_IOS_20260720,QsEaAhCMoLrvsawb,46.93,4749,410,,,,,,,,,
2026-08-04,ANDROID,dhgate_product415_T1_ACT&Nopay 30D_purchse_IAP_Kelsey_AND_20260720,mAKCz6oEkG8RFtXq,50.35,9876,2886,,,,,,,,,
2026-08-04,ANDROID,dhgate_product414_UK_ACT&Nopay 30D_purchse_IAP_Kelsey_AND_20260717,Sta14UHs9lqoZaRk,100.45,10303,1435,,,,,,,,,
2026-08-04,ANDROID,dhgate_product409_US_Purchase 30D_purchse_IAP_Kelsey_AND_20260715,ZGa8bU3V5aZwVzXI,47.48,5628,925,,,,,,,,,
2026-08-04,ANDROID,dhgate_product409_T1_Purchase 30D_purchse_IAP_Kelsey_AND_20260729_D7,hzurSjf5sHyjVyUq,50.3,6070,673,,,,,,,,,
2026-08-04,IOS,dhgate_product405_US_Purchase 30D_purchse_IAP_Kelsey_IOS_20260714,pooV0geOxpxLrTu6,100.15,8850,515,,,,,,,,,
2026-08-04,IOS,dhgate_product403_US_Purchase 30D_purchse_IAP_Kelsey_IOS_20260713,OLvDIbZvBDJIzHMD,110.47,2125,1021,,,,,,,,,
2026-08-04,ANDROID,dhgate_product416_T1_ACT&Nopay 30D_purchse_IAP_Kelsey_AND_20260720,keisiJsWSukJumr6,50.39,5725,2188,,,,,,,,,
2026-08-05,IOS,dhgate_product381_US_ACT&Nopay 30D_purchase_IAP_Kelsey_IOS_20260624,koAG4uPwaNuNbSsi,241.93,28553,1750,,,,,,,,,
2026-08-05,ANDROID,dhgate_product384_T1_ACT&Nopay 30D_purchase_IAP_Kelsey_AND_20260627,S76pXwyrVvtdre2B,97.51,25556,2299,,,,,,,,,
2026-08-05,ANDROID,dhgate_product385_UK_ACT&Nopay 30D_purchase_IAP_Kelsey_AND_20260630,VzqTPrFSQDRkzKZj,100.61,9652,1373,,,,,,,,,
2026-08-05,ANDROID,dhgate_product384_T1_Purchase 30D_purchase_IAP_Kelsey_AND_20260709_D7,funYq3Yvepl5ocKc,150.63,11719,1661,,,,,,,,,
2026-08-05,IOS,dhgate_product384_T1_Purchase 30D_purchase_IAP_Kelsey_IOS_20260709_D7,a6HoTnERdU9tuFNK,50.28,5386,464,,,,,,,,,
2026-08-05,IOS,dhgate_product372_T1_ACT&Nopay 30D_purchase_IAP_Kelsey_IOS_20260605,U4gzqzcEnoe3yurD,151.0,28773,1828,,,,,,,,,
2026-08-05,IOS,dhgate_product384_T1_ACT&Nopay 30D_purchase_IAP_Kelsey_IOS_20260627,HgoIpNDJKiz1hrzc,100.3,16953,1194,,,,,,,,,
2026-08-05,ANDROID,dhgate_product367_UK_Purchase 30D_purchase_IAP_Kelsey_AND_20260530,AsUotp8z2P369W1o,100.38,8255,1058,,,,,,,,,
2026-08-05,ANDROID,dhgate_product317_UK&FR_ACT&Nopay 30D_purchase_IAP_Kelsey_AND_20260427,tDzMEZEldS4Kei0r,96.95,16431,2231,,,,,,,,,
2026-08-05,IOS,dhgate_product319_US_Purchase 30D_purchase_IAP_Kelsey_IOS_20260429,SGOG7us7fBY7c5lH,100.33,12475,663,,,,,,,,,
2026-08-05,IOS,dhgate_product318_T1_Purchase 30D_purchase_IAP_Kelsey_IOS_20260428,mayu0PGeMJEYQhWJ,96.91,14285,720,,,,,,,,,
2026-08-05,IOS,dhgate_product314_UK_Purchase 30D_purchase_IAP_Kelsey_IOS_20260424,NmHyz3ZrSwNTmf0j,96.38,4530,603,,,,,,,,,
2026-08-05,ANDROID,dhgate_product148_T1_Purchase 30D_purchase_IAP_Kelsey_AND_20260415,dVlitdxzfmXStKCR,50.35,7292,586,,,,,,,,,
2026-08-05,IOS,dhgate_product138_FR_ACT&Nopay 30D_purchase_IAP_Kelsey_IOS_20260403,zNcB24si9mbzBPed,100.26,28199,1446,,,,,,,,,
2026-08-05,IOS,dhgate_dpa-ios_US_ACT&Nopay 30D_purchase_IAP_Kelsey_IOS_20260515,y55faIMh7doL5RvO,97.92,18750,179,,,,,,,,,
2026-08-05,IOS,dhgate_product386_US_Purchase 30D_purchase_IAP_Kelsey_IOS_20260630,kpNA9cC8I3HMEtHY,200.45,15786,1147,,,,,,,,,
2026-08-05,IOS,dhgate_product340_T1_Purchase 30D_purchase_IAP_Kelsey_IOS_20260729_D7,g5OokwJOrTmd1BeC,50.44,5344,466,,,,,,,,,
2026-08-05,ANDROID,dhgate_dpa-and_US_ACT&Nopay 30D_purchase_IAP_Kelsey_AND_20260511,M0ZXR7rklCeN7J9o,97.09,25645,1051,,,,,,,,,
2026-08-05,IOS,dhgate_product403_US_Purchase 30D_purchse_IAP_Kelsey_IOS_20260713,OLvDIbZvBDJIzHMD,151.4,2931,1274,,,,,,,,,
2026-08-05,ANDROID,dhgate_product409_T1_Purchase 30D_purchse_IAP_Kelsey_AND_20260729_D7,hzurSjf5sHyjVyUq,50.26,5815,684,,,,,,,,,
2026-08-05,IOS,dhgate_product405_US_Purchase 30D_purchse_IAP_Kelsey_IOS_20260714,pooV0geOxpxLrTu6,100.27,9647,576,,,,,,,,,
2026-08-05,IOS,dhgate_product430_T1_ACT&Nopay 30D_purchse_IAP_Kelsey_IOS_20260805,ozEjNLe0zpSog6Ol,16.71,1120,631,,,,,,,,,
2026-08-05,ANDROID,dhgate_product430_T1_ACT&Nopay 30D_purchse_IAP_Kelsey_AND_20260805,heaLvAWWUaXVSTIY,14.12,3545,1228,,,,,,,,,
2026-08-05,ANDROID,dhgate_product429_T1_ACT&Nopay 30D_purchse_IAP_Kelsey_AND_20260804,Nm8fytNKvlRfha9h,42.19,11223,3331,,,,,,,,,
2026-08-05,IOS,dhgate_product427_UK_ACT&Nopay 30D_purchse_IAP_Kelsey_IOS_20260803,NBVAITWLfT8KZpZu,50.16,1392,720,,,,,,,,,
2026-08-05,ANDROID,dhgate_product425_UK_ACT&Nopay 30D_purchse_IAP_Kelsey_AND_20260730,lXN5Czhh4qaoBhxV,47.34,2933,1074,,,,,,,,,
2026-08-05,ANDROID,dhgate_product424_UK_Purchase 30D_purchse_IAP_Kelsey_AND_20260729,xbNZUG8GRKBS7Xp6,36.21,1793,702,,,,,,,,,
2026-08-05,IOS,dhgate_product421_US_Purchase 30D_purchse_IAP_Kelsey_IOS_20260727,H6yJydBMXeBdmAVq,50.59,5648,276,,,,,,,,,
2026-08-05,ANDROID,dhgate_product427_UK_ACT&Nopay 30D_purchse_IAP_Kelsey_AND_20260803,bz5W3qSPZnbQLbdk,41.89,2108,1035,,,,,,,,,
2026-08-05,ANDROID,dhgate_product418_T1_ACT&Nopay 30D_purchse_IAP_Kelsey_AND_20260722,GRTymfTgCFvj9zd3,50.44,17445,1159,,,,,,,,,
2026-08-05,ANDROID,dhgate_product416_T1_ACT&Nopay 30D_purchse_IAP_Kelsey_AND_20260720,keisiJsWSukJumr6,49.38,5446,2235,,,,,,,,,
2026-08-05,IOS,dhgate_product415_US_ACT&Nopay 30D_purchse_IAP_Kelsey_IOS_20260803,skjMlYo6gIpWsdzl,33.67,1486,771,,,,,,,,,
2026-08-05,IOS,dhgate_product415_UK_ACT&Nopay 30D_purchse_IAP_Kelsey_IOS_20260720,QsEaAhCMoLrvsawb,49.68,4663,445,,,,,,,,,
2026-08-05,ANDROID,dhgate_product415_T1_ACT&Nopay 30D_purchse_IAP_Kelsey_AND_20260720,mAKCz6oEkG8RFtXq,48.64,8331,2723,,,,,,,,,
2026-08-05,ANDROID,dhgate_product414_UK_ACT&Nopay 30D_purchse_IAP_Kelsey_AND_20260717,Sta14UHs9lqoZaRk,100.7,9928,1353,,,,,,,,,
2026-08-05,ANDROID,dhgate_product409_US_Purchase 30D_purchse_IAP_Kelsey_AND_20260715,ZGa8bU3V5aZwVzXI,45.31,5856,1106,,,,,,,,,
2026-08-05,ANDROID,dhgate_product420_US_Purchase 30D_purchse_IAP_Kelsey_AND_20260723,UxeRwjZMdJsp2uCh,46.69,7600,820,,,,,,,,,
2026-08-06,ANDROID,dhgate_product367_UK_Purchase 30D_purchase_IAP_Kelsey_AND_20260530,AsUotp8z2P369W1o,99.75,7549,1001,,,,,,,,,
2026-08-06,IOS,dhgate_product384_T1_Purchase 30D_purchase_IAP_Kelsey_IOS_20260709_D7,a6HoTnERdU9tuFNK,48.37,4434,443,,,,,,,,,
2026-08-06,ANDROID,dhgate_product384_T1_Purchase 30D_purchase_IAP_Kelsey_AND_20260709_D7,funYq3Yvepl5ocKc,150.64,11960,1654,,,,,,,,,
2026-08-06,IOS,dhgate_product384_T1_ACT&Nopay 30D_purchase_IAP_Kelsey_IOS_20260627,HgoIpNDJKiz1hrzc,100.46,15391,1168,,,,,,,,,
2026-08-06,ANDROID,dhgate_product384_T1_ACT&Nopay 30D_purchase_IAP_Kelsey_AND_20260627,S76pXwyrVvtdre2B,100.73,26338,2092,,,,,,,,,
2026-08-06,IOS,dhgate_product381_US_ACT&Nopay 30D_purchase_IAP_Kelsey_IOS_20260624,koAG4uPwaNuNbSsi,248.27,28606,1730,,,,,,,,,
2026-08-06,IOS,dhgate_product372_T1_ACT&Nopay 30D_purchase_IAP_Kelsey_IOS_20260605,U4gzqzcEnoe3yurD,150.26,25691,1832,,,,,,,,,
2026-08-06,IOS,dhgate_product340_T1_Purchase 30D_purchase_IAP_Kelsey_IOS_20260729_D7,g5OokwJOrTmd1BeC,48.2,4298,482,,,,,,,,,
2026-08-06,ANDROID,dhgate_dpa-and_US_ACT&Nopay 30D_purchase_IAP_Kelsey_AND_20260511,M0ZXR7rklCeN7J9o,98.8,26809,993,,,,,,,,,
2026-08-06,ANDROID,dhgate_product385_UK_ACT&Nopay 30D_purchase_IAP_Kelsey_AND_20260630,VzqTPrFSQDRkzKZj,100.93,8755,1243,,,,,,,,,
2026-08-06,IOS,dhgate_product318_T1_Purchase 30D_purchase_IAP_Kelsey_IOS_20260428,mayu0PGeMJEYQhWJ,97.57,11904,693,,,,,,,,,
2026-08-06,ANDROID,dhgate_product317_UK&FR_ACT&Nopay 30D_purchase_IAP_Kelsey_AND_20260427,tDzMEZEldS4Kei0r,100.58,16667,2074,,,,,,,,,
2026-08-06,IOS,dhgate_product314_UK_Purchase 30D_purchase_IAP_Kelsey_IOS_20260424,NmHyz3ZrSwNTmf0j,99.53,4427,670,,,,,,,,,
2026-08-06,ANDROID,dhgate_product148_T1_Purchase 30D_purchase_IAP_Kelsey_AND_20260415,dVlitdxzfmXStKCR,50.18,7730,575,,,,,,,,,
2026-08-06,IOS,dhgate_product138_FR_ACT&Nopay 30D_purchase_IAP_Kelsey_IOS_20260403,zNcB24si9mbzBPed,100.52,23988,1365,,,,,,,,,
2026-08-06,IOS,dhgate_dpa-ios_US_ACT&Nopay 30D_purchase_IAP_Kelsey_IOS_20260515,y55faIMh7doL5RvO,93.9,17273,136,,,,,,,,,
2026-08-06,IOS,dhgate_product319_US_Purchase 30D_purchase_IAP_Kelsey_IOS_20260429,SGOG7us7fBY7c5lH,100.32,11199,690,,,,,,,,,
2026-08-06,IOS,dhgate_product386_US_Purchase 30D_purchase_IAP_Kelsey_IOS_20260630,kpNA9cC8I3HMEtHY,193.31,16014,932,,,,,,,,,
2026-08-06,IOS,dhgate_product421_US_Purchase 30D_purchse_IAP_Kelsey_IOS_20260727,H6yJydBMXeBdmAVq,50.13,5552,281,,,,,,,,,
2026-08-06,IOS,dhgate_product405_US_Purchase 30D_purchse_IAP_Kelsey_IOS_20260714,pooV0geOxpxLrTu6,96.79,9878,448,,,,,,,,,
2026-08-06,IOS,dhgate_product403_US_Purchase 30D_purchse_IAP_Kelsey_IOS_20260713,OLvDIbZvBDJIzHMD,200.24,8732,1129,,,,,,,,,
2026-08-06,IOS,dhgate_product430_T1_ACT&Nopay 30D_purchse_IAP_Kelsey_IOS_20260805,ozEjNLe0zpSog6Ol,34.86,2128,1136,,,,,,,,,
2026-08-06,ANDROID,dhgate_product430_T1_ACT&Nopay 30D_purchse_IAP_Kelsey_AND_20260805,heaLvAWWUaXVSTIY,50.33,10936,2910,,,,,,,,,
2026-08-06,ANDROID,dhgate_product429_T1_ACT&Nopay 30D_purchse_IAP_Kelsey_AND_20260804,Nm8fytNKvlRfha9h,50.12,7152,2610,,,,,,,,,
2026-08-06,IOS,dhgate_product427_UK_ACT&Nopay 30D_purchse_IAP_Kelsey_IOS_20260803,NBVAITWLfT8KZpZu,35.35,1026,564,,,,,,,,,
2026-08-06,ANDROID,dhgate_product425_UK_ACT&Nopay 30D_purchse_IAP_Kelsey_AND_20260730,lXN5Czhh4qaoBhxV,50.34,2239,1040,,,,,,,,,
2026-08-06,ANDROID,dhgate_product424_UK_Purchase 30D_purchse_IAP_Kelsey_AND_20260729,xbNZUG8GRKBS7Xp6,38.41,1992,739,,,,,,,,,
2026-08-06,ANDROID,dhgate_product420_US_Purchase 30D_purchse_IAP_Kelsey_AND_20260723,UxeRwjZMdJsp2uCh,47.96,7695,822,,,,,,,,,
2026-08-06,ANDROID,dhgate_product427_UK_ACT&Nopay 30D_purchse_IAP_Kelsey_AND_20260803,bz5W3qSPZnbQLbdk,42.4,1970,1008,,,,,,,,,
2026-08-06,ANDROID,dhgate_product416_T1_ACT&Nopay 30D_purchse_IAP_Kelsey_AND_20260720,keisiJsWSukJumr6,48.2,5650,2078,,,,,,,,,
2026-08-06,IOS,dhgate_product415_US_ACT&Nopay 30D_purchse_IAP_Kelsey_IOS_20260803,skjMlYo6gIpWsdzl,34.63,1385,782,,,,,,,,,
2026-08-06,IOS,dhgate_product415_UK_ACT&Nopay 30D_purchse_IAP_Kelsey_IOS_20260720,QsEaAhCMoLrvsawb,46.59,4140,418,,,,,,,,,
2026-08-06,ANDROID,dhgate_product415_T1_ACT&Nopay 30D_purchse_IAP_Kelsey_AND_20260720,mAKCz6oEkG8RFtXq,50.2,7770,2515,,,,,,,,,
2026-08-06,ANDROID,dhgate_product414_UK_ACT&Nopay 30D_purchse_IAP_Kelsey_AND_20260717,Sta14UHs9lqoZaRk,100.85,9125,1241,,,,,,,,,
2026-08-06,ANDROID,dhgate_product409_US_Purchase 30D_purchse_IAP_Kelsey_AND_20260715,ZGa8bU3V5aZwVzXI,46.79,5691,1054,,,,,,,,,
2026-08-06,ANDROID,dhgate_product409_T1_Purchase 30D_purchse_IAP_Kelsey_AND_20260729_D7,hzurSjf5sHyjVyUq,50.44,6488,668,,,,,,,,,
2026-08-06,ANDROID,dhgate_product418_T1_ACT&Nopay 30D_purchse_IAP_Kelsey_AND_20260722,GRTymfTgCFvj9zd3,50.19,18833,981,,,,,,,,,
2026-08-07,IOS,dhgate_product372_T1_ACT&Nopay 30D_purchase_IAP_Kelsey_IOS_20260605,U4gzqzcEnoe3yurD,100.48,17256,1304,,,,,,,,,
2026-08-07,ANDROID,dhgate_product385_UK_ACT&Nopay 30D_purchase_IAP_Kelsey_AND_20260630,VzqTPrFSQDRkzKZj,65.91,5224,841,,,,,,,,,
2026-08-07,IOS,dhgate_product384_T1_Purchase 30D_purchase_IAP_Kelsey_IOS_20260709_D7,a6HoTnERdU9tuFNK,73.31,6708,686,,,,,,,,,
2026-08-07,ANDROID,dhgate_product384_T1_Purchase 30D_purchase_IAP_Kelsey_AND_20260709_D7,funYq3Yvepl5ocKc,150.64,12782,1612,,,,,,,,,
2026-08-07,IOS,dhgate_product384_T1_ACT&Nopay 30D_purchase_IAP_Kelsey_IOS_20260627,HgoIpNDJKiz1hrzc,100.23,16081,1260,,,,,,,,,
2026-08-07,ANDROID,dhgate_product384_T1_ACT&Nopay 30D_purchase_IAP_Kelsey_AND_20260627,S76pXwyrVvtdre2B,100.78,28186,2340,,,,,,,,,
2026-08-07,IOS,dhgate_product381_US_ACT&Nopay 30D_purchase_IAP_Kelsey_IOS_20260624,koAG4uPwaNuNbSsi,250.97,25157,2179,,,,,,,,,
2026-08-07,ANDROID,dhgate_product367_UK_Purchase 30D_purchase_IAP_Kelsey_AND_20260530,AsUotp8z2P369W1o,98.52,8156,1034,,,,,,,,,
2026-08-07,ANDROID,dhgate_dpa-and_US_ACT&Nopay 30D_purchase_IAP_Kelsey_AND_20260511,M0ZXR7rklCeN7J9o,97.27,26795,863,,,,,,,,,
2026-08-07,IOS,dhgate_product319_US_Purchase 30D_purchase_IAP_Kelsey_IOS_20260429,SGOG7us7fBY7c5lH,125.22,13628,961,,,,,,,,,
2026-08-07,IOS,dhgate_product318_T1_Purchase 30D_purchase_IAP_Kelsey_IOS_20260428,mayu0PGeMJEYQhWJ,48.62,6132,421,,,,,,,,,
2026-08-07,ANDROID,dhgate_product317_UK&FR_ACT&Nopay 30D_purchase_IAP_Kelsey_AND_20260427,tDzMEZEldS4Kei0r,124.82,18020,2600,,,,,,,,,
2026-08-07,IOS,dhgate_product314_UK_Purchase 30D_purchase_IAP_Kelsey_IOS_20260424,NmHyz3ZrSwNTmf0j,98.85,4589,654,,,,,,,,,
2026-08-07,ANDROID,dhgate_product148_T1_Purchase 30D_purchase_IAP_Kelsey_AND_20260415,dVlitdxzfmXStKCR,50.08,8270,588,,,,,,,,,
2026-08-07,IOS,dhgate_product138_FR_ACT&Nopay 30D_purchase_IAP_Kelsey_IOS_20260403,zNcB24si9mbzBPed,52.96,12158,802,,,,,,,,,
2026-08-07,IOS,dhgate_dpa-ios_US_ACT&Nopay 30D_purchase_IAP_Kelsey_IOS_20260515,y55faIMh7doL5RvO,96.34,17257,177,,,,,,,,,
2026-08-07,IOS,dhgate_product386_US_Purchase 30D_purchase_IAP_Kelsey_IOS_20260630,kpNA9cC8I3HMEtHY,200.72,14982,1121,,,,,,,,,
2026-08-07,IOS,dhgate_product340_T1_Purchase 30D_purchase_IAP_Kelsey_IOS_20260729_D7,g5OokwJOrTmd1BeC,50.32,4476,539,,,,,,,,,
2026-08-07,IOS,dhgate_product403_US_Purchase 30D_purchse_IAP_Kelsey_IOS_20260713,OLvDIbZvBDJIzHMD,200.3,14004,1170,,,,,,,,,
2026-08-07,ANDROID,dhgate_product409_T1_Purchase 30D_purchse_IAP_Kelsey_AND_20260729_D7,hzurSjf5sHyjVyUq,50.24,5712,715,,,,,,,,,
2026-08-07,IOS,dhgate_product430_T1_ACT&Nopay 30D_purchse_IAP_Kelsey_IOS_20260805,ozEjNLe0zpSog6Ol,41.73,2251,1209,,,,,,,,,
2026-08-07,IOS,dhgate_product436_T1_ACT&Nopay 30D_purchse_IAP_Kelsey_IOS_20260807,LV122Sr7GJpUrh3Y,12.87,998,482,,,,,,,,,
2026-08-07,ANDROID,dhgate_product436_T1_ACT&Nopay 30D_purchse_IAP_Kelsey_AND_20260807,wn0VAe6FJdC9BEex,13.94,4054,1490,,,,,,,,,
2026-08-07,IOS,dhgate_product405_US_Purchase 30D_purchse_IAP_Kelsey_IOS_20260714,pooV0geOxpxLrTu6,63.0,4801,362,,,,,,,,,
2026-08-07,ANDROID,dhgate_product430_T1_ACT&Nopay 30D_purchse_IAP_Kelsey_AND_20260805,heaLvAWWUaXVSTIY,50.39,5757,2264,,,,,,,,,
2026-08-07,ANDROID,dhgate_product429_T1_ACT&Nopay 30D_purchse_IAP_Kelsey_AND_20260804,Nm8fytNKvlRfha9h,26.07,3060,1349,,,,,,,,,
2026-08-07,IOS,dhgate_product427_UK_ACT&Nopay 30D_purchse_IAP_Kelsey_IOS_20260803,NBVAITWLfT8KZpZu,24.72,697,389,,,,,,,,,
2026-08-07,ANDROID,dhgate_product425_UK_ACT&Nopay 30D_purchse_IAP_Kelsey_AND_20260730,lXN5Czhh4qaoBhxV,28.37,1241,584,,,,,,,,,
2026-08-07,ANDROID,dhgate_product424_UK_Purchase 30D_purchse_IAP_Kelsey_AND_20260729,xbNZUG8GRKBS7Xp6,39.27,1924,725,,,,,,,,,
2026-08-07,ANDROID,dhgate_product427_UK_ACT&Nopay 30D_purchse_IAP_Kelsey_AND_20260803,bz5W3qSPZnbQLbdk,19.92,914,505,,,,,,,,,
2026-08-07,ANDROID,dhgate_product420_US_Purchase 30D_purchse_IAP_Kelsey_AND_20260723,UxeRwjZMdJsp2uCh,47.3,7995,571,,,,,,,,,
2026-08-07,ANDROID,dhgate_product418_T1_ACT&Nopay 30D_purchse_IAP_Kelsey_AND_20260722,GRTymfTgCFvj9zd3,50.37,17271,1133,,,,,,,,,
2026-08-07,ANDROID,dhgate_product416_T1_ACT&Nopay 30D_purchse_IAP_Kelsey_AND_20260720,keisiJsWSukJumr6,75.06,7543,2642,,,,,,,,,
2026-08-07,IOS,dhgate_product415_US_ACT&Nopay 30D_purchse_IAP_Kelsey_IOS_20260803,skjMlYo6gIpWsdzl,35.78,1480,811,,,,,,,,,
2026-08-07,IOS,dhgate_product415_UK_ACT&Nopay 30D_purchse_IAP_Kelsey_IOS_20260720,QsEaAhCMoLrvsawb,50.59,4112,526,,,,,,,,,
2026-08-07,ANDROID,dhgate_product415_T1_ACT&Nopay 30D_purchse_IAP_Kelsey_AND_20260720,mAKCz6oEkG8RFtXq,73.01,12181,3422,,,,,,,,,
2026-08-07,ANDROID,dhgate_product414_UK_ACT&Nopay 30D_purchse_IAP_Kelsey_AND_20260717,Sta14UHs9lqoZaRk,100.51,8999,1298,,,,,,,,,
2026-08-07,ANDROID,dhgate_product409_US_Purchase 30D_purchse_IAP_Kelsey_AND_20260715,ZGa8bU3V5aZwVzXI,63.8,7380,1177,,,,,,,,,
2026-08-07,IOS,dhgate_product421_US_Purchase 30D_purchse_IAP_Kelsey_IOS_20260727,H6yJydBMXeBdmAVq,26.37,1956,198,,,,,,,,,
2026-08-08,IOS,dhgate_product372_T1_ACT&Nopay 30D_purchase_IAP_Kelsey_IOS_20260605,U4gzqzcEnoe3yurD,100.32,18240,1357,,,,,,,,,
2026-08-08,ANDROID,dhgate_product384_T1_Purchase 30D_purchase_IAP_Kelsey_AND_20260709_D7,funYq3Yvepl5ocKc,150.87,12752,1580,,,,,,,,,
2026-08-08,IOS,dhgate_product384_T1_ACT&Nopay 30D_purchase_IAP_Kelsey_IOS_20260627,HgoIpNDJKiz1hrzc,100.5,16756,1215,,,,,,,,,
2026-08-08,ANDROID,dhgate_product384_T1_ACT&Nopay 30D_purchase_IAP_Kelsey_AND_20260627,S76pXwyrVvtdre2B,100.83,27539,2038,,,,,,,,,
2026-08-08,IOS,dhgate_product381_US_ACT&Nopay 30D_purchase_IAP_Kelsey_IOS_20260624,koAG4uPwaNuNbSsi,247.55,27247,2038,,,,,,,,,
2026-08-08,ANDROID,dhgate_product367_UK_Purchase 30D_purchase_IAP_Kelsey_AND_20260530,AsUotp8z2P369W1o,100.86,7191,903,,,,,,,,,
2026-08-08,IOS,dhgate_product384_T1_Purchase 30D_purchase_IAP_Kelsey_IOS_20260709_D7,a6HoTnERdU9tuFNK,100.56,8725,853,,,,,,,,,
2026-08-08,IOS,dhgate_product319_US_Purchase 30D_purchase_IAP_Kelsey_IOS_20260429,SGOG7us7fBY7c5lH,150.34,17136,1163,,,,,,,,,
2026-08-08,ANDROID,dhgate_product317_UK&FR_ACT&Nopay 30D_purchase_IAP_Kelsey_AND_20260427,tDzMEZEldS4Kei0r,151.78,19576,2927,,,,,,,,,
2026-08-08,IOS,dhgate_product314_UK_Purchase 30D_purchase_IAP_Kelsey_IOS_20260424,NmHyz3ZrSwNTmf0j,100.52,5103,693,,,,,,,,,
2026-08-08,ANDROID,dhgate_product148_T1_Purchase 30D_purchase_IAP_Kelsey_AND_20260415,dVlitdxzfmXStKCR,50.08,7862,617,,,,,,,,,
2026-08-08,IOS,dhgate_dpa-ios_US_ACT&Nopay 30D_purchase_IAP_Kelsey_IOS_20260515,y55faIMh7doL5RvO,94.89,15930,215,,,,,,,,,
2026-08-08,ANDROID,dhgate_dpa-and_US_ACT&Nopay 30D_purchase_IAP_Kelsey_AND_20260511,M0ZXR7rklCeN7J9o,98.82,28243,929,,,,,,,,,
2026-08-08,IOS,dhgate_product340_T1_Purchase 30D_purchase_IAP_Kelsey_IOS_20260729_D7,g5OokwJOrTmd1BeC,50.34,4684,467,,,,,,,,,
2026-08-08,ANDROID,dhgate_product385_UK_ACT&Nopay 30D_purchase_IAP_Kelsey_AND_20260630,VzqTPrFSQDRkzKZj,50.74,5051,591,,,,,,,,,
2026-08-08,IOS,dhgate_product138_FR_ACT&Nopay 30D_purchase_IAP_Kelsey_IOS_20260403,zNcB24si9mbzBPed,50.1,13634,734,,,,,,,,,
2026-08-08,IOS,dhgate_product403_US_Purchase 30D_purchse_IAP_Kelsey_IOS_20260713,OLvDIbZvBDJIzHMD,197.99,12079,1197,,,,,,,,,
2026-08-08,IOS,dhgate_product436_T1_ACT&Nopay 30D_purchse_IAP_Kelsey_IOS_20260807,LV122Sr7GJpUrh3Y,38.0,2579,1184,,,,,,,,,
2026-08-08,ANDROID,dhgate_product436_T1_ACT&Nopay 30D_purchse_IAP_Kelsey_AND_20260807,wn0VAe6FJdC9BEex,47.45,14960,2926,,,,,,,,,
2026-08-08,IOS,dhgate_product430_T1_ACT&Nopay 30D_purchse_IAP_Kelsey_IOS_20260805,ozEjNLe0zpSog6Ol,39.8,1942,1081,,,,,,,,,
2026-08-08,ANDROID,dhgate_product430_T1_ACT&Nopay 30D_purchse_IAP_Kelsey_AND_20260805,heaLvAWWUaXVSTIY,50.14,5724,2152,,,,,,,,,
2026-08-08,ANDROID,dhgate_product424_UK_Purchase 30D_purchse_IAP_Kelsey_AND_20260729,xbNZUG8GRKBS7Xp6,36.86,1572,717,,,,,,,,,
2026-08-08,ANDROID,dhgate_product420_US_Purchase 30D_purchse_IAP_Kelsey_AND_20260723,UxeRwjZMdJsp2uCh,50.15,8675,361,,,,,,,,,
2026-08-08,ANDROID,dhgate_product418_T1_ACT&Nopay 30D_purchse_IAP_Kelsey_AND_20260722,GRTymfTgCFvj9zd3,50.19,15871,990,,,,,,,,,
2026-08-08,IOS,dhgate_product386_US_Purchase 30D_purchase_IAP_Kelsey_IOS_20260630,kpNA9cC8I3HMEtHY,199.87,17250,1064,,,,,,,,,
2026-08-08,IOS,dhgate_product415_US_ACT&Nopay 30D_purchse_IAP_Kelsey_IOS_20260803,skjMlYo6gIpWsdzl,33.19,1364,743,,,,,,,,,
2026-08-08,IOS,dhgate_product415_UK_ACT&Nopay 30D_purchse_IAP_Kelsey_IOS_20260720,QsEaAhCMoLrvsawb,49.45,4409,459,,,,,,,,,
2026-08-08,ANDROID,dhgate_product415_T1_ACT&Nopay 30D_purchse_IAP_Kelsey_AND_20260720,mAKCz6oEkG8RFtXq,100.65,11934,4289,,,,,,,,,
2026-08-08,ANDROID,dhgate_product414_UK_ACT&Nopay 30D_purchse_IAP_Kelsey_AND_20260717,Sta14UHs9lqoZaRk,100.62,8256,1179,,,,,,,,,
2026-08-08,ANDROID,dhgate_product409_US_Purchase 30D_purchse_IAP_Kelsey_AND_20260715,ZGa8bU3V5aZwVzXI,100.58,10569,1357,,,,,,,,,
2026-08-08,ANDROID,dhgate_product409_T1_Purchase 30D_purchse_IAP_Kelsey_AND_20260729_D7,hzurSjf5sHyjVyUq,50.3,5102,609,,,,,,,,,
2026-08-08,IOS,dhgate_product405_US_Purchase 30D_purchse_IAP_Kelsey_IOS_20260714,pooV0geOxpxLrTu6,50.15,4751,284,,,,,,,,,
2026-08-08,ANDROID,dhgate_product416_T1_ACT&Nopay 30D_purchse_IAP_Kelsey_AND_20260720,keisiJsWSukJumr6,99.68,7999,3210,,,,,,,,,
2026-08-09,ANDROID,dhgate_product384_T1_Purchase 30D_purchase_IAP_Kelsey_AND_20260709_D7,funYq3Yvepl5ocKc,150.77,13488,1530,,,,,,,,,
2026-08-09,IOS,dhgate_product384_T1_ACT&Nopay 30D_purchase_IAP_Kelsey_IOS_20260627,HgoIpNDJKiz1hrzc,99.91,18612,1175,,,,,,,,,
2026-08-09,ANDROID,dhgate_product384_T1_ACT&Nopay 30D_purchase_IAP_Kelsey_AND_20260627,S76pXwyrVvtdre2B,100.53,29594,2223,,,,,,,,,
2026-08-09,IOS,dhgate_product381_US_ACT&Nopay 30D_purchase_IAP_Kelsey_IOS_20260624,koAG4uPwaNuNbSsi,250.47,30884,1834,,,,,,,,,
2026-08-09,IOS,dhgate_product372_T1_ACT&Nopay 30D_purchase_IAP_Kelsey_IOS_20260605,U4gzqzcEnoe3yurD,97.5,22594,1132,,,,,,,,,
2026-08-09,ANDROID,dhgate_product367_UK_Purchase 30D_purchase_IAP_Kelsey_AND_20260530,AsUotp8z2P369W1o,100.11,7958,919,,,,,,,,,
2026-08-09,IOS,dhgate_product340_T1_Purchase 30D_purchase_IAP_Kelsey_IOS_20260729_D7,g5OokwJOrTmd1BeC,50.15,5464,397,,,,,,,,,
2026-08-09,ANDROID,dhgate_product148_T1_Purchase 30D_purchase_IAP_Kelsey_AND_20260415,dVlitdxzfmXStKCR,50.73,8566,587,,,,,,,,,
2026-08-09,ANDROID,dhgate_product317_UK&FR_ACT&Nopay 30D_purchase_IAP_Kelsey_AND_20260427,tDzMEZEldS4Kei0r,151.28,21090,3056,,,,,,,,,
2026-08-09,IOS,dhgate_product314_UK_Purchase 30D_purchase_IAP_Kelsey_IOS_20260424,NmHyz3ZrSwNTmf0j,93.14,4846,645,,,,,,,,,
2026-08-09,IOS,dhgate_product138_FR_ACT&Nopay 30D_purchase_IAP_Kelsey_IOS_20260403,zNcB24si9mbzBPed,48.15,17279,586,,,,,,,,,
2026-08-09,IOS,dhgate_dpa-ios_US_ACT&Nopay 30D_purchase_IAP_Kelsey_IOS_20260515,y55faIMh7doL5RvO,93.16,16760,204,,,,,,,,,
2026-08-09,ANDROID,dhgate_dpa-and_US_ACT&Nopay 30D_purchase_IAP_Kelsey_AND_20260511,M0ZXR7rklCeN7J9o,98.73,28471,1127,,,,,,,,,
2026-08-09,IOS,dhgate_product384_T1_Purchase 30D_purchase_IAP_Kelsey_IOS_20260709_D7,a6HoTnERdU9tuFNK,95.77,10382,791,,,,,,,,,
2026-08-09,IOS,dhgate_product319_US_Purchase 30D_purchase_IAP_Kelsey_IOS_20260429,SGOG7us7fBY7c5lH,141.68,19030,1022,,,,,,,,,
2026-08-09,ANDROID,dhgate_product385_UK_ACT&Nopay 30D_purchase_IAP_Kelsey_AND_20260630,VzqTPrFSQDRkzKZj,47.74,5590,625,,,,,,,,,
2026-08-09,IOS,dhgate_product386_US_Purchase 30D_purchase_IAP_Kelsey_IOS_20260630,kpNA9cC8I3HMEtHY,193.76,20158,841,,,,,,,,,
2026-08-09,IOS,dhgate_product403_US_Purchase 30D_purchse_IAP_Kelsey_IOS_20260713,OLvDIbZvBDJIzHMD,191.86,13195,1050,,,,,,,,,
2026-08-09,ANDROID,dhgate_product436_T1_ACT&Nopay 30D_purchse_IAP_Kelsey_AND_20260807,wn0VAe6FJdC9BEex,49.66,8484,2719,,,,,,,,,
2026-08-09,IOS,dhgate_product430_T1_ACT&Nopay 30D_purchse_IAP_Kelsey_IOS_20260805,ozEjNLe0zpSog6Ol,41.81,1952,1110,,,,,,,,,
2026-08-09,ANDROID,dhgate_product430_T1_ACT&Nopay 30D_purchse_IAP_Kelsey_AND_20260805,heaLvAWWUaXVSTIY,48.21,6285,2056,,,,,,,,,
2026-08-09,ANDROID,dhgate_product424_UK_Purchase 30D_purchse_IAP_Kelsey_AND_20260729,xbNZUG8GRKBS7Xp6,38.54,1781,692,,,,,,,,,
2026-08-09,ANDROID,dhgate_product420_US_Purchase 30D_purchse_IAP_Kelsey_AND_20260723,UxeRwjZMdJsp2uCh,45.57,7940,371,,,,,,,,,
2026-08-09,ANDROID,dhgate_product418_T1_ACT&Nopay 30D_purchse_IAP_Kelsey_AND_20260722,GRTymfTgCFvj9zd3,50.04,18127,1144,,,,,,,,,
2026-08-09,ANDROID,dhgate_product416_T1_ACT&Nopay 30D_purchse_IAP_Kelsey_AND_20260720,keisiJsWSukJumr6,93.49,6746,3261,,,,,,,,,
2026-08-09,IOS,dhgate_product436_T1_ACT&Nopay 30D_purchse_IAP_Kelsey_IOS_20260807,LV122Sr7GJpUrh3Y,45.86,2473,1263,,,,,,,,,
2026-08-09,IOS,dhgate_product415_UK_ACT&Nopay 30D_purchse_IAP_Kelsey_IOS_20260720,QsEaAhCMoLrvsawb,49.01,4526,476,,,,,,,,,
2026-08-09,ANDROID,dhgate_product415_T1_ACT&Nopay 30D_purchse_IAP_Kelsey_AND_20260720,mAKCz6oEkG8RFtXq,100.23,11767,4164,,,,,,,,,
2026-08-09,ANDROID,dhgate_product414_UK_ACT&Nopay 30D_purchse_IAP_Kelsey_AND_20260717,Sta14UHs9lqoZaRk,100.15,9087,1239,,,,,,,,,
2026-08-09,ANDROID,dhgate_product409_US_Purchase 30D_purchse_IAP_Kelsey_AND_20260715,ZGa8bU3V5aZwVzXI,100.11,10517,1453,,,,,,,,,
2026-08-09,ANDROID,dhgate_product409_T1_Purchase 30D_purchse_IAP_Kelsey_AND_20260729_D7,hzurSjf5sHyjVyUq,50.34,5577,625,,,,,,,,,
2026-08-09,IOS,dhgate_product405_US_Purchase 30D_purchse_IAP_Kelsey_IOS_20260714,pooV0geOxpxLrTu6,49.67,5789,255,,,,,,,,,
2026-08-09,IOS,dhgate_product415_US_ACT&Nopay 30D_purchse_IAP_Kelsey_IOS_20260803,skjMlYo6gIpWsdzl,31.35,1237,665,,,,,,,,,
2026-08-10,ANDROID,dhgate_product384_T1_Purchase 30D_purchase_IAP_Kelsey_AND_20260709_D7,funYq3Yvepl5ocKc,152.06,11787,1837,,,,,,,,,
2026-08-10,IOS,dhgate_product384_T1_ACT&Nopay 30D_purchase_IAP_Kelsey_IOS_20260627,HgoIpNDJKiz1hrzc,100.24,14982,1590,,,,,,,,,
2026-08-10,ANDROID,dhgate_product384_T1_ACT&Nopay 30D_purchase_IAP_Kelsey_AND_20260627,S76pXwyrVvtdre2B,100.36,24984,2539,,,,,,,,,
2026-08-10,IOS,dhgate_product381_US_ACT&Nopay 30D_purchase_IAP_Kelsey_IOS_20260624,koAG4uPwaNuNbSsi,246.23,24638,2405,,,,,,,,,
2026-08-10,IOS,dhgate_product372_T1_ACT&Nopay 30D_purchase_IAP_Kelsey_IOS_20260605,U4gzqzcEnoe3yurD,95.67,16408,1532,,,,,,,,,
2026-08-10,ANDROID,dhgate_product367_UK_Purchase 30D_purchase_IAP_Kelsey_AND_20260530,AsUotp8z2P369W1o,100.73,7643,1063,,,,,,,,,
2026-08-10,IOS,dhgate_product340_T1_Purchase 30D_purchase_IAP_Kelsey_IOS_20260729_D7,g5OokwJOrTmd1BeC,50.26,4809,495,,,,,,,,,
2026-08-10,IOS,dhgate_product314_UK_Purchase 30D_purchase_IAP_Kelsey_IOS_20260424,NmHyz3ZrSwNTmf0j,91.91,4548,739,,,,,,,,,
2026-08-10,ANDROID,dhgate_product317_UK&FR_ACT&Nopay 30D_purchase_IAP_Kelsey_AND_20260427,tDzMEZEldS4Kei0r,150.62,19310,3544,,,,,,,,,
2026-08-10,ANDROID,dhgate_product148_T1_Purchase 30D_purchase_IAP_Kelsey_AND_20260415,dVlitdxzfmXStKCR,50.74,7333,659,,,,,,,,,
2026-08-10,IOS,dhgate_product138_FR_ACT&Nopay 30D_purchase_IAP_Kelsey_IOS_20260403,zNcB24si9mbzBPed,46.59,10322,879,,,,,,,,,
2026-08-10,IOS,dhgate_dpa-ios_US_ACT&Nopay 30D_purchase_IAP_Kelsey_IOS_20260515,y55faIMh7doL5RvO,96.33,15414,253,,,,,,,,,
2026-08-10,ANDROID,dhgate_dpa-and_US_ACT&Nopay 30D_purchase_IAP_Kelsey_AND_20260511,M0ZXR7rklCeN7J9o,100.14,28234,1166,,,,,,,,,
2026-08-10,IOS,dhgate_product384_T1_Purchase 30D_purchase_IAP_Kelsey_IOS_20260709_D7,a6HoTnERdU9tuFNK,99.6,8323,960,,,,,,,,,
2026-08-10,IOS,dhgate_product319_US_Purchase 30D_purchase_IAP_Kelsey_IOS_20260429,SGOG7us7fBY7c5lH,148.22,14474,1361,,,,,,,,,
2026-08-10,ANDROID,dhgate_product385_UK_ACT&Nopay 30D_purchase_IAP_Kelsey_AND_20260630,VzqTPrFSQDRkzKZj,50.25,5254,757,,,,,,,,,
2026-08-10,IOS,dhgate_product436_T1_ACT&Nopay 30D_purchse_IAP_Kelsey_IOS_20260807,LV122Sr7GJpUrh3Y,35.69,1989,1082,,,,,,,,,
2026-08-10,IOS,dhgate_product403_US_Purchase 30D_purchse_IAP_Kelsey_IOS_20260713,OLvDIbZvBDJIzHMD,193.09,12330,1313,,,,,,,,,
2026-08-10,IOS,dhgate_product386_US_Purchase 30D_purchase_IAP_Kelsey_IOS_20260630,kpNA9cC8I3HMEtHY,192.16,17441,1128,,,,,,,,,
2026-08-10,ANDROID,dhgate_product436_T1_ACT&Nopay 30D_purchse_IAP_Kelsey_AND_20260807,wn0VAe6FJdC9BEex,49.46,7883,2974,,,,,,,,,
2026-08-10,IOS,dhgate_product430_T1_ACT&Nopay 30D_purchse_IAP_Kelsey_IOS_20260805,ozEjNLe0zpSog6Ol,34.71,1610,856,,,,,,,,,
2026-08-10,ANDROID,dhgate_product430_T1_ACT&Nopay 30D_purchse_IAP_Kelsey_AND_20260805,heaLvAWWUaXVSTIY,50.0,9023,2292,,,,,,,,,
2026-08-10,ANDROID,dhgate_product420_US_Purchase 30D_purchse_IAP_Kelsey_AND_20260723,UxeRwjZMdJsp2uCh,46.6,8080,447,,,,,,,,,
2026-08-10,ANDROID,dhgate_product418_T1_ACT&Nopay 30D_purchse_IAP_Kelsey_AND_20260722,GRTymfTgCFvj9zd3,50.35,14989,1305,,,,,,,,,
2026-08-10,ANDROID,dhgate_product416_T1_ACT&Nopay 30D_purchse_IAP_Kelsey_AND_20260720,keisiJsWSukJumr6,98.31,7755,3615,,,,,,,,,
2026-08-10,ANDROID,dhgate_product424_UK_Purchase 30D_purchse_IAP_Kelsey_AND_20260729,xbNZUG8GRKBS7Xp6,43.04,1864,632,,,,,,,,,
2026-08-10,IOS,dhgate_product415_UK_ACT&Nopay 30D_purchse_IAP_Kelsey_IOS_20260720,QsEaAhCMoLrvsawb,46.22,3884,627,,,,,,,,,
2026-08-10,ANDROID,dhgate_product415_T1_ACT&Nopay 30D_purchse_IAP_Kelsey_AND_20260720,mAKCz6oEkG8RFtXq,96.59,11955,4672,,,,,,,,,
2026-08-10,ANDROID,dhgate_product414_UK_ACT&Nopay 30D_purchse_IAP_Kelsey_AND_20260717,Sta14UHs9lqoZaRk,100.54,9278,1391,,,,,,,,,
2026-08-10,ANDROID,dhgate_product409_US_Purchase 30D_purchse_IAP_Kelsey_AND_20260715,ZGa8bU3V5aZwVzXI,97.12,10036,1624,,,,,,,,,
2026-08-10,ANDROID,dhgate_product409_T1_Purchase 30D_purchse_IAP_Kelsey_AND_20260729_D7,hzurSjf5sHyjVyUq,50.29,4558,825,,,,,,,,,
2026-08-10,IOS,dhgate_product405_US_Purchase 30D_purchse_IAP_Kelsey_IOS_20260714,pooV0geOxpxLrTu6,45.01,4576,305,,,,,,,,,
2026-08-10,IOS,dhgate_product415_US_ACT&Nopay 30D_purchse_IAP_Kelsey_IOS_20260803,skjMlYo6gIpWsdzl,43.5,1584,894,,,,,,,,,
2026-08-11,IOS,dhgate_product372_T1_ACT&Nopay 30D_purchase_IAP_Kelsey_IOS_20260605,U4gzqzcEnoe3yurD,97.61,10222,1550,,,,,,,,,
2026-08-11,IOS,dhgate_product384_T1_Purchase 30D_purchase_IAP_Kelsey_IOS_20260709_D7,a6HoTnERdU9tuFNK,52.74,2966,604,,,,,,,,,
2026-08-11,ANDROID,dhgate_product384_T1_Purchase 30D_purchase_IAP_Kelsey_AND_20260709_D7,funYq3Yvepl5ocKc,169.58,11244,1907,,,,,,,,,
2026-08-11,IOS,dhgate_product384_T1_ACT&Nopay 30D_purchase_IAP_Kelsey_IOS_20260627,HgoIpNDJKiz1hrzc,95.28,9490,1479,,,,,,,,,
2026-08-11,ANDROID,dhgate_product384_T1_ACT&Nopay 30D_purchase_IAP_Kelsey_AND_20260627,S76pXwyrVvtdre2B,126.4,24564,2777,,,,,,,,,
2026-08-11,IOS,dhgate_product381_US_ACT&Nopay 30D_purchase_IAP_Kelsey_IOS_20260624,koAG4uPwaNuNbSsi,240.38,16998,2578,,,,,,,,,
2026-08-11,ANDROID,dhgate_product385_UK_ACT&Nopay 30D_purchase_IAP_Kelsey_AND_20260630,VzqTPrFSQDRkzKZj,50.08,5034,642,,,,,,,,,
2026-08-11,IOS,dhgate_dpa-ios_US_ACT&Nopay 30D_purchase_IAP_Kelsey_IOS_20260515,y55faIMh7doL5RvO,100.13,13371,306,,,,,,,,,
2026-08-11,IOS,dhgate_product340_T1_Purchase 30D_purchase_IAP_Kelsey_IOS_20260729_D7,g5OokwJOrTmd1BeC,50.07,3956,590,,,,,,,,,
2026-08-11,IOS,dhgate_product319_US_Purchase 30D_purchase_IAP_Kelsey_IOS_20260429,SGOG7us7fBY7c5lH,79.61,5309,810,,,,,,,,,
2026-08-11,ANDROID,dhgate_product317_UK&FR_ACT&Nopay 30D_purchase_IAP_Kelsey_AND_20260427,tDzMEZEldS4Kei0r,150.72,17348,2911,,,,,,,,,
2026-08-11,IOS,dhgate_product314_UK_Purchase 30D_purchase_IAP_Kelsey_IOS_20260424,NmHyz3ZrSwNTmf0j,98.6,4413,858,,,,,,,,,
2026-08-11,ANDROID,dhgate_product148_T1_Purchase 30D_purchase_IAP_Kelsey_AND_20260415,dVlitdxzfmXStKCR,50.18,6607,602,,,,,,,,,
2026-08-11,IOS,dhgate_product138_FR_ACT&Nopay 30D_purchase_IAP_Kelsey_IOS_20260403,zNcB24si9mbzBPed,69.31,5653,1261,,,,,,,,,
2026-08-11,ANDROID,dhgate_dpa-and_US_ACT&Nopay 30D_purchase_IAP_Kelsey_AND_20260511,M0ZXR7rklCeN7J9o,99.63,26238,1047,,,,,,,,,
2026-08-11,ANDROID,dhgate_product367_UK_Purchase 30D_purchase_IAP_Kelsey_AND_20260530,AsUotp8z2P369W1o,100.64,7615,1088,,,,,,,,,
2026-08-11,IOS,dhgate_product386_US_Purchase 30D_purchase_IAP_Kelsey_IOS_20260630,kpNA9cC8I3HMEtHY,194.18,11255,1232,,,,,,,,,
2026-08-11,ANDROID,dhgate_product416_T1_ACT&Nopay 30D_purchse_IAP_Kelsey_AND_20260720,keisiJsWSukJumr6,99.17,9630,3804,,,,,,,,,
2026-08-11,IOS,dhgate_product405_US_Purchase 30D_purchse_IAP_Kelsey_IOS_20260714,pooV0geOxpxLrTu6,43.01,3504,298,,,,,,,,,
2026-08-11,IOS,dhgate_product403_US_Purchase 30D_purchse_IAP_Kelsey_IOS_20260713,OLvDIbZvBDJIzHMD,198.33,10069,1428,,,,,,,,,
2026-08-11,IOS,dhgate_product440_US_Purchase 30D_purchse_IAP_Kelsey_IOS_20260811,ONlE1fZlEk7YtwIM,14.47,411,241,,,,,,,,,
2026-08-11,ANDROID,dhgate_product440_US_Purchase 30D_purchse_IAP_Kelsey_AND_20260811,D0OyqmDOfM65lcMl,9.12,798,209,,,,,,,,,
2026-08-11,IOS,dhgate_product436_T1_ACT&Nopay 30D_purchse_IAP_Kelsey_IOS_20260807,LV122Sr7GJpUrh3Y,24.7,1360,717,,,,,,,,,
2026-08-11,ANDROID,dhgate_product436_T1_ACT&Nopay 30D_purchse_IAP_Kelsey_AND_20260807,wn0VAe6FJdC9BEex,24.04,4114,1803,,,,,,,,,
2026-08-11,IOS,dhgate_product430_T1_ACT&Nopay 30D_purchse_IAP_Kelsey_IOS_20260805,ozEjNLe0zpSog6Ol,58.5,2660,1332,,,,,,,,,
2026-08-11,ANDROID,dhgate_product430_T1_ACT&Nopay 30D_purchse_IAP_Kelsey_AND_20260805,heaLvAWWUaXVSTIY,29.31,4907,1498,,,,,,,,,
2026-08-11,ANDROID,dhgate_product424_UK_Purchase 30D_purchse_IAP_Kelsey_AND_20260729,xbNZUG8GRKBS7Xp6,48.44,3124,633,,,,,,,,,
2026-08-11,ANDROID,dhgate_product418_T1_ACT&Nopay 30D_purchse_IAP_Kelsey_AND_20260722,GRTymfTgCFvj9zd3,30.69,6930,733,,,,,,,,,
2026-08-11,IOS,dhgate_product415_US_ACT&Nopay 30D_purchse_IAP_Kelsey_IOS_20260803,skjMlYo6gIpWsdzl,39.3,1428,813,,,,,,,,,
2026-08-11,IOS,dhgate_product415_UK_ACT&Nopay 30D_purchse_IAP_Kelsey_IOS_20260720,QsEaAhCMoLrvsawb,27.61,1912,389,,,,,,,,,
2026-08-11,ANDROID,dhgate_product415_T1_ACT&Nopay 30D_purchse_IAP_Kelsey_AND_20260720,mAKCz6oEkG8RFtXq,51.95,8512,3240,,,,,,,,,
2026-08-11,ANDROID,dhgate_product414_UK_ACT&Nopay 30D_purchse_IAP_Kelsey_AND_20260717,Sta14UHs9lqoZaRk,100.45,8461,1241,,,,,,,,,
2026-08-11,ANDROID,dhgate_product409_US_Purchase 30D_purchse_IAP_Kelsey_AND_20260715,ZGa8bU3V5aZwVzXI,55.52,5602,832,,,,,,,,,
2026-08-11,ANDROID,dhgate_product409_T1_Purchase 30D_purchse_IAP_Kelsey_AND_20260729_D7,hzurSjf5sHyjVyUq,75.07,4625,1062,,,,,,,,,
2026-08-11,ANDROID,dhgate_product420_US_Purchase 30D_purchse_IAP_Kelsey_AND_20260723,UxeRwjZMdJsp2uCh,46.34,8933,867,,,,,,,,,
2026-08-12,ANDROID,dhgate_dpa-and_US_ACT&Nopay 30D_purchase_IAP_Kelsey_AND_20260511,M0ZXR7rklCeN7J9o,93.62,23478,1328,,,,,,,,,
2026-08-12,ANDROID,dhgate_product385_UK_ACT&Nopay 30D_purchase_IAP_Kelsey_AND_20260630,VzqTPrFSQDRkzKZj,64.41,5862,811,,,,,,,,,
2026-08-12,IOS,dhgate_product384_T1_Purchase 30D_purchase_IAP_Kelsey_IOS_20260709_D7,a6HoTnERdU9tuFNK,32.75,2171,372,,,,,,,,,
2026-08-12,ANDROID,dhgate_product384_T1_Purchase 30D_purchase_IAP_Kelsey_AND_20260709_D7,funYq3Yvepl5ocKc,150.39,9214,1607,,,,,,,,,
2026-08-12,ANDROID,dhgate_product384_T1_ACT&Nopay 30D_purchase_IAP_Kelsey_AND_20260627,S76pXwyrVvtdre2B,100.34,18820,2294,,,,,,,,,
2026-08-12,IOS,dhgate_product381_US_ACT&Nopay 30D_purchase_IAP_Kelsey_IOS_20260624,koAG4uPwaNuNbSsi,250.49,19010,2464,,,,,,,,,
2026-08-12,IOS,dhgate_product372_T1_ACT&Nopay 30D_purchase_IAP_Kelsey_IOS_20260605,U4gzqzcEnoe3yurD,95.71,9454,1460,,,,,,,,,
2026-08-12,ANDROID,dhgate_product367_UK_Purchase 30D_purchase_IAP_Kelsey_AND_20260530,AsUotp8z2P369W1o,100.32,7430,1059,,,,,,,,,
2026-08-12,IOS,dhgate_product314_UK_Purchase 30D_purchase_IAP_Kelsey_IOS_20260424,NmHyz3ZrSwNTmf0j,89.4,4420,767,,,,,,,,,
2026-08-12,IOS,dhgate_product319_US_Purchase 30D_purchase_IAP_Kelsey_IOS_20260429,SGOG7us7fBY7c5lH,50.11,4919,542,,,,,,,,,
2026-08-12,ANDROID,dhgate_product317_UK&FR_ACT&Nopay 30D_purchase_IAP_Kelsey_AND_20260427,tDzMEZEldS4Kei0r,143.41,17664,2934,,,,,,,,,
2026-08-12,IOS,dhgate_product386_US_Purchase 30D_purchase_IAP_Kelsey_IOS_20260630,kpNA9cC8I3HMEtHY,195.25,11216,1109,,,,,,,,,
2026-08-12,ANDROID,dhgate_product148_T1_Purchase 30D_purchase_IAP_Kelsey_AND_20260415,dVlitdxzfmXStKCR,49.27,6662,560,,,,,,,,,
2026-08-12,IOS,dhgate_product138_FR_ACT&Nopay 30D_purchase_IAP_Kelsey_IOS_20260403,zNcB24si9mbzBPed,118.66,8248,1839,,,,,,,,,
2026-08-12,IOS,dhgate_dpa-ios_US_ACT&Nopay 30D_purchase_IAP_Kelsey_IOS_20260515,y55faIMh7doL5RvO,92.46,13152,250,,,,,,,,,
2026-08-12,IOS,dhgate_product340_T1_Purchase 30D_purchase_IAP_Kelsey_IOS_20260729_D7,g5OokwJOrTmd1BeC,26.8,1868,331,,,,,,,,,
2026-08-12,IOS,dhgate_product403_T1_Purchase 30D_purchse_IAP_Kelsey_IOS_20260812,u39Tgunkpc9Yh6xK,11.56,539,256,,,,,,,,,
2026-08-12,IOS,dhgate_product384_T1_ACT&Nopay 30D_purchase_IAP_Kelsey_IOS_20260627,HgoIpNDJKiz1hrzc,97.76,8396,1434,,,,,,,,,
2026-08-12,IOS,dhgate_product405_US_Purchase 30D_purchse_IAP_Kelsey_IOS_20260714,pooV0geOxpxLrTu6,31.54,2310,200,,,,,,,,,
2026-08-12,IOS,dhgate_product446_US_Purchase 30D_purchse_IAP_Kelsey_IOS_20260812,aXG0iJKTVMebvBbf,15.75,371,225,,,,,,,,,
2026-08-12,IOS,dhgate_product403_US_Purchase 30D_purchse_IAP_Kelsey_IOS_20260713,OLvDIbZvBDJIzHMD,209.3,10093,1319,,,,,,,,,
2026-08-12,ANDROID,dhgate_product445_US_Purchase 30D_purchse_IAP_Kelsey_AND_20260812,F4zNAODxLzzLPnbg,9.95,732,211,,,,,,,,,
2026-08-12,IOS,dhgate_product440_US_Purchase 30D_purchse_IAP_Kelsey_IOS_20260811,ONlE1fZlEk7YtwIM,35.03,1013,510,,,,,,,,,
2026-08-12,ANDROID,dhgate_product440_US_Purchase 30D_purchse_IAP_Kelsey_AND_20260811,D0OyqmDOfM65lcMl,50.3,7299,652,,,,,,,,,
2026-08-12,IOS,dhgate_product430_T1_ACT&Nopay 30D_purchse_IAP_Kelsey_IOS_20260805,ozEjNLe0zpSog6Ol,111.93,8774,1826,,,,,,,,,
2026-08-12,IOS,dhgate_product427_US_Purchase 30D_purchse_IAP_Kelsey_IOS_20260812,wFfcxDDraywKeDrb,17.97,438,242,,,,,,,,,
2026-08-12,IOS,dhgate_product427_UK_ACT&Nopay 30D_purchse_IAP_Kelsey_IOS_20260803,NBVAITWLfT8KZpZu,16.8,1097,214,,,,,,,,,
2026-08-12,ANDROID,dhgate_product446_US_Purchase 30D_purchse_IAP_Kelsey_AND_20260812,lmG8lezw0GwJB2hk,9.9,490,208,,,,,,,,,
2026-08-12,ANDROID,dhgate_product420_US_Purchase 30D_purchse_IAP_Kelsey_AND_20260723,UxeRwjZMdJsp2uCh,27.81,4660,324,,,,,,,,,
2026-08-12,ANDROID,dhgate_product416_T1_ACT&Nopay 30D_purchse_IAP_Kelsey_AND_20260720,keisiJsWSukJumr6,57.02,5360,2221,,,,,,,,,
2026-08-12,IOS,dhgate_product415_US_ACT&Nopay 30D_purchse_IAP_Kelsey_IOS_20260803,skjMlYo6gIpWsdzl,83.6,2692,1650,,,,,,,,,
2026-08-12,ANDROID,dhgate_product415_T1_ACT&Nopay 30D_purchse_IAP_Kelsey_AND_20260720,mAKCz6oEkG8RFtXq,50.43,10678,3156,,,,,,,,,
2026-08-12,ANDROID,dhgate_product414_UK_ACT&Nopay 30D_purchse_IAP_Kelsey_AND_20260717,Sta14UHs9lqoZaRk,111.2,10003,1511,,,,,,,,,
2026-08-12,ANDROID,dhgate_product409_US_Purchase 30D_purchse_IAP_Kelsey_AND_20260715,ZGa8bU3V5aZwVzXI,50.02,6222,1369,,,,,,,,,
2026-08-12,ANDROID,dhgate_product409_T1_Purchase 30D_purchse_IAP_Kelsey_AND_20260729_D7,hzurSjf5sHyjVyUq,115.53,6797,1424,,,,,,,,,
2026-08-12,ANDROID,dhgate_product424_UK_Purchase 30D_purchse_IAP_Kelsey_AND_20260729,xbNZUG8GRKBS7Xp6,20.82,1319,263,,,,,,,,,
2026-08-13,ANDROID,dhgate_product385_UK_ACT&Nopay 30D_purchase_IAP_Kelsey_AND_20260630,VzqTPrFSQDRkzKZj,99.5,8446,1279,,,,,,,,,
2026-08-13,ANDROID,dhgate_product384_T1_Purchase 30D_purchase_IAP_Kelsey_AND_20260709_D7,funYq3Yvepl5ocKc,147.02,9618,1463,,,,,,,,,
2026-08-13,IOS,dhgate_product384_T1_ACT&Nopay 30D_purchase_IAP_Kelsey_IOS_20260627,HgoIpNDJKiz1hrzc,100.68,8158,1342,,,,,,,,,
2026-08-13,ANDROID,dhgate_product384_T1_ACT&Nopay 30D_purchase_IAP_Kelsey_AND_20260627,S76pXwyrVvtdre2B,100.11,24398,2501,,,,,,,,,
2026-08-13,IOS,dhgate_product381_US_ACT&Nopay 30D_purchase_IAP_Kelsey_IOS_20260624,koAG4uPwaNuNbSsi,250.44,18054,2436,,,,,,,,,
2026-08-13,IOS,dhgate_product372_T1_ACT&Nopay 30D_purchase_IAP_Kelsey_IOS_20260605,U4gzqzcEnoe3yurD,100.4,9990,1302,,,,,,,,,
2026-08-13,ANDROID,dhgate_product367_UK_Purchase 30D_purchase_IAP_Kelsey_AND_20260530,AsUotp8z2P369W1o,100.96,6884,1017,,,,,,,,,
2026-08-13,ANDROID,dhgate_product148_T1_Purchase 30D_purchase_IAP_Kelsey_AND_20260415,dVlitdxzfmXStKCR,50.32,6883,573,,,,,,,,,
2026-08-13,ANDROID,dhgate_product317_UK&FR_ACT&Nopay 30D_purchase_IAP_Kelsey_AND_20260427,tDzMEZEldS4Kei0r,150.9,18635,3305,,,,,,,,,
2026-08-13,IOS,dhgate_product314_UK_Purchase 30D_purchase_IAP_Kelsey_IOS_20260424,NmHyz3ZrSwNTmf0j,100.2,4988,684,,,,,,,,,
2026-08-13,IOS,dhgate_product138_FR_ACT&Nopay 30D_purchase_IAP_Kelsey_IOS_20260403,zNcB24si9mbzBPed,150.29,9558,2067,,,,,,,,,
2026-08-13,IOS,dhgate_dpa-ios_US_ACT&Nopay 30D_purchase_IAP_Kelsey_IOS_20260515,y55faIMh7doL5RvO,92.34,12842,224,,,,,,,,,
2026-08-13,ANDROID,dhgate_dpa-and_US_ACT&Nopay 30D_purchase_IAP_Kelsey_AND_20260511,M0ZXR7rklCeN7J9o,98.55,25207,1657,,,,,,,,,
2026-08-13,IOS,dhgate_product386_US_Purchase 30D_purchase_IAP_Kelsey_IOS_20260630,kpNA9cC8I3HMEtHY,193.07,11146,1125,,,,,,,,,
2026-08-13,IOS,dhgate_product319_US_Purchase 30D_purchase_IAP_Kelsey_IOS_20260429,SGOG7us7fBY7c5lH,49.95,5237,446,,,,,,,,,
2026-08-13,IOS,dhgate_product403_T1_Purchase 30D_purchse_IAP_Kelsey_IOS_20260812,u39Tgunkpc9Yh6xK,34.43,1333,711,,,,,,,,,
2026-08-13,ANDROID,dhgate_product445_US_Purchase 30D_purchse_IAP_Kelsey_AND_20260812,F4zNAODxLzzLPnbg,47.06,7467,633,,,,,,,,,
2026-08-13,ANDROID,dhgate_product409_T1_Purchase 30D_purchse_IAP_Kelsey_AND_20260729_D7,hzurSjf5sHyjVyUq,150.29,8096,1762,,,,,,,,,
2026-08-13,IOS,dhgate_product447_US_Purchase 30D_purchse_IAP_Kelsey_IOS_20260813,Tfe3Q4Jmutk41HhJ,30.15,645,372,,,,,,,,,
2026-08-13,ANDROID,dhgate_product447_US_Purchase 30D_purchse_IAP_Kelsey_AND_20260813,VVkFF06e9v7jvRbo,8.97,539,172,,,,,,,,,
2026-08-13,IOS,dhgate_product446_US_Purchase 30D_purchse_IAP_Kelsey_IOS_20260812,aXG0iJKTVMebvBbf,50.8,1136,585,,,,,,,,,
2026-08-13,ANDROID,dhgate_product446_US_Purchase 30D_purchse_IAP_Kelsey_AND_20260812,lmG8lezw0GwJB2hk,42.28,2064,622,,,,,,,,,
2026-08-13,IOS,dhgate_product403_US_Purchase 30D_purchse_IAP_Kelsey_IOS_20260713,OLvDIbZvBDJIzHMD,249.79,10838,1527,,,,,,,,,
2026-08-13,IOS,dhgate_product440_US_Purchase 30D_purchse_IAP_Kelsey_IOS_20260811,ONlE1fZlEk7YtwIM,44.58,1185,606,,,,,,,,,
2026-08-13,ANDROID,dhgate_product440_US_Purchase 30D_purchse_IAP_Kelsey_AND_20260811,D0OyqmDOfM65lcMl,50.3,4049,499,,,,,,,,,
2026-08-13,IOS,dhgate_product430_T1_ACT&Nopay 30D_purchse_IAP_Kelsey_IOS_20260805,ozEjNLe0zpSog6Ol,147.83,13270,1899,,,,,,,,,
2026-08-13,IOS,dhgate_product427_US_Purchase 30D_purchse_IAP_Kelsey_IOS_20260812,wFfcxDDraywKeDrb,39.57,1069,495,,,,,,,,,
2026-08-13,IOS,dhgate_product427_UK_ACT&Nopay 30D_purchse_IAP_Kelsey_IOS_20260803,NBVAITWLfT8KZpZu,45.85,2948,522,,,,,,,,,
2026-08-13,ANDROID,dhgate_product416_T1_ACT&Nopay 30D_purchse_IAP_Kelsey_AND_20260720,keisiJsWSukJumr6,46.93,14213,993,,,,,,,,,
2026-08-13,IOS,dhgate_product415_US_ACT&Nopay 30D_purchse_IAP_Kelsey_IOS_20260803,skjMlYo6gIpWsdzl,69.59,2233,1317,,,,,,,,,
2026-08-13,ANDROID,dhgate_product415_T1_ACT&Nopay 30D_purchse_IAP_Kelsey_AND_20260720,mAKCz6oEkG8RFtXq,48.51,8261,3023,,,,,,,,,
2026-08-13,ANDROID,dhgate_product414_UK_ACT&Nopay 30D_purchse_IAP_Kelsey_AND_20260717,Sta14UHs9lqoZaRk,150.75,11965,1935,,,,,,,,,
2026-08-13,ANDROID,dhgate_product409_US_Purchase 30D_purchse_IAP_Kelsey_AND_20260715,ZGa8bU3V5aZwVzXI,39.65,6298,1804,,,,,,,,,
2026-08-14,IOS,dhgate_product381_US_ACT&Nopay 30D_purchase_IAP_Kelsey_IOS_20260624,koAG4uPwaNuNbSsi,186.71,13504,1916,,,,,,,,,
2026-08-14,ANDROID,dhgate_product384_T1_ACT&Nopay 30D_purchase_IAP_Kelsey_AND_20260627,S76pXwyrVvtdre2B,100.72,25443,2706,,,,,,,,,
2026-08-14,IOS,dhgate_product386_US_Purchase 30D_purchase_IAP_Kelsey_IOS_20260630,kpNA9cC8I3HMEtHY,200.52,12151,1389,,,,,,,,,
2026-08-14,IOS,dhgate_product372_T1_ACT&Nopay 30D_purchase_IAP_Kelsey_IOS_20260605,U4gzqzcEnoe3yurD,63.49,6879,987,,,,,,,,,
2026-08-14,ANDROID,dhgate_product385_UK_ACT&Nopay 30D_purchase_IAP_Kelsey_AND_20260630,VzqTPrFSQDRkzKZj,66.85,6156,899,,,,,,,,,
2026-08-14,IOS,dhgate_product384_T1_ACT&Nopay 30D_purchase_IAP_Kelsey_IOS_20260627,HgoIpNDJKiz1hrzc,97.12,9213,1471,,,,,,,,,
2026-08-14,ANDROID,dhgate_product367_UK_Purchase 30D_purchase_IAP_Kelsey_AND_20260530,AsUotp8z2P369W1o,100.64,8310,1054,,,,,,,,,
2026-08-14,ANDROID,dhgate_product384_T1_Purchase 30D_purchase_IAP_Kelsey_AND_20260709_D7,funYq3Yvepl5ocKc,151.01,9999,1669,,,,,,,,,
2026-08-14,IOS,dhgate_product319_US_Purchase 30D_purchase_IAP_Kelsey_IOS_20260429,SGOG7us7fBY7c5lH,57.44,5792,650,,,,,,,,,
2026-08-14,ANDROID,dhgate_product317_UK&FR_ACT&Nopay 30D_purchase_IAP_Kelsey_AND_20260427,tDzMEZEldS4Kei0r,101.31,12667,2366,,,,,,,,,
2026-08-14,IOS,dhgate_product314_UK_Purchase 30D_purchase_IAP_Kelsey_IOS_20260424,NmHyz3ZrSwNTmf0j,91.95,4896,697,,,,,,,,,
2026-08-14,ANDROID,dhgate_product148_T1_Purchase 30D_purchase_IAP_Kelsey_AND_20260415,dVlitdxzfmXStKCR,50.29,7086,584,,,,,,,,,
2026-08-14,IOS,dhgate_product138_FR_ACT&Nopay 30D_purchase_IAP_Kelsey_IOS_20260403,zNcB24si9mbzBPed,143.64,9870,2169,,,,,,,,,
2026-08-14,IOS,dhgate_dpa-ios_US_ACT&Nopay 30D_purchase_IAP_Kelsey_IOS_20260515,y55faIMh7doL5RvO,96.28,13679,303,,,,,,,,,
2026-08-14,ANDROID,dhgate_dpa-and_US_ACT&Nopay 30D_purchase_IAP_Kelsey_AND_20260511,M0ZXR7rklCeN7J9o,98.79,27698,1616,,,,,,,,,
2026-08-14,IOS,dhgate_product403_T1_Purchase 30D_purchse_IAP_Kelsey_IOS_20260812,u39Tgunkpc9Yh6xK,39.02,1353,718,,,,,,,,,
2026-08-14,IOS,dhgate_product340_T1_Purchase 30D_purchase_IAP_Kelsey_IOS_20260729_D7,g5OokwJOrTmd1BeC,16.78,1376,201,,,,,,,,,
2026-08-14,IOS,dhgate_product403_US_Purchase 30D_purchse_IAP_Kelsey_IOS_20260713,OLvDIbZvBDJIzHMD,200.51,8945,1349,,,,,,,,,
2026-08-14,ANDROID,dhgate_product445_US_Purchase 30D_purchse_IAP_Kelsey_AND_20260812,F4zNAODxLzzLPnbg,50.28,9442,589,,,,,,,,,
2026-08-14,ANDROID,dhgate_product409_US_Purchase 30D_purchse_IAP_Kelsey_AND_20260715,ZGa8bU3V5aZwVzXI,49.65,7675,1979,,,,,,,,,
2026-08-14,IOS,dhgate_product447_US_Purchase 30D_purchse_IAP_Kelsey_IOS_20260813,Tfe3Q4Jmutk41HhJ,36.08,1165,492,,,,,,,,,
2026-08-14,ANDROID,dhgate_product447_US_Purchase 30D_purchse_IAP_Kelsey_AND_20260813,VVkFF06e9v7jvRbo,45.9,3877,583,,,,,,,,,
2026-08-14,IOS,dhgate_product446_US_Purchase 30D_purchse_IAP_Kelsey_IOS_20260812,aXG0iJKTVMebvBbf,50.11,876,490,,,,,,,,,
2026-08-14,ANDROID,dhgate_product446_US_Purchase 30D_purchse_IAP_Kelsey_AND_20260812,lmG8lezw0GwJB2hk,34.66,2261,401,,,,,,,,,
2026-08-14,IOS,dhgate_product448_UK_Purchase 30D_purchse_IAP_Kelsey_IOS_20260814,MRPSrvbl8wzj2iUF,19.57,370,221,,,,,,,,,
2026-08-14,IOS,dhgate_product440_US_Purchase 30D_purchse_IAP_Kelsey_IOS_20260811,ONlE1fZlEk7YtwIM,29.15,799,366,,,,,,,,,
2026-08-14,ANDROID,dhgate_product440_US_Purchase 30D_purchse_IAP_Kelsey_AND_20260811,D0OyqmDOfM65lcMl,67.46,6263,654,,,,,,,,,
2026-08-14,ANDROID,dhgate_product448_UK_Purchase 30D_purchse_IAP_Kelsey_AND_20260814,VxkTB5Cn31IDjc6j,11.51,585,274,,,,,,,,,
2026-08-14,IOS,dhgate_product427_US_Purchase 30D_purchse_IAP_Kelsey_IOS_20260812,wFfcxDDraywKeDrb,46.39,1317,529,,,,,,,,,
2026-08-14,IOS,dhgate_product430_T1_ACT&Nopay 30D_purchse_IAP_Kelsey_IOS_20260805,ozEjNLe0zpSog6Ol,150.63,13542,2207,,,,,,,,,
2026-08-14,ANDROID,dhgate_product414_UK_ACT&Nopay 30D_purchse_IAP_Kelsey_AND_20260717,Sta14UHs9lqoZaRk,150.68,14008,1917,,,,,,,,,
2026-08-14,ANDROID,dhgate_product415_T1_ACT&Nopay 30D_purchse_IAP_Kelsey_AND_20260720,mAKCz6oEkG8RFtXq,63.58,9303,3912,,,,,,,,,
2026-08-14,ANDROID,dhgate_product409_T1_Purchase 30D_purchse_IAP_Kelsey_AND_20260729_D7,hzurSjf5sHyjVyUq,150.6,8559,1851,,,,,,,,,
2026-08-14,ANDROID,dhgate_product416_T1_ACT&Nopay 30D_purchse_IAP_Kelsey_AND_20260720,keisiJsWSukJumr6,50.3,16136,1294,,,,,,,,,
2026-08-14,ANDROID,dhgate_product424_UK_Purchase 30D_purchse_IAP_Kelsey_AND_20260729,xbNZUG8GRKBS7Xp6,15.59,875,166,,,,,,,,,
2026-08-14,IOS,dhgate_product427_UK_ACT&Nopay 30D_purchse_IAP_Kelsey_IOS_20260803,NBVAITWLfT8KZpZu,50.38,3232,613,,,,,,,,,
2026-08-14,IOS,dhgate_product415_US_ACT&Nopay 30D_purchse_IAP_Kelsey_IOS_20260803,skjMlYo6gIpWsdzl,73.21,2273,1293,,,,,,,,,
2026-08-15,ANDROID,dhgate_product385_UK_ACT&Nopay 30D_purchase_IAP_Kelsey_AND_20260630,VzqTPrFSQDRkzKZj,50.27,6447,683,,,,,,,,,
2026-08-15,ANDROID,dhgate_product384_T1_Purchase 30D_purchase_IAP_Kelsey_AND_20260709_D7,funYq3Yvepl5ocKc,150.58,10388,1658,,,,,,,,,
2026-08-15,IOS,dhgate_product384_T1_ACT&Nopay 30D_purchase_IAP_Kelsey_IOS_20260627,HgoIpNDJKiz1hrzc,100.58,10128,1514,,,,,,,,,
2026-08-15,ANDROID,dhgate_product384_T1_ACT&Nopay 30D_purchase_IAP_Kelsey_AND_20260627,S76pXwyrVvtdre2B,100.89,24325,2626,,,,,,,,,
2026-08-15,IOS,dhgate_product381_US_ACT&Nopay 30D_purchase_IAP_Kelsey_IOS_20260624,koAG4uPwaNuNbSsi,100.4,9743,962,,,,,,,,,
2026-08-15,IOS,dhgate_product372_T1_ACT&Nopay 30D_purchase_IAP_Kelsey_IOS_20260605,U4gzqzcEnoe3yurD,48.18,6754,723,,,,,,,,,
2026-08-15,ANDROID,dhgate_product367_UK_Purchase 30D_purchase_IAP_Kelsey_AND_20260530,AsUotp8z2P369W1o,100.17,9223,1076,,,,,,,,,
2026-08-15,IOS,dhgate_product319_US_Purchase 30D_purchase_IAP_Kelsey_IOS_20260429,SGOG7us7fBY7c5lH,91.03,8220,888,,,,,,,,,
2026-08-15,ANDROID,dhgate_product317_UK&FR_ACT&Nopay 30D_purchase_IAP_Kelsey_AND_20260427,tDzMEZEldS4Kei0r,100.67,15446,2246,,,,,,,,,
2026-08-15,ANDROID,dhgate_product148_T1_Purchase 30D_purchase_IAP_Kelsey_AND_20260415,dVlitdxzfmXStKCR,50.15,7283,580,,,,,,,,,
2026-08-15,IOS,dhgate_product138_FR_ACT&Nopay 30D_purchase_IAP_Kelsey_IOS_20260403,zNcB24si9mbzBPed,145.03,10095,2063,,,,,,,,,
2026-08-15,IOS,dhgate_dpa-ios_US_ACT&Nopay 30D_purchase_IAP_Kelsey_IOS_20260515,y55faIMh7doL5RvO,95.07,13513,203,,,,,,,,,
2026-08-15,ANDROID,dhgate_dpa-and_US_ACT&Nopay 30D_purchase_IAP_Kelsey_AND_20260511,M0ZXR7rklCeN7J9o,96.93,26396,1740,,,,,,,,,
2026-08-15,IOS,dhgate_product386_US_Purchase 30D_purchase_IAP_Kelsey_IOS_20260630,kpNA9cC8I3HMEtHY,188.61,10323,1106,,,,,,,,,
2026-08-15,IOS,dhgate_product340_T1_Purchase 30D_purchase_IAP_Kelsey_IOS_20260729_D7,g5OokwJOrTmd1BeC,48.1,3853,531,,,,,,,,,
2026-08-15,IOS,dhgate_product314_UK_Purchase 30D_purchase_IAP_Kelsey_IOS_20260424,NmHyz3ZrSwNTmf0j,90.21,4843,711,,,,,,,,,
2026-08-15,IOS,dhgate_product403_US_Purchase 30D_purchse_IAP_Kelsey_IOS_20260713,OLvDIbZvBDJIzHMD,197.79,9003,1238,,,,,,,,,
2026-08-15,ANDROID,dhgate_product409_T1_Purchase 30D_purchse_IAP_Kelsey_AND_20260729_D7,hzurSjf5sHyjVyUq,135.36,7667,1619,,,,,,,,,
2026-08-15,IOS,dhgate_product403_T1_Purchase 30D_purchse_IAP_Kelsey_IOS_20260812,u39Tgunkpc9Yh6xK,46.01,1490,712,,,,,,,,,
2026-08-15,IOS,dhgate_product448_UK_Purchase 30D_purchse_IAP_Kelsey_IOS_20260814,MRPSrvbl8wzj2iUF,45.24,863,490,,,,,,,,,
2026-08-15,ANDROID,dhgate_product448_UK_Purchase 30D_purchse_IAP_Kelsey_AND_20260814,VxkTB5Cn31IDjc6j,50.68,2350,886,,,,,,,,,
2026-08-15,IOS,dhgate_product447_US_Purchase 30D_purchse_IAP_Kelsey_IOS_20260813,Tfe3Q4Jmutk41HhJ,37.75,1175,553,,,,,,,,,
2026-08-15,ANDROID,dhgate_product447_US_Purchase 30D_purchse_IAP_Kelsey_AND_20260813,VVkFF06e9v7jvRbo,48.08,6753,604,,,,,,,,,
2026-08-15,ANDROID,dhgate_product440_US_Purchase 30D_purchse_IAP_Kelsey_AND_20260811,D0OyqmDOfM65lcMl,103.05,6974,940,,,,,,,,,
2026-08-15,IOS,dhgate_product430_T1_ACT&Nopay 30D_purchse_IAP_Kelsey_IOS_20260805,ozEjNLe0zpSog6Ol,150.51,13848,2085,,,,,,,,,
2026-08-15,ANDROID,dhgate_product445_US_Purchase 30D_purchse_IAP_Kelsey_AND_20260812,F4zNAODxLzzLPnbg,49.25,9729,754,,,,,,,,,
2026-08-15,IOS,dhgate_product427_UK_ACT&Nopay 30D_purchse_IAP_Kelsey_IOS_20260803,NBVAITWLfT8KZpZu,43.89,2890,519,,,,,,,,,
2026-08-15,ANDROID,dhgate_product424_UK_Purchase 30D_purchse_IAP_Kelsey_AND_20260729,xbNZUG8GRKBS7Xp6,37.74,2443,490,,,,,,,,,
2026-08-15,ANDROID,dhgate_product416_T1_ACT&Nopay 30D_purchse_IAP_Kelsey_AND_20260720,keisiJsWSukJumr6,48.97,15813,1200,,,,,,,,,
2026-08-15,IOS,dhgate_product415_US_ACT&Nopay 30D_purchse_IAP_Kelsey_IOS_20260803,skjMlYo6gIpWsdzl,67.33,2062,1266,,,,,,,,,
2026-08-15,ANDROID,dhgate_product415_T1_ACT&Nopay 30D_purchse_IAP_Kelsey_AND_20260720,mAKCz6oEkG8RFtXq,96.49,12186,5388,,,,,,,,,
2026-08-15,ANDROID,dhgate_product414_UK_ACT&Nopay 30D_purchse_IAP_Kelsey_AND_20260717,Sta14UHs9lqoZaRk,151.31,13923,2058,,,,,,,,,
2026-08-15,ANDROID,dhgate_product409_US_Purchase 30D_purchse_IAP_Kelsey_AND_20260715,ZGa8bU3V5aZwVzXI,45.77,6715,1882,,,,,,,,,
2026-08-15,IOS,dhgate_product427_US_Purchase 30D_purchse_IAP_Kelsey_IOS_20260812,wFfcxDDraywKeDrb,50.72,1159,486,,,,,,,,,
2026-08-16,IOS,dhgate_product372_T1_ACT&Nopay 30D_purchase_IAP_Kelsey_IOS_20260605,U4gzqzcEnoe3yurD,48.94,6806,716,,,,,,,,,
2026-08-16,ANDROID,dhgate_product385_UK_ACT&Nopay 30D_purchase_IAP_Kelsey_AND_20260630,VzqTPrFSQDRkzKZj,50.31,6478,780,,,,,,,,,
2026-08-16,ANDROID,dhgate_product384_T1_Purchase 30D_purchase_IAP_Kelsey_AND_20260709_D7,funYq3Yvepl5ocKc,150.95,10857,1613,,,,,,,,,
2026-08-16,IOS,dhgate_product384_T1_ACT&Nopay 30D_purchase_IAP_Kelsey_IOS_20260627,HgoIpNDJKiz1hrzc,100.62,10064,1529,,,,,,,,,
2026-08-16,ANDROID,dhgate_product384_T1_ACT&Nopay 30D_purchase_IAP_Kelsey_AND_20260627,S76pXwyrVvtdre2B,100.25,26403,2912,,,,,,,,,
2026-08-16,IOS,dhgate_product381_US_ACT&Nopay 30D_purchase_IAP_Kelsey_IOS_20260624,koAG4uPwaNuNbSsi,99.23,10073,1024,,,,,,,,,
2026-08-16,ANDROID,dhgate_product367_UK_Purchase 30D_purchase_IAP_Kelsey_AND_20260530,AsUotp8z2P369W1o,100.29,10488,1142,,,,,,,,,
2026-08-16,ANDROID,dhgate_dpa-and_US_ACT&Nopay 30D_purchase_IAP_Kelsey_AND_20260511,M0ZXR7rklCeN7J9o,100.34,27375,1689,,,,,,,,,
2026-08-16,IOS,dhgate_product319_US_Purchase 30D_purchase_IAP_Kelsey_IOS_20260429,SGOG7us7fBY7c5lH,96.14,8604,991,,,,,,,,,
2026-08-16,ANDROID,dhgate_product317_UK&FR_ACT&Nopay 30D_purchase_IAP_Kelsey_AND_20260427,tDzMEZEldS4Kei0r,100.82,15894,2623,,,,,,,,,
2026-08-16,IOS,dhgate_product386_US_Purchase 30D_purchase_IAP_Kelsey_IOS_20260630,kpNA9cC8I3HMEtHY,200.37,11892,1342,,,,,,,,,
2026-08-16,ANDROID,dhgate_product148_T1_Purchase 30D_purchase_IAP_Kelsey_AND_20260415,dVlitdxzfmXStKCR,50.58,7854,593,,,,,,,,,
2026-08-16,IOS,dhgate_product138_FR_ACT&Nopay 30D_purchase_IAP_Kelsey_IOS_20260403,zNcB24si9mbzBPed,144.07,10152,2035,,,,,,,,,
2026-08-16,IOS,dhgate_dpa-ios_US_ACT&Nopay 30D_purchase_IAP_Kelsey_IOS_20260515,y55faIMh7doL5RvO,97.7,13669,281,,,,,,,,,
2026-08-16,IOS,dhgate_product340_T1_Purchase 30D_purchase_IAP_Kelsey_IOS_20260729_D7,g5OokwJOrTmd1BeC,45.53,4027,543,,,,,,,,,
2026-08-16,IOS,dhgate_product403_T1_Purchase 30D_purchse_IAP_Kelsey_IOS_20260812,u39Tgunkpc9Yh6xK,46.19,2312,647,,,,,,,,,
2026-08-16,IOS,dhgate_product314_UK_Purchase 30D_purchase_IAP_Kelsey_IOS_20260424,NmHyz3ZrSwNTmf0j,92.64,5128,760,,,,,,,,,
2026-08-16,ANDROID,dhgate_product409_T1_Purchase 30D_purchse_IAP_Kelsey_AND_20260729_D7,hzurSjf5sHyjVyUq,150.56,9427,1984,,,,,,,,,
2026-08-16,IOS,dhgate_product403_US_Purchase 30D_purchse_IAP_Kelsey_IOS_20260713,OLvDIbZvBDJIzHMD,195.11,9534,1278,,,,,,,,,
2026-08-16,IOS,dhgate_product448_UK_Purchase 30D_purchse_IAP_Kelsey_IOS_20260814,MRPSrvbl8wzj2iUF,45.74,834,486,,,,,,,,,
2026-08-16,ANDROID,dhgate_product448_UK_Purchase 30D_purchse_IAP_Kelsey_AND_20260814,VxkTB5Cn31IDjc6j,50.31,2101,731,,,,,,,,,
2026-08-16,IOS,dhgate_product447_US_Purchase 30D_purchse_IAP_Kelsey_IOS_20260813,Tfe3Q4Jmutk41HhJ,41.51,1170,575,,,,,,,,,
2026-08-16,ANDROID,dhgate_product447_US_Purchase 30D_purchse_IAP_Kelsey_AND_20260813,VVkFF06e9v7jvRbo,52.11,6022,522,,,,,,,,,
2026-08-16,ANDROID,dhgate_product440_US_Purchase 30D_purchse_IAP_Kelsey_AND_20260811,D0OyqmDOfM65lcMl,100.37,9865,1306,,,,,,,,,
2026-08-16,IOS,dhgate_product430_T1_ACT&Nopay 30D_purchse_IAP_Kelsey_IOS_20260805,ozEjNLe0zpSog6Ol,148.36,14073,2170,,,,,,,,,
2026-08-16,ANDROID,dhgate_product445_US_Purchase 30D_purchse_IAP_Kelsey_AND_20260812,F4zNAODxLzzLPnbg,50.25,10586,604,,,,,,,,,
2026-08-16,IOS,dhgate_product427_UK_ACT&Nopay 30D_purchse_IAP_Kelsey_IOS_20260803,NBVAITWLfT8KZpZu,47.97,3299,613,,,,,,,,,
2026-08-16,ANDROID,dhgate_product424_UK_Purchase 30D_purchse_IAP_Kelsey_AND_20260729,xbNZUG8GRKBS7Xp6,46.87,3257,647,,,,,,,,,
2026-08-16,ANDROID,dhgate_product416_T1_ACT&Nopay 30D_purchse_IAP_Kelsey_AND_20260720,keisiJsWSukJumr6,50.23,16149,1340,,,,,,,,,
2026-08-16,IOS,dhgate_product415_US_ACT&Nopay 30D_purchse_IAP_Kelsey_IOS_20260803,skjMlYo6gIpWsdzl,65.26,1967,1225,,,,,,,,,
2026-08-16,ANDROID,dhgate_product415_T1_ACT&Nopay 30D_purchse_IAP_Kelsey_AND_20260720,mAKCz6oEkG8RFtXq,97.36,10154,4733,,,,,,,,,
2026-08-16,ANDROID,dhgate_product414_UK_ACT&Nopay 30D_purchse_IAP_Kelsey_AND_20260717,Sta14UHs9lqoZaRk,151.46,14197,2202,,,,,,,,,
2026-08-16,ANDROID,dhgate_product409_US_Purchase 30D_purchse_IAP_Kelsey_AND_20260715,ZGa8bU3V5aZwVzXI,46.22,7013,1526,,,,,,,,,
2026-08-16,IOS,dhgate_product427_US_Purchase 30D_purchse_IAP_Kelsey_IOS_20260812,wFfcxDDraywKeDrb,50.09,4330,400,,,,,,,,,
2026-08-17,IOS,dhgate_product372_T1_ACT&Nopay 30D_purchase_IAP_Kelsey_IOS_20260605,U4gzqzcEnoe3yurD,48.52,6688,796,,,,,,,,,
2026-08-17,ANDROID,dhgate_product385_UK_ACT&Nopay 30D_purchase_IAP_Kelsey_AND_20260630,VzqTPrFSQDRkzKZj,50.49,7157,754,,,,,,,,,
2026-08-17,ANDROID,dhgate_product384_T1_Purchase 30D_purchase_IAP_Kelsey_AND_20260709_D7,funYq3Yvepl5ocKc,150.31,9976,1679,,,,,,,,,
2026-08-17,IOS,dhgate_product384_T1_ACT&Nopay 30D_purchase_IAP_Kelsey_IOS_20260627,HgoIpNDJKiz1hrzc,99.41,9793,1561,,,,,,,,,
2026-08-17,ANDROID,dhgate_product384_T1_ACT&Nopay 30D_purchase_IAP_Kelsey_AND_20260627,S76pXwyrVvtdre2B,100.72,24748,2814,,,,,,,,,
2026-08-17,IOS,dhgate_product381_US_ACT&Nopay 30D_purchase_IAP_Kelsey_IOS_20260624,koAG4uPwaNuNbSsi,94.9,9907,1032,,,,,,,,,
2026-08-17,ANDROID,dhgate_product367_UK_Purchase 30D_purchase_IAP_Kelsey_AND_20260530,AsUotp8z2P369W1o,96.77,8914,1073,,,,,,,,,
2026-08-17,ANDROID,dhgate_dpa-and_US_ACT&Nopay 30D_purchase_IAP_Kelsey_AND_20260511,M0ZXR7rklCeN7J9o,97.74,26905,1660,,,,,,,,,
2026-08-17,IOS,dhgate_product319_US_Purchase 30D_purchase_IAP_Kelsey_IOS_20260429,SGOG7us7fBY7c5lH,99.4,8312,1082,,,,,,,,,
2026-08-17,ANDROID,dhgate_product317_UK&FR_ACT&Nopay 30D_purchase_IAP_Kelsey_AND_20260427,tDzMEZEldS4Kei0r,100.77,16352,2415,,,,,,,,,
2026-08-17,IOS,dhgate_product314_UK_Purchase 30D_purchase_IAP_Kelsey_IOS_20260424,NmHyz3ZrSwNTmf0j,100.46,5263,848,,,,,,,,,
2026-08-17,ANDROID,dhgate_product148_T1_Purchase 30D_purchase_IAP_Kelsey_AND_20260415,dVlitdxzfmXStKCR,48.88,7330,596,,,,,,,,,
2026-08-17,IOS,dhgate_product138_FR_ACT&Nopay 30D_purchase_IAP_Kelsey_IOS_20260403,zNcB24si9mbzBPed,150.34,10258,2221,,,,,,,,,
2026-08-17,IOS,dhgate_dpa-ios_US_ACT&Nopay 30D_purchase_IAP_Kelsey_IOS_20260515,y55faIMh7doL5RvO,95.79,13742,323,,,,,,,,,
2026-08-17,IOS,dhgate_product340_T1_Purchase 30D_purchase_IAP_Kelsey_IOS_20260729_D7,g5OokwJOrTmd1BeC,50.07,3656,609,,,,,,,,,
2026-08-17,IOS,dhgate_product386_US_Purchase 30D_purchase_IAP_Kelsey_IOS_20260630,kpNA9cC8I3HMEtHY,199.59,12373,1324,,,,,,,,,
2026-08-17,ANDROID,dhgate_product409_US_Purchase 30D_purchse_IAP_Kelsey_AND_20260715,ZGa8bU3V5aZwVzXI,47.94,6132,1242,,,,,,,,,
2026-08-17,IOS,dhgate_product403_US_Purchase 30D_purchse_IAP_Kelsey_IOS_20260713,OLvDIbZvBDJIzHMD,184.26,8821,1211,,,,,,,,,
2026-08-17,IOS,dhgate_product403_T1_Purchase 30D_purchse_IAP_Kelsey_IOS_20260812,u39Tgunkpc9Yh6xK,47.65,4947,468,,,,,,,,,
2026-08-17,IOS,dhgate_product448_UK_Purchase 30D_purchse_IAP_Kelsey_IOS_20260814,MRPSrvbl8wzj2iUF,46.04,975,563,,,,,,,,,
2026-08-17,ANDROID,dhgate_product448_UK_Purchase 30D_purchse_IAP_Kelsey_AND_20260814,VxkTB5Cn31IDjc6j,48.41,2044,797,,,,,,,,,
2026-08-17,IOS,dhgate_product447_US_Purchase 30D_purchse_IAP_Kelsey_IOS_20260813,Tfe3Q4Jmutk41HhJ,42.88,1217,586,,,,,,,,,
2026-08-17,ANDROID,dhgate_product445_US_Purchase 30D_purchse_IAP_Kelsey_AND_20260812,F4zNAODxLzzLPnbg,50.14,7513,642,,,,,,,,,
2026-08-17,ANDROID,dhgate_product440_US_Purchase 30D_purchse_IAP_Kelsey_AND_20260811,D0OyqmDOfM65lcMl,99.93,13339,1903,,,,,,,,,
2026-08-17,IOS,dhgate_product430_T1_ACT&Nopay 30D_purchse_IAP_Kelsey_IOS_20260805,ozEjNLe0zpSog6Ol,150.46,13468,2302,,,,,,,,,
2026-08-17,ANDROID,dhgate_product447_US_Purchase 30D_purchse_IAP_Kelsey_AND_20260813,VVkFF06e9v7jvRbo,50.14,4845,577,,,,,,,,,
2026-08-17,IOS,dhgate_product427_UK_ACT&Nopay 30D_purchse_IAP_Kelsey_IOS_20260803,NBVAITWLfT8KZpZu,45.96,3060,600,,,,,,,,,
2026-08-17,ANDROID,dhgate_product424_UK_Purchase 30D_purchse_IAP_Kelsey_AND_20260729,xbNZUG8GRKBS7Xp6,42.1,2986,529,,,,,,,,,
2026-08-17,ANDROID,dhgate_product416_T1_ACT&Nopay 30D_purchse_IAP_Kelsey_AND_20260720,keisiJsWSukJumr6,48.81,15140,1269,,,,,,,,,
2026-08-17,IOS,dhgate_product415_US_ACT&Nopay 30D_purchse_IAP_Kelsey_IOS_20260803,skjMlYo6gIpWsdzl,73.43,2424,1502,,,,,,,,,
2026-08-17,ANDROID,dhgate_product415_T1_ACT&Nopay 30D_purchse_IAP_Kelsey_AND_20260720,mAKCz6oEkG8RFtXq,88.66,9599,4653,,,,,,,,,
2026-08-17,ANDROID,dhgate_product414_UK_ACT&Nopay 30D_purchse_IAP_Kelsey_AND_20260717,Sta14UHs9lqoZaRk,150.32,15493,2145,,,,,,,,,
2026-08-17,ANDROID,dhgate_product409_T1_Purchase 30D_purchse_IAP_Kelsey_AND_20260729_D7,hzurSjf5sHyjVyUq,147.37,8360,1890,,,,,,,,,
2026-08-17,IOS,dhgate_product427_US_Purchase 30D_purchse_IAP_Kelsey_IOS_20260812,wFfcxDDraywKeDrb,45.54,4079,388,,,,,,,,,
2026-08-18,IOS,dhgate_product372_T1_ACT&Nopay 30D_purchase_IAP_Kelsey_IOS_20260605,U4gzqzcEnoe3yurD,47.98,7332,816,,,,,,,,,
2026-08-18,IOS,dhgate_product386_US_Purchase 30D_purchase_IAP_Kelsey_IOS_20260630,kpNA9cC8I3HMEtHY,141.08,9307,944,,,,,,,,,
2026-08-18,ANDROID,dhgate_product385_UK_ACT&Nopay 30D_purchase_IAP_Kelsey_AND_20260630,VzqTPrFSQDRkzKZj,73.56,9687,1039,,,,,,,,,
2026-08-18,ANDROID,dhgate_product384_T1_Purchase 30D_purchase_IAP_Kelsey_AND_20260709_D7,funYq3Yvepl5ocKc,100.71,7495,1069,,,,,,,,,
2026-08-18,IOS,dhgate_product384_T1_ACT&Nopay 30D_purchase_IAP_Kelsey_IOS_20260627,HgoIpNDJKiz1hrzc,61.64,6252,1060,,,,,,,,,
2026-08-18,ANDROID,dhgate_product384_T1_ACT&Nopay 30D_purchase_IAP_Kelsey_AND_20260627,S76pXwyrVvtdre2B,66.96,17293,1858,,,,,,,,,
2026-08-18,IOS,dhgate_product381_US_ACT&Nopay 30D_purchase_IAP_Kelsey_IOS_20260624,koAG4uPwaNuNbSsi,116.24,10942,1309,,,,,,,,,
2026-08-18,ANDROID,dhgate_product367_UK_Purchase 30D_purchase_IAP_Kelsey_AND_20260530,AsUotp8z2P369W1o,69.99,6537,759,,,,,,,,,
2026-08-18,ANDROID,dhgate_dpa-and_US_ACT&Nopay 30D_purchase_IAP_Kelsey_AND_20260511,M0ZXR7rklCeN7J9o,99.05,27082,1764,,,,,,,,,
2026-08-18,IOS,dhgate_product319_US_Purchase 30D_purchase_IAP_Kelsey_IOS_20260429,SGOG7us7fBY7c5lH,111.53,8615,1128,,,,,,,,,
2026-08-18,ANDROID,dhgate_product317_UK&FR_ACT&Nopay 30D_purchase_IAP_Kelsey_AND_20260427,tDzMEZEldS4Kei0r,129.98,19738,2956,,,,,,,,,
2026-08-18,IOS,dhgate_product314_UK_Purchase 30D_purchase_IAP_Kelsey_IOS_20260424,NmHyz3ZrSwNTmf0j,111.0,5309,898,,,,,,,,,
2026-08-18,ANDROID,dhgate_product148_T1_Purchase 30D_purchase_IAP_Kelsey_AND_20260415,dVlitdxzfmXStKCR,72.99,9739,791,,,,,,,,,
2026-08-18,IOS,dhgate_product138_FR_ACT&Nopay 30D_purchase_IAP_Kelsey_IOS_20260403,zNcB24si9mbzBPed,100.24,6862,1517,,,,,,,,,
2026-08-18,IOS,dhgate_dpa-ios_US_ACT&Nopay 30D_purchase_IAP_Kelsey_IOS_20260515,y55faIMh7doL5RvO,95.61,14776,285,,,,,,,,,
2026-08-18,IOS,dhgate_product403_T1_Purchase 30D_purchse_IAP_Kelsey_IOS_20260812,u39Tgunkpc9Yh6xK,46.8,4882,481,,,,,,,,,
2026-08-18,IOS,dhgate_product340_T1_Purchase 30D_purchase_IAP_Kelsey_IOS_20260729_D7,g5OokwJOrTmd1BeC,62.5,4476,727,,,,,,,,,
2026-08-18,IOS,dhgate_product403_US_Purchase 30D_purchse_IAP_Kelsey_IOS_20260713,OLvDIbZvBDJIzHMD,184.96,9760,1334,,,,,,,,,
2026-08-18,ANDROID,dhgate_product409_T1_Purchase 30D_purchse_IAP_Kelsey_AND_20260729_D7,hzurSjf5sHyjVyUq,104.43,6211,1272,,,,,,,,,
2026-08-18,ANDROID,dhgate_product455_UK_ACT&Nopay 30D_purchse_IAP_Kelsey_AND_20260818,PLHqOB2TI6OFfhNt,11.88,887,400,,,,,,,,,
2026-08-18,IOS,dhgate_product455_UK_ACT&Nopay 30D_purchse_IAP_Kelsey_IOS_20260818,fq5tTzo3wY68l8SI,14.72,498,279,,,,,,,,,
2026-08-18,ANDROID,dhgate_product409_US_Purchase 30D_purchse_IAP_Kelsey_AND_20260715,ZGa8bU3V5aZwVzXI,48.92,6301,1080,,,,,,,,,
2026-08-18,IOS,dhgate_product451_UK_ACT&Nopay 30D_purchse_IAP_Kelsey_IOS_20260818,mLF6qNmzeia5qzh8,19.26,866,390,,,,,,,,,
2026-08-18,ANDROID,dhgate_product451_UK_ACT&Nopay 30D_purchse_IAP_Kelsey_AND_20260818,kbtcBstwLfd28m6W,10.46,873,369,,,,,,,,,
2026-08-18,IOS,dhgate_product448_UK_Purchase 30D_purchse_IAP_Kelsey_IOS_20260814,MRPSrvbl8wzj2iUF,28.9,628,338,,,,,,,,,
2026-08-18,ANDROID,dhgate_product448_UK_Purchase 30D_purchse_IAP_Kelsey_AND_20260814,VxkTB5Cn31IDjc6j,28.89,1364,471,,,,,,,,,
2026-08-18,ANDROID,dhgate_product447_US_Purchase 30D_purchse_IAP_Kelsey_AND_20260813,VVkFF06e9v7jvRbo,50.01,7884,960,,,,,,,,,
2026-08-18,ANDROID,dhgate_product445_US_Purchase 30D_purchse_IAP_Kelsey_AND_20260812,F4zNAODxLzzLPnbg,33.52,5559,359,,,,,,,,,
2026-08-18,ANDROID,dhgate_product440_US_Purchase 30D_purchse_IAP_Kelsey_AND_20260811,D0OyqmDOfM65lcMl,71.28,9991,1001,,,,,,,,,
2026-08-18,IOS,dhgate_product447_US_Purchase 30D_purchse_IAP_Kelsey_IOS_20260813,Tfe3Q4Jmutk41HhJ,45.49,1196,626,,,,,,,,,
2026-08-18,IOS,dhgate_product427_US_Purchase 30D_purchse_IAP_Kelsey_IOS_20260812,wFfcxDDraywKeDrb,42.9,3969,353,,,,,,,,,
2026-08-18,IOS,dhgate_product427_UK_ACT&Nopay 30D_purchse_IAP_Kelsey_IOS_20260803,NBVAITWLfT8KZpZu,29.13,2038,433,,,,,,,,,
2026-08-18,ANDROID,dhgate_product424_UK_Purchase 30D_purchse_IAP_Kelsey_AND_20260729,xbNZUG8GRKBS7Xp6,46.27,2749,572,,,,,,,,,
2026-08-18,ANDROID,dhgate_product416_T1_ACT&Nopay 30D_purchse_IAP_Kelsey_AND_20260720,keisiJsWSukJumr6,69.21,19822,1702,,,,,,,,,
2026-08-18,IOS,dhgate_product415_US_ACT&Nopay 30D_purchse_IAP_Kelsey_IOS_20260803,skjMlYo6gIpWsdzl,54.94,1797,1089,,,,,,,,,
2026-08-18,ANDROID,dhgate_product415_US_ACT&Nopay 30D_purchse_IAP_Kelsey_AND_20260818,JCicjbPsa7pzFQgM,0.1,24,15,,,,,,,,,
2026-08-18,ANDROID,dhgate_product415_T1_ACT&Nopay 30D_purchse_IAP_Kelsey_AND_20260720,mAKCz6oEkG8RFtXq,108.99,12157,5605,,,,,,,,,
2026-08-18,ANDROID,dhgate_product414_UK_ACT&Nopay 30D_purchse_IAP_Kelsey_AND_20260717,Sta14UHs9lqoZaRk,100.25,11704,1533,,,,,,,,,
2026-08-18,IOS,dhgate_product430_T1_ACT&Nopay 30D_purchse_IAP_Kelsey_IOS_20260805,ozEjNLe0zpSog6Ol,100.46,9420,1580,,,,,,,,,
2026-08-19,IOS,dhgate_product381_US_ACT&Nopay 30D_purchase_IAP_Kelsey_IOS_20260624,koAG4uPwaNuNbSsi,191.91,12480,2180,,,,,,,,,
2026-08-19,IOS,dhgate_product386_US_Purchase 30D_purchase_IAP_Kelsey_IOS_20260630,kpNA9cC8I3HMEtHY,92.64,6551,617,,,,,,,,,
2026-08-19,ANDROID,dhgate_product385_UK_ACT&Nopay 30D_purchase_IAP_Kelsey_AND_20260630,VzqTPrFSQDRkzKZj,101.29,8944,1294,,,,,,,,,
2026-08-19,ANDROID,dhgate_product384_T1_Purchase 30D_purchase_IAP_Kelsey_AND_20260709_D7,funYq3Yvepl5ocKc,100.81,6845,1044,,,,,,,,,
2026-08-19,IOS,dhgate_product384_T1_ACT&Nopay 30D_purchase_IAP_Kelsey_IOS_20260627,HgoIpNDJKiz1hrzc,49.62,5370,865,,,,,,,,,
2026-08-19,ANDROID,dhgate_product384_T1_ACT&Nopay 30D_purchase_IAP_Kelsey_AND_20260627,S76pXwyrVvtdre2B,50.35,13920,1164,,,,,,,,,
2026-08-19,IOS,dhgate_product372_T1_ACT&Nopay 30D_purchase_IAP_Kelsey_IOS_20260605,U4gzqzcEnoe3yurD,47.7,6490,766,,,,,,,,,
2026-08-19,IOS,dhgate_product403_US_Purchase 30D_purchse_IAP_Kelsey_IOS_20260713,OLvDIbZvBDJIzHMD,195.78,8687,1385,,,,,,,,,
2026-08-19,IOS,dhgate_product340_T1_Purchase 30D_purchase_IAP_Kelsey_IOS_20260729_D7,g5OokwJOrTmd1BeC,90.69,4740,1013,,,,,,,,,
2026-08-19,IOS,dhgate_product319_US_Purchase 30D_purchase_IAP_Kelsey_IOS_20260429,SGOG7us7fBY7c5lH,147.47,8664,1442,,,,,,,,,
2026-08-19,ANDROID,dhgate_product317_UK&FR_ACT&Nopay 30D_purchase_IAP_Kelsey_AND_20260427,tDzMEZEldS4Kei0r,151.1,16969,3018,,,,,,,,,
2026-08-19,IOS,dhgate_product314_UK_Purchase 30D_purchase_IAP_Kelsey_IOS_20260424,NmHyz3ZrSwNTmf0j,139.73,5155,1109,,,,,,,,,
2026-08-19,ANDROID,dhgate_product148_T1_Purchase 30D_purchase_IAP_Kelsey_AND_20260415,dVlitdxzfmXStKCR,100.95,10278,1074,,,,,,,,,
2026-08-19,IOS,dhgate_product138_FR_ACT&Nopay 30D_purchase_IAP_Kelsey_IOS_20260403,zNcB24si9mbzBPed,100.24,6733,1620,,,,,,,,,
2026-08-19,IOS,dhgate_dpa-ios_US_ACT&Nopay 30D_purchase_IAP_Kelsey_IOS_20260515,y55faIMh7doL5RvO,96.68,13340,313,,,,,,,,,
2026-08-19,ANDROID,dhgate_dpa-and_US_ACT&Nopay 30D_purchase_IAP_Kelsey_AND_20260511,M0ZXR7rklCeN7J9o,99.94,25328,1756,,,,,,,,,
2026-08-19,ANDROID,dhgate_product367_UK_Purchase 30D_purchase_IAP_Kelsey_AND_20260530,AsUotp8z2P369W1o,50.29,4744,594,,,,,,,,,
2026-08-19,ANDROID,dhgate_product409_T1_Purchase 30D_purchse_IAP_Kelsey_AND_20260729_D7,hzurSjf5sHyjVyUq,100.75,5902,1229,,,,,,,,,
2026-08-19,IOS,dhgate_product403_T1_Purchase 30D_purchse_IAP_Kelsey_IOS_20260812,u39Tgunkpc9Yh6xK,45.41,3622,491,,,,,,,,,
2026-08-19,ANDROID,dhgate_product414_UK_ACT&Nopay 30D_purchse_IAP_Kelsey_AND_20260717,Sta14UHs9lqoZaRk,100.58,9426,1274,,,,,,,,,
2026-08-19,ANDROID,dhgate_product409_US_Purchase 30D_purchse_IAP_Kelsey_AND_20260715,ZGa8bU3V5aZwVzXI,48.46,6778,1542,,,,,,,,,
2026-08-19,IOS,dhgate_product460_UK_ACT&Nopay 30D_purchse_IAP_Kelsey_IOS_20260819,qyOXsqH4SMFuupJ8,19.48,495,283,,,,,,,,,
2026-08-19,ANDROID,dhgate_product460_UK_ACT&Nopay 30D_purchse_IAP_Kelsey_AND_20260819,yexN71ezl5Uaj3zR,8.1,563,269,,,,,,,,,
2026-08-19,IOS,dhgate_product456_UK_ACT&Nopay 30D_purchse_IAP_Kelsey_IOS_20260819,KdY4Z0XZ5HFVW7d6,28.81,716,409,,,,,,,,,
2026-08-19,ANDROID,dhgate_product456_UK_ACT&Nopay 30D_purchse_IAP_Kelsey_AND_20260819,YFHzPYMDxHYfvk6Y,17.99,1170,553,,,,,,,,,
2026-08-19,ANDROID,dhgate_product455_UK_ACT&Nopay 30D_purchse_IAP_Kelsey_AND_20260818,PLHqOB2TI6OFfhNt,43.64,2566,1301,,,,,,,,,
2026-08-19,IOS,dhgate_product451_UK_ACT&Nopay 30D_purchse_IAP_Kelsey_IOS_20260818,mLF6qNmzeia5qzh8,34.63,1643,615,,,,,,,,,
2026-08-19,ANDROID,dhgate_product451_UK_ACT&Nopay 30D_purchse_IAP_Kelsey_AND_20260818,kbtcBstwLfd28m6W,45.03,2670,1115,,,,,,,,,
2026-08-19,IOS,dhgate_product455_UK_ACT&Nopay 30D_purchse_IAP_Kelsey_IOS_20260818,fq5tTzo3wY68l8SI,44.94,1153,654,,,,,,,,,
2026-08-19,ANDROID,dhgate_product447_US_Purchase 30D_purchse_IAP_Kelsey_AND_20260813,VVkFF06e9v7jvRbo,47.24,7891,1144,,,,,,,,,
2026-08-19,IOS,dhgate_product447_US_Purchase 30D_purchse_IAP_Kelsey_IOS_20260813,Tfe3Q4Jmutk41HhJ,72.89,2409,838,,,,,,,,,
2026-08-19,ANDROID,dhgate_product415_US_ACT&Nopay 30D_purchse_IAP_Kelsey_AND_20260818,JCicjbPsa7pzFQgM,42.27,4509,1613,,,,,,,,,
2026-08-19,IOS,dhgate_product415_US_ACT&Nopay 30D_purchse_IAP_Kelsey_IOS_20260803,skjMlYo6gIpWsdzl,44.34,5603,542,,,,,,,,,
2026-08-19,ANDROID,dhgate_product416_T1_ACT&Nopay 30D_purchse_IAP_Kelsey_AND_20260720,keisiJsWSukJumr6,100.38,22508,2288,,,,,,,,,
2026-08-19,ANDROID,dhgate_product415_T1_ACT&Nopay 30D_purchse_IAP_Kelsey_AND_20260720,mAKCz6oEkG8RFtXq,145.69,14202,6609,,,,,,,,,
2026-08-19,IOS,dhgate_product427_US_Purchase 30D_purchse_IAP_Kelsey_IOS_20260812,wFfcxDDraywKeDrb,44.6,3366,392,,,,,,,,,
2026-08-19,IOS,dhgate_product430_T1_ACT&Nopay 30D_purchse_IAP_Kelsey_IOS_20260805,ozEjNLe0zpSog6Ol,93.81,9125,1584,,,,,,,,,
2026-08-19,ANDROID,dhgate_product424_UK_Purchase 30D_purchse_IAP_Kelsey_AND_20260729,xbNZUG8GRKBS7Xp6,47.54,2973,568,,,,,,,,,
2026-08-20,ANDROID,dhgate_product384_T1_ACT&Nopay 30D_purchase_IAP_Kelsey_AND_20260627,S76pXwyrVvtdre2B,63.27,17205,1557,,,,,,,,,
2026-08-20,IOS,dhgate_product403_US_Purchase 30D_purchse_IAP_Kelsey_IOS_20260713,OLvDIbZvBDJIzHMD,197.26,9086,1235,,,,,,,,,
2026-08-20,IOS,dhgate_product403_T1_Purchase 30D_purchse_IAP_Kelsey_IOS_20260812,u39Tgunkpc9Yh6xK,44.23,3866,403,,,,,,,,,
2026-08-20,IOS,dhgate_product386_US_Purchase 30D_purchase_IAP_Kelsey_IOS_20260630,kpNA9cC8I3HMEtHY,91.5,6477,556,,,,,,,,,
2026-08-20,ANDROID,dhgate_product385_UK_ACT&Nopay 30D_purchase_IAP_Kelsey_AND_20260630,VzqTPrFSQDRkzKZj,100.63,11482,1332,,,,,,,,,
2026-08-20,ANDROID,dhgate_product384_T1_Purchase 30D_purchase_IAP_Kelsey_AND_20260709_D7,funYq3Yvepl5ocKc,100.52,6929,1096,,,,,,,,,
2026-08-20,IOS,dhgate_product384_T1_ACT&Nopay 30D_purchase_IAP_Kelsey_IOS_20260627,HgoIpNDJKiz1hrzc,48.86,5896,807,,,,,,,,,
2026-08-20,IOS,dhgate_product381_US_ACT&Nopay 30D_purchase_IAP_Kelsey_IOS_20260624,koAG4uPwaNuNbSsi,297.53,19758,3035,,,,,,,,,
2026-08-20,ANDROID,dhgate_dpa-and_US_ACT&Nopay 30D_purchase_IAP_Kelsey_AND_20260511,M0ZXR7rklCeN7J9o,95.27,26851,1596,,,,,,,,,
2026-08-20,ANDROID,dhgate_product367_UK_Purchase 30D_purchase_IAP_Kelsey_AND_20260530,AsUotp8z2P369W1o,50.23,5468,577,,,,,,,,,
2026-08-20,IOS,dhgate_product340_T1_Purchase 30D_purchase_IAP_Kelsey_IOS_20260729_D7,g5OokwJOrTmd1BeC,94.6,5619,975,,,,,,,,,
2026-08-20,IOS,dhgate_product319_US_Purchase 30D_purchase_IAP_Kelsey_IOS_20260429,SGOG7us7fBY7c5lH,191.75,11201,1852,,,,,,,,,
2026-08-20,ANDROID,dhgate_product317_UK&FR_ACT&Nopay 30D_purchase_IAP_Kelsey_AND_20260427,tDzMEZEldS4Kei0r,151.12,20367,3224,,,,,,,,,
2026-08-20,IOS,dhgate_product314_UK_Purchase 30D_purchase_IAP_Kelsey_IOS_20260424,NmHyz3ZrSwNTmf0j,135.86,5174,1052,,,,,,,,,
2026-08-20,ANDROID,dhgate_product148_T1_Purchase 30D_purchase_IAP_Kelsey_AND_20260415,dVlitdxzfmXStKCR,100.5,10300,1172,,,,,,,,,
2026-08-20,IOS,dhgate_product138_FR_ACT&Nopay 30D_purchase_IAP_Kelsey_IOS_20260403,zNcB24si9mbzBPed,96.63,6872,1487,,,,,,,,,
2026-08-20,IOS,dhgate_dpa-ios_US_ACT&Nopay 30D_purchase_IAP_Kelsey_IOS_20260515,y55faIMh7doL5RvO,95.23,14082,266,,,,,,,,,
2026-08-20,IOS,dhgate_product372_T1_ACT&Nopay 30D_purchase_IAP_Kelsey_IOS_20260605,U4gzqzcEnoe3yurD,46.56,6991,682,,,,,,,,,
2026-08-20,ANDROID,dhgate_product409_US_Purchase 30D_purchse_IAP_Kelsey_AND_20260715,ZGa8bU3V5aZwVzXI,48.49,7023,1418,,,,,,,,,
2026-08-20,ANDROID,dhgate_product409_T1_Purchase 30D_purchse_IAP_Kelsey_AND_20260729_D7,hzurSjf5sHyjVyUq,100.76,6025,1258,,,,,,,,,
2026-08-20,ANDROID,dhgate_product415_T1_ACT&Nopay 30D_purchse_IAP_Kelsey_AND_20260720,mAKCz6oEkG8RFtXq,235.73,17599,8072,,,,,,,,,
2026-08-20,ANDROID,dhgate_product414_UK_ACT&Nopay 30D_purchse_IAP_Kelsey_AND_20260717,Sta14UHs9lqoZaRk,100.53,11449,1249,,,,,,,,,
2026-08-20,IOS,dhgate_product461_T1_ACT&Nopay 30D_purchse_IAP_Kelsey_IOS_20260820,eiCqLRSuFckhVpkg,35.34,2425,1375,,,,,,,,,
2026-08-20,ANDROID,dhgate_product461_T1_ACT&Nopay 30D_purchse_IAP_Kelsey_AND_20260820,BTrC8wwDF9A7EhAf,39.19,10183,3358,,,,,,,,,
2026-08-20,IOS,dhgate_product460_UK_ACT&Nopay 30D_purchse_IAP_Kelsey_IOS_20260819,qyOXsqH4SMFuupJ8,50.07,1345,707,,,,,,,,,
2026-08-20,ANDROID,dhgate_product460_UK_ACT&Nopay 30D_purchse_IAP_Kelsey_AND_20260819,yexN71ezl5Uaj3zR,50.2,2908,1140,,,,,,,,,
2026-08-20,ANDROID,dhgate_product456_UK_ACT&Nopay 30D_purchse_IAP_Kelsey_AND_20260819,YFHzPYMDxHYfvk6Y,45.63,3297,1124,,,,,,,,,
2026-08-20,IOS,dhgate_product455_UK_ACT&Nopay 30D_purchse_IAP_Kelsey_IOS_20260818,fq5tTzo3wY68l8SI,50.28,1055,580,,,,,,,,,
2026-08-20,ANDROID,dhgate_product455_UK_ACT&Nopay 30D_purchse_IAP_Kelsey_AND_20260818,PLHqOB2TI6OFfhNt,50.65,2484,1123,,,,,,,,,
2026-08-20,IOS,dhgate_product451_UK_ACT&Nopay 30D_purchse_IAP_Kelsey_IOS_20260818,mLF6qNmzeia5qzh8,47.92,1906,748,,,,,,,,,
2026-08-20,IOS,dhgate_product456_UK_ACT&Nopay 30D_purchse_IAP_Kelsey_IOS_20260819,KdY4Z0XZ5HFVW7d6,50.63,1315,717,,,,,,,,,
2026-08-20,IOS,dhgate_product447_US_Purchase 30D_purchse_IAP_Kelsey_IOS_20260813,Tfe3Q4Jmutk41HhJ,138.25,8068,982,,,,,,,,,
2026-08-20,ANDROID,dhgate_product451_UK_ACT&Nopay 30D_purchse_IAP_Kelsey_AND_20260818,kbtcBstwLfd28m6W,50.4,2861,1087,,,,,,,,,
2026-08-20,IOS,dhgate_product415_US_ACT&Nopay 30D_purchse_IAP_Kelsey_IOS_20260803,skjMlYo6gIpWsdzl,48.99,6596,553,,,,,,,,,
2026-08-20,ANDROID,dhgate_product416_T1_ACT&Nopay 30D_purchse_IAP_Kelsey_AND_20260720,keisiJsWSukJumr6,150.59,31438,3716,,,,,,,,,
2026-08-20,ANDROID,dhgate_product424_UK_Purchase 30D_purchse_IAP_Kelsey_AND_20260729,xbNZUG8GRKBS7Xp6,43.84,2738,502,,,,,,,,,
2026-08-20,ANDROID,dhgate_product415_US_ACT&Nopay 30D_purchse_IAP_Kelsey_AND_20260818,JCicjbPsa7pzFQgM,50.13,5465,1431,,,,,,,,,
2026-08-20,IOS,dhgate_product430_T1_ACT&Nopay 30D_purchse_IAP_Kelsey_IOS_20260805,ozEjNLe0zpSog6Ol,100.08,10426,1604,,,,,,,,,
2026-08-20,ANDROID,dhgate_product447_US_Purchase 30D_purchse_IAP_Kelsey_AND_20260813,VVkFF06e9v7jvRbo,47.17,8164,1011,,,,,,,,,
2026-08-20,IOS,dhgate_product427_US_Purchase 30D_purchse_IAP_Kelsey_IOS_20260812,wFfcxDDraywKeDrb,45.29,3545,301,,,,,,,,,
2026-08-21,ANDROID,dhgate_product384_T1_ACT&Nopay 30D_purchase_IAP_Kelsey_AND_20260627,S76pXwyrVvtdre2B,119.68,23637,2635,,,,,,,,,
2026-08-21,ANDROID,dhgate_product409_T1_Purchase 30D_purchse_IAP_Kelsey_AND_20260729_D7,hzurSjf5sHyjVyUq,128.1,7649,1422,,,,,,,,,
2026-08-21,IOS,dhgate_product403_US_Purchase 30D_purchse_IAP_Kelsey_IOS_20260713,OLvDIbZvBDJIzHMD,200.35,8766,1344,,,,,,,,,
2026-08-21,IOS,dhgate_product403_T1_Purchase 30D_purchse_IAP_Kelsey_IOS_20260812,u39Tgunkpc9Yh6xK,45.62,3457,500,,,,,,,,,
2026-08-21,IOS,dhgate_product386_US_Purchase 30D_purchase_IAP_Kelsey_IOS_20260630,kpNA9cC8I3HMEtHY,119.56,7771,794,,,,,,,,,
2026-08-21,ANDROID,dhgate_product385_UK_ACT&Nopay 30D_purchase_IAP_Kelsey_AND_20260630,VzqTPrFSQDRkzKZj,53.94,5624,702,,,,,,,,,
2026-08-21,ANDROID,dhgate_product384_T1_Purchase 30D_purchase_IAP_Kelsey_AND_20260709_D7,funYq3Yvepl5ocKc,138.11,9517,1299,,,,,,,,,
2026-08-21,IOS,dhgate_product384_T1_ACT&Nopay 30D_purchase_IAP_Kelsey_IOS_20260627,HgoIpNDJKiz1hrzc,66.01,6248,1097,,,,,,,,,
2026-08-21,IOS,dhgate_product381_US_ACT&Nopay 30D_purchase_IAP_Kelsey_IOS_20260624,koAG4uPwaNuNbSsi,299.56,18253,3197,,,,,,,,,
2026-08-21,ANDROID,dhgate_dpa-and_US_ACT&Nopay 30D_purchase_IAP_Kelsey_AND_20260511,M0ZXR7rklCeN7J9o,94.51,25119,1458,,,,,,,,,
2026-08-21,ANDROID,dhgate_product367_UK_Purchase 30D_purchase_IAP_Kelsey_AND_20260530,AsUotp8z2P369W1o,50.21,6164,545,,,,,,,,,
2026-08-21,IOS,dhgate_product340_T1_Purchase 30D_purchase_IAP_Kelsey_IOS_20260729_D7,g5OokwJOrTmd1BeC,86.81,4571,875,,,,,,,,,
2026-08-21,IOS,dhgate_product319_US_Purchase 30D_purchase_IAP_Kelsey_IOS_20260429,SGOG7us7fBY7c5lH,249.12,12584,2357,,,,,,,,,
2026-08-21,ANDROID,dhgate_product317_UK&FR_ACT&Nopay 30D_purchase_IAP_Kelsey_AND_20260427,tDzMEZEldS4Kei0r,150.7,18727,2972,,,,,,,,,
2026-08-21,IOS,dhgate_product314_UK_Purchase 30D_purchase_IAP_Kelsey_IOS_20260424,NmHyz3ZrSwNTmf0j,154.69,5556,1199,,,,,,,,,
2026-08-21,ANDROID,dhgate_product409_US_Purchase 30D_purchse_IAP_Kelsey_AND_20260715,ZGa8bU3V5aZwVzXI,49.06,7124,1791,,,,,,,,,
2026-08-21,IOS,dhgate_product138_FR_ACT&Nopay 30D_purchase_IAP_Kelsey_IOS_20260403,zNcB24si9mbzBPed,88.63,6279,1429,,,,,,,,,
2026-08-21,IOS,dhgate_dpa-ios_US_ACT&Nopay 30D_purchase_IAP_Kelsey_IOS_20260515,y55faIMh7doL5RvO,91.94,13873,293,,,,,,,,,
2026-08-21,IOS,dhgate_product372_T1_ACT&Nopay 30D_purchase_IAP_Kelsey_IOS_20260605,U4gzqzcEnoe3yurD,89.86,9633,1361,,,,,,,,,
2026-08-21,ANDROID,dhgate_product414_UK_ACT&Nopay 30D_purchse_IAP_Kelsey_AND_20260717,Sta14UHs9lqoZaRk,61.24,6546,792,,,,,,,,,
2026-08-21,ANDROID,dhgate_product148_T1_Purchase 30D_purchase_IAP_Kelsey_AND_20260415,dVlitdxzfmXStKCR,100.43,11097,1039,,,,,,,,,
2026-08-21,ANDROID,dhgate_product415_US_ACT&Nopay 30D_purchse_IAP_Kelsey_AND_20260818,JCicjbPsa7pzFQgM,26.16,1793,778,,,,,,,,,
2026-08-21,IOS,dhgate_product463_US_Purchase 30D_purchse_IAP_Kelsey_IOS_20260821,X0Wp7ROkpYUcW6Yz,21.56,567,286,,,,,,,,,
2026-08-21,ANDROID,dhgate_product415_T1_ACT&Nopay 30D_purchse_IAP_Kelsey_AND_20260720,mAKCz6oEkG8RFtXq,150.75,10479,5036,,,,,,,,,
2026-08-21,IOS,dhgate_product461_T1_ACT&Nopay 30D_purchse_IAP_Kelsey_IOS_20260820,eiCqLRSuFckhVpkg,39.82,2157,1324,,,,,,,,,
2026-08-21,ANDROID,dhgate_product461_T1_ACT&Nopay 30D_purchse_IAP_Kelsey_AND_20260820,BTrC8wwDF9A7EhAf,50.25,11111,3215,,,,,,,,,
2026-08-21,IOS,dhgate_product460_UK_ACT&Nopay 30D_purchse_IAP_Kelsey_IOS_20260819,qyOXsqH4SMFuupJ8,48.74,1208,631,,,,,,,,,
2026-08-21,ANDROID,dhgate_product460_UK_ACT&Nopay 30D_purchse_IAP_Kelsey_AND_20260819,yexN71ezl5Uaj3zR,42.77,2407,854,,,,,,,,,
2026-08-21,IOS,dhgate_product456_UK_ACT&Nopay 30D_purchse_IAP_Kelsey_IOS_20260819,KdY4Z0XZ5HFVW7d6,30.34,776,450,,,,,,,,,
2026-08-21,ANDROID,dhgate_product456_UK_ACT&Nopay 30D_purchse_IAP_Kelsey_AND_20260819,YFHzPYMDxHYfvk6Y,22.83,1571,592,,,,,,,,,
2026-08-21,IOS,dhgate_product455_UK_ACT&Nopay 30D_purchse_IAP_Kelsey_IOS_20260818,fq5tTzo3wY68l8SI,33.29,735,402,,,,,,,,,
2026-08-21,ANDROID,dhgate_product463_US_Purchase 30D_purchse_IAP_Kelsey_AND_20260821,nf2ok8XC7nMvmHON,5.91,484,156,,,,,,,,,
2026-08-21,IOS,dhgate_product451_UK_ACT&Nopay 30D_purchse_IAP_Kelsey_IOS_20260818,mLF6qNmzeia5qzh8,22.81,842,390,,,,,,,,,
2026-08-21,ANDROID,dhgate_product455_UK_ACT&Nopay 30D_purchse_IAP_Kelsey_AND_20260818,PLHqOB2TI6OFfhNt,25.14,1208,567,,,,,,,,,
2026-08-21,ANDROID,dhgate_product416_T1_ACT&Nopay 30D_purchse_IAP_Kelsey_AND_20260720,keisiJsWSukJumr6,100.36,19503,2358,,,,,,,,,
2026-08-21,ANDROID,dhgate_product424_UK_Purchase 30D_purchse_IAP_Kelsey_AND_20260729,xbNZUG8GRKBS7Xp6,64.01,3495,726,,,,,,,,,
2026-08-21,IOS,dhgate_product427_US_Purchase 30D_purchse_IAP_Kelsey_IOS_20260812,wFfcxDDraywKeDrb,30.89,1867,211,,,,,,,,,
2026-08-21,IOS,dhgate_product415_US_ACT&Nopay 30D_purchse_IAP_Kelsey_IOS_20260803,skjMlYo6gIpWsdzl,59.13,6152,761,,,,,,,,,
2026-08-21,ANDROID,dhgate_product447_US_Purchase 30D_purchse_IAP_Kelsey_AND_20260813,VVkFF06e9v7jvRbo,23.64,4138,421,,,,,,,,,
2026-08-21,IOS,dhgate_product447_US_Purchase 30D_purchse_IAP_Kelsey_IOS_20260813,Tfe3Q4Jmutk41HhJ,95.08,4650,646,,,,,,,,,
2026-08-21,ANDROID,dhgate_product451_UK_ACT&Nopay 30D_purchse_IAP_Kelsey_AND_20260818,kbtcBstwLfd28m6W,28.54,1450,574,,,,,,,,,
2026-08-21,IOS,dhgate_product430_T1_ACT&Nopay 30D_purchse_IAP_Kelsey_IOS_20260805,ozEjNLe0zpSog6Ol,93.97,8865,1521,,,,,,,,,
2026-08-22,ANDROID,dhgate_product367_UK_Purchase 30D_purchase_IAP_Kelsey_AND_20260530,AsUotp8z2P369W1o,50.29,5066,511,,,,,,,,,
2026-08-22,ANDROID,dhgate_product384_T1_Purchase 30D_purchase_IAP_Kelsey_AND_20260709_D7,funYq3Yvepl5ocKc,150.82,8294,1308,,,,,,,,,
2026-08-22,IOS,dhgate_product384_T1_ACT&Nopay 30D_purchase_IAP_Kelsey_IOS_20260627,HgoIpNDJKiz1hrzc,100.43,8707,1478,,,,,,,,,
2026-08-22,ANDROID,dhgate_product384_T1_ACT&Nopay 30D_purchase_IAP_Kelsey_AND_20260627,S76pXwyrVvtdre2B,150.64,24154,2963,,,,,,,,,
2026-08-22,IOS,dhgate_product381_US_ACT&Nopay 30D_purchase_IAP_Kelsey_IOS_20260624,koAG4uPwaNuNbSsi,350.84,20194,3229,,,,,,,,,
2026-08-22,IOS,dhgate_product372_T1_ACT&Nopay 30D_purchase_IAP_Kelsey_IOS_20260605,U4gzqzcEnoe3yurD,150.52,14063,2076,,,,,,,,,
2026-08-22,IOS,dhgate_product340_T1_Purchase 30D_purchase_IAP_Kelsey_IOS_20260729_D7,g5OokwJOrTmd1BeC,100.31,5013,917,,,,,,,,,
2026-08-22,IOS,dhgate_product138_FR_ACT&Nopay 30D_purchase_IAP_Kelsey_IOS_20260403,zNcB24si9mbzBPed,100.6,6704,1411,,,,,,,,,
2026-08-22,ANDROID,dhgate_product317_UK&FR_ACT&Nopay 30D_purchase_IAP_Kelsey_AND_20260427,tDzMEZEldS4Kei0r,150.81,15271,2650,,,,,,,,,
2026-08-22,IOS,dhgate_product314_UK_Purchase 30D_purchase_IAP_Kelsey_IOS_20260424,NmHyz3ZrSwNTmf0j,190.86,5965,1313,,,,,,,,,
2026-08-22,ANDROID,dhgate_product148_T1_Purchase 30D_purchase_IAP_Kelsey_AND_20260415,dVlitdxzfmXStKCR,100.62,9548,945,,,,,,,,,
2026-08-22,IOS,dhgate_dpa-ios_US_ACT&Nopay 30D_purchase_IAP_Kelsey_IOS_20260515,y55faIMh7doL5RvO,100.2,14598,318,,,,,,,,,
2026-08-22,ANDROID,dhgate_product385_UK_ACT&Nopay 30D_purchase_IAP_Kelsey_AND_20260630,VzqTPrFSQDRkzKZj,50.23,5199,586,,,,,,,,,
2026-08-22,ANDROID,dhgate_dpa-and_US_ACT&Nopay 30D_purchase_IAP_Kelsey_AND_20260511,M0ZXR7rklCeN7J9o,95.13,23732,2299,,,,,,,,,
2026-08-22,IOS,dhgate_product319_US_Purchase 30D_purchase_IAP_Kelsey_IOS_20260429,SGOG7us7fBY7c5lH,285.15,13394,2507,,,,,,,,,
2026-08-22,IOS,dhgate_product386_US_Purchase 30D_purchase_IAP_Kelsey_IOS_20260630,kpNA9cC8I3HMEtHY,146.26,8871,977,,,,,,,,,
2026-08-22,ANDROID,dhgate_product463_US_Purchase 30D_purchse_IAP_Kelsey_AND_20260821,nf2ok8XC7nMvmHON,50.3,5304,1129,,,,,,,,,
2026-08-22,IOS,dhgate_product403_US_Purchase 30D_purchse_IAP_Kelsey_IOS_20260713,OLvDIbZvBDJIzHMD,193.9,8814,1249,,,,,,,,,
2026-08-22,IOS,dhgate_product463_US_Purchase 30D_purchse_IAP_Kelsey_IOS_20260821,X0Wp7ROkpYUcW6Yz,43.74,1154,532,,,,,,,,,
2026-08-22,IOS,dhgate_product461_T1_ACT&Nopay 30D_purchse_IAP_Kelsey_IOS_20260820,eiCqLRSuFckhVpkg,37.0,1942,1138,,,,,,,,,
2026-08-22,ANDROID,dhgate_product461_T1_ACT&Nopay 30D_purchse_IAP_Kelsey_AND_20260820,BTrC8wwDF9A7EhAf,45.71,6069,2425,,,,,,,,,
2026-08-22,IOS,dhgate_product460_UK_ACT&Nopay 30D_purchse_IAP_Kelsey_IOS_20260819,qyOXsqH4SMFuupJ8,38.58,983,551,,,,,,,,,
2026-08-22,ANDROID,dhgate_product460_UK_ACT&Nopay 30D_purchse_IAP_Kelsey_AND_20260819,yexN71ezl5Uaj3zR,42.93,1864,900,,,,,,,,,
2026-08-22,IOS,dhgate_product447_US_Purchase 30D_purchse_IAP_Kelsey_IOS_20260813,Tfe3Q4Jmutk41HhJ,47.67,3483,348,,,,,,,,,
2026-08-22,IOS,dhgate_product430_T1_ACT&Nopay 30D_purchse_IAP_Kelsey_IOS_20260805,ozEjNLe0zpSog6Ol,97.91,9263,1459,,,,,,,,,
2026-08-22,IOS,dhgate_product403_T1_Purchase 30D_purchse_IAP_Kelsey_IOS_20260812,u39Tgunkpc9Yh6xK,50.16,3747,484,,,,,,,,,
2026-08-22,ANDROID,dhgate_product416_T1_ACT&Nopay 30D_purchse_IAP_Kelsey_AND_20260720,keisiJsWSukJumr6,100.51,18251,1970,,,,,,,,,
2026-08-22,IOS,dhgate_product415_US_ACT&Nopay 30D_purchse_IAP_Kelsey_IOS_20260803,skjMlYo6gIpWsdzl,95.78,9194,1065,,,,,,,,,
2026-08-22,ANDROID,dhgate_product415_T1_ACT&Nopay 30D_purchse_IAP_Kelsey_AND_20260720,mAKCz6oEkG8RFtXq,139.05,10193,4393,,,,,,,,,
2026-08-22,ANDROID,dhgate_product414_UK_ACT&Nopay 30D_purchse_IAP_Kelsey_AND_20260717,Sta14UHs9lqoZaRk,50.53,5068,649,,,,,,,,,
2026-08-22,ANDROID,dhgate_product409_US_Purchase 30D_purchse_IAP_Kelsey_AND_20260715,ZGa8bU3V5aZwVzXI,48.12,7266,2079,,,,,,,,,
2026-08-22,ANDROID,dhgate_product409_T1_Purchase 30D_purchse_IAP_Kelsey_AND_20260729_D7,hzurSjf5sHyjVyUq,151.18,7341,1482,,,,,,,,,
2026-08-22,ANDROID,dhgate_product424_UK_Purchase 30D_purchse_IAP_Kelsey_AND_20260729,xbNZUG8GRKBS7Xp6,88.01,3517,873,,,,,,,,,
2026-08-23,IOS,dhgate_product384_T1_ACT&Nopay 30D_purchase_IAP_Kelsey_IOS_20260627,HgoIpNDJKiz1hrzc,96.72,8567,1418,,,,,,,,,
2026-08-23,ANDROID,dhgate_product384_T1_ACT&Nopay 30D_purchase_IAP_Kelsey_AND_20260627,S76pXwyrVvtdre2B,149.78,22862,3188,,,,,,,,,
2026-08-23,IOS,dhgate_product381_US_ACT&Nopay 30D_purchase_IAP_Kelsey_IOS_20260624,koAG4uPwaNuNbSsi,341.57,18973,3238,,,,,,,,,
2026-08-23,IOS,dhgate_product372_T1_ACT&Nopay 30D_purchase_IAP_Kelsey_IOS_20260605,U4gzqzcEnoe3yurD,139.41,13769,1947,,,,,,,,,
2026-08-23,ANDROID,dhgate_product367_UK_Purchase 30D_purchase_IAP_Kelsey_AND_20260530,AsUotp8z2P369W1o,50.16,4998,516,,,,,,,,,
2026-08-23,IOS,dhgate_product340_T1_Purchase 30D_purchase_IAP_Kelsey_IOS_20260729_D7,g5OokwJOrTmd1BeC,97.78,5095,920,,,,,,,,,
2026-08-23,ANDROID,dhgate_product148_T1_Purchase 30D_purchase_IAP_Kelsey_AND_20260415,dVlitdxzfmXStKCR,100.75,9494,1024,,,,,,,,,
2026-08-23,ANDROID,dhgate_product317_UK&FR_ACT&Nopay 30D_purchase_IAP_Kelsey_AND_20260427,tDzMEZEldS4Kei0r,151.22,14737,2825,,,,,,,,,
2026-08-23,IOS,dhgate_product314_UK_Purchase 30D_purchase_IAP_Kelsey_IOS_20260424,NmHyz3ZrSwNTmf0j,198.48,6273,1531,,,,,,,,,
2026-08-23,IOS,dhgate_product138_FR_ACT&Nopay 30D_purchase_IAP_Kelsey_IOS_20260403,zNcB24si9mbzBPed,93.24,6983,1352,,,,,,,,,
2026-08-23,IOS,dhgate_dpa-ios_US_ACT&Nopay 30D_purchase_IAP_Kelsey_IOS_20260515,y55faIMh7doL5RvO,98.32,12896,354,,,,,,,,,
2026-08-23,ANDROID,dhgate_dpa-and_US_ACT&Nopay 30D_purchase_IAP_Kelsey_AND_20260511,M0ZXR7rklCeN7J9o,93.73,23921,2325,,,,,,,,,
2026-08-23,ANDROID,dhgate_product384_T1_Purchase 30D_purchase_IAP_Kelsey_AND_20260709_D7,funYq3Yvepl5ocKc,150.81,9171,1414,,,,,,,,,
2026-08-23,IOS,dhgate_product319_US_Purchase 30D_purchase_IAP_Kelsey_IOS_20260429,SGOG7us7fBY7c5lH,273.11,13928,2537,,,,,,,,,
2026-08-23,ANDROID,dhgate_product385_UK_ACT&Nopay 30D_purchase_IAP_Kelsey_AND_20260630,VzqTPrFSQDRkzKZj,50.54,5022,744,,,,,,,,,
2026-08-23,IOS,dhgate_product386_US_Purchase 30D_purchase_IAP_Kelsey_IOS_20260630,kpNA9cC8I3HMEtHY,150.52,9482,1001,,,,,,,,,
2026-08-23,IOS,dhgate_product463_US_Purchase 30D_purchse_IAP_Kelsey_IOS_20260821,X0Wp7ROkpYUcW6Yz,50.14,1192,638,,,,,,,,,
2026-08-23,IOS,dhgate_product403_T1_Purchase 30D_purchse_IAP_Kelsey_IOS_20260812,u39Tgunkpc9Yh6xK,45.74,3461,436,,,,,,,,,
2026-08-23,ANDROID,dhgate_product463_US_Purchase 30D_purchse_IAP_Kelsey_AND_20260821,nf2ok8XC7nMvmHON,50.1,4758,1052,,,,,,,,,
2026-08-23,IOS,dhgate_product461_T1_ACT&Nopay 30D_purchse_IAP_Kelsey_IOS_20260820,eiCqLRSuFckhVpkg,43.31,2299,1258,,,,,,,,,
2026-08-23,ANDROID,dhgate_product461_T1_ACT&Nopay 30D_purchse_IAP_Kelsey_AND_20260820,BTrC8wwDF9A7EhAf,45.74,5848,2527,,,,,,,,,
2026-08-23,IOS,dhgate_product460_UK_ACT&Nopay 30D_purchse_IAP_Kelsey_IOS_20260819,qyOXsqH4SMFuupJ8,44.58,1089,645,,,,,,,,,
2026-08-23,IOS,dhgate_product447_US_Purchase 30D_purchse_IAP_Kelsey_IOS_20260813,Tfe3Q4Jmutk41HhJ,49.19,3586,346,,,,,,,,,
2026-08-23,IOS,dhgate_product430_T1_ACT&Nopay 30D_purchse_IAP_Kelsey_IOS_20260805,ozEjNLe0zpSog6Ol,96.43,9253,1301,,,,,,,,,
2026-08-23,ANDROID,dhgate_product460_UK_ACT&Nopay 30D_purchse_IAP_Kelsey_AND_20260819,yexN71ezl5Uaj3zR,41.62,1669,897,,,,,,,,,
2026-08-23,ANDROID,dhgate_product416_T1_ACT&Nopay 30D_purchse_IAP_Kelsey_AND_20260720,keisiJsWSukJumr6,97.63,16788,2122,,,,,,,,,
2026-08-23,IOS,dhgate_product415_US_ACT&Nopay 30D_purchse_IAP_Kelsey_IOS_20260803,skjMlYo6gIpWsdzl,92.51,8386,1085,,,,,,,,,
2026-08-23,ANDROID,dhgate_product415_T1_ACT&Nopay 30D_purchse_IAP_Kelsey_AND_20260720,mAKCz6oEkG8RFtXq,142.36,20289,2886,,,,,,,,,
2026-08-23,ANDROID,dhgate_product414_UK_ACT&Nopay 30D_purchse_IAP_Kelsey_AND_20260717,Sta14UHs9lqoZaRk,50.45,4949,752,,,,,,,,,
2026-08-23,ANDROID,dhgate_product409_US_Purchase 30D_purchse_IAP_Kelsey_AND_20260715,ZGa8bU3V5aZwVzXI,47.54,7672,2108,,,,,,,,,
2026-08-23,ANDROID,dhgate_product409_T1_Purchase 30D_purchse_IAP_Kelsey_AND_20260729_D7,hzurSjf5sHyjVyUq,150.53,6858,1571,,,,,,,,,
2026-08-23,IOS,dhgate_product403_US_Purchase 30D_purchse_IAP_Kelsey_IOS_20260713,OLvDIbZvBDJIzHMD,200.32,9521,1340,,,,,,,,,
2026-08-23,ANDROID,dhgate_product424_UK_Purchase 30D_purchse_IAP_Kelsey_AND_20260729,xbNZUG8GRKBS7Xp6,97.61,3830,931,,,,,,,,,
2026-08-24,IOS,dhgate_product372_T1_ACT&Nopay 30D_purchase_IAP_Kelsey_IOS_20260605,U4gzqzcEnoe3yurD,144.16,15153,2121,,,,,,,,,
2026-08-24,ANDROID,dhgate_product385_UK_ACT&Nopay 30D_purchase_IAP_Kelsey_AND_20260630,VzqTPrFSQDRkzKZj,50.09,5807,786,,,,,,,,,
2026-08-24,ANDROID,dhgate_product384_T1_Purchase 30D_purchase_IAP_Kelsey_AND_20260709_D7,funYq3Yvepl5ocKc,150.53,9063,1445,,,,,,,,,
2026-08-24,IOS,dhgate_product384_T1_ACT&Nopay 30D_purchase_IAP_Kelsey_IOS_20260627,HgoIpNDJKiz1hrzc,95.37,9268,1504,,,,,,,,,
2026-08-24,ANDROID,dhgate_product384_T1_ACT&Nopay 30D_purchase_IAP_Kelsey_AND_20260627,S76pXwyrVvtdre2B,150.7,27170,3365,,,,,,,,,
2026-08-24,IOS,dhgate_product381_US_ACT&Nopay 30D_purchase_IAP_Kelsey_IOS_20260624,koAG4uPwaNuNbSsi,341.64,21492,3423,,,,,,,,,
2026-08-24,ANDROID,dhgate_product367_UK_Purchase 30D_purchase_IAP_Kelsey_AND_20260530,AsUotp8z2P369W1o,50.18,5521,656,,,,,,,,,
2026-08-24,IOS,dhgate_product386_US_Purchase 30D_purchase_IAP_Kelsey_IOS_20260630,kpNA9cC8I3HMEtHY,142.72,10170,1049,,,,,,,,,
2026-08-24,ANDROID,dhgate_product317_UK&FR_ACT&Nopay 30D_purchase_IAP_Kelsey_AND_20260427,tDzMEZEldS4Kei0r,151.01,18033,3154,,,,,,,,,
2026-08-24,IOS,dhgate_product314_UK_Purchase 30D_purchase_IAP_Kelsey_IOS_20260424,NmHyz3ZrSwNTmf0j,172.44,6114,1439,,,,,,,,,
2026-08-24,ANDROID,dhgate_product148_T1_Purchase 30D_purchase_IAP_Kelsey_AND_20260415,dVlitdxzfmXStKCR,100.72,10503,1131,,,,,,,,,
2026-08-24,IOS,dhgate_product138_FR_ACT&Nopay 30D_purchase_IAP_Kelsey_IOS_20260403,zNcB24si9mbzBPed,94.88,7153,1548,,,,,,,,,
2026-08-24,IOS,dhgate_dpa-ios_US_ACT&Nopay 30D_purchase_IAP_Kelsey_IOS_20260515,y55faIMh7doL5RvO,92.85,13721,306,,,,,,,,,
2026-08-24,ANDROID,dhgate_dpa-and_US_ACT&Nopay 30D_purchase_IAP_Kelsey_AND_20260511,M0ZXR7rklCeN7J9o,100.11,26106,2494,,,,,,,,,
2026-08-24,IOS,dhgate_product340_T1_Purchase 30D_purchase_IAP_Kelsey_IOS_20260729_D7,g5OokwJOrTmd1BeC,93.13,5077,966,,,,,,,,,
2026-08-24,IOS,dhgate_product403_T1_Purchase 30D_purchse_IAP_Kelsey_IOS_20260812,u39Tgunkpc9Yh6xK,43.49,3588,430,,,,,,,,,
2026-08-24,IOS,dhgate_product319_US_Purchase 30D_purchase_IAP_Kelsey_IOS_20260429,SGOG7us7fBY7c5lH,289.46,14916,2813,,,,,,,,,
2026-08-24,ANDROID,dhgate_product409_T1_Purchase 30D_purchse_IAP_Kelsey_AND_20260729_D7,hzurSjf5sHyjVyUq,142.96,7611,1693,,,,,,,,,
2026-08-24,IOS,dhgate_product403_US_Purchase 30D_purchse_IAP_Kelsey_IOS_20260713,OLvDIbZvBDJIzHMD,182.21,9709,1307,,,,,,,,,
2026-08-24,ANDROID,dhgate_product464_US_Purchase 30D_purchse_IAP_Kelsey_AND_20260824,i71tz8O6hgClwfYz,6.3,385,133,,,,,,,,,
2026-08-24,IOS,dhgate_product463_US_Purchase 30D_purchse_IAP_Kelsey_IOS_20260821,X0Wp7ROkpYUcW6Yz,44.73,1074,585,,,,,,,,,
2026-08-24,ANDROID,dhgate_product463_US_Purchase 30D_purchse_IAP_Kelsey_AND_20260821,nf2ok8XC7nMvmHON,50.9,4584,891,,,,,,,,,
2026-08-24,ANDROID,dhgate_product461_T1_ACT&Nopay 30D_purchse_IAP_Kelsey_AND_20260820,BTrC8wwDF9A7EhAf,47.78,7220,2728,,,,,,,,,
2026-08-24,IOS,dhgate_product460_UK_ACT&Nopay 30D_purchse_IAP_Kelsey_IOS_20260819,qyOXsqH4SMFuupJ8,38.0,1030,623,,,,,,,,,
2026-08-24,IOS,dhgate_product464_US_Purchase 30D_purchse_IAP_Kelsey_IOS_20260824,fq08QlSOys2iRyIY,8.23,222,115,,,,,,,,,
2026-08-24,ANDROID,dhgate_product460_UK_ACT&Nopay 30D_purchse_IAP_Kelsey_AND_20260819,yexN71ezl5Uaj3zR,34.63,1656,747,,,,,,,,,
2026-08-24,IOS,dhgate_product461_T1_ACT&Nopay 30D_purchse_IAP_Kelsey_IOS_20260820,eiCqLRSuFckhVpkg,43.51,2328,1292,,,,,,,,,
2026-08-24,IOS,dhgate_product430_T1_ACT&Nopay 30D_purchse_IAP_Kelsey_IOS_20260805,ozEjNLe0zpSog6Ol,96.18,9473,1489,,,,,,,,,
2026-08-24,IOS,dhgate_product447_US_Purchase 30D_purchse_IAP_Kelsey_IOS_20260813,Tfe3Q4Jmutk41HhJ,43.53,3437,314,,,,,,,,,
2026-08-24,ANDROID,dhgate_product414_UK_ACT&Nopay 30D_purchse_IAP_Kelsey_AND_20260717,Sta14UHs9lqoZaRk,48.01,5542,718,,,,,,,,,
2026-08-24,ANDROID,dhgate_product415_T1_ACT&Nopay 30D_purchse_IAP_Kelsey_AND_20260720,mAKCz6oEkG8RFtXq,145.84,23984,3189,,,,,,,,,
2026-08-24,ANDROID,dhgate_product409_US_Purchase 30D_purchse_IAP_Kelsey_AND_20260715,ZGa8bU3V5aZwVzXI,44.77,7553,2123,,,,,,,,,
2026-08-24,ANDROID,dhgate_product416_T1_ACT&Nopay 30D_purchse_IAP_Kelsey_AND_20260720,keisiJsWSukJumr6,99.68,19854,2313,,,,,,,,,
2026-08-24,ANDROID,dhgate_product424_UK_Purchase 30D_purchse_IAP_Kelsey_AND_20260729,xbNZUG8GRKBS7Xp6,85.73,4045,972,,,,,,,,,
2026-08-24,IOS,dhgate_product415_US_ACT&Nopay 30D_purchse_IAP_Kelsey_IOS_20260803,skjMlYo6gIpWsdzl,92.8,8937,1063,,,,,,,,,
2026-08-25,IOS,dhgate_product372_T1_ACT&Nopay 30D_purchase_IAP_Kelsey_IOS_20260605,U4gzqzcEnoe3yurD,150.73,14710,2157,,,,,,,,,
2026-08-25,IOS,dhgate_product403_T1_Purchase 30D_purchse_IAP_Kelsey_IOS_20260812,u39Tgunkpc9Yh6xK,50.33,3701,456,,,,,,,,,
2026-08-25,IOS,dhgate_product386_UK_ACT&Nopay 30D_purchase_IAP_Kelsey_IOS_20260825,KPAs1oPkGZL7stW4,0.94,44,25,,,,,,,,,
2026-08-25,ANDROID,dhgate_product385_UK_ACT&Nopay 30D_purchase_IAP_Kelsey_AND_20260630,VzqTPrFSQDRkzKZj,101.08,9564,1420,,,,,,,,,
2026-08-25,ANDROID,dhgate_product384_T1_Purchase 30D_purchase_IAP_Kelsey_AND_20260709_D7,funYq3Yvepl5ocKc,151.71,8888,1582,,,,,,,,,
2026-08-25,IOS,dhgate_product384_T1_ACT&Nopay 30D_purchase_IAP_Kelsey_IOS_20260627,HgoIpNDJKiz1hrzc,100.34,8905,1547,,,,,,,,,
2026-08-25,ANDROID,dhgate_product384_T1_ACT&Nopay 30D_purchase_IAP_Kelsey_AND_20260627,S76pXwyrVvtdre2B,150.68,26084,3529,,,,,,,,,
2026-08-25,IOS,dhgate_product381_US_ACT&Nopay 30D_purchase_IAP_Kelsey_IOS_20260624,koAG4uPwaNuNbSsi,350.91,21870,3234,,,,,,,,,
2026-08-25,ANDROID,dhgate_product367_US_Purchase 30D_purchase_IAP_Kelsey_AND_20260825,T6aEouPLxqyRoMrg,0.17,19,7,,,,,,,,,
2026-08-25,IOS,dhgate_product138_FR_ACT&Nopay 30D_purchase_IAP_Kelsey_IOS_20260403,zNcB24si9mbzBPed,100.51,7533,1623,,,,,,,,,
2026-08-25,ANDROID,dhgate_product367_T1_Purchase 30D_purchase_IAP_Kelsey_AND_20260825,F1Wnlr8tLNQLlfay,0.13,29,10,,,,,,,,,
2026-08-25,IOS,dhgate_product340_T1_Purchase 30D_purchase_IAP_Kelsey_IOS_20260729_D7,g5OokwJOrTmd1BeC,100.59,5042,966,,,,,,,,,
2026-08-25,IOS,dhgate_product319_US_Purchase 30D_purchase_IAP_Kelsey_IOS_20260429,SGOG7us7fBY7c5lH,301.14,14913,2814,,,,,,,,,
2026-08-25,ANDROID,dhgate_product317_UK&FR_ACT&Nopay 30D_purchase_IAP_Kelsey_AND_20260427,tDzMEZEldS4Kei0r,239.21,23999,4885,,,,,,,,,
2026-08-25,IOS,dhgate_product314_UK_Purchase 30D_purchase_IAP_Kelsey_IOS_20260424,NmHyz3ZrSwNTmf0j,185.68,6401,1501,,,,,,,,,
2026-08-25,ANDROID,dhgate_product148_T1_Purchase 30D_purchase_IAP_Kelsey_AND_20260415,dVlitdxzfmXStKCR,101.06,10028,1198,,,,,,,,,
2026-08-25,IOS,dhgate_product403_US_Purchase 30D_purchse_IAP_Kelsey_IOS_20260713,OLvDIbZvBDJIzHMD,217.44,9345,1244,,,,,,,,,
2026-08-25,IOS,dhgate_dpa-ios_US_ACT&Nopay 30D_purchase_IAP_Kelsey_IOS_20260515,y55faIMh7doL5RvO,104.9,15211,328,,,,,,,,,
2026-08-25,ANDROID,dhgate_dpa-and_US_ACT&Nopay 30D_purchase_IAP_Kelsey_AND_20260511,M0ZXR7rklCeN7J9o,100.08,26288,2485,,,,,,,,,
2026-08-25,ANDROID,dhgate_product367_UK_Purchase 30D_purchase_IAP_Kelsey_AND_20260530,AsUotp8z2P369W1o,161.01,9832,1777,,,,,,,,,
2026-08-25,ANDROID,dhgate_product409_T1_Purchase 30D_purchse_IAP_Kelsey_AND_20260729_D7,hzurSjf5sHyjVyUq,151.11,7695,1793,,,,,,,,,
2026-08-25,IOS,dhgate_product386_US_Purchase 30D_purchase_IAP_Kelsey_IOS_20260630,kpNA9cC8I3HMEtHY,207.96,11765,1124,,,,,,,,,
2026-08-25,ANDROID,dhgate_product414_T1_ACT&Nopay 30D_purchse_IAP_Kelsey_AND_20260825,z7BPsY0jV0DGZwcG,0.25,103,38,,,,,,,,,
2026-08-25,ANDROID,dhgate_product409_US_Purchase 30D_purchse_IAP_Kelsey_AND_20260715,ZGa8bU3V5aZwVzXI,0.25,47,8,,,,,,,,,
2026-08-25,IOS,dhgate_product468_US_Purchase 30D_purchse_IAP_Kelsey_IOS_20260825,tMkGKX6PsHzkYBr2,50.34,1037,586,,,,,,,,,
2026-08-25,IOS,dhgate_product465_US_Purchase 30D_purchse_IAP_Kelsey_IOS_20260825,wzOhkQJ1Ni0LJaya,48.37,1204,591,,,,,,,,,
2026-08-25,ANDROID,dhgate_product465_US_Purchase 30D_purchse_IAP_Kelsey_AND_20260825,hoBhNt9zMXumwp6U,29.9,1885,719,,,,,,,,,
2026-08-25,IOS,dhgate_product464_US_Purchase 30D_purchse_IAP_Kelsey_IOS_20260824,fq08QlSOys2iRyIY,67.51,1369,644,,,,,,,,,
2026-08-25,ANDROID,dhgate_product464_US_Purchase 30D_purchse_IAP_Kelsey_AND_20260824,i71tz8O6hgClwfYz,46.21,4489,702,,,,,,,,,
2026-08-25,ANDROID,dhgate_product463_US_Purchase 30D_purchse_IAP_Kelsey_AND_20260821,nf2ok8XC7nMvmHON,46.33,7477,1643,,,,,,,,,
2026-08-25,IOS,dhgate_product461_T1_ACT&Nopay 30D_purchse_IAP_Kelsey_IOS_20260820,eiCqLRSuFckhVpkg,29.15,1767,962,,,,,,,,,
2026-08-25,ANDROID,dhgate_product461_T1_ACT&Nopay 30D_purchse_IAP_Kelsey_AND_20260820,BTrC8wwDF9A7EhAf,0.91,159,64,,,,,,,,,
2026-08-25,IOS,dhgate_product460_UK_ACT&Nopay 30D_purchse_IAP_Kelsey_IOS_20260819,qyOXsqH4SMFuupJ8,24.35,657,382,,,,,,,,,
2026-08-25,IOS,dhgate_product463_US_Purchase 30D_purchse_IAP_Kelsey_IOS_20260821,X0Wp7ROkpYUcW6Yz,42.36,937,441,,,,,,,,,
2026-08-25,IOS,dhgate_product451_UK_ACT&Nopay 30D_purchse_IAP_Kelsey_IOS_20260818,mLF6qNmzeia5qzh8,61.57,2770,1021,,,,,,,,,
2026-08-25,IOS,dhgate_product447_US_Purchase 30D_purchse_IAP_Kelsey_IOS_20260813,Tfe3Q4Jmutk41HhJ,162.48,7689,1040,,,,,,,,,
2026-08-25,IOS,dhgate_product447_UK_ACT&Nopay 30D_purchse_IAP_Kelsey_IOS_20260825,OK5ro1ojxesgrLbK,10.7,292,171,,,,,,,,,
2026-08-25,IOS,dhgate_product430_US_ACT&Nopay 30D_purchse_IAP_Kelsey_IOS_20260825,g2E3wG8bZryH28LQ,1.1,49,24,,,,,,,,,
2026-08-25,IOS,dhgate_product430_T1_ACT&Nopay 30D_purchse_IAP_Kelsey_IOS_20260805,ozEjNLe0zpSog6Ol,148.92,11771,2139,,,,,,,,,
2026-08-25,ANDROID,dhgate_product424_UK_Purchase 30D_purchse_IAP_Kelsey_AND_20260729,xbNZUG8GRKBS7Xp6,1.64,81,17,,,,,,,,,
2026-08-25,ANDROID,dhgate_product416_T1_ACT&Nopay 30D_purchse_IAP_Kelsey_AND_20260720,keisiJsWSukJumr6,150.33,26299,3541,,,,,,,,,
2026-08-25,IOS,dhgate_product415_US_ACT&Nopay 30D_purchse_IAP_Kelsey_IOS_20260803,skjMlYo6gIpWsdzl,94.55,9176,966,,,,,,,,,
2026-08-25,ANDROID,dhgate_product415_T1_ACT&Nopay 30D_purchse_IAP_Kelsey_AND_20260720,mAKCz6oEkG8RFtXq,201.79,29324,4754,,,,,,,,,
2026-08-25,ANDROID,dhgate_product460_UK_ACT&Nopay 30D_purchse_IAP_Kelsey_AND_20260819,yexN71ezl5Uaj3zR,29.87,1480,655,,,,,,,,,
2026-08-25,ANDROID,dhgate_product414_UK_ACT&Nopay 30D_purchse_IAP_Kelsey_AND_20260717,Sta14UHs9lqoZaRk,221.69,16247,2827,,,,,,,,,
2026-08-26,IOS,dhgate_product381_US_ACT&Nopay 30D_purchase_IAP_Kelsey_IOS_20260624,koAG4uPwaNuNbSsi,240.05,14352,2130,,,,,,,,,
2026-08-26,ANDROID,dhgate_product384_T1_ACT&Nopay 30D_purchase_IAP_Kelsey_AND_20260627,S76pXwyrVvtdre2B,155.05,24416,3386,,,,,,,,,
2026-08-26,IOS,dhgate_product384_T1_ACT&Nopay 30D_purchase_IAP_Kelsey_IOS_20260627,HgoIpNDJKiz1hrzc,134.22,12092,1915,,,,,,,,,
2026-08-26,ANDROID,dhgate_product384_T1_Purchase 30D_purchase_IAP_Kelsey_AND_20260709_D7,funYq3Yvepl5ocKc,282.85,14123,2593,,,,,,,,,
2026-08-26,IOS,dhgate_product386_US_Purchase 30D_purchase_IAP_Kelsey_IOS_20260630,kpNA9cC8I3HMEtHY,282.56,13070,1394,,,,,,,,,
2026-08-26,IOS,dhgate_product384_US_ACT&Nopay 30D_purchase_IAP_Kelsey_IOS_20260826,w2WfoceljCnljcwv,18.52,504,292,,,,,,,,,
2026-08-26,ANDROID,dhgate_product385_UK_ACT&Nopay 30D_purchase_IAP_Kelsey_AND_20260630,VzqTPrFSQDRkzKZj,101.09,8178,1413,,,,,,,,,
2026-08-26,IOS,dhgate_product386_UK_ACT&Nopay 30D_purchase_IAP_Kelsey_IOS_20260825,KPAs1oPkGZL7stW4,43.77,1223,711,,,,,,,,,
2026-08-26,IOS,dhgate_product372_T1_ACT&Nopay 30D_purchase_IAP_Kelsey_IOS_20260605,U4gzqzcEnoe3yurD,83.22,8105,1314,,,,,,,,,
2026-08-26,ANDROID,dhgate_product384_US_ACT&Nopay 30D_purchase_IAP_Kelsey_AND_20260826,fnf6DDN1n85u8B65,6.5,840,232,,,,,,,,,
2026-08-26,ANDROID,dhgate_product367_US_Purchase 30D_purchase_IAP_Kelsey_AND_20260825,T6aEouPLxqyRoMrg,39.28,5236,819,,,,,,,,,
2026-08-26,IOS,dhgate_product403_T1_Purchase 30D_purchse_IAP_Kelsey_IOS_20260812,u39Tgunkpc9Yh6xK,43.5,3248,403,,,,,,,,,
2026-08-26,ANDROID,dhgate_product367_T1_Purchase 30D_purchase_IAP_Kelsey_AND_20260825,F1Wnlr8tLNQLlfay,39.77,3789,1302,,,,,,,,,
2026-08-26,IOS,dhgate_product340_T1_Purchase 30D_purchase_IAP_Kelsey_IOS_20260729_D7,g5OokwJOrTmd1BeC,135.98,6293,1221,,,,,,,,,
2026-08-26,IOS,dhgate_product319_US_Purchase 30D_purchase_IAP_Kelsey_IOS_20260826,Z8NoW4LdnJeY8lOi,10.02,186,98,,,,,,,,,
2026-08-26,IOS,dhgate_product319_T1_Purchase 30D_purchase_IAP_Kelsey_IOS_20260429,SGOG7us7fBY7c5lH,296.22,14712,2642,,,,,,,,,
2026-08-26,ANDROID,dhgate_product317_UK&FR_ACT&Nopay 30D_purchase_IAP_Kelsey_AND_20260427,tDzMEZEldS4Kei0r,221.08,19592,3994,,,,,,,,,
2026-08-26,IOS,dhgate_product314_UK_Purchase 30D_purchase_IAP_Kelsey_IOS_20260424,NmHyz3ZrSwNTmf0j,162.78,6105,1195,,,,,,,,,
2026-08-26,ANDROID,dhgate_product148_T1_Purchase 30D_purchase_IAP_Kelsey_AND_20260415,dVlitdxzfmXStKCR,105.26,10180,1091,,,,,,,,,
2026-08-26,IOS,dhgate_product138_US_ACT&Nopay 30D_purchase_IAP_Kelsey_IOS_20260826,JJH9SoSSoQNbtmVU,11.94,406,222,,,,,,,,,
2026-08-26,IOS,dhgate_product138_T1_Purchase 30D_purchase_IAP_Kelsey_IOS_20260826,fkzqkqlLTnBcmD00,9.11,258,150,,,,,,,,,
2026-08-26,IOS,dhgate_product138_FR_ACT&Nopay 30D_purchase_IAP_Kelsey_IOS_20260403,zNcB24si9mbzBPed,119.21,8779,1797,,,,,,,,,
2026-08-26,ANDROID,dhgate_dpa-and_US_ACT&Nopay 30D_purchase_IAP_Kelsey_AND_20260511,M0ZXR7rklCeN7J9o,99.34,25743,2168,,,,,,,,,
2026-08-26,ANDROID,dhgate_product367_UK_Purchase 30D_purchase_IAP_Kelsey_AND_20260530,AsUotp8z2P369W1o,268.11,12848,2324,,,,,,,,,
2026-08-26,IOS,dhgate_product403_US_Purchase 30D_purchse_IAP_Kelsey_IOS_20260713,OLvDIbZvBDJIzHMD,335.03,11774,1743,,,,,,,,,
2026-08-26,IOS,dhgate_dpa-ios_US_ACT&Nopay 30D_purchase_IAP_Kelsey_IOS_20260515,y55faIMh7doL5RvO,192.87,22231,660,,,,,,,,,
2026-08-26,ANDROID,dhgate_product414_T1_ACT&Nopay 30D_purchse_IAP_Kelsey_AND_20260825,z7BPsY0jV0DGZwcG,43.41,7860,3117,,,,,,,,,
2026-08-26,IOS,dhgate_product472_UK_ACT&Nopay 30D_purchse_IAP_Kelsey_IOS_20260826,EHbBd8pEnZGQT8DD,42.31,951,558,,,,,,,,,
2026-08-26,ANDROID,dhgate_product472_UK_ACT&Nopay 30D_purchse_IAP_Kelsey_AND_20260826,GM2gxPn3M1DdyRrA,31.48,1841,933,,,,,,,,,
2026-08-26,IOS,dhgate_product471_US_Purchase 30D_purchse_IAP_Kelsey_IOS_20260826,ZUtTrZMXuCpJy3A2,53.55,1069,490,,,,,,,,,
2026-08-26,ANDROID,dhgate_product471_US_Purchase 30D_purchse_IAP_Kelsey_AND_20260826,RzHVte2QY3ynX9rC,39.27,2114,607,,,,,,,,,
2026-08-26,IOS,dhgate_product468_US_Purchase 30D_purchse_IAP_Kelsey_IOS_20260825,tMkGKX6PsHzkYBr2,53.36,928,506,,,,,,,,,
2026-08-26,IOS,dhgate_product465_US_Purchase 30D_purchse_IAP_Kelsey_IOS_20260825,wzOhkQJ1Ni0LJaya,49.89,1046,448,,,,,,,,,
2026-08-26,ANDROID,dhgate_product465_US_Purchase 30D_purchse_IAP_Kelsey_AND_20260825,hoBhNt9zMXumwp6U,52.08,4628,706,,,,,,,,,
2026-08-26,IOS,dhgate_product464_US_Purchase 30D_purchse_IAP_Kelsey_IOS_20260824,fq08QlSOys2iRyIY,104.1,1767,764,,,,,,,,,
2026-08-26,ANDROID,dhgate_product464_US_Purchase 30D_purchse_IAP_Kelsey_AND_20260824,i71tz8O6hgClwfYz,105.75,10186,863,,,,,,,,,
2026-08-26,IOS,dhgate_product464_T1_Purchase 30D_purchse_IAP_Kelsey_IOS_20260826,fEkkP5dSyyDlf9oG,9.92,307,176,,,,,,,,,
2026-08-26,ANDROID,dhgate_product464_T1_Purchase 30D_purchse_IAP_Kelsey_AND_20260826,DydSzKm9QuGDrWcj,9.02,689,262,,,,,,,,,
2026-08-26,IOS,dhgate_product463_US_Purchase 30D_purchse_IAP_Kelsey_IOS_20260821,X0Wp7ROkpYUcW6Yz,28.58,484,225,,,,,,,,,
2026-08-26,ANDROID,dhgate_product409_T1_Purchase 30D_purchse_IAP_Kelsey_AND_20260729_D7,hzurSjf5sHyjVyUq,107.43,5157,1230,,,,,,,,,
2026-08-26,ANDROID,dhgate_product461_T1_ACT&Nopay 30D_purchse_IAP_Kelsey_AND_20260820,BTrC8wwDF9A7EhAf,46.69,7419,2793,,,,,,,,,
2026-08-26,IOS,dhgate_product451_UK_ACT&Nopay 30D_purchse_IAP_Kelsey_IOS_20260818,mLF6qNmzeia5qzh8,86.95,3250,1302,,,,,,,,,
2026-08-26,IOS,dhgate_product447_US_Purchase 30D_purchse_IAP_Kelsey_IOS_20260813,Tfe3Q4Jmutk41HhJ,331.16,11327,1727,,,,,,,,,
2026-08-26,IOS,dhgate_product447_US_ACT&Nopay 30D_purchse_IAP_Kelsey_IOS_20260826,izNHipYGW9eS5apn,9.67,300,148,,,,,,,,,
2026-08-26,IOS,dhgate_product447_UK_ACT&Nopay 30D_purchse_IAP_Kelsey_IOS_20260825,OK5ro1ojxesgrLbK,43.39,1087,644,,,,,,,,,
2026-08-26,IOS,dhgate_product430_US_ACT&Nopay 30D_purchse_IAP_Kelsey_IOS_20260825,g2E3wG8bZryH28LQ,43.14,1452,824,,,,,,,,,
2026-08-26,IOS,dhgate_product430_T1_ACT&Nopay 30D_purchse_IAP_Kelsey_IOS_20260805,ozEjNLe0zpSog6Ol,170.25,13882,2358,,,,,,,,,
2026-08-26,ANDROID,dhgate_product416_T1_ACT&Nopay 30D_purchse_IAP_Kelsey_AND_20260720,keisiJsWSukJumr6,203.16,30661,4186,,,,,,,,,
2026-08-26,IOS,dhgate_product415_US_ACT&Nopay 30D_purchse_IAP_Kelsey_IOS_20260803,skjMlYo6gIpWsdzl,72.31,6550,721,,,,,,,,,
2026-08-26,ANDROID,dhgate_product415_T1_ACT&Nopay 30D_purchse_IAP_Kelsey_AND_20260720,mAKCz6oEkG8RFtXq,235.64,32026,5084,,,,,,,,,
2026-08-26,ANDROID,dhgate_product414_UK_ACT&Nopay 30D_purchse_IAP_Kelsey_AND_20260717,Sta14UHs9lqoZaRk,226.03,14923,2791,,,,,,,,,
2026-08-26,ANDROID,dhgate_product463_US_Purchase 30D_purchse_IAP_Kelsey_AND_20260821,nf2ok8XC7nMvmHON,31.99,5103,1345,,,,,,,,,
2026-08-27,IOS,dhgate_product381_ES_ACT&Nopay 30D_purchase_IAP_Kelsey_IOS_20260826,jYMiBs6a48zicO7f,0.13,13,8,,,,,,,,,
2026-08-27,IOS,dhgate_product381_US_ACT&Nopay 30D_purchase_IAP_Kelsey_IOS_20260624,koAG4uPwaNuNbSsi,195.89,14959,1703,,,,,,,,,
2026-08-27,ANDROID,dhgate_product384_T1_ACT&Nopay 30D_purchase_IAP_Kelsey_AND_20260627,S76pXwyrVvtdre2B,151.08,23226,3045,,,,,,,,,
2026-08-27,IOS,dhgate_product384_T1_ACT&Nopay 30D_purchase_IAP_Kelsey_IOS_20260627,HgoIpNDJKiz1hrzc,186.97,16403,2720,,,,,,,,,
2026-08-27,IOS,dhgate_product386_US_Purchase 30D_purchase_IAP_Kelsey_IOS_20260630,kpNA9cC8I3HMEtHY,291.68,12961,1391,,,,,,,,,
2026-08-27,ANDROID,dhgate_product384_US_ACT&Nopay 30D_purchase_IAP_Kelsey_AND_20260826,fnf6DDN1n85u8B65,50.32,6404,1606,,,,,,,,,
2026-08-27,IOS,dhgate_product384_US_ACT&Nopay 30D_purchase_IAP_Kelsey_IOS_20260826,w2WfoceljCnljcwv,50.52,1447,834,,,,,,,,,
2026-08-27,ANDROID,dhgate_product385_UK_ACT&Nopay 30D_purchase_IAP_Kelsey_AND_20260630,VzqTPrFSQDRkzKZj,100.75,8557,1220,,,,,,,,,
2026-08-27,IOS,dhgate_product386_UK_ACT&Nopay 30D_purchase_IAP_Kelsey_IOS_20260825,KPAs1oPkGZL7stW4,75.26,1599,889,,,,,,,,,
2026-08-27,ANDROID,dhgate_product367_US_Purchase 30D_purchase_IAP_Kelsey_AND_20260825,T6aEouPLxqyRoMrg,90.51,12056,1312,,,,,,,,,
2026-08-27,ANDROID,dhgate_product384_T1_Purchase 30D_purchase_IAP_Kelsey_AND_20260709_D7,funYq3Yvepl5ocKc,297.09,14166,2564,,,,,,,,,
2026-08-27,ANDROID,dhgate_product367_UK_Purchase 30D_purchase_IAP_Kelsey_AND_20260530,AsUotp8z2P369W1o,274.12,12664,2156,,,,,,,,,
2026-08-27,IOS,dhgate_product314_UK_Purchase 30D_purchase_IAP_Kelsey_IOS_20260424,NmHyz3ZrSwNTmf0j,129.3,4944,1040,,,,,,,,,
2026-08-27,IOS,dhgate_product340_T1_Purchase 30D_purchase_IAP_Kelsey_IOS_20260729_D7,g5OokwJOrTmd1BeC,273.95,10127,2339,,,,,,,,,
2026-08-27,IOS,dhgate_product319_US_Purchase 30D_purchase_IAP_Kelsey_IOS_20260826,Z8NoW4LdnJeY8lOi,50.64,978,364,,,,,,,,,
2026-08-27,IOS,dhgate_product319_T1_Purchase 30D_purchase_IAP_Kelsey_IOS_20260429,SGOG7us7fBY7c5lH,242.24,12243,2144,,,,,,,,,
2026-08-27,ANDROID,dhgate_product317_UK&FR_ACT&Nopay 30D_purchase_IAP_Kelsey_AND_20260427,tDzMEZEldS4Kei0r,201.37,20208,3520,,,,,,,,,
2026-08-27,ANDROID,dhgate_product148_T1_Purchase 30D_purchase_IAP_Kelsey_AND_20260415,dVlitdxzfmXStKCR,150.72,12529,1451,,,,,,,,,
2026-08-27,IOS,dhgate_product138_US_ACT&Nopay 30D_purchase_IAP_Kelsey_IOS_20260826,JJH9SoSSoQNbtmVU,50.5,1577,877,,,,,,,,,
2026-08-27,IOS,dhgate_product138_T1_Purchase 30D_purchase_IAP_Kelsey_IOS_20260826,fkzqkqlLTnBcmD00,43.27,1150,533,,,,,,,,,
2026-08-27,IOS,dhgate_product138_FR_ACT&Nopay 30D_purchase_IAP_Kelsey_IOS_20260403,zNcB24si9mbzBPed,100.33,7743,1526,,,,,,,,,
2026-08-27,IOS,dhgate_dpa-ios_US_ACT&Nopay 30D_purchase_IAP_Kelsey_IOS_20260515,y55faIMh7doL5RvO,178.61,19714,508,,,,,,,,,
2026-08-27,ANDROID,dhgate_dpa-and_US_ACT&Nopay 30D_purchase_IAP_Kelsey_AND_20260511,M0ZXR7rklCeN7J9o,98.33,25390,2284,,,,,,,,,
2026-08-27,IOS,dhgate_product403_T1_Purchase 30D_purchse_IAP_Kelsey_IOS_20260812,u39Tgunkpc9Yh6xK,85.32,5016,774,,,,,,,,,
2026-08-27,ANDROID,dhgate_product367_T1_Purchase 30D_purchase_IAP_Kelsey_AND_20260825,F1Wnlr8tLNQLlfay,101.21,6677,1595,,,,,,,,,
2026-08-27,IOS,dhgate_product403_US_Purchase 30D_purchse_IAP_Kelsey_IOS_20260713,OLvDIbZvBDJIzHMD,293.92,10888,1401,,,,,,,,,
2026-08-27,ANDROID,dhgate_product409_T1_Purchase 30D_purchse_IAP_Kelsey_AND_20260729_D7,hzurSjf5sHyjVyUq,179.45,8296,1894,,,,,,,,,
2026-08-27,ANDROID,dhgate_product414_T1_ACT&Nopay 30D_purchse_IAP_Kelsey_AND_20260825,z7BPsY0jV0DGZwcG,97.21,11801,4718,,,,,,,,,
2026-08-27,IOS,dhgate_product474_UK_ACT&Nopay 30D_purchse_IAP_Kelsey_IOS_20260827,RH1GZEobNuJUJBpL,7.99,258,148,,,,,,,,,
2026-08-27,ANDROID,dhgate_product474_UK_ACT&Nopay 30D_purchse_IAP_Kelsey_AND_20260827,frw78kqUsnp8GmsO,4.51,318,151,,,,,,,,,
2026-08-27,IOS,dhgate_product472_UK_ACT&Nopay 30D_purchse_IAP_Kelsey_IOS_20260826,EHbBd8pEnZGQT8DD,50.65,915,492,,,,,,,,,
2026-08-27,ANDROID,dhgate_product472_UK_ACT&Nopay 30D_purchse_IAP_Kelsey_AND_20260826,GM2gxPn3M1DdyRrA,41.66,1825,936,,,,,,,,,
2026-08-27,IOS,dhgate_product471_US_Purchase 30D_purchse_IAP_Kelsey_IOS_20260826,ZUtTrZMXuCpJy3A2,50.4,1287,358,,,,,,,,,
2026-08-27,ANDROID,dhgate_product471_US_Purchase 30D_purchse_IAP_Kelsey_AND_20260826,RzHVte2QY3ynX9rC,50.35,4641,561,,,,,,,,,
2026-08-27,IOS,dhgate_product468_US_Purchase 30D_purchse_IAP_Kelsey_IOS_20260825,tMkGKX6PsHzkYBr2,101.72,1479,765,,,,,,,,,
2026-08-27,IOS,dhgate_product465_US_Purchase 30D_purchse_IAP_Kelsey_IOS_20260825,wzOhkQJ1Ni0LJaya,92.31,1534,602,,,,,,,,,
2026-08-27,IOS,dhgate_product464_US_Purchase 30D_purchse_IAP_Kelsey_IOS_20260824,fq08QlSOys2iRyIY,79.28,1347,508,,,,,,,,,
2026-08-27,ANDROID,dhgate_product464_US_Purchase 30D_purchse_IAP_Kelsey_AND_20260824,i71tz8O6hgClwfYz,100.33,5541,797,,,,,,,,,
2026-08-27,IOS,dhgate_product464_T1_Purchase 30D_purchse_IAP_Kelsey_IOS_20260826,fEkkP5dSyyDlf9oG,50.17,1441,663,,,,,,,,,
2026-08-27,ANDROID,dhgate_product464_T1_Purchase 30D_purchse_IAP_Kelsey_AND_20260826,DydSzKm9QuGDrWcj,40.4,3166,736,,,,,,,,,
2026-08-27,ANDROID,dhgate_product465_US_Purchase 30D_purchse_IAP_Kelsey_AND_20260825,hoBhNt9zMXumwp6U,83.37,4576,955,,,,,,,,,
2026-08-27,ANDROID,dhgate_product463_US_Purchase 30D_purchse_IAP_Kelsey_AND_20260821,nf2ok8XC7nMvmHON,88.58,12069,2923,,,,,,,,,
2026-08-27,ANDROID,dhgate_product414_UK_ACT&Nopay 30D_purchse_IAP_Kelsey_AND_20260717,Sta14UHs9lqoZaRk,193.38,14583,2325,,,,,,,,,
2026-08-27,IOS,dhgate_product463_US_Purchase 30D_purchse_IAP_Kelsey_IOS_20260821,X0Wp7ROkpYUcW6Yz,49.67,1174,417,,,,,,,,,
2026-08-27,IOS,dhgate_product415_US_ACT&Nopay 30D_purchse_IAP_Kelsey_IOS_20260803,skjMlYo6gIpWsdzl,98.46,10005,937,,,,,,,,,
2026-08-27,ANDROID,dhgate_product416_T1_ACT&Nopay 30D_purchse_IAP_Kelsey_AND_20260720,keisiJsWSukJumr6,201.54,30471,4006,,,,,,,,,
2026-08-27,IOS,dhgate_product430_T1_ACT&Nopay 30D_purchse_IAP_Kelsey_IOS_20260805,ozEjNLe0zpSog6Ol,194.6,16163,2710,,,,,,,,,
2026-08-27,IOS,dhgate_product430_US_ACT&Nopay 30D_purchse_IAP_Kelsey_IOS_20260825,g2E3wG8bZryH28LQ,71.24,1880,1055,,,,,,,,,
2026-08-27,ANDROID,dhgate_product415_T1_ACT&Nopay 30D_purchse_IAP_Kelsey_AND_20260720,mAKCz6oEkG8RFtXq,201.27,26887,4054,,,,,,,,,
2026-08-27,IOS,dhgate_product447_US_ACT&Nopay 30D_purchse_IAP_Kelsey_IOS_20260826,izNHipYGW9eS5apn,50.16,1484,773,,,,,,,,,
2026-08-27,IOS,dhgate_product447_US_Purchase 30D_purchse_IAP_Kelsey_IOS_20260813,Tfe3Q4Jmutk41HhJ,276.37,9833,1437,,,,,,,,,
2026-08-27,IOS,dhgate_product451_UK_ACT&Nopay 30D_purchse_IAP_Kelsey_IOS_20260818,mLF6qNmzeia5qzh8,87.29,2435,1144,,,,,,,,,
2026-08-27,ANDROID,dhgate_product461_T1_ACT&Nopay 30D_purchse_IAP_Kelsey_AND_20260820,BTrC8wwDF9A7EhAf,94.34,9529,3980,,,,,,,,,
2026-08-27,IOS,dhgate_product447_UK_ACT&Nopay 30D_purchse_IAP_Kelsey_IOS_20260825,OK5ro1ojxesgrLbK,77.63,1604,843,,,,,,,,,
2026-08-28,IOS,dhgate_product372_T1_ACT&Nopay 30D_purchase_IAP_Kelsey_IOS_20260605,U4gzqzcEnoe3yurD,164.79,16108,2438,,,,,,,,,
2026-08-28,IOS,dhgate_product386_US_Purchase 30D_purchase_IAP_Kelsey_IOS_20260630,kpNA9cC8I3HMEtHY,234.03,10436,1066,,,,,,,,,
2026-08-28,IOS,dhgate_product386_UK_ACT&Nopay 30D_purchase_IAP_Kelsey_IOS_20260825,KPAs1oPkGZL7stW4,37.9,825,475,,,,,,,,,
2026-08-28,ANDROID,dhgate_product385_UK_ACT&Nopay 30D_purchase_IAP_Kelsey_AND_20260630,VzqTPrFSQDRkzKZj,50.33,5558,702,,,,,,,,,
2026-08-28,IOS,dhgate_product384_US_ACT&Nopay 30D_purchase_IAP_Kelsey_IOS_20260826,w2WfoceljCnljcwv,50.52,1475,845,,,,,,,,,
2026-08-28,ANDROID,dhgate_product384_US_ACT&Nopay 30D_purchase_IAP_Kelsey_AND_20260826,fnf6DDN1n85u8B65,50.08,3568,1279,,,,,,,,,
2026-08-28,ANDROID,dhgate_product384_T1_Purchase 30D_purchase_IAP_Kelsey_AND_20260709_D7,funYq3Yvepl5ocKc,440.18,19017,3636,,,,,,,,,
2026-08-28,IOS,dhgate_product384_T1_ACT&Nopay 30D_purchase_IAP_Kelsey_IOS_20260627,HgoIpNDJKiz1hrzc,100.61,9487,1458,,,,,,,,,
2026-08-28,ANDROID,dhgate_product384_T1_ACT&Nopay 30D_purchase_IAP_Kelsey_AND_20260627,S76pXwyrVvtdre2B,270.53,36201,5261,,,,,,,,,
2026-08-28,IOS,dhgate_product381_US_ACT&Nopay 30D_purchase_IAP_Kelsey_IOS_20260624,koAG4uPwaNuNbSsi,385.71,21499,3135,,,,,,,,,
2026-08-28,ANDROID,dhgate_product367_US_Purchase 30D_purchase_IAP_Kelsey_AND_20260825,T6aEouPLxqyRoMrg,40.22,7281,524,,,,,,,,,
2026-08-28,ANDROID,dhgate_dpa-and_US_ACT&Nopay 30D_purchase_IAP_Kelsey_AND_20260511,M0ZXR7rklCeN7J9o,63.23,18288,1799,,,,,,,,,
2026-08-28,ANDROID,dhgate_product367_T1_Purchase 30D_purchase_IAP_Kelsey_AND_20260825,F1Wnlr8tLNQLlfay,81.76,3660,946,,,,,,,,,
2026-08-28,IOS,dhgate_product340_T1_Purchase 30D_purchase_IAP_Kelsey_IOS_20260729_D7,g5OokwJOrTmd1BeC,388.81,14768,3143,,,,,,,,,
2026-08-28,IOS,dhgate_product319_US_Purchase 30D_purchase_IAP_Kelsey_IOS_20260826,Z8NoW4LdnJeY8lOi,48.19,1231,404,,,,,,,,,
2026-08-28,IOS,dhgate_product319_T1_Purchase 30D_purchase_IAP_Kelsey_IOS_20260429,SGOG7us7fBY7c5lH,102.83,5765,848,,,,,,,,,
2026-08-28,ANDROID,dhgate_product317_UK&FR_ACT&Nopay 30D_purchase_IAP_Kelsey_AND_20260427,tDzMEZEldS4Kei0r,100.51,12652,1940,,,,,,,,,
2026-08-28,IOS,dhgate_product314_UK_Purchase 30D_purchase_IAP_Kelsey_IOS_20260424,NmHyz3ZrSwNTmf0j,100.43,4090,705,,,,,,,,,
2026-08-28,ANDROID,dhgate_product148_T1_Purchase 30D_purchase_IAP_Kelsey_AND_20260415,dVlitdxzfmXStKCR,150.96,11866,1478,,,,,,,,,
2026-08-28,IOS,dhgate_product138_US_ACT&Nopay 30D_purchase_IAP_Kelsey_IOS_20260826,JJH9SoSSoQNbtmVU,50.2,1501,843,,,,,,,,,
2026-08-28,IOS,dhgate_product138_T1_Purchase 30D_purchase_IAP_Kelsey_IOS_20260826,fkzqkqlLTnBcmD00,80.83,2182,916,,,,,,,,,
2026-08-28,IOS,dhgate_product138_FR_ACT&Nopay 30D_purchase_IAP_Kelsey_IOS_20260403,zNcB24si9mbzBPed,30.4,2833,510,,,,,,,,,
2026-08-28,IOS,dhgate_dpa-ios_US_ACT&Nopay 30D_purchase_IAP_Kelsey_IOS_20260515,y55faIMh7doL5RvO,100.17,13206,259,,,,,,,,,
2026-08-28,IOS,dhgate_product403_T1_Purchase 30D_purchse_IAP_Kelsey_IOS_20260812,u39Tgunkpc9Yh6xK,47.73,3472,369,,,,,,,,,
2026-08-28,ANDROID,dhgate_product367_UK_Purchase 30D_purchase_IAP_Kelsey_AND_20260530,AsUotp8z2P369W1o,138.25,7264,1205,,,,,,,,,
2026-08-28,IOS,dhgate_product403_US_Purchase 30D_purchse_IAP_Kelsey_IOS_20260713,OLvDIbZvBDJIzHMD,336.67,13253,1786,,,,,,,,,
2026-08-28,ANDROID,dhgate_product416_T1_ACT&Nopay 30D_purchse_IAP_Kelsey_AND_20260720,keisiJsWSukJumr6,127.32,22342,2599,,,,,,,,,
2026-08-28,ANDROID,dhgate_product414_T1_ACT&Nopay 30D_purchse_IAP_Kelsey_AND_20260825,z7BPsY0jV0DGZwcG,31.67,3952,1664,,,,,,,,,
2026-08-28,ANDROID,dhgate_product409_T1_Purchase 30D_purchse_IAP_Kelsey_AND_20260729_D7,hzurSjf5sHyjVyUq,208.32,9059,2197,,,,,,,,,
2026-08-28,ANDROID,dhgate_product478_UK_ACT&Nopay 30D_purchse_IAP_Kelsey_AND_20260828,AzAKy1NgSMLPmIxS,34.16,1809,890,,,,,,,,,
2026-08-28,IOS,dhgate_product477_UK_ACT&Nopay 30D_purchse_IAP_Kelsey_IOS_20260828,IzJCXFwdfccAUeQ9,39.42,1208,597,,,,,,,,,
2026-08-28,ANDROID,dhgate_product477_UK_ACT&Nopay 30D_purchse_IAP_Kelsey_AND_20260828,rzTIgRZWw0bIB9ZW,32.22,1766,881,,,,,,,,,
2026-08-28,IOS,dhgate_product474_UK_ACT&Nopay 30D_purchse_IAP_Kelsey_IOS_20260827,RH1GZEobNuJUJBpL,50.24,1237,648,,,,,,,,,
2026-08-28,ANDROID,dhgate_product474_UK_ACT&Nopay 30D_purchse_IAP_Kelsey_AND_20260827,frw78kqUsnp8GmsO,38.51,1586,689,,,,,,,,,
2026-08-28,IOS,dhgate_product472_UK_ACT&Nopay 30D_purchse_IAP_Kelsey_IOS_20260826,EHbBd8pEnZGQT8DD,27.91,531,289,,,,,,,,,
2026-08-28,ANDROID,dhgate_product472_UK_ACT&Nopay 30D_purchse_IAP_Kelsey_AND_20260826,GM2gxPn3M1DdyRrA,45.23,1498,785,,,,,,,,,
2026-08-28,ANDROID,dhgate_product471_US_Purchase 30D_purchse_IAP_Kelsey_AND_20260826,RzHVte2QY3ynX9rC,39.37,4640,437,,,,,,,,,
2026-08-28,IOS,dhgate_product468_US_Purchase 30D_purchse_IAP_Kelsey_IOS_20260825,tMkGKX6PsHzkYBr2,64.5,1065,555,,,,,,,,,
2026-08-28,IOS,dhgate_product465_US_Purchase 30D_purchse_IAP_Kelsey_IOS_20260825,wzOhkQJ1Ni0LJaya,45.31,795,350,,,,,,,,,
2026-08-28,IOS,dhgate_product464_T1_Purchase 30D_purchse_IAP_Kelsey_IOS_20260826,fEkkP5dSyyDlf9oG,43.23,1187,596,,,,,,,,,
2026-08-28,IOS,dhgate_product471_US_Purchase 30D_purchse_IAP_Kelsey_IOS_20260826,ZUtTrZMXuCpJy3A2,46.34,1200,416,,,,,,,,,
2026-08-28,IOS,dhgate_product463_US_Purchase 30D_purchse_IAP_Kelsey_IOS_20260821,X0Wp7ROkpYUcW6Yz,35.48,978,312,,,,,,,,,
2026-08-28,ANDROID,dhgate_product414_UK_ACT&Nopay 30D_purchse_IAP_Kelsey_AND_20260717,Sta14UHs9lqoZaRk,76.4,6867,993,,,,,,,,,
2026-08-28,ANDROID,dhgate_product464_T1_Purchase 30D_purchse_IAP_Kelsey_AND_20260826,DydSzKm9QuGDrWcj,50.87,3504,689,,,,,,,,,
2026-08-28,IOS,dhgate_product415_US_ACT&Nopay 30D_purchse_IAP_Kelsey_IOS_20260803,skjMlYo6gIpWsdzl,192.69,13682,1742,,,,,,,,,
2026-08-28,IOS,dhgate_product430_T1_ACT&Nopay 30D_purchse_IAP_Kelsey_IOS_20260805,ozEjNLe0zpSog6Ol,192.07,15082,2542,,,,,,,,,
2026-08-28,IOS,dhgate_product430_US_ACT&Nopay 30D_purchse_IAP_Kelsey_IOS_20260825,g2E3wG8bZryH28LQ,34.12,920,523,,,,,,,,,
2026-08-28,IOS,dhgate_product447_UK_ACT&Nopay 30D_purchse_IAP_Kelsey_IOS_20260825,OK5ro1ojxesgrLbK,35.39,711,404,,,,,,,,,
2026-08-28,ANDROID,dhgate_product415_T1_ACT&Nopay 30D_purchse_IAP_Kelsey_AND_20260720,mAKCz6oEkG8RFtXq,100.53,17049,2186,,,,,,,,,
2026-08-28,IOS,dhgate_product447_US_Purchase 30D_purchse_IAP_Kelsey_IOS_20260813,Tfe3Q4Jmutk41HhJ,160.35,6400,860,,,,,,,,,
2026-08-28,IOS,dhgate_product451_UK_ACT&Nopay 30D_purchse_IAP_Kelsey_IOS_20260818,mLF6qNmzeia5qzh8,64.79,1756,811,,,,,,,,,
2026-08-28,ANDROID,dhgate_product461_T1_ACT&Nopay 30D_purchse_IAP_Kelsey_AND_20260820,BTrC8wwDF9A7EhAf,191.61,13018,5649,,,,,,,,,
2026-08-28,ANDROID,dhgate_product463_US_Purchase 30D_purchse_IAP_Kelsey_AND_20260821,nf2ok8XC7nMvmHON,214.15,19974,4371,,,,,,,,,
2026-08-28,IOS,dhgate_product447_US_ACT&Nopay 30D_purchse_IAP_Kelsey_IOS_20260826,izNHipYGW9eS5apn,47.91,1522,800,,,,,,,,,
2026-08-29,IOS,dhgate_product381_US_ACT&Nopay 30D_purchase_IAP_Kelsey_IOS_20260624,koAG4uPwaNuNbSsi,587.99,25780,4173,,,,,,,,,
2026-08-29,ANDROID,dhgate_product384_US_Purchase 30D_purchase_IAP_Kelsey_AND_20260829,kZJzYa2X0he0fuQ4,33.52,3654,619,,,,,,,,,
2026-08-29,IOS,dhgate_product384_US_ACT&Nopay 30D_purchase_IAP_Kelsey_IOS_20260826,w2WfoceljCnljcwv,37.43,1070,571,,,,,,,,,
2026-08-29,ANDROID,dhgate_product384_US_ACT&Nopay 30D_purchase_IAP_Kelsey_AND_20260826,fnf6DDN1n85u8B65,73.23,4872,1718,,,,,,,,,
2026-08-29,ANDROID,dhgate_product384_UK_Purchase 30D_purchase_IAP_Kelsey_AND_20260829,J5kAu2XKniWJVuaB,36.26,1780,488,,,,,,,,,
2026-08-29,ANDROID,dhgate_product384_T1_Purchase 30D_purchase_IAP_Kelsey_AND_20260709_D7,funYq3Yvepl5ocKc,308.09,10417,2227,,,,,,,,,
2026-08-29,IOS,dhgate_product384_T1_ACT&Nopay 30D_purchase_IAP_Kelsey_IOS_20260627,HgoIpNDJKiz1hrzc,160.8,11581,1818,,,,,,,,,
2026-08-29,ANDROID,dhgate_product384_T1_ACT&Nopay 30D_purchase_IAP_Kelsey_AND_20260627,S76pXwyrVvtdre2B,402.35,40072,6878,,,,,,,,,
2026-08-29,ANDROID,dhgate_product384_FR_Purchase 30D_purchase_IAP_Kelsey_AND_20260829,Bkpqqjp4pho6t0cE,16.78,887,261,,,,,,,,,
2026-08-29,IOS,dhgate_product381_US_Purchase 30D_purchase_IAP_Kelsey_IOS_20260829_D7,milHelMolS4qsU66,42.03,1751,249,,,,,,,,,
2026-08-29,IOS,dhgate_product372_T1_ACT&Nopay 30D_purchase_IAP_Kelsey_IOS_20260605,U4gzqzcEnoe3yurD,100.16,8992,1298,,,,,,,,,
2026-08-29,ANDROID,dhgate_dpa-and_US_ACT&Nopay 30D_purchase_IAP_Kelsey_AND_20260511,M0ZXR7rklCeN7J9o,100.12,24099,2565,,,,,,,,,
2026-08-29,IOS,dhgate_product340_T1_Purchase 30D_purchase_IAP_Kelsey_IOS_20260729_D7,g5OokwJOrTmd1BeC,201.15,7090,1421,,,,,,,,,
2026-08-29,IOS,dhgate_product319_US_Purchase 30D_purchase_IAP_Kelsey_IOS_20260826,Z8NoW4LdnJeY8lOi,40.32,624,258,,,,,,,,,
2026-08-29,IOS,dhgate_product319_T1_Purchase 30D_purchase_IAP_Kelsey_IOS_20260429,SGOG7us7fBY7c5lH,100.71,6000,665,,,,,,,,,
2026-08-29,ANDROID,dhgate_product317_UK&FR_ACT&Nopay 30D_purchase_IAP_Kelsey_AND_20260427,tDzMEZEldS4Kei0r,282.72,19050,4053,,,,,,,,,
2026-08-29,IOS,dhgate_product314_UK_Purchase 30D_purchase_IAP_Kelsey_IOS_20260424,NmHyz3ZrSwNTmf0j,223.18,5844,1248,,,,,,,,,
2026-08-29,ANDROID,dhgate_product148_T1_Purchase 30D_purchase_IAP_Kelsey_AND_20260415,dVlitdxzfmXStKCR,150.88,11332,1310,,,,,,,,,
2026-08-29,IOS,dhgate_product138_US_Purchase 30D_purchase_IAP_Kelsey_IOS_20260829,h71XbLe120RiTPeo,50.19,933,406,,,,,,,,,
2026-08-29,IOS,dhgate_product138_US_ACT&Nopay 30D_purchase_IAP_Kelsey_IOS_20260826,JJH9SoSSoQNbtmVU,42.74,1229,680,,,,,,,,,
2026-08-29,IOS,dhgate_product138_T1_Purchase 30D_purchase_IAP_Kelsey_IOS_20260826,fkzqkqlLTnBcmD00,100.54,2063,849,,,,,,,,,
2026-08-29,IOS,dhgate_product138_FR_ACT&Nopay 30D_purchase_IAP_Kelsey_IOS_20260403,zNcB24si9mbzBPed,23.9,2250,358,,,,,,,,,
2026-08-29,IOS,dhgate_dpa-ios_US_ACT&Nopay 30D_purchase_IAP_Kelsey_IOS_20260515,y55faIMh7doL5RvO,94.46,12152,245,,,,,,,,,
2026-08-29,ANDROID,dhgate_product385_UK_ACT&Nopay 30D_purchase_IAP_Kelsey_AND_20260630,VzqTPrFSQDRkzKZj,100.12,6071,1168,,,,,,,,,
2026-08-29,ANDROID,dhgate_product367_UK_Purchase 30D_purchase_IAP_Kelsey_AND_20260530,AsUotp8z2P369W1o,201.59,9559,1485,,,,,,,,,
2026-08-29,IOS,dhgate_product386_US_Purchase 30D_purchase_IAP_Kelsey_IOS_20260630,kpNA9cC8I3HMEtHY,129.77,5924,600,,,,,,,,,
2026-08-29,IOS,dhgate_product415_US_ACT&Nopay 30D_purchse_IAP_Kelsey_IOS_20260803,skjMlYo6gIpWsdzl,200.43,13095,1558,,,,,,,,,
2026-08-29,IOS,dhgate_product403_US_Purchase 30D_purchse_IAP_Kelsey_IOS_20260713,OLvDIbZvBDJIzHMD,399.46,13513,1747,,,,,,,,,
2026-08-29,IOS,dhgate_product479_T1_ACT&Nopay 30D_purchse_IAP_Kelsey_IOS_20260829,fjwINCMd6f4TUhFZ,34.11,2045,1180,,,,,,,,,
2026-08-29,ANDROID,dhgate_product479_T1_ACT&Nopay 30D_purchse_IAP_Kelsey_AND_20260829,KxndIiE5Gu5EszgT,33.61,5989,2387,,,,,,,,,
2026-08-29,ANDROID,dhgate_product478_UK_ACT&Nopay 30D_purchse_IAP_Kelsey_AND_20260828,AzAKy1NgSMLPmIxS,49.19,1840,804,,,,,,,,,
2026-08-29,IOS,dhgate_product477_UK_ACT&Nopay 30D_purchse_IAP_Kelsey_IOS_20260828,IzJCXFwdfccAUeQ9,50.45,1187,497,,,,,,,,,
2026-08-29,IOS,dhgate_product403_T1_Purchase 30D_purchse_IAP_Kelsey_IOS_20260812,u39Tgunkpc9Yh6xK,50.87,3324,340,,,,,,,,,
2026-08-29,IOS,dhgate_product474_UK_ACT&Nopay 30D_purchse_IAP_Kelsey_IOS_20260827,RH1GZEobNuJUJBpL,50.52,1102,627,,,,,,,,,
2026-08-29,ANDROID,dhgate_product474_UK_ACT&Nopay 30D_purchse_IAP_Kelsey_AND_20260827,frw78kqUsnp8GmsO,50.02,1873,667,,,,,,,,,
2026-08-29,ANDROID,dhgate_product472_UK_ACT&Nopay 30D_purchse_IAP_Kelsey_AND_20260826,GM2gxPn3M1DdyRrA,25.42,912,388,,,,,,,,,
2026-08-29,IOS,dhgate_product471_US_Purchase 30D_purchse_IAP_Kelsey_IOS_20260826,ZUtTrZMXuCpJy3A2,97.7,1827,718,,,,,,,,,
2026-08-29,IOS,dhgate_product471_T1_Purchase 30D_purchse_IAP_Kelsey_IOS_20260829,Zo2EjfIGClkeV7Qy,43.28,1186,594,,,,,,,,,
2026-08-29,IOS,dhgate_product468_US_Purchase 30D_purchse_IAP_Kelsey_IOS_20260825,tMkGKX6PsHzkYBr2,50.67,856,433,,,,,,,,,
2026-08-29,IOS,dhgate_product464_T1_Purchase 30D_purchse_IAP_Kelsey_IOS_20260826,fEkkP5dSyyDlf9oG,50.23,1683,578,,,,,,,,,
2026-08-29,ANDROID,dhgate_product477_UK_ACT&Nopay 30D_purchse_IAP_Kelsey_AND_20260828,rzTIgRZWw0bIB9ZW,45.61,1875,713,,,,,,,,,
2026-08-29,IOS,dhgate_product463_US_Purchase 30D_purchse_IAP_Kelsey_IOS_20260821,X0Wp7ROkpYUcW6Yz,92.46,1811,703,,,,,,,,,
2026-08-29,ANDROID,dhgate_product464_T1_Purchase 30D_purchse_IAP_Kelsey_AND_20260826,DydSzKm9QuGDrWcj,34.01,1635,419,,,,,,,,,
2026-08-29,ANDROID,dhgate_product409_T1_Purchase 30D_purchse_IAP_Kelsey_AND_20260729_D7,hzurSjf5sHyjVyUq,396.01,13126,3391,,,,,,,,,
2026-08-29,ANDROID,dhgate_product415_T1_ACT&Nopay 30D_purchse_IAP_Kelsey_AND_20260720,mAKCz6oEkG8RFtXq,171.88,21785,3471,,,,,,,,,
2026-08-29,ANDROID,dhgate_product416_T1_ACT&Nopay 30D_purchse_IAP_Kelsey_AND_20260720,keisiJsWSukJumr6,302.08,34945,5684,,,,,,,,,
2026-08-29,IOS,dhgate_product430_T1_ACT&Nopay 30D_purchse_IAP_Kelsey_IOS_20260805,ozEjNLe0zpSog6Ol,200.67,15000,2402,,,,,,,,,
2026-08-29,ANDROID,dhgate_product414_UK_ACT&Nopay 30D_purchse_IAP_Kelsey_AND_20260717,Sta14UHs9lqoZaRk,102.02,6291,1180,,,,,,,,,
2026-08-29,IOS,dhgate_product447_US_Purchase 30D_purchse_IAP_Kelsey_IOS_20260813,Tfe3Q4Jmutk41HhJ,139.01,5847,782,,,,,,,,,
2026-08-29,IOS,dhgate_product451_UK_ACT&Nopay 30D_purchse_IAP_Kelsey_IOS_20260818,mLF6qNmzeia5qzh8,86.76,2622,1072,,,,,,,,,
2026-08-29,ANDROID,dhgate_product461_T1_ACT&Nopay 30D_purchse_IAP_Kelsey_AND_20260820,BTrC8wwDF9A7EhAf,100.62,7749,3087,,,,,,,,,
2026-08-29,ANDROID,dhgate_product463_US_Purchase 30D_purchse_IAP_Kelsey_AND_20260821,nf2ok8XC7nMvmHON,235.92,15947,3097,,,,,,,,,
2026-08-29,IOS,dhgate_product447_US_ACT&Nopay 30D_purchse_IAP_Kelsey_IOS_20260826,izNHipYGW9eS5apn,30.32,875,466,,,,,,,,,
2026-08-30,ANDROID,dhgate_product477_UK_ACT&Nopay 30D_purchse_IAP_Kelsey_AND_20260828,rzTIgRZWw0bIB9ZW,47.94,1891,766,,,,,,,,,
2026-08-30,IOS,dhgate_product464_T1_Purchase 30D_purchse_IAP_Kelsey_IOS_20260826,fEkkP5dSyyDlf9oG,50.31,1643,606,,,,,,,,,
2026-08-30,ANDROID,dhgate_product464_US_Purchase 30D_purchse_IAP_Kelsey_AND_20260824,i71tz8O6hgClwfYz,24.01,1972,243,,,,,,,,,
2026-08-30,IOS,dhgate_product471_T1_Purchase 30D_purchse_IAP_Kelsey_IOS_20260829,Zo2EjfIGClkeV7Qy,42.76,1228,573,,,,,,,,,
2026-08-30,ANDROID,dhgate_product474_UK_ACT&Nopay 30D_purchse_IAP_Kelsey_AND_20260827,frw78kqUsnp8GmsO,50.03,1976,772,,,,,,,,,
2026-08-30,IOS,dhgate_product474_UK_ACT&Nopay 30D_purchse_IAP_Kelsey_IOS_20260827,RH1GZEobNuJUJBpL,50.8,1115,607,,,,,,,,,
2026-08-30,IOS,dhgate_product477_UK_ACT&Nopay 30D_purchse_IAP_Kelsey_IOS_20260828,IzJCXFwdfccAUeQ9,200.83,3281,1454,,,,,,,,,
2026-08-30,IOS,dhgate_product480_US_Purchase 30D_purchse_IAP_Kelsey_IOS_20260830,LBtdwPPD6y2L3UDD,21.04,381,174,,,,,,,,,
2026-08-30,IOS,dhgate_product478_UK_ACT&Nopay 30D_purchse_IAP_Kelsey_IOS_20260828,wGnUS0Jj9GYefUy1,14.19,360,200,,,,,,,,,
2026-08-30,ANDROID,dhgate_product479_T1_ACT&Nopay 30D_purchse_IAP_Kelsey_AND_20260829,KxndIiE5Gu5EszgT,49.41,7266,2744,,,,,,,,,
2026-08-30,IOS,dhgate_product479_T1_ACT&Nopay 30D_purchse_IAP_Kelsey_IOS_20260829,fjwINCMd6f4TUhFZ,38.93,1961,1096,,,,,,,,,
2026-08-30,ANDROID,dhgate_product480_T1_ACT&Nopay 30D_purchse_IAP_Kelsey_AND_20260830,yhtlLuveYQPJ7zxm,13.78,2375,1078,,,,,,,,,
2026-08-30,ANDROID,dhgate_product483_T1_ACT&Nopay 30D_purchse_IAP_Kelsey_AND_20260830,zVudIyTSY24zkqAS,14.22,2571,1126,,,,,,,,,
2026-08-30,IOS,dhgate_product483_US_Purchase 30D_purchse_IAP_Kelsey_IOS_20260830,Ga6CigYGvJvaHLkn,26.66,532,220,,,,,,,,,
2026-08-30,ANDROID,dhgate_product478_UK_ACT&Nopay 30D_purchse_IAP_Kelsey_AND_20260828,AzAKy1NgSMLPmIxS,43.7,1734,781,,,,,,,,,
2026-08-30,IOS,dhgate_product463_US_Purchase 30D_purchse_IAP_Kelsey_IOS_20260821,X0Wp7ROkpYUcW6Yz,168.72,2933,1124,,,,,,,,,
2026-08-30,ANDROID,dhgate_product463_US_Purchase 30D_purchse_IAP_Kelsey_AND_20260821,nf2ok8XC7nMvmHON,75.69,9817,2506,,,,,,,,,
2026-08-30,IOS,dhgate_product451_UK_ACT&Nopay 30D_purchse_IAP_Kelsey_IOS_20260818,mLF6qNmzeia5qzh8,164.96,3704,1409,,,,,,,,,
2026-08-30,IOS,dhgate_product381_US_ACT&Nopay 30D_purchase_IAP_Kelsey_IOS_20260624,koAG4uPwaNuNbSsi,281.6,14159,2248,,,,,,,,,
2026-08-30,IOS,dhgate_product372_T1_ACT&Nopay 30D_purchase_IAP_Kelsey_IOS_20260605,U4gzqzcEnoe3yurD,238.34,14937,2807,,,,,,,,,
2026-08-30,ANDROID,dhgate_product367_UK_Purchase 30D_purchase_IAP_Kelsey_AND_20260530,AsUotp8z2P369W1o,264.12,10269,1776,,,,,,,,,
2026-08-30,IOS,dhgate_product340_T1_Purchase 30D_purchase_IAP_Kelsey_IOS_20260729_D7,g5OokwJOrTmd1BeC,202.18,7534,1411,,,,,,,,,
2026-08-30,IOS,dhgate_product319_T1_Purchase 30D_purchase_IAP_Kelsey_IOS_20260429,SGOG7us7fBY7c5lH,201.08,8126,1273,,,,,,,,,
2026-08-30,ANDROID,dhgate_product317_US_Purchase 30D_purchase_IAP_Kelsey_AND_20260830,Dg4R5w0EVV6iDwda,11.47,479,192,,,,,,,,,
2026-08-30,ANDROID,dhgate_product317_UK&FR_ACT&Nopay 30D_purchase_IAP_Kelsey_AND_20260427,tDzMEZEldS4Kei0r,396.47,23307,5092,,,,,,,,,
2026-08-30,IOS,dhgate_product381_US_Purchase 30D_purchase_IAP_Kelsey_IOS_20260829_D7,milHelMolS4qsU66,50.05,2420,265,,,,,,,,,
2026-08-30,IOS,dhgate_product314_US_Purchase 30D_purchase_IAP_Kelsey_IOS_20260830,sKrMUDyLMlnzrHGm,22.88,469,225,,,,,,,,,
2026-08-30,IOS,dhgate_product314_T1_ACT&Nopay 30D_purchase_IAP_Kelsey_IOS_20260830,SnRXyvhzCoZXdvNw,17.07,1120,580,,,,,,,,,
2026-08-30,ANDROID,dhgate_product148_T1_Purchase 30D_purchase_IAP_Kelsey_AND_20260415,dVlitdxzfmXStKCR,100.88,7681,871,,,,,,,,,
2026-08-30,IOS,dhgate_product138_T1_Purchase 30D_purchase_IAP_Kelsey_IOS_20260826,fkzqkqlLTnBcmD00,100.63,2228,966,,,,,,,,,
2026-08-30,IOS,dhgate_product138_FR_ACT&Nopay 30D_purchase_IAP_Kelsey_IOS_20260403,zNcB24si9mbzBPed,40.42,3187,536,,,,,,,,,
2026-08-30,IOS,dhgate_dpa-ios_US_ACT&Nopay 30D_purchase_IAP_Kelsey_IOS_20260515,y55faIMh7doL5RvO,100.03,13555,276,,,,,,,,,
2026-08-30,ANDROID,dhgate_dpa-and_US_ACT&Nopay 30D_purchase_IAP_Kelsey_AND_20260511,M0ZXR7rklCeN7J9o,60.21,13945,1337,,,,,,,,,
2026-08-30,IOS,dhgate_product451_US_ACT&Nopay 30D_purchse_IAP_Kelsey_IOS_20260830,KiDul2r7vZZgsnl8,14.75,558,320,,,,,,,,,
2026-08-30,IOS,dhgate_product314_UK_Purchase 30D_purchase_IAP_Kelsey_IOS_20260424,NmHyz3ZrSwNTmf0j,200.71,5666,1177,,,,,,,,,
2026-08-30,ANDROID,dhgate_product384_FR_Purchase 30D_purchase_IAP_Kelsey_AND_20260829,Bkpqqjp4pho6t0cE,33.35,1515,483,,,,,,,,,
2026-08-30,IOS,dhgate_product138_US_Purchase 30D_purchase_IAP_Kelsey_IOS_20260829,h71XbLe120RiTPeo,50.65,1225,407,,,,,,,,,
2026-08-30,IOS,dhgate_product384_T1_ACT&Nopay 30D_purchase_IAP_Kelsey_IOS_20260627,HgoIpNDJKiz1hrzc,151.01,10800,1849,,,,,,,,,
2026-08-30,ANDROID,dhgate_product384_T1_ACT&Nopay 30D_purchase_IAP_Kelsey_AND_20260627,S76pXwyrVvtdre2B,313.96,29718,5166,,,,,,,,,
2026-08-30,IOS,dhgate_product451_T1_Purchase 30D_purchse_IAP_Kelsey_IOS_20260830,sfwKRypY12FFpMFT,17.34,538,282,,,,,,,,,
2026-08-30,IOS,dhgate_product447_US_Purchase 30D_purchse_IAP_Kelsey_IOS_20260813,Tfe3Q4Jmutk41HhJ,100.64,4961,408,,,,,,,,,
2026-08-30,IOS,dhgate_product430_T1_ACT&Nopay 30D_purchse_IAP_Kelsey_IOS_20260805,ozEjNLe0zpSog6Ol,225.45,15828,2748,,,,,,,,,
2026-08-30,ANDROID,dhgate_product416_T1_ACT&Nopay 30D_purchse_IAP_Kelsey_AND_20260720,keisiJsWSukJumr6,419.69,38950,7038,,,,,,,,,
2026-08-30,IOS,dhgate_product415_US_ACT&Nopay 30D_purchse_IAP_Kelsey_IOS_20260803,skjMlYo6gIpWsdzl,156.69,11464,1460,,,,,,,,,
2026-08-30,ANDROID,dhgate_product415_T1_ACT&Nopay 30D_purchse_IAP_Kelsey_AND_20260720,mAKCz6oEkG8RFtXq,170.5,18171,3092,,,,,,,,,
2026-08-30,ANDROID,dhgate_product414_UK_ACT&Nopay 30D_purchse_IAP_Kelsey_AND_20260717,Sta14UHs9lqoZaRk,111.38,6257,1194,,,,,,,,,
2026-08-30,ANDROID,dhgate_product416_T1_Purchase 30D_purchse_IAP_Kelsey_AND_20260830,F5YpUspEUGcLI3As,14.15,1163,334,,,,,,,,,
2026-08-30,ANDROID,dhgate_product409_T1_Purchase 30D_purchse_IAP_Kelsey_AND_20260729_D7,hzurSjf5sHyjVyUq,225.0,7880,1997,,,,,,,,,
2026-08-30,IOS,dhgate_product403_US_Purchase 30D_purchse_IAP_Kelsey_IOS_20260713,OLvDIbZvBDJIzHMD,268.2,10506,1307,,,,,,,,,
2026-08-30,IOS,dhgate_product386_US_Purchase 30D_purchase_IAP_Kelsey_IOS_20260630,kpNA9cC8I3HMEtHY,129.38,6222,653,,,,,,,,,
2026-08-30,ANDROID,dhgate_product385_UK_ACT&Nopay 30D_purchase_IAP_Kelsey_AND_20260630,VzqTPrFSQDRkzKZj,202.2,9846,2027,,,,,,,,,
2026-08-30,ANDROID,dhgate_product384_US_Purchase 30D_purchase_IAP_Kelsey_AND_20260829,kZJzYa2X0he0fuQ4,50.28,4165,651,,,,,,,,,
2026-08-30,ANDROID,dhgate_product384_US_ACT&Nopay 30D_purchase_IAP_Kelsey_AND_20260826,fnf6DDN1n85u8B65,207.23,11450,3526,,,,,,,,,
2026-08-30,ANDROID,dhgate_product384_UK_Purchase 30D_purchase_IAP_Kelsey_AND_20260829,J5kAu2XKniWJVuaB,50.28,2071,509,,,,,,,,,
2026-08-30,ANDROID,dhgate_product414_FR_Purchase 30D_purchse_IAP_Kelsey_AND_20260830,vMkH9OydfEa2hheg,6.25,303,129,,,,,,,,,
2026-08-30,ANDROID,dhgate_product384_T1_Purchase 30D_purchase_IAP_Kelsey_AND_20260709_D7,funYq3Yvepl5ocKc,432.47,15422,2960,,,,,,,,,
2026-08-31,ANDROID,dhgate_product384_FR_Purchase 30D_purchase_IAP_Kelsey_AND_20260829,Bkpqqjp4pho6t0cE,36.44,1697,472,,,,,,,,,
2026-08-31,ANDROID,dhgate_product384_T1_ACT&Nopay 30D_purchase_IAP_Kelsey_AND_20260627,S76pXwyrVvtdre2B,175.84,17528,2850,,,,,,,,,
2026-08-31,IOS,dhgate_product384_T1_ACT&Nopay 30D_purchase_IAP_Kelsey_IOS_20260627,HgoIpNDJKiz1hrzc,136.6,9636,1717,,,,,,,,,
2026-08-31,ANDROID,dhgate_product384_T1_Purchase 30D_purchase_IAP_Kelsey_AND_20260709_D7,funYq3Yvepl5ocKc,220.29,8017,1710,,,,,,,,,
2026-08-31,ANDROID,dhgate_product384_UK_Purchase 30D_purchase_IAP_Kelsey_AND_20260829,J5kAu2XKniWJVuaB,41.95,1689,420,,,,,,,,,
2026-08-31,IOS,dhgate_product386_US_Purchase 30D_purchase_IAP_Kelsey_IOS_20260630,kpNA9cC8I3HMEtHY,288.69,13631,1553,,,,,,,,,
2026-08-31,ANDROID,dhgate_product384_US_Purchase 30D_purchase_IAP_Kelsey_AND_20260829,kZJzYa2X0he0fuQ4,50.28,3644,473,,,,,,,,,
2026-08-31,ANDROID,dhgate_product385_UK_ACT&Nopay 30D_purchase_IAP_Kelsey_AND_20260630,VzqTPrFSQDRkzKZj,201.87,9729,1973,,,,,,,,,
2026-08-31,IOS,dhgate_product403_US_Purchase 30D_purchse_IAP_Kelsey_IOS_20260713,OLvDIbZvBDJIzHMD,176.84,6307,777,,,,,,,,,
2026-08-31,IOS,dhgate_product381_US_Purchase 30D_purchase_IAP_Kelsey_IOS_20260829_D7,milHelMolS4qsU66,34.65,2089,210,,,,,,,,,
2026-08-31,ANDROID,dhgate_product409_T1_Purchase 30D_purchse_IAP_Kelsey_AND_20260729_D7,hzurSjf5sHyjVyUq,128.88,4604,1237,,,,,,,,,
2026-08-31,ANDROID,dhgate_product384_US_ACT&Nopay 30D_purchase_IAP_Kelsey_AND_20260826,fnf6DDN1n85u8B65,149.85,9603,2221,,,,,,,,,
2026-08-31,IOS,dhgate_product381_US_ACT&Nopay 30D_purchase_IAP_Kelsey_IOS_20260624,koAG4uPwaNuNbSsi,66.06,5608,599,,,,,,,,,
2026-08-31,ANDROID,dhgate_product148_T1_Purchase 30D_purchase_IAP_Kelsey_AND_20260415,dVlitdxzfmXStKCR,100.49,8135,869,,,,,,,,,
2026-08-31,ANDROID,dhgate_product367_UK_Purchase 30D_purchase_IAP_Kelsey_AND_20260530,AsUotp8z2P369W1o,393.7,12761,2719,,,,,,,,,
2026-08-31,IOS,dhgate_product340_T1_Purchase 30D_purchase_IAP_Kelsey_IOS_20260729_D7,g5OokwJOrTmd1BeC,149.76,5384,1162,,,,,,,,,
2026-08-31,IOS,dhgate_product319_T1_Purchase 30D_purchase_IAP_Kelsey_IOS_20260429,SGOG7us7fBY7c5lH,277.6,12221,2075,,,,,,,,,
2026-08-31,ANDROID,dhgate_product317_US_Purchase 30D_purchase_IAP_Kelsey_AND_20260830,Dg4R5w0EVV6iDwda,45.47,2273,613,,,,,,,,,
2026-08-31,ANDROID,dhgate_product317_UK&FR_ACT&Nopay 30D_purchase_IAP_Kelsey_AND_20260427,tDzMEZEldS4Kei0r,402.92,24811,5278,,,,,,,,,
2026-08-31,IOS,dhgate_product314_US_Purchase 30D_purchase_IAP_Kelsey_IOS_20260830,sKrMUDyLMlnzrHGm,50.41,1230,553,,,,,,,,,
2026-08-31,IOS,dhgate_product314_UK_Purchase 30D_purchase_IAP_Kelsey_IOS_20260424,NmHyz3ZrSwNTmf0j,232.26,6522,1420,,,,,,,,,
2026-08-31,IOS,dhgate_product314_T1_ACT&Nopay 30D_purchase_IAP_Kelsey_IOS_20260830,SnRXyvhzCoZXdvNw,35.89,2128,1026,,,,,,,,,
2026-08-31,IOS,dhgate_product138_US_Purchase 30D_purchase_IAP_Kelsey_IOS_20260829,h71XbLe120RiTPeo,29.72,625,230,,,,,,,,,
2026-08-31,IOS,dhgate_product138_T1_Purchase 30D_purchase_IAP_Kelsey_IOS_20260826,fkzqkqlLTnBcmD00,35.73,834,358,,,,,,,,,
2026-08-31,IOS,dhgate_product138_FR_ACT&Nopay 30D_purchase_IAP_Kelsey_IOS_20260403,zNcB24si9mbzBPed,195.88,11599,2491,,,,,,,,,
2026-08-31,IOS,dhgate_dpa-ios_US_ACT&Nopay 30D_purchase_IAP_Kelsey_IOS_20260515,y55faIMh7doL5RvO,84.65,12524,255,,,,,,,,,
2026-08-31,ANDROID,dhgate_product414_FR_Purchase 30D_purchse_IAP_Kelsey_AND_20260830,vMkH9OydfEa2hheg,21.72,1246,407,,,,,,,,,
2026-08-31,IOS,dhgate_product372_T1_ACT&Nopay 30D_purchase_IAP_Kelsey_IOS_20260605,U4gzqzcEnoe3yurD,288.34,19632,3404,,,,,,,,,
2026-08-31,ANDROID,dhgate_product414_UK_ACT&Nopay 30D_purchse_IAP_Kelsey_AND_20260717,Sta14UHs9lqoZaRk,100.54,6415,1170,,,,,,,,,
2026-08-31,IOS,dhgate_product451_T1_Purchase 30D_purchse_IAP_Kelsey_IOS_20260830,sfwKRypY12FFpMFT,41.0,1489,604,,,,,,,,,
2026-08-31,IOS,dhgate_product415_US_ACT&Nopay 30D_purchse_IAP_Kelsey_IOS_20260803,skjMlYo6gIpWsdzl,150.36,13711,1553,,,,,,,,,
2026-08-31,IOS,dhgate_product490_UK_Purchase 30D_purchse_IAP_Kelsey_IOS_20260831,LwsrLH93t8BRDULI,50.68,852,518,,,,,,,,,
2026-08-31,ANDROID,dhgate_product490_T1_ACT&Nopay 30D_purchse_IAP_Kelsey_AND_20260831,Qh1aUtW7oidysc4t,31.41,1795,725,,,,,,,,,
2026-08-31,ANDROID,dhgate_product415_T1_ACT&Nopay 30D_purchse_IAP_Kelsey_AND_20260720,mAKCz6oEkG8RFtXq,100.49,14894,1839,,,,,,,,,
2026-08-31,ANDROID,dhgate_product485_T1_ACT&Nopay 30D_purchse_IAP_Kelsey_AND_20260831,myZRcCthzhvCqcjn,35.91,5351,1770,,,,,,,,,
2026-08-31,IOS,dhgate_product483_US_Purchase 30D_purchse_IAP_Kelsey_IOS_20260830,Ga6CigYGvJvaHLkn,47.65,1079,451,,,,,,,,,
2026-08-31,ANDROID,dhgate_product483_T1_ACT&Nopay 30D_purchse_IAP_Kelsey_AND_20260830,zVudIyTSY24zkqAS,37.26,6053,2196,,,,,,,,,
2026-08-31,IOS,dhgate_product480_US_Purchase 30D_purchse_IAP_Kelsey_IOS_20260830,LBtdwPPD6y2L3UDD,50.44,1011,460,,,,,,,,,
2026-08-31,ANDROID,dhgate_product480_T1_ACT&Nopay 30D_purchse_IAP_Kelsey_AND_20260830,yhtlLuveYQPJ7zxm,40.02,6692,2416,,,,,,,,,
2026-08-31,IOS,dhgate_product479_T1_ACT&Nopay 30D_purchse_IAP_Kelsey_IOS_20260829,fjwINCMd6f4TUhFZ,39.1,1741,1000,,,,,,,,,
2026-08-31,ANDROID,dhgate_product479_T1_ACT&Nopay 30D_purchse_IAP_Kelsey_AND_20260829,KxndIiE5Gu5EszgT,40.49,4129,1778,,,,,,,,,
2026-08-31,IOS,dhgate_product478_UK_ACT&Nopay 30D_purchse_IAP_Kelsey_IOS_20260828,wGnUS0Jj9GYefUy1,44.4,1107,597,,,,,,,,,
2026-08-31,ANDROID,dhgate_product478_UK_ACT&Nopay 30D_purchse_IAP_Kelsey_AND_20260828,AzAKy1NgSMLPmIxS,21.2,766,363,,,,,,,,,
2026-08-31,IOS,dhgate_product477_UK_ACT&Nopay 30D_purchse_IAP_Kelsey_IOS_20260828,IzJCXFwdfccAUeQ9,162.58,2146,1090,,,,,,,,,
2026-08-31,ANDROID,dhgate_product477_UK_ACT&Nopay 30D_purchse_IAP_Kelsey_AND_20260828,rzTIgRZWw0bIB9ZW,24.75,827,397,,,,,,,,,
2026-08-31,IOS,dhgate_product485_UK_Purchase 30D_purchse_IAP_Kelsey_IOS_20260831,fLTmfQ7Ogr2YOkqc,39.03,861,426,,,,,,,,,
2026-08-31,ANDROID,dhgate_product474_UK_ACT&Nopay 30D_purchse_IAP_Kelsey_AND_20260827,frw78kqUsnp8GmsO,24.97,907,377,,,,,,,,,
2026-08-31,IOS,dhgate_product474_UK_ACT&Nopay 30D_purchse_IAP_Kelsey_IOS_20260827,RH1GZEobNuJUJBpL,27.75,704,345,,,,,,,,,
2026-08-31,ANDROID,dhgate_product416_T1_ACT&Nopay 30D_purchse_IAP_Kelsey_AND_20260720,keisiJsWSukJumr6,172.43,18112,2814,,,,,,,,,
2026-08-31,IOS,dhgate_product430_T1_ACT&Nopay 30D_purchse_IAP_Kelsey_IOS_20260805,ozEjNLe0zpSog6Ol,300.94,19233,3349,,,,,,,,,
2026-08-31,IOS,dhgate_product447_US_Purchase 30D_purchse_IAP_Kelsey_IOS_20260813,Tfe3Q4Jmutk41HhJ,57.5,2748,275,,,,,,,,,
2026-08-31,IOS,dhgate_product451_UK_ACT&Nopay 30D_purchse_IAP_Kelsey_IOS_20260818,mLF6qNmzeia5qzh8,103.97,2401,949,,,,,,,,,
2026-08-31,ANDROID,dhgate_product416_T1_Purchase 30D_purchse_IAP_Kelsey_AND_20260830,F5YpUspEUGcLI3As,45.49,3369,764,,,,,,,,,
2026-08-31,ANDROID,dhgate_product463_US_Purchase 30D_purchse_IAP_Kelsey_AND_20260821,nf2ok8XC7nMvmHON,30.56,4798,1048,,,,,,,,,
2026-08-31,IOS,dhgate_product463_US_Purchase 30D_purchse_IAP_Kelsey_IOS_20260821,X0Wp7ROkpYUcW6Yz,129.14,2050,884,,,,,,,,,
2026-08-31,IOS,dhgate_product464_T1_Purchase 30D_purchse_IAP_Kelsey_IOS_20260826,fEkkP5dSyyDlf9oG,22.97,764,289,,,,,,,,,
2026-08-31,ANDROID,dhgate_product464_US_Purchase 30D_purchse_IAP_Kelsey_AND_20260824,i71tz8O6hgClwfYz,50.31,4880,642,,,,,,,,,
2026-08-31,IOS,dhgate_product471_T1_Purchase 30D_purchse_IAP_Kelsey_IOS_20260829,Zo2EjfIGClkeV7Qy,43.66,1401,619,,,,,,,,,
2026-08-31,IOS,dhgate_product451_US_ACT&Nopay 30D_purchse_IAP_Kelsey_IOS_20260830,KiDul2r7vZZgsnl8,39.97,1415,795,,,,,,,,,
2026-09-01,IOS,dhgate_product381_US_Purchase 30D_purchase_IAP_Kelsey_IOS_20260829_D7,milHelMolS4qsU66,25.6,1602,140,,,,,,,,,
2026-09-01,ANDROID,dhgate_product384_FR_Purchase 30D_purchase_IAP_Kelsey_AND_20260829,Bkpqqjp4pho6t0cE,23.55,869,247,,,,,,,,,
2026-09-01,IOS,dhgate_product384_T1_ACT&Nopay 30D_purchase_IAP_Kelsey_IOS_20260627,HgoIpNDJKiz1hrzc,141.18,9455,1822,,,,,,,,,
2026-09-01,ANDROID,dhgate_product384_T1_Purchase 30D_purchase_IAP_Kelsey_AND_20260709_D7,funYq3Yvepl5ocKc,137.07,6201,1262,,,,,,,,,
2026-09-01,ANDROID,dhgate_product384_US_Purchase 30D_purchase_IAP_Kelsey_AND_20260829,kZJzYa2X0he0fuQ4,181.4,13803,2139,,,,,,,,,
2026-09-01,ANDROID,dhgate_product385_UK_ACT&Nopay 30D_purchase_IAP_Kelsey_AND_20260630,VzqTPrFSQDRkzKZj,111.39,6019,1270,,,,,,,,,
2026-09-01,IOS,dhgate_product386_US_Purchase 30D_purchase_IAP_Kelsey_IOS_20260630,kpNA9cC8I3HMEtHY,184.16,9692,1026,,,,,,,,,
2026-09-01,IOS,dhgate_product381_US_ACT&Nopay 30D_purchase_IAP_Kelsey_IOS_20260624,koAG4uPwaNuNbSsi,47.5,6505,529,,,,,,,,,
2026-09-01,IOS,dhgate_product403_US_Purchase 30D_purchse_IAP_Kelsey_IOS_20260713,OLvDIbZvBDJIzHMD,50.08,4173,327,,,,,,,,,
2026-09-01,ANDROID,dhgate_product384_UK_Purchase 30D_purchase_IAP_Kelsey_AND_20260829,J5kAu2XKniWJVuaB,25.94,1113,310,,,,,,,,,
2026-09-01,IOS,dhgate_product372_T1_ACT&Nopay 30D_purchase_IAP_Kelsey_IOS_20260605,U4gzqzcEnoe3yurD,159.52,11912,2004,,,,,,,,,
2026-09-01,IOS,dhgate_product314_UK_Purchase 30D_purchase_IAP_Kelsey_IOS_20260424,NmHyz3ZrSwNTmf0j,157.71,4977,1162,,,,,,,,,
2026-09-01,IOS,dhgate_product340_T1_Purchase 30D_purchase_IAP_Kelsey_IOS_20260729_D7,g5OokwJOrTmd1BeC,50.14,3695,461,,,,,,,,,
2026-09-01,IOS,dhgate_product319_T1_Purchase 30D_purchase_IAP_Kelsey_IOS_20260429,SGOG7us7fBY7c5lH,100.31,5809,934,,,,,,,,,
2026-09-01,ANDROID,dhgate_product317_US_Purchase 30D_purchase_IAP_Kelsey_AND_20260830,Dg4R5w0EVV6iDwda,50.39,4143,680,,,,,,,,,
2026-09-01,ANDROID,dhgate_product317_UK&FR_ACT&Nopay 30D_purchase_IAP_Kelsey_AND_20260427,tDzMEZEldS4Kei0r,213.37,15063,3432,,,,,,,,,
2026-09-01,IOS,dhgate_product314_US_Purchase 30D_purchase_IAP_Kelsey_IOS_20260830,sKrMUDyLMlnzrHGm,50.31,1315,481,,,,,,,,,
2026-09-01,IOS,dhgate_product314_T1_ACT&Nopay 30D_purchase_IAP_Kelsey_IOS_20260830,SnRXyvhzCoZXdvNw,43.01,2472,1295,,,,,,,,,
2026-09-01,ANDROID,dhgate_product148_T1_Purchase 30D_purchase_IAP_Kelsey_AND_20260415,dVlitdxzfmXStKCR,100.48,9419,1022,,,,,,,,,
2026-09-01,IOS,dhgate_product138_FR_ACT&Nopay 30D_purchase_IAP_Kelsey_IOS_20260403,zNcB24si9mbzBPed,193.94,11257,2371,,,,,,,,,
2026-09-01,IOS,dhgate_dpa-ios_US_ACT&Nopay 30D_purchase_IAP_Kelsey_IOS_20260515,y55faIMh7doL5RvO,64.47,12287,186,,,,,,,,,
2026-09-01,ANDROID,dhgate_dpa-and_US_ACT&Nopay 30D_purchase_IAP_Kelsey_AND_20260511,M0ZXR7rklCeN7J9o,38.72,9620,1060,,,,,,,,,
2026-09-01,ANDROID,dhgate_product409_T1_Purchase 30D_purchse_IAP_Kelsey_AND_20260729_D7,hzurSjf5sHyjVyUq,170.81,6686,1796,,,,,,,,,
2026-09-01,ANDROID,dhgate_product367_UK_Purchase 30D_purchase_IAP_Kelsey_AND_20260530,AsUotp8z2P369W1o,162.81,7163,1354,,,,,,,,,
2026-09-01,ANDROID,dhgate_product414_FR_Purchase 30D_purchse_IAP_Kelsey_AND_20260830,vMkH9OydfEa2hheg,44.27,2025,673,,,,,,,,,
2026-09-01,ANDROID,dhgate_product480_T1_ACT&Nopay 30D_purchse_IAP_Kelsey_AND_20260830,yhtlLuveYQPJ7zxm,50.32,8331,2776,,,,,,,,,
2026-09-01,ANDROID,dhgate_product415_T1_ACT&Nopay 30D_purchse_IAP_Kelsey_AND_20260720,mAKCz6oEkG8RFtXq,147.67,17300,3169,,,,,,,,,
2026-09-01,ANDROID,dhgate_product414_UK_ACT&Nopay 30D_purchse_IAP_Kelsey_AND_20260717,Sta14UHs9lqoZaRk,95.61,7535,1112,,,,,,,,,
2026-09-01,IOS,dhgate_product491_US_Purchase 30D_purchse_IAP_Kelsey_IOS_20260901,xCoNwKymdvlaG9eW,40.27,1184,490,,,,,,,,,
2026-09-01,ANDROID,dhgate_product491_T1_ACT&Nopay 30D_purchse_IAP_Kelsey_AND_20260901,j9icz9xDNH0a1aKm,32.97,2182,617,,,,,,,,,
2026-09-01,IOS,dhgate_product490_UK_Purchase 30D_purchse_IAP_Kelsey_IOS_20260831,LwsrLH93t8BRDULI,50.35,925,492,,,,,,,,,
2026-09-01,ANDROID,dhgate_product490_T1_ACT&Nopay 30D_purchse_IAP_Kelsey_AND_20260831,Qh1aUtW7oidysc4t,39.75,2352,739,,,,,,,,,
2026-09-01,IOS,dhgate_product485_UK_Purchase 30D_purchse_IAP_Kelsey_IOS_20260831,fLTmfQ7Ogr2YOkqc,45.95,1434,455,,,,,,,,,
2026-09-01,ANDROID,dhgate_product485_T1_ACT&Nopay 30D_purchse_IAP_Kelsey_AND_20260831,myZRcCthzhvCqcjn,50.35,5998,2154,,,,,,,,,
2026-09-01,IOS,dhgate_product483_US_Purchase 30D_purchse_IAP_Kelsey_IOS_20260830,Ga6CigYGvJvaHLkn,50.28,1260,474,,,,,,,,,
2026-09-01,ANDROID,dhgate_product483_T1_ACT&Nopay 30D_purchse_IAP_Kelsey_AND_20260830,zVudIyTSY24zkqAS,49.03,6668,2698,,,,,,,,,
2026-09-01,IOS,dhgate_product480_US_Purchase 30D_purchse_IAP_Kelsey_IOS_20260830,LBtdwPPD6y2L3UDD,50.21,956,448,,,,,,,,,
2026-09-01,ANDROID,dhgate_product495_US_Purchase 30D_purchse_IAP_Kelsey_AND_20260901,sush6C79JzBcpoT1,38.35,3356,575,,,,,,,,,
2026-09-01,IOS,dhgate_product479_T1_ACT&Nopay 30D_purchse_IAP_Kelsey_IOS_20260829,fjwINCMd6f4TUhFZ,17.67,955,550,,,,,,,,,
2026-09-01,IOS,dhgate_product495_US_ACT&Nopay 30D_purchse_IAP_Kelsey_IOS_20260901,wBRzzBk54ez3FfQB,32.8,1682,782,,,,,,,,,
2026-09-01,IOS,dhgate_product478_UK_ACT&Nopay 30D_purchse_IAP_Kelsey_IOS_20260828,wGnUS0Jj9GYefUy1,44.72,1270,664,,,,,,,,,
2026-09-01,ANDROID,dhgate_product479_T1_ACT&Nopay 30D_purchse_IAP_Kelsey_AND_20260829,KxndIiE5Gu5EszgT,24.5,2656,1069,,,,,,,,,
2026-09-01,ANDROID,dhgate_product416_T1_ACT&Nopay 30D_purchse_IAP_Kelsey_AND_20260720,keisiJsWSukJumr6,100.62,18346,2056,,,,,,,,,
2026-09-01,ANDROID,dhgate_product416_T1_Purchase 30D_purchse_IAP_Kelsey_AND_20260830,F5YpUspEUGcLI3As,50.78,4342,813,,,,,,,,,
2026-09-01,IOS,dhgate_product430_T1_ACT&Nopay 30D_purchse_IAP_Kelsey_IOS_20260805,ozEjNLe0zpSog6Ol,149.32,10443,1812,,,,,,,,,
2026-09-01,IOS,dhgate_product451_T1_Purchase 30D_purchse_IAP_Kelsey_IOS_20260830,sfwKRypY12FFpMFT,50.39,1710,775,,,,,,,,,
2026-09-01,IOS,dhgate_product415_US_ACT&Nopay 30D_purchse_IAP_Kelsey_IOS_20260803,skjMlYo6gIpWsdzl,87.43,8873,893,,,,,,,,,
2026-09-01,ANDROID,dhgate_product463_US_Purchase 30D_purchse_IAP_Kelsey_AND_20260821,nf2ok8XC7nMvmHON,49.41,7800,1514,,,,,,,,,
2026-09-01,IOS,dhgate_product463_US_Purchase 30D_purchse_IAP_Kelsey_IOS_20260821,X0Wp7ROkpYUcW6Yz,44.61,952,410,,,,,,,,,
2026-09-01,ANDROID,dhgate_product464_US_Purchase 30D_purchse_IAP_Kelsey_AND_20260824,i71tz8O6hgClwfYz,34.96,4123,282,,,,,,,,,
2026-09-01,IOS,dhgate_product471_T1_Purchase 30D_purchse_IAP_Kelsey_IOS_20260829,Zo2EjfIGClkeV7Qy,50.3,1988,808,,,,,,,,,
2026-09-01,IOS,dhgate_product451_US_ACT&Nopay 30D_purchse_IAP_Kelsey_IOS_20260830,KiDul2r7vZZgsnl8,38.23,1228,725,,,,,,,,,
2026-09-02,IOS,dhgate_product372_T1_ACT&Nopay 30D_purchase_IAP_Kelsey_IOS_20260605,U4gzqzcEnoe3yurD,86.67,8095,1103,,,,,,,,,
2026-09-02,ANDROID,dhgate_product409_T1_Purchase 30D_purchse_IAP_Kelsey_AND_20260729_D7,hzurSjf5sHyjVyUq,90.36,4440,863,,,,,,,,,
2026-09-02,IOS,dhgate_product403_US_Purchase 30D_purchse_IAP_Kelsey_IOS_20260713,OLvDIbZvBDJIzHMD,37.68,2925,274,,,,,,,,,
2026-09-02,IOS,dhgate_product386_US_Purchase 30D_purchase_IAP_Kelsey_IOS_20260630,kpNA9cC8I3HMEtHY,83.41,6119,609,,,,,,,,,
2026-09-02,ANDROID,dhgate_product385_UK_ACT&Nopay 30D_purchase_IAP_Kelsey_AND_20260630,VzqTPrFSQDRkzKZj,86.81,5370,939,,,,,,,,,
2026-09-02,ANDROID,dhgate_product384_US_Purchase 30D_purchase_IAP_Kelsey_AND_20260829,kZJzYa2X0he0fuQ4,95.47,10812,1852,,,,,,,,,
2026-09-02,ANDROID,dhgate_product384_T1_Purchase 30D_purchase_IAP_Kelsey_AND_20260709_D7,funYq3Yvepl5ocKc,94.68,5943,771,,,,,,,,,
2026-09-02,IOS,dhgate_product384_T1_ACT&Nopay 30D_purchase_IAP_Kelsey_IOS_20260627,HgoIpNDJKiz1hrzc,83.95,6683,1105,,,,,,,,,
2026-09-02,IOS,dhgate_product381_US_ACT&Nopay 30D_purchase_IAP_Kelsey_IOS_20260624,koAG4uPwaNuNbSsi,36.7,4059,412,,,,,,,,,
2026-09-02,ANDROID,dhgate_product367_UK_Purchase 30D_purchase_IAP_Kelsey_AND_20260530,AsUotp8z2P369W1o,96.43,5562,678,,,,,,,,,
2026-09-02,IOS,dhgate_product314_US_Purchase 30D_purchase_IAP_Kelsey_IOS_20260830,sKrMUDyLMlnzrHGm,34.83,1000,400,,,,,,,,,
2026-09-02,IOS,dhgate_product319_T1_Purchase 30D_purchase_IAP_Kelsey_IOS_20260429,SGOG7us7fBY7c5lH,75.61,5274,652,,,,,,,,,
2026-09-02,ANDROID,dhgate_product317_US_Purchase 30D_purchase_IAP_Kelsey_AND_20260830,Dg4R5w0EVV6iDwda,45.01,4144,518,,,,,,,,,
2026-09-02,ANDROID,dhgate_product317_UK&FR_ACT&Nopay 30D_purchase_IAP_Kelsey_AND_20260427,tDzMEZEldS4Kei0r,83.06,8122,1227,,,,,,,,,
2026-09-02,IOS,dhgate_product314_UK_Purchase 30D_purchase_IAP_Kelsey_IOS_20260424,NmHyz3ZrSwNTmf0j,72.06,3350,546,,,,,,,,,
2026-09-02,IOS,dhgate_product314_T1_ACT&Nopay 30D_purchase_IAP_Kelsey_IOS_20260830,SnRXyvhzCoZXdvNw,26.6,1531,881,,,,,,,,,
2026-09-02,ANDROID,dhgate_product148_T1_Purchase 30D_purchase_IAP_Kelsey_AND_20260415,dVlitdxzfmXStKCR,78.5,6607,718,,,,,,,,,
2026-09-02,IOS,dhgate_product138_FR_ACT&Nopay 30D_purchase_IAP_Kelsey_IOS_20260403,zNcB24si9mbzBPed,71.59,5339,771,,,,,,,,,
2026-09-02,IOS,dhgate_dpa-ios_US_ACT&Nopay 30D_purchase_IAP_Kelsey_IOS_20260515,y55faIMh7doL5RvO,72.8,10788,262,,,,,,,,,
2026-09-02,ANDROID,dhgate_dpa-and_US_ACT&Nopay 30D_purchase_IAP_Kelsey_AND_20260511,M0ZXR7rklCeN7J9o,76.54,17104,1246,,,,,,,,,
2026-09-02,ANDROID,dhgate_product414_FR_Purchase 30D_purchse_IAP_Kelsey_AND_20260830,vMkH9OydfEa2hheg,29.73,1175,399,,,,,,,,,
2026-09-02,IOS,dhgate_product340_T1_Purchase 30D_purchase_IAP_Kelsey_IOS_20260729_D7,g5OokwJOrTmd1BeC,36.28,2471,334,,,,,,,,,
2026-09-02,ANDROID,dhgate_product414_UK_ACT&Nopay 30D_purchse_IAP_Kelsey_AND_20260717,Sta14UHs9lqoZaRk,71.68,4921,829,,,,,,,,,
2026-09-02,ANDROID,dhgate_product416_T1_ACT&Nopay 30D_purchse_IAP_Kelsey_AND_20260720,keisiJsWSukJumr6,69.96,13073,1477,,,,,,,,,
2026-09-02,IOS,dhgate_product415_US_ACT&Nopay 30D_purchse_IAP_Kelsey_IOS_20260803,skjMlYo6gIpWsdzl,43.62,5091,555,,,,,,,,,
2026-09-02,ANDROID,dhgate_product415_T1_ACT&Nopay 30D_purchse_IAP_Kelsey_AND_20260720,mAKCz6oEkG8RFtXq,89.38,13562,1745,,,,,,,,,
2026-09-02,ANDROID,dhgate_product495_US_Purchase 30D_purchse_IAP_Kelsey_AND_20260901,sush6C79JzBcpoT1,41.05,3987,459,,,,,,,,,
2026-09-02,IOS,dhgate_product495_US_ACT&Nopay 30D_purchse_IAP_Kelsey_IOS_20260901,wBRzzBk54ez3FfQB,26.68,1177,570,,,,,,,,,
2026-09-02,IOS,dhgate_product491_US_Purchase 30D_purchse_IAP_Kelsey_IOS_20260901,xCoNwKymdvlaG9eW,40.94,1013,442,,,,,,,,,
2026-09-02,ANDROID,dhgate_product491_T1_ACT&Nopay 30D_purchse_IAP_Kelsey_AND_20260901,j9icz9xDNH0a1aKm,42.64,2516,531,,,,,,,,,
2026-09-02,IOS,dhgate_product490_UK_Purchase 30D_purchse_IAP_Kelsey_IOS_20260831,LwsrLH93t8BRDULI,38.76,741,366,,,,,,,,,
2026-09-02,ANDROID,dhgate_product490_T1_ACT&Nopay 30D_purchse_IAP_Kelsey_AND_20260831,Qh1aUtW7oidysc4t,38.94,2136,648,,,,,,,,,
2026-09-02,IOS,dhgate_product485_UK_Purchase 30D_purchse_IAP_Kelsey_IOS_20260831,fLTmfQ7Ogr2YOkqc,30.08,876,301,,,,,,,,,
2026-09-02,ANDROID,dhgate_product485_T1_ACT&Nopay 30D_purchse_IAP_Kelsey_AND_20260831,myZRcCthzhvCqcjn,34.27,3727,1524,,,,,,,,,
2026-09-02,IOS,dhgate_product483_US_Purchase 30D_purchse_IAP_Kelsey_IOS_20260830,Ga6CigYGvJvaHLkn,44.78,943,435,,,,,,,,,
2026-09-02,IOS,dhgate_product499_US_ACT&Nopay 30D_purchse_IAP_Kelsey_IOS_20260828,xyB45fnoYNijtm1A,0.07,4,2,,,,,,,,,
2026-09-02,IOS,dhgate_product480_US_Purchase 30D_purchse_IAP_Kelsey_IOS_20260830,LBtdwPPD6y2L3UDD,43.68,915,480,,,,,,,,,
2026-09-02,ANDROID,dhgate_product483_T1_ACT&Nopay 30D_purchse_IAP_Kelsey_AND_20260830,zVudIyTSY24zkqAS,28.69,3805,1782,,,,,,,,,
2026-09-02,IOS,dhgate_product430_T1_ACT&Nopay 30D_purchse_IAP_Kelsey_IOS_20260805,ozEjNLe0zpSog6Ol,83.56,7443,1046,,,,,,,,,
2026-09-02,IOS,dhgate_product451_T1_Purchase 30D_purchse_IAP_Kelsey_IOS_20260830,sfwKRypY12FFpMFT,33.52,1051,516,,,,,,,,,
2026-09-02,IOS,dhgate_product451_US_ACT&Nopay 30D_purchse_IAP_Kelsey_IOS_20260830,KiDul2r7vZZgsnl8,29.93,923,541,,,,,,,,,
2026-09-02,ANDROID,dhgate_product416_T1_Purchase 30D_purchse_IAP_Kelsey_AND_20260830,F5YpUspEUGcLI3As,36.81,3150,738,,,,,,,,,
2026-09-02,IOS,dhgate_product463_US_Purchase 30D_purchse_IAP_Kelsey_IOS_20260821,X0Wp7ROkpYUcW6Yz,2.61,51,24,,,,,,,,,
2026-09-02,IOS,dhgate_product471_T1_Purchase 30D_purchse_IAP_Kelsey_IOS_20260829,Zo2EjfIGClkeV7Qy,32.53,917,458,,,,,,,,,
2026-09-02,IOS,dhgate_product478_UK_ACT&Nopay 30D_purchse_IAP_Kelsey_IOS_20260828,wGnUS0Jj9GYefUy1,33.34,821,479,,,,,,,,,
2026-09-02,ANDROID,dhgate_product480_T1_ACT&Nopay 30D_purchse_IAP_Kelsey_AND_20260830,yhtlLuveYQPJ7zxm,36.34,6381,2510,,,,,,,,,
2026-09-02,ANDROID,dhgate_product463_US_Purchase 30D_purchse_IAP_Kelsey_AND_20260821,nf2ok8XC7nMvmHON,33.7,5082,581,,,,,,,,,
2026-09-03,IOS,dhgate_product372_T1_ACT&Nopay 30D_purchase_IAP_Kelsey_IOS_20260605,U4gzqzcEnoe3yurD,150.69,16168,1841,,,,,,,,,
2026-09-03,IOS,dhgate_product403_US_Purchase 30D_purchse_IAP_Kelsey_IOS_20260713,OLvDIbZvBDJIzHMD,93.15,7658,659,,,,,,,,,
2026-09-03,IOS,dhgate_product386_US_Purchase 30D_purchase_IAP_Kelsey_IOS_20260630,kpNA9cC8I3HMEtHY,46.98,5089,295,,,,,,,,,
2026-09-03,ANDROID,dhgate_product385_UK_ACT&Nopay 30D_purchase_IAP_Kelsey_AND_20260630,VzqTPrFSQDRkzKZj,100.28,7301,1123,,,,,,,,,
2026-09-03,ANDROID,dhgate_product384_US_Purchase 30D_purchase_IAP_Kelsey_AND_20260829,kZJzYa2X0he0fuQ4,50.45,6600,713,,,,,,,,,
2026-09-03,ANDROID,dhgate_product384_T1_Purchase 30D_purchase_IAP_Kelsey_AND_20260709_D7,funYq3Yvepl5ocKc,94.27,6915,862,,,,,,,,,
2026-09-03,IOS,dhgate_product384_T1_ACT&Nopay 30D_purchase_IAP_Kelsey_IOS_20260627,HgoIpNDJKiz1hrzc,27.53,3541,361,,,,,,,,,
2026-09-03,IOS,dhgate_product381_US_ACT&Nopay 30D_purchase_IAP_Kelsey_IOS_20260624,koAG4uPwaNuNbSsi,148.79,12690,1409,,,,,,,,,
2026-09-03,ANDROID,dhgate_product367_UK_Purchase 30D_purchase_IAP_Kelsey_AND_20260530,AsUotp8z2P369W1o,96.18,7314,782,,,,,,,,,
2026-09-03,IOS,dhgate_product314_T1_ACT&Nopay 30D_purchase_IAP_Kelsey_IOS_20260830,SnRXyvhzCoZXdvNw,31.85,1907,1077,,,,,,,,,
2026-09-03,IOS,dhgate_product319_T1_Purchase 30D_purchase_IAP_Kelsey_IOS_20260429,SGOG7us7fBY7c5lH,95.54,8654,780,,,,,,,,,
2026-09-03,ANDROID,dhgate_product317_UK&FR_ACT&Nopay 30D_purchase_IAP_Kelsey_AND_20260427,tDzMEZEldS4Kei0r,119.7,13348,1656,,,,,,,,,
2026-09-03,IOS,dhgate_product314_UK_Purchase 30D_purchase_IAP_Kelsey_IOS_20260424,NmHyz3ZrSwNTmf0j,47.23,3653,347,,,,,,,,,
2026-09-03,ANDROID,dhgate_product148_T1_Purchase 30D_purchase_IAP_Kelsey_AND_20260415,dVlitdxzfmXStKCR,100.65,8617,1025,,,,,,,,,
2026-09-03,IOS,dhgate_product138_FR_ACT&Nopay 30D_purchase_IAP_Kelsey_IOS_20260403,zNcB24si9mbzBPed,49.18,4925,521,,,,,,,,,
2026-09-03,IOS,dhgate_dpa-ios_US_ACT&Nopay 30D_purchase_IAP_Kelsey_IOS_20260515,y55faIMh7doL5RvO,92.23,13990,221,,,,,,,,,
2026-09-03,ANDROID,dhgate_dpa-and_US_ACT&Nopay 30D_purchase_IAP_Kelsey_AND_20260511,M0ZXR7rklCeN7J9o,94.17,24743,1781,,,,,,,,,
2026-09-03,ANDROID,dhgate_product409_T1_Purchase 30D_purchse_IAP_Kelsey_AND_20260729_D7,hzurSjf5sHyjVyUq,97.24,5490,1052,,,,,,,,,
2026-09-03,IOS,dhgate_product340_T1_Purchase 30D_purchase_IAP_Kelsey_IOS_20260729_D7,g5OokwJOrTmd1BeC,94.57,6628,809,,,,,,,,,
2026-09-03,ANDROID,dhgate_product414_FR_Purchase 30D_purchse_IAP_Kelsey_AND_20260830,vMkH9OydfEa2hheg,27.86,1286,401,,,,,,,,,
2026-09-03,ANDROID,dhgate_product463_US_Purchase 30D_purchse_IAP_Kelsey_AND_20260821,nf2ok8XC7nMvmHON,93.56,12126,2155,,,,,,,,,
2026-09-03,ANDROID,dhgate_product415_T1_ACT&Nopay 30D_purchse_IAP_Kelsey_AND_20260720,mAKCz6oEkG8RFtXq,146.81,22596,3096,,,,,,,,,
2026-09-03,IOS,dhgate_product500_T1_ACT&Nopay 30D_purchse_IAP_Kelsey_IOS_20260903,QH72FbnX5LzHKkVH,0.75,49,27,,,,,,,,,
2026-09-03,ANDROID,dhgate_product499_US_Purchase 30D_purchse_IAP_Kelsey_AND_20260902,hhVzrlsYc7HnXN0E,45.53,3267,683,,,,,,,,,
2026-09-03,IOS,dhgate_product499_US_ACT&Nopay 30D_purchse_IAP_Kelsey_IOS_20260902,xyB45fnoYNijtm1A,48.35,1553,846,,,,,,,,,
2026-09-03,ANDROID,dhgate_product495_US_Purchase 30D_purchse_IAP_Kelsey_AND_20260901,sush6C79JzBcpoT1,50.37,4212,562,,,,,,,,,
2026-09-03,IOS,dhgate_product495_US_ACT&Nopay 30D_purchse_IAP_Kelsey_IOS_20260901,wBRzzBk54ez3FfQB,36.88,1454,740,,,,,,,,,
2026-09-03,IOS,dhgate_product491_US_Purchase 30D_purchse_IAP_Kelsey_IOS_20260901,xCoNwKymdvlaG9eW,44.16,985,473,,,,,,,,,
2026-09-03,ANDROID,dhgate_product491_T1_ACT&Nopay 30D_purchse_IAP_Kelsey_AND_20260901,j9icz9xDNH0a1aKm,50.23,2824,668,,,,,,,,,
2026-09-03,ANDROID,dhgate_product490_T1_ACT&Nopay 30D_purchse_IAP_Kelsey_AND_20260831,Qh1aUtW7oidysc4t,50.3,2626,805,,,,,,,,,
2026-09-03,IOS,dhgate_product485_UK_Purchase 30D_purchse_IAP_Kelsey_IOS_20260831,fLTmfQ7Ogr2YOkqc,50.42,1096,504,,,,,,,,,
2026-09-03,ANDROID,dhgate_product414_UK_ACT&Nopay 30D_purchse_IAP_Kelsey_AND_20260717,Sta14UHs9lqoZaRk,100.61,8365,1106,,,,,,,,,
2026-09-03,IOS,dhgate_product480_US_Purchase 30D_purchse_IAP_Kelsey_IOS_20260830,LBtdwPPD6y2L3UDD,50.31,1266,497,,,,,,,,,
2026-09-03,IOS,dhgate_product478_UK_ACT&Nopay 30D_purchse_IAP_Kelsey_IOS_20260828,wGnUS0Jj9GYefUy1,30.95,856,497,,,,,,,,,
2026-09-03,IOS,dhgate_product471_T1_Purchase 30D_purchse_IAP_Kelsey_IOS_20260829,Zo2EjfIGClkeV7Qy,34.95,1171,586,,,,,,,,,
2026-09-03,IOS,dhgate_product463_US_Purchase 30D_purchse_IAP_Kelsey_IOS_20260821,X0Wp7ROkpYUcW6Yz,39.53,1052,432,,,,,,,,,
2026-09-03,ANDROID,dhgate_product500_US_Purchase 30D_purchse_IAP_Kelsey_AND_20260903,pK0leBjzYn2RQ6uf,15.77,1138,261,,,,,,,,,
2026-09-03,IOS,dhgate_product451_US_ACT&Nopay 30D_purchse_IAP_Kelsey_IOS_20260830,KiDul2r7vZZgsnl8,50.49,1359,791,,,,,,,,,
2026-09-03,IOS,dhgate_product430_T1_ACT&Nopay 30D_purchse_IAP_Kelsey_IOS_20260805,ozEjNLe0zpSog6Ol,97.42,11335,1214,,,,,,,,,
2026-09-03,ANDROID,dhgate_product416_T1_ACT&Nopay 30D_purchse_IAP_Kelsey_AND_20260720,keisiJsWSukJumr6,127.71,22197,2435,,,,,,,,,
2026-09-03,IOS,dhgate_product415_US_ACT&Nopay 30D_purchse_IAP_Kelsey_IOS_20260803,skjMlYo6gIpWsdzl,45.37,6064,460,,,,,,,,,
2026-09-03,ANDROID,dhgate_product485_T1_ACT&Nopay 30D_purchse_IAP_Kelsey_AND_20260831,myZRcCthzhvCqcjn,25.33,3004,1251,,,,,,,,,
2026-09-04,IOS,dhgate_product381_US_ACT&Nopay 30D_purchase_IAP_Kelsey_IOS_20260624,koAG4uPwaNuNbSsi,149.85,11458,1295,,,,,,,,,
2026-09-04,ANDROID,dhgate_product384_T1_Purchase 30D_purchase_IAP_Kelsey_AND_20260709_D7,funYq3Yvepl5ocKc,90.79,7304,869,,,,,,,,,
2026-09-04,ANDROID,dhgate_product384_US_Purchase 30D_purchase_IAP_Kelsey_AND_20260829,kZJzYa2X0he0fuQ4,50.0,8086,1239,,,,,,,,,
2026-09-04,ANDROID,dhgate_product409_T1_Purchase 30D_purchse_IAP_Kelsey_AND_20260729_D7,hzurSjf5sHyjVyUq,96.37,6037,1079,,,,,,,,,
2026-09-04,IOS,dhgate_product386_US_Purchase 30D_purchase_IAP_Kelsey_IOS_20260630,kpNA9cC8I3HMEtHY,46.7,4634,279,,,,,,,,,
2026-09-04,IOS,dhgate_product403_US_Purchase 30D_purchse_IAP_Kelsey_IOS_20260713,OLvDIbZvBDJIzHMD,100.03,7026,607,,,,,,,,,
2026-09-04,IOS,dhgate_product372_T1_ACT&Nopay 30D_purchase_IAP_Kelsey_IOS_20260605,U4gzqzcEnoe3yurD,148.43,16710,1944,,,,,,,,,
2026-09-04,ANDROID,dhgate_product385_UK_ACT&Nopay 30D_purchase_IAP_Kelsey_AND_20260630,VzqTPrFSQDRkzKZj,100.32,7745,1139,,,,,,,,,
2026-09-04,ANDROID,dhgate_product367_UK_Purchase 30D_purchase_IAP_Kelsey_AND_20260530,AsUotp8z2P369W1o,97.77,7747,757,,,,,,,,,
2026-09-04,IOS,dhgate_product314_T1_ACT&Nopay 30D_purchase_IAP_Kelsey_IOS_20260830,SnRXyvhzCoZXdvNw,36.39,2017,1124,,,,,,,,,
2026-09-04,IOS,dhgate_product319_T1_Purchase 30D_purchase_IAP_Kelsey_IOS_20260429,SGOG7us7fBY7c5lH,92.18,7701,840,,,,,,,,,
2026-09-04,ANDROID,dhgate_product317_UK&FR_ACT&Nopay 30D_purchase_IAP_Kelsey_AND_20260427,tDzMEZEldS4Kei0r,151.03,15955,2294,,,,,,,,,
2026-09-04,IOS,dhgate_product314_UK_Purchase 30D_purchase_IAP_Kelsey_IOS_20260424,NmHyz3ZrSwNTmf0j,39.85,3131,281,,,,,,,,,
2026-09-04,ANDROID,dhgate_product148_T1_Purchase 30D_purchase_IAP_Kelsey_AND_20260415,dVlitdxzfmXStKCR,101.01,7979,864,,,,,,,,,
2026-09-04,IOS,dhgate_product138_FR_ACT&Nopay 30D_purchase_IAP_Kelsey_IOS_20260403,zNcB24si9mbzBPed,44.51,4622,487,,,,,,,,,
2026-09-04,IOS,dhgate_dpa-ios_US_ACT&Nopay 30D_purchase_IAP_Kelsey_IOS_20260515,y55faIMh7doL5RvO,99.81,14481,219,,,,,,,,,
2026-09-04,ANDROID,dhgate_dpa-and_US_ACT&Nopay 30D_purchase_IAP_Kelsey_AND_20260511,M0ZXR7rklCeN7J9o,100.04,26099,2865,,,,,,,,,
2026-09-04,ANDROID,dhgate_product414_FR_Purchase 30D_purchse_IAP_Kelsey_AND_20260830,vMkH9OydfEa2hheg,35.0,1462,470,,,,,,,,,
2026-09-04,IOS,dhgate_product340_T1_Purchase 30D_purchase_IAP_Kelsey_IOS_20260729_D7,g5OokwJOrTmd1BeC,93.42,6250,828,,,,,,,,,
2026-09-04,ANDROID,dhgate_product414_UK_ACT&Nopay 30D_purchse_IAP_Kelsey_AND_20260717,Sta14UHs9lqoZaRk,100.68,8264,1134,,,,,,,,,
2026-09-04,ANDROID,dhgate_product415_T1_ACT&Nopay 30D_purchse_IAP_Kelsey_AND_20260720,mAKCz6oEkG8RFtXq,150.62,23716,3239,,,,,,,,,
2026-09-04,IOS,dhgate_product415_US_ACT&Nopay 30D_purchse_IAP_Kelsey_IOS_20260803,skjMlYo6gIpWsdzl,49.98,6016,483,,,,,,,,,
2026-09-04,ANDROID,dhgate_product501_UK_Purchase 30D_purchse_IAP_Kelsey_AND_20260904,kmZ4aGzPhjgfDa4r,20.96,929,331,,,,,,,,,
2026-09-04,IOS,dhgate_product501_T1_ACT&Nopay 30D_purchse_IAP_Kelsey_IOS_20260904,r5KCzV9n9KpVjrPt,0.34,15,9,,,,,,,,,
2026-09-04,ANDROID,dhgate_product500_US_Purchase 30D_purchse_IAP_Kelsey_AND_20260903,pK0leBjzYn2RQ6uf,50.14,3797,533,,,,,,,,,
2026-09-04,IOS,dhgate_product500_T1_ACT&Nopay 30D_purchse_IAP_Kelsey_IOS_20260903,QH72FbnX5LzHKkVH,25.22,638,314,,,,,,,,,
2026-09-04,ANDROID,dhgate_product499_US_Purchase 30D_purchse_IAP_Kelsey_AND_20260902,hhVzrlsYc7HnXN0E,50.5,3582,579,,,,,,,,,
2026-09-04,IOS,dhgate_product499_US_ACT&Nopay 30D_purchse_IAP_Kelsey_IOS_20260902,xyB45fnoYNijtm1A,50.07,1440,722,,,,,,,,,
2026-09-04,IOS,dhgate_product495_US_ACT&Nopay 30D_purchse_IAP_Kelsey_IOS_20260901,wBRzzBk54ez3FfQB,38.11,1368,781,,,,,,,,,
2026-09-04,IOS,dhgate_product491_US_Purchase 30D_purchse_IAP_Kelsey_IOS_20260901,xCoNwKymdvlaG9eW,50.01,908,452,,,,,,,,,
2026-09-04,ANDROID,dhgate_product491_T1_ACT&Nopay 30D_purchse_IAP_Kelsey_AND_20260901,j9icz9xDNH0a1aKm,36.93,1421,529,,,,,,,,,
2026-09-04,ANDROID,dhgate_product495_US_Purchase 30D_purchse_IAP_Kelsey_AND_20260901,sush6C79JzBcpoT1,50.29,2810,484,,,,,,,,,
2026-09-04,IOS,dhgate_product485_UK_Purchase 30D_purchse_IAP_Kelsey_IOS_20260831,fLTmfQ7Ogr2YOkqc,42.36,851,417,,,,,,,,,
2026-09-04,IOS,dhgate_product480_US_Purchase 30D_purchse_IAP_Kelsey_IOS_20260830,LBtdwPPD6y2L3UDD,48.58,4499,326,,,,,,,,,
2026-09-04,IOS,dhgate_product478_UK_ACT&Nopay 30D_purchse_IAP_Kelsey_IOS_20260828,wGnUS0Jj9GYefUy1,43.96,1653,655,,,,,,,,,
2026-09-04,IOS,dhgate_product471_T1_Purchase 30D_purchse_IAP_Kelsey_IOS_20260829,Zo2EjfIGClkeV7Qy,35.58,1195,677,,,,,,,,,
2026-09-04,IOS,dhgate_product463_US_Purchase 30D_purchse_IAP_Kelsey_IOS_20260821,X0Wp7ROkpYUcW6Yz,50.53,1363,466,,,,,,,,,
2026-09-04,ANDROID,dhgate_product463_US_Purchase 30D_purchse_IAP_Kelsey_AND_20260821,nf2ok8XC7nMvmHON,92.97,12919,2133,,,,,,,,,
2026-09-04,IOS,dhgate_product451_US_ACT&Nopay 30D_purchse_IAP_Kelsey_IOS_20260830,KiDul2r7vZZgsnl8,50.02,1255,646,,,,,,,,,
2026-09-04,IOS,dhgate_product430_T1_ACT&Nopay 30D_purchse_IAP_Kelsey_IOS_20260805,ozEjNLe0zpSog6Ol,89.63,10872,1174,,,,,,,,,
2026-09-04,ANDROID,dhgate_product490_T1_ACT&Nopay 30D_purchse_IAP_Kelsey_AND_20260831,Qh1aUtW7oidysc4t,42.44,2187,541,,,,,,,,,
2026-09-04,ANDROID,dhgate_product416_T1_ACT&Nopay 30D_purchse_IAP_Kelsey_AND_20260720,keisiJsWSukJumr6,150.69,26456,2976,,,,,,,,,
2026-09-05,ANDROID,dhgate_product384_T1_Purchase 30D_purchase_IAP_Kelsey_AND_20260709_D7,funYq3Yvepl5ocKc,100.49,7892,932,,,,,,,,,
2026-09-05,ANDROID,dhgate_product384_US_Purchase 30D_purchase_IAP_Kelsey_AND_20260829,kZJzYa2X0he0fuQ4,48.31,7694,1375,,,,,,,,,
2026-09-05,ANDROID,dhgate_product385_UK_ACT&Nopay 30D_purchase_IAP_Kelsey_AND_20260630,VzqTPrFSQDRkzKZj,100.63,7473,1123,,,,,,,,,
2026-09-05,ANDROID,dhgate_product414_FR_Purchase 30D_purchse_IAP_Kelsey_AND_20260830,vMkH9OydfEa2hheg,43.45,1815,543,,,,,,,,,
2026-09-05,IOS,dhgate_product403_US_Purchase 30D_purchse_IAP_Kelsey_IOS_20260713,OLvDIbZvBDJIzHMD,100.14,6598,685,,,,,,,,,
2026-09-05,ANDROID,dhgate_product409_T1_Purchase 30D_purchse_IAP_Kelsey_AND_20260729_D7,hzurSjf5sHyjVyUq,100.89,6558,1160,,,,,,,,,
2026-09-05,IOS,dhgate_product381_US_ACT&Nopay 30D_purchase_IAP_Kelsey_IOS_20260624,koAG4uPwaNuNbSsi,144.89,12456,1387,,,,,,,,,
2026-09-05,IOS,dhgate_product386_US_Purchase 30D_purchase_IAP_Kelsey_IOS_20260630,kpNA9cC8I3HMEtHY,49.23,4401,356,,,,,,,,,
2026-09-05,IOS,dhgate_product372_T1_ACT&Nopay 30D_purchase_IAP_Kelsey_IOS_20260605,U4gzqzcEnoe3yurD,149.81,16864,1883,,,,,,,,,
2026-09-05,ANDROID,dhgate_dpa-and_US_ACT&Nopay 30D_purchase_IAP_Kelsey_AND_20260511,M0ZXR7rklCeN7J9o,100.03,27949,3429,,,,,,,,,
2026-09-05,IOS,dhgate_product340_T1_Purchase 30D_purchase_IAP_Kelsey_IOS_20260729_D7,g5OokwJOrTmd1BeC,100.59,6968,899,,,,,,,,,
2026-09-05,IOS,dhgate_product319_T1_Purchase 30D_purchase_IAP_Kelsey_IOS_20260429,SGOG7us7fBY7c5lH,100.27,8524,818,,,,,,,,,
2026-09-05,ANDROID,dhgate_product317_UK&FR_ACT&Nopay 30D_purchase_IAP_Kelsey_AND_20260427,tDzMEZEldS4Kei0r,150.96,16836,2228,,,,,,,,,
2026-09-05,IOS,dhgate_product314_UK_Purchase 30D_purchase_IAP_Kelsey_IOS_20260424,NmHyz3ZrSwNTmf0j,46.56,3475,311,,,,,,,,,
2026-09-05,IOS,dhgate_product314_T1_ACT&Nopay 30D_purchase_IAP_Kelsey_IOS_20260830,SnRXyvhzCoZXdvNw,35.61,2031,1174,,,,,,,,,
2026-09-05,ANDROID,dhgate_product148_T1_Purchase 30D_purchase_IAP_Kelsey_AND_20260415,dVlitdxzfmXStKCR,100.59,10751,981,,,,,,,,,
2026-09-05,IOS,dhgate_product138_FR_ACT&Nopay 30D_purchase_IAP_Kelsey_IOS_20260403,zNcB24si9mbzBPed,48.79,5538,548,,,,,,,,,
2026-09-05,ANDROID,dhgate_product414_UK_ACT&Nopay 30D_purchse_IAP_Kelsey_AND_20260717,Sta14UHs9lqoZaRk,100.38,8301,1032,,,,,,,,,
2026-09-05,ANDROID,dhgate_product367_UK_Purchase 30D_purchase_IAP_Kelsey_AND_20260530,AsUotp8z2P369W1o,100.28,8144,706,,,,,,,,,
2026-09-05,ANDROID,dhgate_product415_T1_ACT&Nopay 30D_purchse_IAP_Kelsey_AND_20260720,mAKCz6oEkG8RFtXq,151.14,24197,3204,,,,,,,,,
2026-09-05,IOS,dhgate_dpa-ios_US_ACT&Nopay 30D_purchase_IAP_Kelsey_IOS_20260515,y55faIMh7doL5RvO,92.09,13223,278,,,,,,,,,
2026-09-05,ANDROID,dhgate_product416_T1_ACT&Nopay 30D_purchse_IAP_Kelsey_AND_20260720,keisiJsWSukJumr6,150.72,27012,3057,,,,,,,,,
2026-09-05,IOS,dhgate_product415_US_ACT&Nopay 30D_purchse_IAP_Kelsey_IOS_20260803,skjMlYo6gIpWsdzl,47.81,6290,520,,,,,,,,,
2026-09-05,ANDROID,dhgate_product501_UK_Purchase 30D_purchse_IAP_Kelsey_AND_20260904,kmZ4aGzPhjgfDa4r,46.27,2031,765,,,,,,,,,
2026-09-05,IOS,dhgate_product501_T1_ACT&Nopay 30D_purchse_IAP_Kelsey_IOS_20260904,r5KCzV9n9KpVjrPt,20.01,724,352,,,,,,,,,
2026-09-05,ANDROID,dhgate_product500_US_Purchase 30D_purchse_IAP_Kelsey_AND_20260903,pK0leBjzYn2RQ6uf,50.37,4162,638,,,,,,,,,
2026-09-05,IOS,dhgate_product500_T1_ACT&Nopay 30D_purchse_IAP_Kelsey_IOS_20260903,QH72FbnX5LzHKkVH,14.33,349,191,,,,,,,,,
2026-09-05,ANDROID,dhgate_product499_US_Purchase 30D_purchse_IAP_Kelsey_AND_20260902,hhVzrlsYc7HnXN0E,50.17,3491,724,,,,,,,,,
2026-09-05,ANDROID,dhgate_product495_US_Purchase 30D_purchse_IAP_Kelsey_AND_20260901,sush6C79JzBcpoT1,51.48,3209,551,,,,,,,,,
2026-09-05,IOS,dhgate_product495_US_ACT&Nopay 30D_purchse_IAP_Kelsey_IOS_20260901,wBRzzBk54ez3FfQB,34.42,1300,726,,,,,,,,,
2026-09-05,IOS,dhgate_product491_US_Purchase 30D_purchse_IAP_Kelsey_IOS_20260901,xCoNwKymdvlaG9eW,49.02,1039,544,,,,,,,,,
2026-09-05,IOS,dhgate_product499_US_ACT&Nopay 30D_purchse_IAP_Kelsey_IOS_20260902,xyB45fnoYNijtm1A,50.02,1430,901,,,,,,,,,
2026-09-05,ANDROID,dhgate_product490_T1_ACT&Nopay 30D_purchse_IAP_Kelsey_AND_20260831,Qh1aUtW7oidysc4t,50.04,2763,814,,,,,,,,,
2026-09-05,IOS,dhgate_product485_UK_Purchase 30D_purchse_IAP_Kelsey_IOS_20260831,fLTmfQ7Ogr2YOkqc,43.02,951,483,,,,,,,,,
2026-09-05,IOS,dhgate_product480_US_Purchase 30D_purchse_IAP_Kelsey_IOS_20260830,LBtdwPPD6y2L3UDD,46.02,3725,362,,,,,,,,,
2026-09-05,IOS,dhgate_product478_UK_ACT&Nopay 30D_purchse_IAP_Kelsey_IOS_20260828,wGnUS0Jj9GYefUy1,46.68,4977,492,,,,,,,,,
2026-09-05,IOS,dhgate_product471_T1_Purchase 30D_purchse_IAP_Kelsey_IOS_20260829,Zo2EjfIGClkeV7Qy,34.18,1272,736,,,,,,,,,
2026-09-05,IOS,dhgate_product463_US_Purchase 30D_purchse_IAP_Kelsey_IOS_20260821,X0Wp7ROkpYUcW6Yz,50.22,3715,347,,,,,,,,,
2026-09-05,ANDROID,dhgate_product463_US_Purchase 30D_purchse_IAP_Kelsey_AND_20260821,nf2ok8XC7nMvmHON,97.57,12956,2637,,,,,,,,,
2026-09-05,IOS,dhgate_product451_US_ACT&Nopay 30D_purchse_IAP_Kelsey_IOS_20260830,KiDul2r7vZZgsnl8,50.61,1345,792,,,,,,,,,
2026-09-05,ANDROID,dhgate_product491_T1_ACT&Nopay 30D_purchse_IAP_Kelsey_AND_20260901,j9icz9xDNH0a1aKm,36.57,1641,541,,,,,,,,,
2026-09-05,IOS,dhgate_product430_T1_ACT&Nopay 30D_purchse_IAP_Kelsey_IOS_20260805,ozEjNLe0zpSog6Ol,98.86,11914,1220,,,,,,,,,
2026-09-06,ANDROID,dhgate_product384_T1_Purchase 30D_purchase_IAP_Kelsey_AND_20260709_D7,funYq3Yvepl5ocKc,100.3,8202,1053,,,,,,,,,
2026-09-06,ANDROID,dhgate_product384_US_Purchase 30D_purchase_IAP_Kelsey_AND_20260829,kZJzYa2X0he0fuQ4,46.46,7345,1319,,,,,,,,,
2026-09-06,ANDROID,dhgate_product385_UK_ACT&Nopay 30D_purchase_IAP_Kelsey_AND_20260630,VzqTPrFSQDRkzKZj,100.75,8418,1189,,,,,,,,,
2026-09-06,ANDROID,dhgate_product414_FR_Purchase 30D_purchse_IAP_Kelsey_AND_20260830,vMkH9OydfEa2hheg,41.22,1807,544,,,,,,,,,
2026-09-06,IOS,dhgate_product403_US_Purchase 30D_purchse_IAP_Kelsey_IOS_20260713,OLvDIbZvBDJIzHMD,100.1,7580,587,,,,,,,,,
2026-09-06,ANDROID,dhgate_product409_T1_Purchase 30D_purchse_IAP_Kelsey_AND_20260729_D7,hzurSjf5sHyjVyUq,100.34,6697,1332,,,,,,,,,
2026-09-06,IOS,dhgate_product381_US_ACT&Nopay 30D_purchase_IAP_Kelsey_IOS_20260624,koAG4uPwaNuNbSsi,150.53,13955,1308,,,,,,,,,
2026-09-06,IOS,dhgate_product386_US_Purchase 30D_purchase_IAP_Kelsey_IOS_20260630,kpNA9cC8I3HMEtHY,50.02,4781,255,,,,,,,,,
2026-09-06,IOS,dhgate_product372_T1_ACT&Nopay 30D_purchase_IAP_Kelsey_IOS_20260605,U4gzqzcEnoe3yurD,150.44,18161,1996,,,,,,,,,
2026-09-06,ANDROID,dhgate_dpa-and_US_ACT&Nopay 30D_purchase_IAP_Kelsey_AND_20260511,M0ZXR7rklCeN7J9o,98.96,26991,3447,,,,,,,,,
2026-09-06,IOS,dhgate_product340_T1_Purchase 30D_purchase_IAP_Kelsey_IOS_20260729_D7,g5OokwJOrTmd1BeC,100.33,7398,910,,,,,,,,,
2026-09-06,IOS,dhgate_product319_T1_Purchase 30D_purchase_IAP_Kelsey_IOS_20260429,SGOG7us7fBY7c5lH,100.27,9375,810,,,,,,,,,
2026-09-06,ANDROID,dhgate_product317_UK&FR_ACT&Nopay 30D_purchase_IAP_Kelsey_AND_20260427,tDzMEZEldS4Kei0r,150.66,17469,2472,,,,,,,,,
2026-09-06,IOS,dhgate_product314_UK_Purchase 30D_purchase_IAP_Kelsey_IOS_20260424,NmHyz3ZrSwNTmf0j,45.29,3895,361,,,,,,,,,
2026-09-06,IOS,dhgate_product314_T1_ACT&Nopay 30D_purchase_IAP_Kelsey_IOS_20260830,SnRXyvhzCoZXdvNw,37.9,2139,1162,,,,,,,,,
2026-09-06,ANDROID,dhgate_product148_T1_Purchase 30D_purchase_IAP_Kelsey_AND_20260415,dVlitdxzfmXStKCR,100.96,10524,1179,,,,,,,,,
2026-09-06,IOS,dhgate_product138_FR_ACT&Nopay 30D_purchase_IAP_Kelsey_IOS_20260403,zNcB24si9mbzBPed,45.27,5635,535,,,,,,,,,
2026-09-06,ANDROID,dhgate_product414_UK_ACT&Nopay 30D_purchse_IAP_Kelsey_AND_20260717,Sta14UHs9lqoZaRk,100.59,8710,1064,,,,,,,,,
2026-09-06,ANDROID,dhgate_product367_UK_Purchase 30D_purchase_IAP_Kelsey_AND_20260530,AsUotp8z2P369W1o,100.52,7759,867,,,,,,,,,
2026-09-06,ANDROID,dhgate_product415_T1_ACT&Nopay 30D_purchse_IAP_Kelsey_AND_20260720,mAKCz6oEkG8RFtXq,151.0,24116,3204,,,,,,,,,
2026-09-06,IOS,dhgate_dpa-ios_US_ACT&Nopay 30D_purchase_IAP_Kelsey_IOS_20260515,y55faIMh7doL5RvO,97.53,14590,290,,,,,,,,,
2026-09-06,ANDROID,dhgate_product416_T1_ACT&Nopay 30D_purchse_IAP_Kelsey_AND_20260720,keisiJsWSukJumr6,150.49,26795,2960,,,,,,,,,
2026-09-06,IOS,dhgate_product415_US_ACT&Nopay 30D_purchse_IAP_Kelsey_IOS_20260803,skjMlYo6gIpWsdzl,46.25,6646,416,,,,,,,,,
2026-09-06,ANDROID,dhgate_product501_UK_Purchase 30D_purchse_IAP_Kelsey_AND_20260904,kmZ4aGzPhjgfDa4r,46.23,1899,640,,,,,,,,,
2026-09-06,IOS,dhgate_product501_T1_ACT&Nopay 30D_purchse_IAP_Kelsey_IOS_20260904,r5KCzV9n9KpVjrPt,32.14,841,349,,,,,,,,,
2026-09-06,ANDROID,dhgate_product500_US_Purchase 30D_purchse_IAP_Kelsey_AND_20260903,pK0leBjzYn2RQ6uf,50.17,5811,476,,,,,,,,,
2026-09-06,IOS,dhgate_product500_T1_ACT&Nopay 30D_purchse_IAP_Kelsey_IOS_20260903,QH72FbnX5LzHKkVH,22.17,501,239,,,,,,,,,
2026-09-06,ANDROID,dhgate_product499_US_Purchase 30D_purchse_IAP_Kelsey_AND_20260902,hhVzrlsYc7HnXN0E,50.34,6080,482,,,,,,,,,
2026-09-06,ANDROID,dhgate_product495_US_Purchase 30D_purchse_IAP_Kelsey_AND_20260901,sush6C79JzBcpoT1,50.1,4125,533,,,,,,,,,
2026-09-06,IOS,dhgate_product495_US_ACT&Nopay 30D_purchse_IAP_Kelsey_IOS_20260901,wBRzzBk54ez3FfQB,38.6,1452,758,,,,,,,,,
2026-09-06,IOS,dhgate_product491_US_Purchase 30D_purchse_IAP_Kelsey_IOS_20260901,xCoNwKymdvlaG9eW,39.94,883,471,,,,,,,,,
2026-09-06,IOS,dhgate_product499_US_ACT&Nopay 30D_purchse_IAP_Kelsey_IOS_20260902,xyB45fnoYNijtm1A,50.14,1465,825,,,,,,,,,
2026-09-06,ANDROID,dhgate_product490_T1_ACT&Nopay 30D_purchse_IAP_Kelsey_AND_20260831,Qh1aUtW7oidysc4t,43.16,2518,682,,,,,,,,,
2026-09-06,ANDROID,dhgate_product491_T1_ACT&Nopay 30D_purchse_IAP_Kelsey_AND_20260901,j9icz9xDNH0a1aKm,49.56,2316,634,,,,,,,,,
2026-09-06,IOS,dhgate_product451_US_ACT&Nopay 30D_purchse_IAP_Kelsey_IOS_20260830,KiDul2r7vZZgsnl8,50.23,1134,709,,,,,,,,,
2026-09-06,ANDROID,dhgate_product463_US_Purchase 30D_purchse_IAP_Kelsey_AND_20260821,nf2ok8XC7nMvmHON,93.36,12626,2818,,,,,,,,,
2026-09-06,IOS,dhgate_product463_US_Purchase 30D_purchse_IAP_Kelsey_IOS_20260821,X0Wp7ROkpYUcW6Yz,49.19,4452,322,,,,,,,,,
2026-09-06,IOS,dhgate_product430_T1_ACT&Nopay 30D_purchse_IAP_Kelsey_IOS_20260805,ozEjNLe0zpSog6Ol,94.19,12270,1186,,,,,,,,,
2026-09-06,IOS,dhgate_product478_UK_ACT&Nopay 30D_purchse_IAP_Kelsey_IOS_20260828,wGnUS0Jj9GYefUy1,47.78,5114,584,,,,,,,,,
2026-09-06,IOS,dhgate_product480_US_Purchase 30D_purchse_IAP_Kelsey_IOS_20260830,LBtdwPPD6y2L3UDD,50.11,4787,273,,,,,,,,,
2026-09-06,IOS,dhgate_product485_UK_Purchase 30D_purchse_IAP_Kelsey_IOS_20260831,fLTmfQ7Ogr2YOkqc,43.0,999,498,,,,,,,,,
2026-09-06,IOS,dhgate_product471_T1_Purchase 30D_purchse_IAP_Kelsey_IOS_20260829,Zo2EjfIGClkeV7Qy,31.22,1341,686,,,,,,,,,
2026-09-07,IOS,dhgate_product381_US_ACT&Nopay 30D_purchase_IAP_Kelsey_IOS_20260624,koAG4uPwaNuNbSsi,153.39,13698,1538,,,,,,,,,
2026-09-07,ANDROID,dhgate_product414_FR_Purchase 30D_purchse_IAP_Kelsey_AND_20260830,vMkH9OydfEa2hheg,39.93,1987,649,,,,,,,,,
2026-09-07,ANDROID,dhgate_product409_T1_Purchase 30D_purchse_IAP_Kelsey_AND_20260729_D7,hzurSjf5sHyjVyUq,112.57,7653,1454,,,,,,,,,
2026-09-07,IOS,dhgate_product403_US_Purchase 30D_purchse_IAP_Kelsey_IOS_20260713,OLvDIbZvBDJIzHMD,105.41,7794,679,,,,,,,,,
2026-09-07,IOS,dhgate_product386_US_Purchase 30D_purchase_IAP_Kelsey_IOS_20260630,kpNA9cC8I3HMEtHY,51.29,5094,342,,,,,,,,,
2026-09-07,ANDROID,dhgate_product385_UK_ACT&Nopay 30D_purchase_IAP_Kelsey_AND_20260630,VzqTPrFSQDRkzKZj,79.09,6634,1007,,,,,,,,,
2026-09-07,ANDROID,dhgate_product384_US_Purchase 30D_purchase_IAP_Kelsey_AND_20260829,kZJzYa2X0he0fuQ4,40.34,5893,988,,,,,,,,,
2026-09-07,ANDROID,dhgate_product384_T1_Purchase 30D_purchase_IAP_Kelsey_AND_20260709_D7,funYq3Yvepl5ocKc,95.07,8909,1030,,,,,,,,,
2026-09-07,IOS,dhgate_product372_T1_ACT&Nopay 30D_purchase_IAP_Kelsey_IOS_20260605,U4gzqzcEnoe3yurD,111.92,13911,1520,,,,,,,,,
2026-09-07,ANDROID,dhgate_dpa-and_US_ACT&Nopay 30D_purchase_IAP_Kelsey_AND_20260511,M0ZXR7rklCeN7J9o,78.12,19414,2391,,,,,,,,,
2026-09-07,IOS,dhgate_product340_T1_Purchase 30D_purchase_IAP_Kelsey_IOS_20260729_D7,g5OokwJOrTmd1BeC,88.3,6941,819,,,,,,,,,
2026-09-07,IOS,dhgate_product319_T1_Purchase 30D_purchase_IAP_Kelsey_IOS_20260429,SGOG7us7fBY7c5lH,121.82,9977,1018,,,,,,,,,
2026-09-07,ANDROID,dhgate_product317_UK&FR_ACT&Nopay 30D_purchase_IAP_Kelsey_AND_20260427,tDzMEZEldS4Kei0r,170.18,19265,2955,,,,,,,,,
2026-09-07,IOS,dhgate_product314_UK_Purchase 30D_purchase_IAP_Kelsey_IOS_20260424,NmHyz3ZrSwNTmf0j,51.79,4423,414,,,,,,,,,
2026-09-07,IOS,dhgate_product314_T1_ACT&Nopay 30D_purchase_IAP_Kelsey_IOS_20260830,SnRXyvhzCoZXdvNw,43.33,4277,1336,,,,,,,,,
2026-09-07,ANDROID,dhgate_product148_T1_Purchase 30D_purchase_IAP_Kelsey_AND_20260415,dVlitdxzfmXStKCR,72.78,7539,833,,,,,,,,,
2026-09-07,IOS,dhgate_product138_FR_ACT&Nopay 30D_purchase_IAP_Kelsey_IOS_20260403,zNcB24si9mbzBPed,58.14,7217,803,,,,,,,,,
2026-09-07,IOS,dhgate_dpa-ios_US_ACT&Nopay 30D_purchase_IAP_Kelsey_IOS_20260515,y55faIMh7doL5RvO,69.92,9805,247,,,,,,,,,
2026-09-07,ANDROID,dhgate_product414_UK_ACT&Nopay 30D_purchse_IAP_Kelsey_AND_20260717,Sta14UHs9lqoZaRk,77.66,6780,914,,,,,,,,,
2026-09-07,ANDROID,dhgate_product367_UK_Purchase 30D_purchase_IAP_Kelsey_AND_20260530,AsUotp8z2P369W1o,72.25,5656,632,,,,,,,,,
2026-09-07,ANDROID,dhgate_product415_T1_ACT&Nopay 30D_purchse_IAP_Kelsey_AND_20260720,mAKCz6oEkG8RFtXq,171.52,25681,3763,,,,,,,,,
2026-09-07,IOS,dhgate_product451_US_ACT&Nopay 30D_purchse_IAP_Kelsey_IOS_20260830,KiDul2r7vZZgsnl8,43.23,1163,690,,,,,,,,,
2026-09-07,ANDROID,dhgate_product416_T1_ACT&Nopay 30D_purchse_IAP_Kelsey_AND_20260720,keisiJsWSukJumr6,150.51,26627,3314,,,,,,,,,
2026-09-07,ANDROID,dhgate_product502_UK_Purchase 30D_purchse_IAP_Kelsey_AND_20260907,qKJBedA4OqDuRIHc,11.4,861,275,,,,,,,,,
2026-09-07,IOS,dhgate_product502_UK_Purchase 30D_purchase_IAP_Kelsey_IOS_20260907,lmAP5oTOCPKhkCss,8.41,239,137,,,,,,,,,
2026-09-07,IOS,dhgate_product415_US_ACT&Nopay 30D_purchse_IAP_Kelsey_IOS_20260803,skjMlYo6gIpWsdzl,45.37,6101,484,,,,,,,,,
2026-09-07,IOS,dhgate_product501_T1_ACT&Nopay 30D_purchse_IAP_Kelsey_IOS_20260904,r5KCzV9n9KpVjrPt,32.91,826,402,,,,,,,,,
2026-09-07,ANDROID,dhgate_product500_US_Purchase 30D_purchse_IAP_Kelsey_AND_20260903,pK0leBjzYn2RQ6uf,44.29,4722,532,,,,,,,,,
2026-09-07,IOS,dhgate_product500_T1_ACT&Nopay 30D_purchse_IAP_Kelsey_IOS_20260903,QH72FbnX5LzHKkVH,22.3,543,239,,,,,,,,,
2026-09-07,ANDROID,dhgate_product499_US_Purchase 30D_purchse_IAP_Kelsey_AND_20260902,hhVzrlsYc7HnXN0E,42.04,3854,458,,,,,,,,,
2026-09-07,IOS,dhgate_product499_US_ACT&Nopay 30D_purchse_IAP_Kelsey_IOS_20260902,xyB45fnoYNijtm1A,38.72,1312,679,,,,,,,,,
2026-09-07,ANDROID,dhgate_product495_US_Purchase 30D_purchse_IAP_Kelsey_AND_20260901,sush6C79JzBcpoT1,50.28,3884,635,,,,,,,,,
2026-09-07,IOS,dhgate_product495_US_ACT&Nopay 30D_purchse_IAP_Kelsey_IOS_20260901,wBRzzBk54ez3FfQB,40.87,1751,812,,,,,,,,,
2026-09-07,ANDROID,dhgate_product501_UK_Purchase 30D_purchse_IAP_Kelsey_AND_20260904,kmZ4aGzPhjgfDa4r,48.75,2352,741,,,,,,,,,
2026-09-07,ANDROID,dhgate_product491_T1_ACT&Nopay 30D_purchse_IAP_Kelsey_AND_20260901,j9icz9xDNH0a1aKm,31.36,1438,432,,,,,,,,,
2026-09-07,ANDROID,dhgate_product490_T1_ACT&Nopay 30D_purchse_IAP_Kelsey_AND_20260831,Qh1aUtW7oidysc4t,40.63,2233,659,,,,,,,,,
2026-09-07,IOS,dhgate_product485_UK_Purchase 30D_purchse_IAP_Kelsey_IOS_20260831,fLTmfQ7Ogr2YOkqc,39.66,971,426,,,,,,,,,
2026-09-07,IOS,dhgate_product480_US_Purchase 30D_purchse_IAP_Kelsey_IOS_20260830,LBtdwPPD6y2L3UDD,52.47,4612,374,,,,,,,,,
2026-09-07,IOS,dhgate_product478_UK_ACT&Nopay 30D_purchse_IAP_Kelsey_IOS_20260828,wGnUS0Jj9GYefUy1,44.39,5089,553,,,,,,,,,
2026-09-07,IOS,dhgate_product471_T1_Purchase 30D_purchse_IAP_Kelsey_IOS_20260829,Zo2EjfIGClkeV7Qy,42.3,1955,880,,,,,,,,,
2026-09-07,IOS,dhgate_product463_US_Purchase 30D_purchse_IAP_Kelsey_IOS_20260821,X0Wp7ROkpYUcW6Yz,50.62,4237,332,,,,,,,,,
2026-09-07,ANDROID,dhgate_product463_US_Purchase 30D_purchse_IAP_Kelsey_AND_20260821,nf2ok8XC7nMvmHON,97.34,13457,2854,,,,,,,,,
2026-09-07,IOS,dhgate_product430_T1_ACT&Nopay 30D_purchse_IAP_Kelsey_IOS_20260805,ozEjNLe0zpSog6Ol,68.22,9241,933,,,,,,,,,
2026-09-07,IOS,dhgate_product491_US_Purchase 30D_purchse_IAP_Kelsey_IOS_20260901,xCoNwKymdvlaG9eW,44.33,1128,587,,,,,,,,,
2026-09-08,ANDROID,dhgate_product409_T1_Purchase 30D_purchse_IAP_Kelsey_AND_20260729_D7,hzurSjf5sHyjVyUq,145.53,8911,1851,,,,,,,,,
2026-09-08,IOS,dhgate_product403_US_Purchase 30D_purchse_IAP_Kelsey_IOS_20260713,OLvDIbZvBDJIzHMD,201.19,10482,1238,,,,,,,,,
2026-09-08,ANDROID,dhgate_product385_UK_ACT&Nopay 30D_purchase_IAP_Kelsey_AND_20260630,VzqTPrFSQDRkzKZj,50.26,5226,768,,,,,,,,,
2026-09-08,ANDROID,dhgate_product384_T1_Purchase 30D_purchase_IAP_Kelsey_AND_20260709_D7,funYq3Yvepl5ocKc,100.91,8931,1067,,,,,,,,,
2026-09-08,IOS,dhgate_product381_US_ACT&Nopay 30D_purchase_IAP_Kelsey_IOS_20260624,koAG4uPwaNuNbSsi,194.03,17572,1916,,,,,,,,,
2026-09-08,IOS,dhgate_product372_T1_ACT&Nopay 30D_purchase_IAP_Kelsey_IOS_20260605,U4gzqzcEnoe3yurD,48.56,7845,694,,,,,,,,,
2026-09-08,IOS,dhgate_product314_UK_Purchase 30D_purchase_IAP_Kelsey_IOS_20260424,NmHyz3ZrSwNTmf0j,97.62,6108,710,,,,,,,,,
2026-09-08,IOS,dhgate_product340_T1_Purchase 30D_purchase_IAP_Kelsey_IOS_20260729_D7,g5OokwJOrTmd1BeC,96.89,6576,905,,,,,,,,,
2026-09-08,IOS,dhgate_product319_T1_Purchase 30D_purchase_IAP_Kelsey_IOS_20260429,SGOG7us7fBY7c5lH,197.83,12661,1687,,,,,,,,,
2026-09-08,ANDROID,dhgate_product317_UK&FR_ACT&Nopay 30D_purchase_IAP_Kelsey_AND_20260427,tDzMEZEldS4Kei0r,199.54,20692,3222,,,,,,,,,
2026-09-08,IOS,dhgate_product314_T1_ACT&Nopay 30D_purchase_IAP_Kelsey_IOS_20260830,SnRXyvhzCoZXdvNw,100.25,14700,1625,,,,,,,,,
2026-09-08,IOS,dhgate_product138_FR_ACT&Nopay 30D_purchase_IAP_Kelsey_IOS_20260403,zNcB24si9mbzBPed,98.24,9207,1330,,,,,,,,,
2026-09-08,ANDROID,dhgate_product414_FR_Purchase 30D_purchse_IAP_Kelsey_AND_20260830,vMkH9OydfEa2hheg,48.15,2543,620,,,,,,,,,
2026-09-08,ANDROID,dhgate_product367_UK_Purchase 30D_purchase_IAP_Kelsey_AND_20260530,AsUotp8z2P369W1o,50.45,5382,402,,,,,,,,,
2026-09-08,ANDROID,dhgate_product414_UK_ACT&Nopay 30D_purchse_IAP_Kelsey_AND_20260717,Sta14UHs9lqoZaRk,50.31,5204,664,,,,,,,,,
2026-09-08,IOS,dhgate_product386_US_Purchase 30D_purchase_IAP_Kelsey_IOS_20260630,kpNA9cC8I3HMEtHY,100.12,6738,581,,,,,,,,,
2026-09-08,IOS,dhgate_product415_US_ACT&Nopay 30D_purchse_IAP_Kelsey_IOS_20260803,skjMlYo6gIpWsdzl,47.23,6644,529,,,,,,,,,
2026-09-08,ANDROID,dhgate_product415_T1_ACT&Nopay 30D_purchse_IAP_Kelsey_AND_20260720,mAKCz6oEkG8RFtXq,200.63,29526,4439,,,,,,,,,
2026-09-08,IOS,dhgate_product502_UK_Purchase 30D_purchase_IAP_Kelsey_IOS_20260907,lmAP5oTOCPKhkCss,39.0,1118,515,,,,,,,,,
2026-09-08,ANDROID,dhgate_product501_UK_Purchase 30D_purchse_IAP_Kelsey_AND_20260904,kmZ4aGzPhjgfDa4r,49.01,2316,716,,,,,,,,,
2026-09-08,IOS,dhgate_product501_T1_ACT&Nopay 30D_purchse_IAP_Kelsey_IOS_20260904,r5KCzV9n9KpVjrPt,20.22,573,300,,,,,,,,,
2026-09-08,ANDROID,dhgate_product495_US_Purchase 30D_purchse_IAP_Kelsey_AND_20260901,sush6C79JzBcpoT1,51.64,3275,714,,,,,,,,,
2026-09-08,IOS,dhgate_product491_US_Purchase 30D_purchse_IAP_Kelsey_IOS_20260901,xCoNwKymdvlaG9eW,68.59,1539,837,,,,,,,,,
2026-09-08,IOS,dhgate_product485_UK_Purchase 30D_purchse_IAP_Kelsey_IOS_20260831,fLTmfQ7Ogr2YOkqc,50.4,1309,479,,,,,,,,,
2026-09-08,IOS,dhgate_product495_US_ACT&Nopay 30D_purchse_IAP_Kelsey_IOS_20260901,wBRzzBk54ez3FfQB,36.6,1632,748,,,,,,,,,
2026-09-08,IOS,dhgate_product478_UK_ACT&Nopay 30D_purchse_IAP_Kelsey_IOS_20260828,wGnUS0Jj9GYefUy1,46.77,4896,572,,,,,,,,,
2026-09-08,IOS,dhgate_product471_T1_Purchase 30D_purchse_IAP_Kelsey_IOS_20260829,Zo2EjfIGClkeV7Qy,77.79,3083,1328,,,,,,,,,
2026-09-08,IOS,dhgate_product463_US_Purchase 30D_purchse_IAP_Kelsey_IOS_20260821,X0Wp7ROkpYUcW6Yz,100.43,6071,558,,,,,,,,,
2026-09-08,ANDROID,dhgate_product502_UK_Purchase 30D_purchse_IAP_Kelsey_AND_20260907,qKJBedA4OqDuRIHc,42.37,3315,713,,,,,,,,,
2026-09-08,ANDROID,dhgate_product463_US_Purchase 30D_purchse_IAP_Kelsey_AND_20260821,nf2ok8XC7nMvmHON,96.47,14972,3279,,,,,,,,,
2026-09-08,IOS,dhgate_product430_T1_ACT&Nopay 30D_purchse_IAP_Kelsey_IOS_20260805,ozEjNLe0zpSog6Ol,49.42,7539,728,,,,,,,,,
2026-09-08,ANDROID,dhgate_product416_T1_ACT&Nopay 30D_purchse_IAP_Kelsey_AND_20260720,keisiJsWSukJumr6,151.36,27021,3327,,,,,,,,,
2026-09-08,IOS,dhgate_product480_US_Purchase 30D_purchse_IAP_Kelsey_IOS_20260830,LBtdwPPD6y2L3UDD,94.83,5911,564,,,,,,,,,
2026-09-09,IOS,dhgate_product491_US_Purchase 30D_purchse_IAP_Kelsey_IOS_20260901,xCoNwKymdvlaG9eW,86.72,2295,853,,,,,,,,,
2026-09-09,IOS,dhgate_product471_T1_Purchase 30D_purchse_IAP_Kelsey_IOS_20260829,Zo2EjfIGClkeV7Qy,84.09,2935,1428,,,,,,,,,
2026-09-09,IOS,dhgate_product478_UK_ACT&Nopay 30D_purchse_IAP_Kelsey_IOS_20260828,wGnUS0Jj9GYefUy1,40.87,4463,389,,,,,,,,,
2026-09-09,IOS,dhgate_product480_US_Purchase 30D_purchse_IAP_Kelsey_IOS_20260830,LBtdwPPD6y2L3UDD,94.15,5545,452,,,,,,,,,
2026-09-09,IOS,dhgate_product485_UK_Purchase 30D_purchse_IAP_Kelsey_IOS_20260831,fLTmfQ7Ogr2YOkqc,43.83,4182,247,,,,,,,,,
2026-09-09,IOS,dhgate_product495_US_ACT&Nopay 30D_purchse_IAP_Kelsey_IOS_20260901,wBRzzBk54ez3FfQB,40.85,1460,765,,,,,,,,,
2026-09-09,ANDROID,dhgate_product495_US_Purchase 30D_purchse_IAP_Kelsey_AND_20260901,sush6C79JzBcpoT1,50.32,6672,1085,,,,,,,,,
2026-09-09,IOS,dhgate_product501_T1_ACT&Nopay 30D_purchse_IAP_Kelsey_IOS_20260904,r5KCzV9n9KpVjrPt,20.98,521,282,,,,,,,,,
2026-09-09,ANDROID,dhgate_product501_UK_Purchase 30D_purchse_IAP_Kelsey_AND_20260904,kmZ4aGzPhjgfDa4r,46.75,2494,680,,,,,,,,,
2026-09-09,IOS,dhgate_product502_UK_Purchase 30D_purchase_IAP_Kelsey_IOS_20260907,lmAP5oTOCPKhkCss,47.77,1151,529,,,,,,,,,
2026-09-09,ANDROID,dhgate_product502_UK_Purchase 30D_purchse_IAP_Kelsey_AND_20260907,qKJBedA4OqDuRIHc,50.71,3431,766,,,,,,,,,
2026-09-09,ANDROID,dhgate_product503_UK_Purchase 30D_purchse_IAP_Kelsey_AND_20260909,AUf6OXnCRqmC3y1Z,1.8,160,61,,,,,,,,,
2026-09-09,IOS,dhgate_product503_UK_Purchase 30D_purchse_IAP_Kelsey_IOS_20260909,NV9BhxRnivFQAgn6,5.02,155,81,,,,,,,,,
2026-09-10,ANDROID,dhgate_product414_FR_Purchase 30D_purchse_IAP_Kelsey_AND_20260830,vMkH9OydfEa2hheg,46.0,3028,409,,,,,,,,,
2026-09-10,ANDROID,dhgate_product409_T1_Purchase 30D_purchse_IAP_Kelsey_AND_20260729_D7,hzurSjf5sHyjVyUq,150.88,8304,1711,,,,,,,,,
2026-09-10,IOS,dhgate_product403_US_Purchase 30D_purchse_IAP_Kelsey_IOS_20260713,OLvDIbZvBDJIzHMD,199.3,7499,920,,,,,,,,,
2026-09-10,IOS,dhgate_product386_US_Purchase 30D_purchase_IAP_Kelsey_IOS_20260630,kpNA9cC8I3HMEtHY,99.5,4787,523,,,,,,,,,
2026-09-10,ANDROID,dhgate_product385_UK_ACT&Nopay 30D_purchase_IAP_Kelsey_AND_20260630,VzqTPrFSQDRkzKZj,49.56,4688,744,,,,,,,,,
2026-09-10,ANDROID,dhgate_product384_T1_Purchase 30D_purchase_IAP_Kelsey_AND_20260709_D7,funYq3Yvepl5ocKc,99.99,7513,1008,,,,,,,,,
2026-09-10,IOS,dhgate_product381_US_ACT&Nopay 30D_purchase_IAP_Kelsey_IOS_20260624,koAG4uPwaNuNbSsi,193.79,12638,1726,,,,,,,,,
2026-09-10,IOS,dhgate_product319_T1_Purchase 30D_purchase_IAP_Kelsey_IOS_20260429,SGOG7us7fBY7c5lH,186.3,10189,1297,,,,,,,,,
2026-09-10,IOS,dhgate_product340_T1_Purchase 30D_purchase_IAP_Kelsey_IOS_20260729_D7,g5OokwJOrTmd1BeC,92.52,5289,664,,,,,,,,,
2026-09-10,ANDROID,dhgate_product414_UK_ACT&Nopay 30D_purchse_IAP_Kelsey_AND_20260717,Sta14UHs9lqoZaRk,50.18,4338,693,,,,,,,,,
2026-09-10,ANDROID,dhgate_product317_UK&FR_ACT&Nopay 30D_purchase_IAP_Kelsey_AND_20260427,tDzMEZEldS4Kei0r,198.11,18398,3146,,,,,,,,,
2026-09-10,IOS,dhgate_product314_UK_Purchase 30D_purchase_IAP_Kelsey_IOS_20260424,NmHyz3ZrSwNTmf0j,97.96,4594,575,,,,,,,,,
2026-09-10,IOS,dhgate_product314_T1_ACT&Nopay 30D_purchase_IAP_Kelsey_IOS_20260830,SnRXyvhzCoZXdvNw,98.88,12959,1378,,,,,,,,,
2026-09-10,IOS,dhgate_product138_FR_ACT&Nopay 30D_purchase_IAP_Kelsey_IOS_20260403,zNcB24si9mbzBPed,92.83,8627,1044,,,,,,,,,
2026-09-10,IOS,dhgate_product372_T1_ACT&Nopay 30D_purchase_IAP_Kelsey_IOS_20260605,U4gzqzcEnoe3yurD,46.58,6440,614,,,,,,,,,
2026-09-10,ANDROID,dhgate_product415_T1_ACT&Nopay 30D_purchse_IAP_Kelsey_AND_20260720,mAKCz6oEkG8RFtXq,201.07,25084,4174,,,,,,,,,
2026-09-10,ANDROID,dhgate_product367_UK_Purchase 30D_purchase_IAP_Kelsey_AND_20260530,AsUotp8z2P369W1o,50.46,4124,411,,,,,,,,,
2026-09-10,ANDROID,dhgate_product416_T1_ACT&Nopay 30D_purchse_IAP_Kelsey_AND_20260720,keisiJsWSukJumr6,150.56,22880,3217,,,,,,,,,
2026-09-10,IOS,dhgate_product415_US_ACT&Nopay 30D_purchse_IAP_Kelsey_IOS_20260803,skjMlYo6gIpWsdzl,47.7,6026,416,,,,,,,,,
2026-09-10,ANDROID,dhgate_product503_UK_Purchase 30D_purchse_IAP_Kelsey_AND_20260909,AUf6OXnCRqmC3y1Z,43.48,2617,790,,,,,,,,,
2026-09-10,ANDROID,dhgate_product502_UK_Purchase 30D_purchse_IAP_Kelsey_AND_20260907,qKJBedA4OqDuRIHc,50.36,2781,680,,,,,,,,,
2026-09-10,IOS,dhgate_product502_UK_Purchase 30D_purchase_IAP_Kelsey_IOS_20260907,lmAP5oTOCPKhkCss,47.74,987,493,,,,,,,,,
2026-09-10,ANDROID,dhgate_product501_UK_Purchase 30D_purchse_IAP_Kelsey_AND_20260904,kmZ4aGzPhjgfDa4r,50.63,3573,541,,,,,,,,,
2026-09-10,ANDROID,dhgate_product495_US_Purchase 30D_purchse_IAP_Kelsey_AND_20260901,sush6C79JzBcpoT1,44.8,7150,1802,,,,,,,,,
2026-09-10,IOS,dhgate_product503_UK_Purchase 30D_purchse_IAP_Kelsey_IOS_20260909,NV9BhxRnivFQAgn6,36.98,1066,514,,,,,,,,,
2026-09-10,IOS,dhgate_product495_US_ACT&Nopay 30D_purchse_IAP_Kelsey_IOS_20260901,wBRzzBk54ez3FfQB,42.68,5629,500,,,,,,,,,
2026-09-10,IOS,dhgate_product501_T1_ACT&Nopay 30D_purchse_IAP_Kelsey_IOS_20260904,r5KCzV9n9KpVjrPt,16.97,423,218,,,,,,,,,
2026-09-10,IOS,dhgate_product485_UK_Purchase 30D_purchse_IAP_Kelsey_IOS_20260831,fLTmfQ7Ogr2YOkqc,48.07,3385,292,,,,,,,,,
2026-09-10,IOS,dhgate_product480_US_Purchase 30D_purchse_IAP_Kelsey_IOS_20260830,LBtdwPPD6y2L3UDD,96.08,4465,461,,,,,,,,,
2026-09-10,IOS,dhgate_product478_UK_ACT&Nopay 30D_purchse_IAP_Kelsey_IOS_20260828,wGnUS0Jj9GYefUy1,47.62,3867,543,,,,,,,,,
2026-09-10,IOS,dhgate_product471_T1_Purchase 30D_purchse_IAP_Kelsey_IOS_20260829,Zo2EjfIGClkeV7Qy,81.46,2775,1315,,,,,,,,,
2026-09-10,IOS,dhgate_product463_US_Purchase 30D_purchse_IAP_Kelsey_IOS_20260821,X0Wp7ROkpYUcW6Yz,98.39,4294,425,,,,,,,,,
2026-09-10,ANDROID,dhgate_product463_US_Purchase 30D_purchse_IAP_Kelsey_AND_20260821,nf2ok8XC7nMvmHON,97.03,12530,3763,,,,,,,,,
2026-09-10,IOS,dhgate_product430_T1_ACT&Nopay 30D_purchse_IAP_Kelsey_IOS_20260805,ozEjNLe0zpSog6Ol,48.75,7164,619,,,,,,,,,
2026-09-10,IOS,dhgate_product491_US_Purchase 30D_purchse_IAP_Kelsey_IOS_20260901,xCoNwKymdvlaG9eW,100.19,4946,489,,,,,,,,,
2026-09-11,ANDROID,dhgate_product385_UK_ACT&Nopay 30D_purchase_IAP_Kelsey_AND_20260630,VzqTPrFSQDRkzKZj,50.77,4981,726,,,,,,,,,
2026-09-11,ANDROID,dhgate_product415_T1_ACT&Nopay 30D_purchse_IAP_Kelsey_AND_20260720,mAKCz6oEkG8RFtXq,226.42,28185,4214,,,,,,,,,
2026-09-11,ANDROID,dhgate_product414_UK_ACT&Nopay 30D_purchse_IAP_Kelsey_AND_20260717,Sta14UHs9lqoZaRk,117.98,8600,1406,,,,,,,,,
2026-09-11,ANDROID,dhgate_product414_FR_Purchase 30D_purchse_IAP_Kelsey_AND_20260830,vMkH9OydfEa2hheg,25.92,1700,245,,,,,,,,,
2026-09-11,ANDROID,dhgate_product409_T1_Purchase 30D_purchse_IAP_Kelsey_AND_20260729_D7,hzurSjf5sHyjVyUq,150.97,8043,1594,,,,,,,,,
2026-09-11,IOS,dhgate_product403_US_Purchase 30D_purchse_IAP_Kelsey_IOS_20260713,OLvDIbZvBDJIzHMD,132.62,4928,572,,,,,,,,,
2026-09-11,IOS,dhgate_product386_US_Purchase 30D_purchase_IAP_Kelsey_IOS_20260630,kpNA9cC8I3HMEtHY,65.19,3013,253,,,,,,,,,
2026-09-11,ANDROID,dhgate_product384_T1_Purchase 30D_purchase_IAP_Kelsey_AND_20260709_D7,funYq3Yvepl5ocKc,100.53,7783,929,,,,,,,,,
2026-09-11,IOS,dhgate_product138_FR_ACT&Nopay 30D_purchase_IAP_Kelsey_IOS_20260403,zNcB24si9mbzBPed,110.14,8827,1107,,,,,,,,,
2026-09-11,IOS,dhgate_product372_T1_ACT&Nopay 30D_purchase_IAP_Kelsey_IOS_20260605,U4gzqzcEnoe3yurD,88.79,9286,1086,,,,,,,,,
2026-09-11,ANDROID,dhgate_product367_UK_Purchase 30D_purchase_IAP_Kelsey_AND_20260530,AsUotp8z2P369W1o,92.79,5490,779,,,,,,,,,
2026-09-11,IOS,dhgate_product340_T1_Purchase 30D_purchase_IAP_Kelsey_IOS_20260729_D7,g5OokwJOrTmd1BeC,135.09,6931,890,,,,,,,,,
2026-09-11,IOS,dhgate_product319_T1_Purchase 30D_purchase_IAP_Kelsey_IOS_20260429,SGOG7us7fBY7c5lH,107.11,5397,673,,,,,,,,,
2026-09-11,ANDROID,dhgate_product317_UK&FR_ACT&Nopay 30D_purchase_IAP_Kelsey_AND_20260427,tDzMEZEldS4Kei0r,112.9,10081,1846,,,,,,,,,
2026-09-11,IOS,dhgate_product314_UK_Purchase 30D_purchase_IAP_Kelsey_IOS_20260424,NmHyz3ZrSwNTmf0j,51.71,2590,275,,,,,,,,,
2026-09-11,IOS,dhgate_product314_T1_ACT&Nopay 30D_purchase_IAP_Kelsey_IOS_20260830,SnRXyvhzCoZXdvNw,52.07,6973,709,,,,,,,,,
2026-09-11,IOS,dhgate_product381_US_ACT&Nopay 30D_purchase_IAP_Kelsey_IOS_20260624,koAG4uPwaNuNbSsi,130.13,7778,1025,,,,,,,,,
2026-09-11,IOS,dhgate_product415_US_ACT&Nopay 30D_purchse_IAP_Kelsey_IOS_20260803,skjMlYo6gIpWsdzl,32.19,3838,238,,,,,,,,,
2026-09-11,IOS,dhgate_product430_T1_ACT&Nopay 30D_purchse_IAP_Kelsey_IOS_20260805,ozEjNLe0zpSog6Ol,91.14,10139,1101,,,,,,,,,
2026-09-11,IOS,dhgate_product451_US_ACT&Nopay 30D_purchse_IAP_Kelsey_IOS_20260830,KiDul2r7vZZgsnl8,17.05,480,274,,,,,,,,,
2026-09-11,IOS,dhgate_product505_USA_Purchase 30D_purchse_IAP_Kelsey_IOS_20260911,hb4TZAx9ev7OcZUU,18.71,408,239,,,,,,,,,
2026-09-11,ANDROID,dhgate_product416_T1_ACT&Nopay 30D_purchse_IAP_Kelsey_AND_20260720,keisiJsWSukJumr6,100.29,15356,2155,,,,,,,,,
2026-09-11,ANDROID,dhgate_product503_UK_Purchase 30D_purchse_IAP_Kelsey_AND_20260909,AUf6OXnCRqmC3y1Z,50.39,2537,676,,,,,,,,,
2026-09-11,ANDROID,dhgate_product502_UK_Purchase 30D_purchse_IAP_Kelsey_AND_20260907,qKJBedA4OqDuRIHc,29.63,2381,303,,,,,,,,,
2026-09-11,IOS,dhgate_product502_UK_Purchase 30D_purchase_IAP_Kelsey_IOS_20260907,lmAP5oTOCPKhkCss,50.16,1537,400,,,,,,,,,
2026-09-11,ANDROID,dhgate_product501_UK_Purchase 30D_purchse_IAP_Kelsey_AND_20260904,kmZ4aGzPhjgfDa4r,50.41,4228,474,,,,,,,,,
2026-09-11,IOS,dhgate_product501_T1_ACT&Nopay 30D_purchse_IAP_Kelsey_IOS_20260904,r5KCzV9n9KpVjrPt,18.5,425,207,,,,,,,,,
2026-09-11,ANDROID,dhgate_product495_US_Purchase 30D_purchse_IAP_Kelsey_AND_20260901,sush6C79JzBcpoT1,50.08,8243,2492,,,,,,,,,
2026-09-11,IOS,dhgate_product503_UK_Purchase 30D_purchse_IAP_Kelsey_IOS_20260909,NV9BhxRnivFQAgn6,38.07,1016,436,,,,,,,,,
2026-09-11,IOS,dhgate_product491_US_Purchase 30D_purchse_IAP_Kelsey_IOS_20260901,xCoNwKymdvlaG9eW,138.61,7325,833,,,,,,,,,
2026-09-11,IOS,dhgate_product485_UK_Purchase 30D_purchse_IAP_Kelsey_IOS_20260831,fLTmfQ7Ogr2YOkqc,48.25,3504,298,,,,,,,,,
2026-09-11,IOS,dhgate_product480_US_Purchase 30D_purchse_IAP_Kelsey_IOS_20260830,LBtdwPPD6y2L3UDD,69.63,3154,326,,,,,,,,,
2026-09-11,IOS,dhgate_product478_UK_ACT&Nopay 30D_purchse_IAP_Kelsey_IOS_20260828,wGnUS0Jj9GYefUy1,25.14,2088,275,,,,,,,,,
2026-09-11,IOS,dhgate_product471_T1_Purchase 30D_purchse_IAP_Kelsey_IOS_20260829,Zo2EjfIGClkeV7Qy,136.17,4869,1870,,,,,,,,,
2026-09-11,IOS,dhgate_product463_US_Purchase 30D_purchse_IAP_Kelsey_IOS_20260821,X0Wp7ROkpYUcW6Yz,59.1,2638,230,,,,,,,,,
2026-09-11,ANDROID,dhgate_product463_US_Purchase 30D_purchse_IAP_Kelsey_AND_20260821,nf2ok8XC7nMvmHON,56.79,7707,2155,,,,,,,,,
2026-09-11,IOS,dhgate_product495_US_ACT&Nopay 30D_purchse_IAP_Kelsey_IOS_20260901,wBRzzBk54ez3FfQB,45.48,7655,506,,,,,,,,,
2026-09-12,IOS,dhgate_product403_US_Purchase 30D_purchse_IAP_Kelsey_IOS_20260713,OLvDIbZvBDJIzHMD,100.09,4684,380,,,,,,,,,
2026-09-12,IOS,dhgate_product386_US_Purchase 30D_purchase_IAP_Kelsey_IOS_20260630,kpNA9cC8I3HMEtHY,50.05,3042,176,,,,,,,,,
2026-09-12,ANDROID,dhgate_product385_UK_ACT&Nopay 30D_purchase_IAP_Kelsey_AND_20260630,VzqTPrFSQDRkzKZj,47.9,4332,615,,,,,,,,,
2026-09-12,ANDROID,dhgate_product384_T1_Purchase 30D_purchase_IAP_Kelsey_AND_20260709_D7,funYq3Yvepl5ocKc,100.37,7059,903,,,,,,,,,
2026-09-12,IOS,dhgate_product372_T1_ACT&Nopay 30D_purchase_IAP_Kelsey_IOS_20260605,U4gzqzcEnoe3yurD,150.43,12335,1864,,,,,,,,,
2026-09-12,ANDROID,dhgate_product367_UK_Purchase 30D_purchase_IAP_Kelsey_AND_20260530,AsUotp8z2P369W1o,151.4,7439,1099,,,,,,,,,
2026-09-12,IOS,dhgate_product314_UK_Purchase 30D_purchase_IAP_Kelsey_IOS_20260424,NmHyz3ZrSwNTmf0j,48.53,2158,294,,,,,,,,,
2026-09-12,IOS,dhgate_product319_T1_Purchase 30D_purchase_IAP_Kelsey_IOS_20260429,SGOG7us7fBY7c5lH,100.6,4982,657,,,,,,,,,
2026-09-12,ANDROID,dhgate_product317_UK&FR_ACT&Nopay 30D_purchase_IAP_Kelsey_AND_20260427,tDzMEZEldS4Kei0r,101.07,10610,1704,,,,,,,,,
2026-09-12,IOS,dhgate_product314_T1_ACT&Nopay 30D_purchase_IAP_Kelsey_IOS_20260830,SnRXyvhzCoZXdvNw,50.17,6995,629,,,,,,,,,
2026-09-12,IOS,dhgate_product138_FR_ACT&Nopay 30D_purchase_IAP_Kelsey_IOS_20260403,zNcB24si9mbzBPed,150.17,10236,1635,,,,,,,,,
2026-09-12,ANDROID,dhgate_product409_T1_Purchase 30D_purchse_IAP_Kelsey_AND_20260729_D7,hzurSjf5sHyjVyUq,150.78,7920,1568,,,,,,,,,
2026-09-12,IOS,dhgate_product340_T1_Purchase 30D_purchase_IAP_Kelsey_IOS_20260729_D7,g5OokwJOrTmd1BeC,200.27,7563,1343,,,,,,,,,
2026-09-12,ANDROID,dhgate_product414_UK_ACT&Nopay 30D_purchse_IAP_Kelsey_AND_20260717,Sta14UHs9lqoZaRk,197.6,11086,2080,,,,,,,,,
2026-09-12,ANDROID,dhgate_product501_UK_Purchase 30D_purchse_IAP_Kelsey_AND_20260904,kmZ4aGzPhjgfDa4r,50.53,4109,447,,,,,,,,,
2026-09-12,ANDROID,dhgate_product416_T1_ACT&Nopay 30D_purchse_IAP_Kelsey_AND_20260720,keisiJsWSukJumr6,100.69,16613,2209,,,,,,,,,
2026-09-12,IOS,dhgate_product503_UK_Purchase 30D_purchse_IAP_Kelsey_IOS_20260909,NV9BhxRnivFQAgn6,50.45,1297,460,,,,,,,,,
2026-09-12,ANDROID,dhgate_product503_UK_Purchase 30D_purchse_IAP_Kelsey_AND_20260909,AUf6OXnCRqmC3y1Z,50.23,1845,748,,,,,,,,,
2026-09-12,IOS,dhgate_product502_UK_Purchase 30D_purchase_IAP_Kelsey_IOS_20260907,lmAP5oTOCPKhkCss,50.08,2979,318,,,,,,,,,
2026-09-12,IOS,dhgate_product505_USA_Purchase 30D_purchse_IAP_Kelsey_IOS_20260911,hb4TZAx9ev7OcZUU,49.3,918,480,,,,,,,,,
2026-09-12,ANDROID,dhgate_product495_US_Purchase 30D_purchse_IAP_Kelsey_AND_20260901,sush6C79JzBcpoT1,48.32,8743,3417,,,,,,,,,
2026-09-12,IOS,dhgate_product495_US_ACT&Nopay 30D_purchse_IAP_Kelsey_IOS_20260901,wBRzzBk54ez3FfQB,47.68,8453,552,,,,,,,,,
2026-09-12,ANDROID,dhgate_product415_T1_ACT&Nopay 30D_purchse_IAP_Kelsey_AND_20260720,mAKCz6oEkG8RFtXq,250.67,27983,4839,,,,,,,,,
2026-09-12,IOS,dhgate_product485_UK_Purchase 30D_purchse_IAP_Kelsey_IOS_20260831,fLTmfQ7Ogr2YOkqc,50.35,2794,319,,,,,,,,,
2026-09-12,IOS,dhgate_product471_T1_Purchase 30D_purchse_IAP_Kelsey_IOS_20260829,Zo2EjfIGClkeV7Qy,173.1,5205,2107,,,,,,,,,
2026-09-12,IOS,dhgate_product463_US_Purchase 30D_purchse_IAP_Kelsey_IOS_20260821,X0Wp7ROkpYUcW6Yz,50.01,2881,170,,,,,,,,,
2026-09-12,IOS,dhgate_product451_US_ACT&Nopay 30D_purchse_IAP_Kelsey_IOS_20260830,KiDul2r7vZZgsnl8,50.05,1277,786,,,,,,,,,
2026-09-12,IOS,dhgate_product430_T1_ACT&Nopay 30D_purchse_IAP_Kelsey_IOS_20260805,ozEjNLe0zpSog6Ol,151.23,12990,1777,,,,,,,,,
2026-09-12,IOS,dhgate_product491_US_Purchase 30D_purchse_IAP_Kelsey_IOS_20260901,xCoNwKymdvlaG9eW,191.1,9022,906,,,,,,,,,
2026-09-13,IOS,dhgate_product403_US_Purchase 30D_purchse_IAP_Kelsey_IOS_20260713,OLvDIbZvBDJIzHMD,100.15,5548,374,,,,,,,,,
2026-09-13,IOS,dhgate_product386_US_Purchase 30D_purchase_IAP_Kelsey_IOS_20260630,kpNA9cC8I3HMEtHY,44.83,3202,168,,,,,,,,,
2026-09-13,ANDROID,dhgate_product385_UK_ACT&Nopay 30D_purchase_IAP_Kelsey_AND_20260630,VzqTPrFSQDRkzKZj,50.26,4578,673,,,,,,,,,
2026-09-13,ANDROID,dhgate_product384_T1_Purchase 30D_purchase_IAP_Kelsey_AND_20260709_D7,funYq3Yvepl5ocKc,100.32,7557,878,,,,,,,,,
2026-09-13,IOS,dhgate_product372_T1_ACT&Nopay 30D_purchase_IAP_Kelsey_IOS_20260605,U4gzqzcEnoe3yurD,150.58,14421,1843,,,,,,,,,
2026-09-13,ANDROID,dhgate_product367_UK_Purchase 30D_purchase_IAP_Kelsey_AND_20260530,AsUotp8z2P369W1o,150.4,7400,1039,,,,,,,,,
2026-09-13,ANDROID,dhgate_product317_UK&FR_ACT&Nopay 30D_purchase_IAP_Kelsey_AND_20260427,tDzMEZEldS4Kei0r,100.76,11014,1604,,,,,,,,,
2026-09-13,IOS,dhgate_product319_T1_Purchase 30D_purchase_IAP_Kelsey_IOS_20260429,SGOG7us7fBY7c5lH,101.02,5999,645,,,,,,,,,
2026-09-13,IOS,dhgate_product314_UK_Purchase 30D_purchase_IAP_Kelsey_IOS_20260424,NmHyz3ZrSwNTmf0j,49.8,2681,297,,,,,,,,,
2026-09-13,IOS,dhgate_product314_T1_ACT&Nopay 30D_purchase_IAP_Kelsey_IOS_20260830,SnRXyvhzCoZXdvNw,49.77,7833,617,,,,,,,,,
2026-09-13,IOS,dhgate_product138_FR_ACT&Nopay 30D_purchase_IAP_Kelsey_IOS_20260403,zNcB24si9mbzBPed,146.46,10538,1724,,,,,,,,,
2026-09-13,ANDROID,dhgate_product409_T1_Purchase 30D_purchse_IAP_Kelsey_AND_20260729_D7,hzurSjf5sHyjVyUq,135.75,7498,1386,,,,,,,,,
2026-09-13,IOS,dhgate_product340_T1_Purchase 30D_purchase_IAP_Kelsey_IOS_20260729_D7,g5OokwJOrTmd1BeC,200.27,8904,1315,,,,,,,,,
2026-09-13,ANDROID,dhgate_product415_T1_ACT&Nopay 30D_purchse_IAP_Kelsey_AND_20260720,mAKCz6oEkG8RFtXq,251.41,30022,4541,,,,,,,,,
2026-09-13,ANDROID,dhgate_product414_UK_ACT&Nopay 30D_purchse_IAP_Kelsey_AND_20260717,Sta14UHs9lqoZaRk,197.65,11702,2073,,,,,,,,,
2026-09-13,IOS,dhgate_product430_T1_ACT&Nopay 30D_purchse_IAP_Kelsey_IOS_20260805,ozEjNLe0zpSog6Ol,150.28,15128,1715,,,,,,,,,
2026-09-13,IOS,dhgate_product506_T1_Purchase 30D_purchse_IAP_Kelsey_IOS_20260913,Qb8oxHqgTq7FJ1Y0,7.45,311,164,,,,,,,,,
2026-09-13,ANDROID,dhgate_product416_T1_ACT&Nopay 30D_purchse_IAP_Kelsey_AND_20260720,keisiJsWSukJumr6,100.95,18143,2079,,,,,,,,,
2026-09-13,ANDROID,dhgate_product506_T1_Purchase 30D_purchse_IAP_Kelsey_AND_20260913,GoGyzbOSHG30ljah,3.81,436,178,,,,,,,,,
2026-09-13,IOS,dhgate_product505_USA_Purchase 30D_purchse_IAP_Kelsey_IOS_20260911,hb4TZAx9ev7OcZUU,50.67,869,431,,,,,,,,,
2026-09-13,IOS,dhgate_product503_UK_Purchase 30D_purchse_IAP_Kelsey_IOS_20260909,NV9BhxRnivFQAgn6,41.4,1051,459,,,,,,,,,
2026-09-13,IOS,dhgate_product502_UK_Purchase 30D_purchase_IAP_Kelsey_IOS_20260907,lmAP5oTOCPKhkCss,43.84,2834,269,,,,,,,,,
2026-09-13,ANDROID,dhgate_product501_UK_Purchase 30D_purchse_IAP_Kelsey_AND_20260904,kmZ4aGzPhjgfDa4r,50.79,4081,424,,,,,,,,,
2026-09-13,ANDROID,dhgate_product503_UK_Purchase 30D_purchse_IAP_Kelsey_AND_20260909,AUf6OXnCRqmC3y1Z,48.57,2204,761,,,,,,,,,
2026-09-13,IOS,dhgate_product495_US_ACT&Nopay 30D_purchse_IAP_Kelsey_IOS_20260901,wBRzzBk54ez3FfQB,47.97,9207,518,,,,,,,,,
2026-09-13,IOS,dhgate_product491_US_Purchase 30D_purchse_IAP_Kelsey_IOS_20260901,xCoNwKymdvlaG9eW,194.3,10594,809,,,,,,,,,
2026-09-13,IOS,dhgate_product485_UK_Purchase 30D_purchse_IAP_Kelsey_IOS_20260831,fLTmfQ7Ogr2YOkqc,50.12,3185,305,,,,,,,,,
2026-09-13,IOS,dhgate_product471_T1_Purchase 30D_purchse_IAP_Kelsey_IOS_20260829,Zo2EjfIGClkeV7Qy,189.87,5289,2412,,,,,,,,,
2026-09-13,IOS,dhgate_product463_US_Purchase 30D_purchse_IAP_Kelsey_IOS_20260821,X0Wp7ROkpYUcW6Yz,44.93,3226,143,,,,,,,,,
2026-09-13,IOS,dhgate_product451_US_ACT&Nopay 30D_purchse_IAP_Kelsey_IOS_20260830,KiDul2r7vZZgsnl8,39.76,1102,639,,,,,,,,,
2026-09-13,ANDROID,dhgate_product495_US_Purchase 30D_purchse_IAP_Kelsey_AND_20260901,sush6C79JzBcpoT1,48.64,8746,3547,,,,,,,,,
2026-09-14,ANDROID,dhgate_product385_UK_ACT&Nopay 30D_purchase_IAP_Kelsey_AND_20260630,VzqTPrFSQDRkzKZj,75.53,5834,1003,,,,,,,,,
2026-09-14,ANDROID,dhgate_product414_UK_ACT&Nopay 30D_purchse_IAP_Kelsey_AND_20260717,Sta14UHs9lqoZaRk,112.86,5644,1178,,,,,,,,,
2026-09-14,ANDROID,dhgate_product409_T1_Purchase 30D_purchse_IAP_Kelsey_AND_20260729_D7,hzurSjf5sHyjVyUq,161.03,8075,1572,,,,,,,,,
2026-09-14,ANDROID,dhgate_product415_T1_ACT&Nopay 30D_purchse_IAP_Kelsey_AND_20260720,mAKCz6oEkG8RFtXq,145.33,15034,2700,,,,,,,,,
2026-09-14,IOS,dhgate_product403_US_Purchase 30D_purchse_IAP_Kelsey_IOS_20260713,OLvDIbZvBDJIzHMD,95.92,4411,398,,,,,,,,,
2026-09-14,IOS,dhgate_product386_US_Purchase 30D_purchase_IAP_Kelsey_IOS_20260630,kpNA9cC8I3HMEtHY,52.53,3326,256,,,,,,,,,
2026-09-14,ANDROID,dhgate_product384_T1_Purchase 30D_purchase_IAP_Kelsey_AND_20260709_D7,funYq3Yvepl5ocKc,127.1,8104,1058,,,,,,,,,
2026-09-14,IOS,dhgate_product314_T1_ACT&Nopay 30D_purchase_IAP_Kelsey_IOS_20260830,SnRXyvhzCoZXdvNw,62.1,8744,853,,,,,,,,,
2026-09-14,ANDROID,dhgate_product367_UK_Purchase 30D_purchase_IAP_Kelsey_AND_20260530,AsUotp8z2P369W1o,145.98,7137,1057,,,,,,,,,
2026-09-14,IOS,dhgate_product340_T1_Purchase 30D_purchase_IAP_Kelsey_IOS_20260729_D7,g5OokwJOrTmd1BeC,115.99,5468,794,,,,,,,,,
2026-09-14,IOS,dhgate_product319_T1_Purchase 30D_purchase_IAP_Kelsey_IOS_20260429,SGOG7us7fBY7c5lH,109.39,6043,769,,,,,,,,,
2026-09-14,ANDROID,dhgate_product317_UK&FR_ACT&Nopay 30D_purchase_IAP_Kelsey_AND_20260427,tDzMEZEldS4Kei0r,138.03,13587,2285,,,,,,,,,
2026-09-14,IOS,dhgate_product314_UK_Purchase 30D_purchase_IAP_Kelsey_IOS_20260424,NmHyz3ZrSwNTmf0j,50.68,3014,315,,,,,,,,,
2026-09-14,IOS,dhgate_product138_FR_ACT&Nopay 30D_purchase_IAP_Kelsey_IOS_20260403,zNcB24si9mbzBPed,100.42,7589,1298,,,,,,,,,
2026-09-14,ANDROID,dhgate_product416_T1_ACT&Nopay 30D_purchse_IAP_Kelsey_AND_20260720,keisiJsWSukJumr6,121.81,20638,2604,,,,,,,,,
2026-09-14,IOS,dhgate_product372_T1_ACT&Nopay 30D_purchase_IAP_Kelsey_IOS_20260605,U4gzqzcEnoe3yurD,94.17,9262,1276,,,,,,,,,
2026-09-14,IOS,dhgate_product430_T1_ACT&Nopay 30D_purchse_IAP_Kelsey_IOS_20260805,ozEjNLe0zpSog6Ol,157.81,15038,1991,,,,,,,,,
2026-09-14,ANDROID,dhgate_product506_T1_Purchase 30D_purchse_IAP_Kelsey_AND_20260913,GoGyzbOSHG30ljah,43.46,4235,1101,,,,,,,,,
2026-09-14,IOS,dhgate_product463_US_Purchase 30D_purchse_IAP_Kelsey_IOS_20260821,X0Wp7ROkpYUcW6Yz,52.52,3134,199,,,,,,,,,
2026-09-14,IOS,dhgate_product451_US_ACT&Nopay 30D_purchse_IAP_Kelsey_IOS_20260830,KiDul2r7vZZgsnl8,53.96,1331,812,,,,,,,,,
2026-09-14,ANDROID,dhgate_product507_T1_Purchase 30D_purchse_IAP_Kelsey_AND_20260914,vgMzsTTofdNEj0iy,13.85,1158,450,,,,,,,,,
2026-09-14,IOS,dhgate_product506_T1_Purchase 30D_purchse_IAP_Kelsey_IOS_20260913,Qb8oxHqgTq7FJ1Y0,32.3,1570,561,,,,,,,,,
2026-09-14,IOS,dhgate_product505_USA_Purchase 30D_purchse_IAP_Kelsey_IOS_20260911,hb4TZAx9ev7OcZUU,50.0,849,481,,,,,,,,,
2026-09-14,IOS,dhgate_product503_UK_Purchase 30D_purchse_IAP_Kelsey_IOS_20260909,NV9BhxRnivFQAgn6,27.61,859,281,,,,,,,,,
2026-09-14,ANDROID,dhgate_product503_UK_Purchase 30D_purchse_IAP_Kelsey_AND_20260909,AUf6OXnCRqmC3y1Z,39.47,1708,659,,,,,,,,,
2026-09-14,IOS,dhgate_product502_UK_Purchase 30D_purchase_IAP_Kelsey_IOS_20260907,lmAP5oTOCPKhkCss,24.68,2124,155,,,,,,,,,
2026-09-14,IOS,dhgate_product507_T1_Purchase 30D_purchse_IAP_Kelsey_IOS_20260914,HIIXUNrtvb5Re44j,17.05,577,262,,,,,,,,,
2026-09-14,ANDROID,dhgate_product495_US_Purchase 30D_purchse_IAP_Kelsey_AND_20260901,sush6C79JzBcpoT1,29.72,5028,1942,,,,,,,,,
2026-09-14,IOS,dhgate_product495_US_ACT&Nopay 30D_purchse_IAP_Kelsey_IOS_20260901,wBRzzBk54ez3FfQB,41.68,5786,478,,,,,,,,,
2026-09-14,IOS,dhgate_product491_US_Purchase 30D_purchse_IAP_Kelsey_IOS_20260901,xCoNwKymdvlaG9eW,168.92,6748,710,,,,,,,,,
2026-09-14,IOS,dhgate_product485_UK_Purchase 30D_purchse_IAP_Kelsey_IOS_20260831,fLTmfQ7Ogr2YOkqc,66.39,3904,404,,,,,,,,,
2026-09-14,IOS,dhgate_product480_US_Purchase 30D_purchse_IAP_Kelsey_IOS_20260830,LBtdwPPD6y2L3UDD,9.94,719,53,,,,,,,,,
2026-09-14,IOS,dhgate_product478_UK_ACT&Nopay 30D_purchse_IAP_Kelsey_IOS_20260828,wGnUS0Jj9GYefUy1,16.18,1011,191,,,,,,,,,
2026-09-14,IOS,dhgate_product471_T1_Purchase 30D_purchse_IAP_Kelsey_IOS_20260829,Zo2EjfIGClkeV7Qy,191.6,5053,2313,,,,,,,,,
2026-09-14,ANDROID,dhgate_product501_UK_Purchase 30D_purchse_IAP_Kelsey_AND_20260904,kmZ4aGzPhjgfDa4r,48.23,3900,434,,,,,,,,,
2026-09-15,ANDROID,dhgate_product415_T1_ACT&Nopay 30D_purchse_IAP_Kelsey_AND_20260720,mAKCz6oEkG8RFtXq,100.67,14709,2110,,,,,,,,,
2026-09-15,ANDROID,dhgate_product414_UK_ACT&Nopay 30D_purchse_IAP_Kelsey_AND_20260717,Sta14UHs9lqoZaRk,50.25,3788,647,,,,,,,,,
2026-09-15,ANDROID,dhgate_product409_T1_Purchase 30D_purchse_IAP_Kelsey_AND_20260729_D7,hzurSjf5sHyjVyUq,151.34,6668,1551,,,,,,,,,
2026-09-15,ANDROID,dhgate_product416_T1_ACT&Nopay 30D_purchse_IAP_Kelsey_AND_20260720,keisiJsWSukJumr6,145.19,22938,3071,,,,,,,,,
2026-09-15,IOS,dhgate_product386_US_Purchase 30D_purchase_IAP_Kelsey_IOS_20260630,kpNA9cC8I3HMEtHY,90.74,4262,388,,,,,,,,,
2026-09-15,ANDROID,dhgate_product385_UK_ACT&Nopay 30D_purchase_IAP_Kelsey_AND_20260630,VzqTPrFSQDRkzKZj,98.02,7176,1320,,,,,,,,,
2026-09-15,IOS,dhgate_product319_T1_Purchase 30D_purchase_IAP_Kelsey_IOS_20260429,SGOG7us7fBY7c5lH,139.69,6314,913,,,,,,,,,
2026-09-15,ANDROID,dhgate_product367_UK_Purchase 30D_purchase_IAP_Kelsey_AND_20260530,AsUotp8z2P369W1o,100.45,4732,764,,,,,,,,,
2026-09-15,IOS,dhgate_product340_T1_Purchase 30D_purchase_IAP_Kelsey_IOS_20260729_D7,g5OokwJOrTmd1BeC,100.53,4048,643,,,,,,,,,
2026-09-15,ANDROID,dhgate_product317_UK&FR_ACT&Nopay 30D_purchase_IAP_Kelsey_AND_20260427,tDzMEZEldS4Kei0r,231.21,19706,3663,,,,,,,,,
2026-09-15,IOS,dhgate_product314_UK_Purchase 30D_purchase_IAP_Kelsey_IOS_20260424,NmHyz3ZrSwNTmf0j,43.01,1787,237,,,,,,,,,
2026-09-15,IOS,dhgate_product314_T1_ACT&Nopay 30D_purchase_IAP_Kelsey_IOS_20260830,SnRXyvhzCoZXdvNw,94.83,9110,1383,,,,,,,,,
2026-09-15,IOS,dhgate_product138_FR_ACT&Nopay 30D_purchase_IAP_Kelsey_IOS_20260403,zNcB24si9mbzBPed,97.6,6751,1246,,,,,,,,,
2026-09-15,ANDROID,dhgate_product384_T1_Purchase 30D_purchase_IAP_Kelsey_AND_20260709_D7,funYq3Yvepl5ocKc,199.48,10432,1612,,,,,,,,,
2026-09-15,IOS,dhgate_product430_T1_ACT&Nopay 30D_purchse_IAP_Kelsey_IOS_20260805,ozEjNLe0zpSog6Ol,193.32,14215,2567,,,,,,,,,
2026-09-15,IOS,dhgate_product403_US_Purchase 30D_purchse_IAP_Kelsey_IOS_20260713,OLvDIbZvBDJIzHMD,93.08,3977,467,,,,,,,,,
2026-09-15,IOS,dhgate_product463_US_Purchase 30D_purchse_IAP_Kelsey_IOS_20260821,X0Wp7ROkpYUcW6Yz,98.44,4520,486,,,,,,,,,
2026-09-15,IOS,dhgate_product508_T1_Purchase 30D_purchse_IAP_Kelsey_IOS_20260915,DsQvDLIyypIzlyE7,20.64,747,303,,,,,,,,,
2026-09-15,ANDROID,dhgate_product508_T1_Purchase 30D_purchse_IAP_Kelsey_AND_20260915,NBrzSDjN5kGES1Uh,13.19,1267,448,,,,,,,,,
2026-09-15,IOS,dhgate_product507_T1_Purchase 30D_purchse_IAP_Kelsey_IOS_20260914,HIIXUNrtvb5Re44j,61.87,2843,734,,,,,,,,,
2026-09-15,ANDROID,dhgate_product507_T1_Purchase 30D_purchse_IAP_Kelsey_AND_20260914,vgMzsTTofdNEj0iy,51.41,3923,1049,,,,,,,,,
2026-09-15,IOS,dhgate_product506_T1_Purchase 30D_purchse_IAP_Kelsey_IOS_20260913,Qb8oxHqgTq7FJ1Y0,50.21,2559,726,,,,,,,,,
2026-09-15,ANDROID,dhgate_product506_T1_Purchase 30D_purchse_IAP_Kelsey_AND_20260913,GoGyzbOSHG30ljah,51.01,3929,1040,,,,,,,,,
2026-09-15,IOS,dhgate_product505_USA_Purchase 30D_purchse_IAP_Kelsey_IOS_20260911,hb4TZAx9ev7OcZUU,48.5,1052,468,,,,,,,,,
2026-09-15,IOS,dhgate_product451_US_ACT&Nopay 30D_purchse_IAP_Kelsey_IOS_20260830,KiDul2r7vZZgsnl8,87.6,2469,1365,,,,,,,,,
2026-09-15,ANDROID,dhgate_product501_UK_Purchase 30D_purchse_IAP_Kelsey_AND_20260904,kmZ4aGzPhjgfDa4r,50.25,3307,405,,,,,,,,,
2026-09-15,IOS,dhgate_product491_US_Purchase 30D_purchse_IAP_Kelsey_IOS_20260901,xCoNwKymdvlaG9eW,58.91,2709,272,,,,,,,,,
2026-09-15,IOS,dhgate_product485_UK_Purchase 30D_purchse_IAP_Kelsey_IOS_20260831,fLTmfQ7Ogr2YOkqc,99.16,3657,567,,,,,,,,,
2026-09-15,IOS,dhgate_product480_US_Purchase 30D_purchse_IAP_Kelsey_IOS_20260830,LBtdwPPD6y2L3UDD,41.42,2208,191,,,,,,,,,
2026-09-15,IOS,dhgate_product478_UK_ACT&Nopay 30D_purchse_IAP_Kelsey_IOS_20260828,wGnUS0Jj9GYefUy1,43.33,2643,524,,,,,,,,,
2026-09-15,IOS,dhgate_product471_T1_Purchase 30D_purchse_IAP_Kelsey_IOS_20260829,Zo2EjfIGClkeV7Qy,220.76,5618,2272,,,,,,,,,
2026-09-15,ANDROID,dhgate_product503_UK_Purchase 30D_purchse_IAP_Kelsey_AND_20260909,AUf6OXnCRqmC3y1Z,41.7,2050,666,,,,,,,,,
2026-09-16,ANDROID,dhgate_product409_T1_Purchase 30D_purchse_IAP_Kelsey_AND_20260729_D7,hzurSjf5sHyjVyUq,150.84,7208,1273,,,,,,,,,
2026-09-16,IOS,dhgate_product403_US_Purchase 30D_purchse_IAP_Kelsey_IOS_20260713,OLvDIbZvBDJIzHMD,90.14,3929,398,,,,,,,,,
2026-09-16,ANDROID,dhgate_product3_US_Purchase 30D_purchase_IAP_Kelsey_AND_20260916,STOT6tpWyhatlGn2,0.02,3,5,,,,,,,,,
2026-09-16,IOS,dhgate_product3_US_ACT&Nopay 30D_purchse_IAP_Kelsey_IOS_20260916,pPSXzdpxpKI0jAzy,0.19,10,6,,,,,,,,,
2026-09-16,IOS,dhgate_product386_US_Purchase 30D_purchase_IAP_Kelsey_IOS_20260630,kpNA9cC8I3HMEtHY,87.29,4598,391,,,,,,,,,
2026-09-16,ANDROID,dhgate_product385_UK_ACT&Nopay 30D_purchase_IAP_Kelsey_AND_20260630,VzqTPrFSQDRkzKZj,101.04,7498,1250,,,,,,,,,
2026-09-16,ANDROID,dhgate_product384_T1_Purchase 30D_purchase_IAP_Kelsey_AND_20260709_D7,funYq3Yvepl5ocKc,198.78,10647,1346,,,,,,,,,
2026-09-16,ANDROID,dhgate_product317_UK&FR_ACT&Nopay 30D_purchase_IAP_Kelsey_AND_20260427,tDzMEZEldS4Kei0r,246.81,20762,3370,,,,,,,,,
2026-09-16,IOS,dhgate_product340_T1_Purchase 30D_purchase_IAP_Kelsey_IOS_20260729_D7,g5OokwJOrTmd1BeC,97.32,3925,545,,,,,,,,,
2026-09-16,IOS,dhgate_product319_T1_Purchase 30D_purchase_IAP_Kelsey_IOS_20260429,SGOG7us7fBY7c5lH,143.64,6577,822,,,,,,,,,
2026-09-16,IOS,dhgate_product314_UK_Purchase 30D_purchase_IAP_Kelsey_IOS_20260424,NmHyz3ZrSwNTmf0j,45.33,2034,284,,,,,,,,,
2026-09-16,IOS,dhgate_product314_T1_ACT&Nopay 30D_purchase_IAP_Kelsey_IOS_20260830,SnRXyvhzCoZXdvNw,100.28,10229,1288,,,,,,,,,
2026-09-16,IOS,dhgate_product138_FR_ACT&Nopay 30D_purchase_IAP_Kelsey_IOS_20260403,zNcB24si9mbzBPed,95.13,6746,1042,,,,,,,,,
2026-09-16,ANDROID,dhgate_product414_UK_ACT&Nopay 30D_purchse_IAP_Kelsey_AND_20260717,Sta14UHs9lqoZaRk,50.3,4723,613,,,,,,,,,
2026-09-16,IOS,dhgate_product509_UK_AF Content View 30D_purchse_IAP_Kelsey_IOS_20260916,MJA5NZaZkHhD26Pz,5.9,388,260,,,,,,,,,
2026-09-16,ANDROID,dhgate_product367_UK_Purchase 30D_purchase_IAP_Kelsey_AND_20260530,AsUotp8z2P369W1o,101.07,5292,776,,,,,,,,,
2026-09-16,ANDROID,dhgate_product415_T1_ACT&Nopay 30D_purchse_IAP_Kelsey_AND_20260720,mAKCz6oEkG8RFtXq,100.69,16384,2121,,,,,,,,,
2026-09-16,ANDROID,dhgate_product416_T1_ACT&Nopay 30D_purchse_IAP_Kelsey_AND_20260720,keisiJsWSukJumr6,150.52,25208,2884,,,,,,,,,
2026-09-16,ANDROID,dhgate_product509_UK_AF Content View 30D_purchse_IAP_Kelsey_AND_20260916,I3MaOzy8z506PH9d,6.24,1421,458,,,,,,,,,
2026-09-16,IOS,dhgate_product430_T1_ACT&Nopay 30D_purchse_IAP_Kelsey_IOS_20260805,ozEjNLe0zpSog6Ol,200.54,15390,2257,,,,,,,,,
2026-09-16,IOS,dhgate_product508_T1_Purchase 30D_purchse_IAP_Kelsey_IOS_20260915,DsQvDLIyypIzlyE7,46.01,3250,586,,,,,,,,,
2026-09-16,ANDROID,dhgate_product508_T1_Purchase 30D_purchse_IAP_Kelsey_AND_20260915,NBrzSDjN5kGES1Uh,48.49,5650,1090,,,,,,,,,
2026-09-16,IOS,dhgate_product507_T1_Purchase 30D_purchse_IAP_Kelsey_IOS_20260914,HIIXUNrtvb5Re44j,88.99,6179,887,,,,,,,,,
2026-09-16,ANDROID,dhgate_product507_T1_Purchase 30D_purchse_IAP_Kelsey_AND_20260914,vgMzsTTofdNEj0iy,50.38,3942,1298,,,,,,,,,
2026-09-16,ANDROID,dhgate_product506_T1_Purchase 30D_purchse_IAP_Kelsey_AND_20260913,GoGyzbOSHG30ljah,48.3,4687,1246,,,,,,,,,
2026-09-16,IOS,dhgate_product505_USA_Purchase 30D_purchse_IAP_Kelsey_IOS_20260911,hb4TZAx9ev7OcZUU,50.16,991,495,,,,,,,,,
2026-09-16,ANDROID,dhgate_product503_UK_Purchase 30D_purchse_IAP_Kelsey_AND_20260909,AUf6OXnCRqmC3y1Z,48.25,2918,909,,,,,,,,,
2026-09-16,IOS,dhgate_product506_T1_Purchase 30D_purchse_IAP_Kelsey_IOS_20260913,Qb8oxHqgTq7FJ1Y0,41.43,2710,479,,,,,,,,,
2026-09-16,IOS,dhgate_product491_US_Purchase 30D_purchse_IAP_Kelsey_IOS_20260901,xCoNwKymdvlaG9eW,45.81,2613,208,,,,,,,,,
2026-09-16,IOS,dhgate_product485_UK_Purchase 30D_purchse_IAP_Kelsey_IOS_20260831,fLTmfQ7Ogr2YOkqc,95.44,3800,500,,,,,,,,,
2026-09-16,IOS,dhgate_product480_US_Purchase 30D_purchse_IAP_Kelsey_IOS_20260830,LBtdwPPD6y2L3UDD,38.16,2039,178,,,,,,,,,
2026-09-16,IOS,dhgate_product478_UK_ACT&Nopay 30D_purchse_IAP_Kelsey_IOS_20260828,wGnUS0Jj9GYefUy1,45.54,2860,465,,,,,,,,,
2026-09-16,IOS,dhgate_product471_T1_Purchase 30D_purchse_IAP_Kelsey_IOS_20260829,Zo2EjfIGClkeV7Qy,239.07,6795,2144,,,,,,,,,
2026-09-16,IOS,dhgate_product463_US_Purchase 30D_purchse_IAP_Kelsey_IOS_20260821,X0Wp7ROkpYUcW6Yz,84.46,4030,336,,,,,,,,,
2026-09-16,IOS,dhgate_product451_US_ACT&Nopay 30D_purchse_IAP_Kelsey_IOS_20260830,KiDul2r7vZZgsnl8,114.28,3091,1691,,,,,,,,,
2026-09-16,ANDROID,dhgate_product501_UK_Purchase 30D_purchse_IAP_Kelsey_AND_20260904,kmZ4aGzPhjgfDa4r,50.51,3451,394,,,,,,,,,
2026-09-17,IOS,dhgate_product386_US_Purchase 30D_purchase_IAP_Kelsey_IOS_20260630,kpNA9cC8I3HMEtHY,96.35,4637,436,,,,,,,,,
2026-09-17,ANDROID,dhgate_product414_UK_ACT&Nopay 30D_purchse_IAP_Kelsey_AND_20260717,Sta14UHs9lqoZaRk,51.04,4508,564,,,,,,,,,
2026-09-17,ANDROID,dhgate_product409_T1_Purchase 30D_purchse_IAP_Kelsey_AND_20260729_D7,hzurSjf5sHyjVyUq,146.84,7997,1158,,,,,,,,,
2026-09-17,IOS,dhgate_product403_US_Purchase 30D_purchse_IAP_Kelsey_IOS_20260713,OLvDIbZvBDJIzHMD,91.93,3834,402,,,,,,,,,
2026-09-17,ANDROID,dhgate_product3_US_Purchase 30D_purchase_IAP_Kelsey_AND_20260916,STOT6tpWyhatlGn2,35.26,2686,1251,,,,,,,,,
2026-09-17,IOS,dhgate_product3_US_ACT&Nopay 30D_purchse_IAP_Kelsey_IOS_20260916,pPSXzdpxpKI0jAzy,37.7,1243,685,,,,,,,,,
2026-09-17,ANDROID,dhgate_product385_UK_ACT&Nopay 30D_purchase_IAP_Kelsey_AND_20260630,VzqTPrFSQDRkzKZj,101.39,7315,1091,,,,,,,,,
2026-09-17,ANDROID,dhgate_product415_T1_ACT&Nopay 30D_purchse_IAP_Kelsey_AND_20260720,mAKCz6oEkG8RFtXq,101.2,16540,2035,,,,,,,,,
2026-09-17,ANDROID,dhgate_product367_UK_Purchase 30D_purchase_IAP_Kelsey_AND_20260530,AsUotp8z2P369W1o,100.9,5566,599,,,,,,,,,
2026-09-17,IOS,dhgate_product340_T1_Purchase 30D_purchase_IAP_Kelsey_IOS_20260729_D7,g5OokwJOrTmd1BeC,100.7,4879,559,,,,,,,,,
2026-09-17,IOS,dhgate_product319_T1_Purchase 30D_purchase_IAP_Kelsey_IOS_20260429,SGOG7us7fBY7c5lH,151.79,8067,840,,,,,,,,,
2026-09-17,ANDROID,dhgate_product317_UK&FR_ACT&Nopay 30D_purchase_IAP_Kelsey_AND_20260427,tDzMEZEldS4Kei0r,251.54,19921,3091,,,,,,,,,
2026-09-17,IOS,dhgate_product314_UK_Purchase 30D_purchase_IAP_Kelsey_IOS_20260424,NmHyz3ZrSwNTmf0j,50.02,2616,261,,,,,,,,,
2026-09-17,IOS,dhgate_product314_T1_ACT&Nopay 30D_purchase_IAP_Kelsey_IOS_20260830,SnRXyvhzCoZXdvNw,100.63,11247,1216,,,,,,,,,
2026-09-17,IOS,dhgate_product138_FR_ACT&Nopay 30D_purchase_IAP_Kelsey_IOS_20260403,zNcB24si9mbzBPed,97.38,7240,1142,,,,,,,,,
2026-09-17,ANDROID,dhgate_product384_T1_Purchase 30D_purchase_IAP_Kelsey_AND_20260709_D7,funYq3Yvepl5ocKc,192.8,10785,1234,,,,,,,,,
2026-09-17,ANDROID,dhgate_product416_T1_ACT&Nopay 30D_purchse_IAP_Kelsey_AND_20260720,keisiJsWSukJumr6,151.25,25600,2688,,,,,,,,,
2026-09-17,IOS,dhgate_product509_UK_AF Content View 30D_purchse_IAP_Kelsey_IOS_20260916,MJA5NZaZkHhD26Pz,34.87,1956,1194,,,,,,,,,
2026-09-17,IOS,dhgate_product451_US_ACT&Nopay 30D_purchse_IAP_Kelsey_IOS_20260830,KiDul2r7vZZgsnl8,117.44,2742,1483,,,,,,,,,
2026-09-17,ANDROID,dhgate_product509_UK_AF Content View 30D_purchse_IAP_Kelsey_AND_20260916,I3MaOzy8z506PH9d,50.41,7999,3422,,,,,,,,,
2026-09-17,IOS,dhgate_product430_T1_ACT&Nopay 30D_purchse_IAP_Kelsey_IOS_20260805,ozEjNLe0zpSog6Ol,200.47,17389,2232,,,,,,,,,
2026-09-17,IOS,dhgate_product508_T1_Purchase 30D_purchse_IAP_Kelsey_IOS_20260915,DsQvDLIyypIzlyE7,63.51,2997,737,,,,,,,,,
2026-09-17,ANDROID,dhgate_product508_T1_Purchase 30D_purchse_IAP_Kelsey_AND_20260915,NBrzSDjN5kGES1Uh,50.17,3487,989,,,,,,,,,
2026-09-17,IOS,dhgate_product507_T1_Purchase 30D_purchse_IAP_Kelsey_IOS_20260914,HIIXUNrtvb5Re44j,100.72,3610,1000,,,,,,,,,
2026-09-17,IOS,dhgate_product506_T1_Purchase 30D_purchse_IAP_Kelsey_IOS_20260913,Qb8oxHqgTq7FJ1Y0,49.67,3217,458,,,,,,,,,
2026-09-17,ANDROID,dhgate_product506_T1_Purchase 30D_purchse_IAP_Kelsey_AND_20260913,GoGyzbOSHG30ljah,46.17,2993,961,,,,,,,,,
2026-09-17,IOS,dhgate_product505_USA_Purchase 30D_purchse_IAP_Kelsey_IOS_20260911,hb4TZAx9ev7OcZUU,50.31,790,432,,,,,,,,,
2026-09-17,ANDROID,dhgate_product507_T1_Purchase 30D_purchse_IAP_Kelsey_AND_20260914,vgMzsTTofdNEj0iy,50.4,2450,1009,,,,,,,,,
2026-09-17,ANDROID,dhgate_product501_UK_Purchase 30D_purchse_IAP_Kelsey_AND_20260904,kmZ4aGzPhjgfDa4r,49.71,4127,313,,,,,,,,,
2026-09-17,IOS,dhgate_product491_US_Purchase 30D_purchse_IAP_Kelsey_IOS_20260901,xCoNwKymdvlaG9eW,44.85,2548,222,,,,,,,,,
2026-09-17,IOS,dhgate_product485_UK_Purchase 30D_purchse_IAP_Kelsey_IOS_20260831,fLTmfQ7Ogr2YOkqc,100.79,5066,569,,,,,,,,,
2026-09-17,IOS,dhgate_product480_US_Purchase 30D_purchse_IAP_Kelsey_IOS_20260830,LBtdwPPD6y2L3UDD,50.26,2306,221,,,,,,,,,
2026-09-17,IOS,dhgate_product478_UK_ACT&Nopay 30D_purchse_IAP_Kelsey_IOS_20260828,wGnUS0Jj9GYefUy1,48.99,3201,521,,,,,,,,,
2026-09-17,IOS,dhgate_product471_T1_Purchase 30D_purchse_IAP_Kelsey_IOS_20260829,Zo2EjfIGClkeV7Qy,252.0,6178,1692,,,,,,,,,
2026-09-17,IOS,dhgate_product463_US_Purchase 30D_purchse_IAP_Kelsey_IOS_20260821,X0Wp7ROkpYUcW6Yz,97.61,4422,442,,,,,,,,,
2026-09-17,ANDROID,dhgate_product503_UK_Purchase 30D_purchse_IAP_Kelsey_AND_20260909,AUf6OXnCRqmC3y1Z,50.57,2409,739,,,,,,,,,
2026-09-18,ANDROID,dhgate_product385_UK_ACT&Nopay 30D_purchase_IAP_Kelsey_AND_20260630,VzqTPrFSQDRkzKZj,100.93,7081,1234,,,,,,,,,
2026-09-18,ANDROID,dhgate_product414_UK_ACT&Nopay 30D_purchse_IAP_Kelsey_AND_20260717,Sta14UHs9lqoZaRk,50.34,4382,664,,,,,,,,,
2026-09-18,IOS,dhgate_product403_US_Purchase 30D_purchse_IAP_Kelsey_IOS_20260713,OLvDIbZvBDJIzHMD,91.5,3417,462,,,,,,,,,
2026-09-18,ANDROID,dhgate_product3_US_Purchase 30D_purchase_IAP_Kelsey_AND_20260916,STOT6tpWyhatlGn2,50.23,4448,2276,,,,,,,,,
2026-09-18,IOS,dhgate_product3_US_ACT&Nopay 30D_purchse_IAP_Kelsey_IOS_20260916,pPSXzdpxpKI0jAzy,50.19,1449,745,,,,,,,,,
2026-09-18,IOS,dhgate_product386_US_Purchase 30D_purchase_IAP_Kelsey_IOS_20260630,kpNA9cC8I3HMEtHY,58.51,2300,225,,,,,,,,,
2026-09-18,ANDROID,dhgate_product384_T1_Purchase 30D_purchase_IAP_Kelsey_AND_20260709_D7,funYq3Yvepl5ocKc,100.38,6079,851,,,,,,,,,
2026-09-18,IOS,dhgate_product509_UK_AF Content View 30D_purchse_IAP_Kelsey_IOS_20260916,MJA5NZaZkHhD26Pz,45.3,2106,1226,,,,,,,,,
2026-09-18,IOS,dhgate_product340_T1_Purchase 30D_purchase_IAP_Kelsey_IOS_20260729_D7,g5OokwJOrTmd1BeC,100.43,4660,757,,,,,,,,,
2026-09-18,IOS,dhgate_product319_T1_Purchase 30D_purchase_IAP_Kelsey_IOS_20260429,SGOG7us7fBY7c5lH,150.88,8586,1029,,,,,,,,,
2026-09-18,ANDROID,dhgate_product317_UK&FR_ACT&Nopay 30D_purchase_IAP_Kelsey_AND_20260427,tDzMEZEldS4Kei0r,250.73,20226,3209,,,,,,,,,
2026-09-18,IOS,dhgate_product314_UK_Purchase 30D_purchase_IAP_Kelsey_IOS_20260424,NmHyz3ZrSwNTmf0j,50.23,2227,321,,,,,,,,,
2026-09-18,IOS,dhgate_product314_T1_ACT&Nopay 30D_purchase_IAP_Kelsey_IOS_20260830,SnRXyvhzCoZXdvNw,100.2,10883,1401,,,,,,,,,
2026-09-18,IOS,dhgate_product138_T1_Purchase 30D_purchase_IAP_Kelsey_IOS_20260918_D7,AIH0D73uc0zb0n7t,11.94,514,259,,,,,,,,,
2026-09-18,IOS,dhgate_product138_FR_ACT&Nopay 30D_purchase_IAP_Kelsey_IOS_20260403,zNcB24si9mbzBPed,123.99,9262,1460,,,,,,,,,
2026-09-18,ANDROID,dhgate_product415_T1_ACT&Nopay 30D_purchse_IAP_Kelsey_AND_20260720,mAKCz6oEkG8RFtXq,100.6,15970,1995,,,,,,,,,
2026-09-18,ANDROID,dhgate_product367_UK_Purchase 30D_purchase_IAP_Kelsey_AND_20260530,AsUotp8z2P369W1o,50.25,3184,367,,,,,,,,,
2026-09-18,ANDROID,dhgate_product415_T1_Purchase 30D_purchse_IAP_Kelsey_AND_20260918_D7,rRjAwIReEoyHxVF4,15.76,1611,472,,,,,,,,,
2026-09-18,ANDROID,dhgate_product409_T1_Purchase 30D_purchse_IAP_Kelsey_AND_20260729_D7,hzurSjf5sHyjVyUq,150.69,8889,1373,,,,,,,,,
2026-09-18,IOS,dhgate_product430_T1_ACT&Nopay 30D_purchse_IAP_Kelsey_IOS_20260805,ozEjNLe0zpSog6Ol,100.61,10375,1407,,,,,,,,,
2026-09-18,ANDROID,dhgate_product416_T1_ACT&Nopay 30D_purchse_IAP_Kelsey_AND_20260720,keisiJsWSukJumr6,151.15,24801,2800,,,,,,,,,
2026-09-18,IOS,dhgate_product894_US_Purchase 30D_purchse_IAP_Kelsey_IOS_20260918,E95qg6Zy6ZXZRopJ,15.31,319,172,,,,,,,,,
2026-09-18,ANDROID,dhgate_product894_US_Purchase 30D_purchse_IAP_Kelsey_AND_20260918,XXA943x2ufqjvwyo,12.31,837,293,,,,,,,,,
2026-09-18,IOS,dhgate_product508_T1_Purchase 30D_purchse_IAP_Kelsey_IOS_20260915,DsQvDLIyypIzlyE7,26.27,882,359,,,,,,,,,
2026-09-18,ANDROID,dhgate_product508_T1_Purchase 30D_purchse_IAP_Kelsey_AND_20260915,NBrzSDjN5kGES1Uh,50.38,3761,1024,,,,,,,,,
2026-09-18,IOS,dhgate_product506_T1_Purchase 30D_purchse_IAP_Kelsey_IOS_20260913,Qb8oxHqgTq7FJ1Y0,0.01,2,1,,,,,,,,,
2026-09-18,ANDROID,dhgate_product506_T1_Purchase 30D_purchse_IAP_Kelsey_AND_20260913,GoGyzbOSHG30ljah,0.14,6,3,,,,,,,,,
2026-09-18,IOS,dhgate_product505_USA_Purchase 30D_purchse_IAP_Kelsey_IOS_20260911,hb4TZAx9ev7OcZUU,50.5,743,389,,,,,,,,,
2026-09-18,ANDROID,dhgate_product509_UK_AF Content View 30D_purchse_IAP_Kelsey_AND_20260916,I3MaOzy8z506PH9d,45.21,6056,2402,,,,,,,,,
2026-09-18,ANDROID,dhgate_product501_UK_Purchase 30D_purchse_IAP_Kelsey_AND_20260904,kmZ4aGzPhjgfDa4r,25.9,1622,196,,,,,,,,,
2026-09-18,IOS,dhgate_product491_US_Purchase 30D_purchse_IAP_Kelsey_IOS_20260901,xCoNwKymdvlaG9eW,59.9,2745,344,,,,,,,,,
2026-09-18,IOS,dhgate_product485_UK_Purchase 30D_purchse_IAP_Kelsey_IOS_20260831,fLTmfQ7Ogr2YOkqc,100.42,4511,617,,,,,,,,,
2026-09-18,IOS,dhgate_product480_US_Purchase 30D_purchse_IAP_Kelsey_IOS_20260830,LBtdwPPD6y2L3UDD,46.96,1918,221,,,,,,,,,
2026-09-18,IOS,dhgate_product478_UK_ACT&Nopay 30D_purchse_IAP_Kelsey_IOS_20260828,wGnUS0Jj9GYefUy1,47.3,2774,573,,,,,,,,,
2026-09-18,ANDROID,dhgate_product503_UK_Purchase 30D_purchse_IAP_Kelsey_AND_20260909,AUf6OXnCRqmC3y1Z,50.56,3607,382,,,,,,,,,
2026-09-18,IOS,dhgate_product471_T1_Purchase 30D_purchse_IAP_Kelsey_IOS_20260829,Zo2EjfIGClkeV7Qy,62.71,3735,408,,,,,,,,,
2026-09-18,IOS,dhgate_product451_US_ACT&Nopay 30D_purchse_IAP_Kelsey_IOS_20260830,KiDul2r7vZZgsnl8,100.26,2202,1236,,,,,,,,,
2026-09-18,IOS,dhgate_product463_US_Purchase 30D_purchse_IAP_Kelsey_IOS_20260821,X0Wp7ROkpYUcW6Yz,95.71,3917,452,,,,,,,,,
2026-09-19,ANDROID,dhgate_product385_UK_ACT&Nopay 30D_purchase_IAP_Kelsey_AND_20260630,VzqTPrFSQDRkzKZj,100.18,7904,1199,,,,,,,,,
2026-09-19,IOS,dhgate_product386_US_Purchase 30D_purchase_IAP_Kelsey_IOS_20260630,kpNA9cC8I3HMEtHY,47.38,2715,198,,,,,,,,,
2026-09-19,ANDROID,dhgate_product3_US_Purchase 30D_purchase_IAP_Kelsey_AND_20260916,STOT6tpWyhatlGn2,48.59,4562,2002,,,,,,,,,
2026-09-19,ANDROID,dhgate_product384_T1_Purchase 30D_purchase_IAP_Kelsey_AND_20260709_D7,funYq3Yvepl5ocKc,100.19,8726,919,,,,,,,,,
2026-09-19,IOS,dhgate_product403_US_Purchase 30D_purchse_IAP_Kelsey_IOS_20260713,OLvDIbZvBDJIzHMD,93.29,3722,420,,,,,,,,,
2026-09-19,ANDROID,dhgate_product409_T1_Purchase 30D_purchse_IAP_Kelsey_AND_20260729_D7,hzurSjf5sHyjVyUq,143.6,9115,1372,,,,,,,,,
2026-09-19,IOS,dhgate_product3_US_ACT&Nopay 30D_purchse_IAP_Kelsey_IOS_20260916,pPSXzdpxpKI0jAzy,49.83,1347,729,,,,,,,,,
2026-09-19,ANDROID,dhgate_product367_UK_Purchase 30D_purchase_IAP_Kelsey_AND_20260530,AsUotp8z2P369W1o,50.2,3413,376,,,,,,,,,
2026-09-19,IOS,dhgate_product138_T1_Purchase 30D_purchase_IAP_Kelsey_IOS_20260918_D7,AIH0D73uc0zb0n7t,37.4,1481,530,,,,,,,,,
2026-09-19,IOS,dhgate_product319_T1_Purchase 30D_purchase_IAP_Kelsey_IOS_20260429,SGOG7us7fBY7c5lH,146.26,9926,944,,,,,,,,,
2026-09-19,IOS,dhgate_product314_UK_Purchase 30D_purchase_IAP_Kelsey_IOS_20260424,NmHyz3ZrSwNTmf0j,43.93,2515,293,,,,,,,,,
2026-09-19,IOS,dhgate_product314_T1_ACT&Nopay 30D_purchase_IAP_Kelsey_IOS_20260830,SnRXyvhzCoZXdvNw,96.79,12052,1277,,,,,,,,,
2026-09-19,IOS,dhgate_product138_FR_ACT&Nopay 30D_purchase_IAP_Kelsey_IOS_20260403,zNcB24si9mbzBPed,150.08,11702,1812,,,,,,,,,
2026-09-19,ANDROID,dhgate_product896_US_AF Content View 30D_purchse_IAP_Kelsey_AND_20260919,FeE2zbIX9qeAhtBd,10.02,3274,771,,,,,,,,,
2026-09-19,ANDROID,dhgate_product414_UK_ACT&Nopay 30D_purchse_IAP_Kelsey_AND_20260717,Sta14UHs9lqoZaRk,48.28,4664,614,,,,,,,,,
2026-09-19,IOS,dhgate_product897_US_AF Content View 30D_purchse_IAP_Kelsey_IOS_20260919,VGlVHBkTzab2p2E5,12.46,482,310,,,,,,,,,
2026-09-19,IOS,dhgate_product509_UK_AF Content View 30D_purchse_IAP_Kelsey_IOS_20260916,MJA5NZaZkHhD26Pz,35.28,1541,890,,,,,,,,,
2026-09-19,IOS,dhgate_product340_T1_Purchase 30D_purchase_IAP_Kelsey_IOS_20260729_D7,g5OokwJOrTmd1BeC,93.82,4992,690,,,,,,,,,
2026-09-19,ANDROID,dhgate_product415_T1_ACT&Nopay 30D_purchse_IAP_Kelsey_AND_20260720,mAKCz6oEkG8RFtXq,95.11,17544,2042,,,,,,,,,
2026-09-19,ANDROID,dhgate_product317_UK&FR_ACT&Nopay 30D_purchase_IAP_Kelsey_AND_20260427,tDzMEZEldS4Kei0r,250.91,21130,3238,,,,,,,,,
2026-09-19,ANDROID,dhgate_product416_T1_ACT&Nopay 30D_purchse_IAP_Kelsey_AND_20260720,keisiJsWSukJumr6,146.79,26407,2939,,,,,,,,,
2026-09-19,ANDROID,dhgate_product415_T1_Purchase 30D_purchse_IAP_Kelsey_AND_20260918_D7,rRjAwIReEoyHxVF4,47.55,4187,1162,,,,,,,,,
2026-09-19,IOS,dhgate_product894_US_Purchase 30D_purchse_IAP_Kelsey_IOS_20260918,E95qg6Zy6ZXZRopJ,51.6,989,441,,,,,,,,,
2026-09-19,ANDROID,dhgate_product894_US_Purchase 30D_purchse_IAP_Kelsey_AND_20260918,XXA943x2ufqjvwyo,50.21,4307,1389,,,,,,,,,
2026-09-19,ANDROID,dhgate_product509_UK_AF Content View 30D_purchse_IAP_Kelsey_AND_20260916,I3MaOzy8z506PH9d,50.47,7411,2707,,,,,,,,,
2026-09-19,ANDROID,dhgate_product897_US_ACT&Nopay 30D_purchse_IAP_Kelsey_AND_20260919,uUbde7yHpDffNWi8,7.81,841,314,,,,,,,,,
2026-09-19,ANDROID,dhgate_product508_T1_Purchase 30D_purchse_IAP_Kelsey_AND_20260915,NBrzSDjN5kGES1Uh,50.28,2752,1042,,,,,,,,,
2026-09-19,IOS,dhgate_product505_USA_Purchase 30D_purchse_IAP_Kelsey_IOS_20260911,hb4TZAx9ev7OcZUU,50.15,643,327,,,,,,,,,
2026-09-19,ANDROID,dhgate_product503_UK_Purchase 30D_purchse_IAP_Kelsey_AND_20260909,AUf6OXnCRqmC3y1Z,50.22,4081,405,,,,,,,,,
2026-09-19,IOS,dhgate_product485_UK_Purchase 30D_purchse_IAP_Kelsey_IOS_20260831,fLTmfQ7Ogr2YOkqc,100.35,4511,584,,,,,,,,,
2026-09-19,IOS,dhgate_product480_US_Purchase 30D_purchse_IAP_Kelsey_IOS_20260830,LBtdwPPD6y2L3UDD,39.06,1935,192,,,,,,,,,
2026-09-19,IOS,dhgate_product478_UK_ACT&Nopay 30D_purchse_IAP_Kelsey_IOS_20260828,wGnUS0Jj9GYefUy1,44.98,3077,479,,,,,,,,,
2026-09-19,IOS,dhgate_product471_T1_Purchase 30D_purchse_IAP_Kelsey_IOS_20260829,Zo2EjfIGClkeV7Qy,50.24,4098,393,,,,,,,,,
2026-09-19,IOS,dhgate_product463_US_Purchase 30D_purchse_IAP_Kelsey_IOS_20260821,X0Wp7ROkpYUcW6Yz,98.73,4348,404,,,,,,,,,
2026-09-19,IOS,dhgate_product451_US_ACT&Nopay 30D_purchse_IAP_Kelsey_IOS_20260830,KiDul2r7vZZgsnl8,66.11,2395,739,,,,,,,,,
2026-09-19,IOS,dhgate_product430_T1_ACT&Nopay 30D_purchse_IAP_Kelsey_IOS_20260805,ozEjNLe0zpSog6Ol,100.21,11979,1392,,,,,,,,,
2026-09-19,IOS,dhgate_product491_US_Purchase 30D_purchse_IAP_Kelsey_IOS_20260901,xCoNwKymdvlaG9eW,91.62,3884,446,,,,,,,,,
2026-09-19,IOS,dhgate_product896_US_Purchase 30D_purchase_IAP_Kelsey_20260919,v55ItVFoklHbMSK7,16.7,262,148,,,,,,,,,
2026-09-20,IOS,dhgate_product386_US_Purchase 30D_purchase_IAP_Kelsey_IOS_20260630,kpNA9cC8I3HMEtHY,41.76,2892,151,,,,,,,,,
2026-09-20,ANDROID,dhgate_product385_UK_ACT&Nopay 30D_purchase_IAP_Kelsey_AND_20260630,VzqTPrFSQDRkzKZj,120.94,9519,1468,,,,,,,,,
2026-09-20,ANDROID,dhgate_product414_UK_ACT&Nopay 30D_purchse_IAP_Kelsey_AND_20260717,Sta14UHs9lqoZaRk,69.43,6103,880,,,,,,,,,
2026-09-20,ANDROID,dhgate_product3_US_Purchase 30D_purchase_IAP_Kelsey_AND_20260916,STOT6tpWyhatlGn2,50.25,6115,2399,,,,,,,,,
2026-09-20,IOS,dhgate_product403_US_Purchase 30D_purchse_IAP_Kelsey_IOS_20260713,OLvDIbZvBDJIzHMD,118.53,5460,406,,,,,,,,,
2026-09-20,ANDROID,dhgate_product409_T1_Purchase 30D_purchse_IAP_Kelsey_AND_20260729_D7,hzurSjf5sHyjVyUq,149.87,10204,1500,,,,,,,,,
2026-09-20,IOS,dhgate_product3_US_ACT&Nopay 30D_purchse_IAP_Kelsey_IOS_20260916,pPSXzdpxpKI0jAzy,21.52,584,316,,,,,,,,,
2026-09-20,ANDROID,dhgate_product384_T1_Purchase 30D_purchase_IAP_Kelsey_AND_20260709_D7,funYq3Yvepl5ocKc,100.6,9222,905,,,,,,,,,
2026-09-20,IOS,dhgate_product314_T1_ACT&Nopay 30D_purchase_IAP_Kelsey_IOS_20260830,SnRXyvhzCoZXdvNw,50.08,8576,628,,,,,,,,,
2026-09-20,IOS,dhgate_product340_T1_Purchase 30D_purchase_IAP_Kelsey_IOS_20260729_D7,g5OokwJOrTmd1BeC,50.06,3001,329,,,,,,,,,
2026-09-20,IOS,dhgate_product319_T1_Purchase 30D_purchase_IAP_Kelsey_IOS_20260429,SGOG7us7fBY7c5lH,75.91,6104,416,,,,,,,,,
2026-09-20,ANDROID,dhgate_product317_UK&FR_ACT&Nopay 30D_purchase_IAP_Kelsey_AND_20260427,tDzMEZEldS4Kei0r,244.44,23085,3353,,,,,,,,,
2026-09-20,IOS,dhgate_product314_UK_Purchase 30D_purchase_IAP_Kelsey_IOS_20260424,NmHyz3ZrSwNTmf0j,46.59,3700,237,,,,,,,,,
2026-09-20,ANDROID,dhgate_product415_T1_ACT&Nopay 30D_purchse_IAP_Kelsey_AND_20260720,mAKCz6oEkG8RFtXq,123.08,22820,2643,,,,,,,,,
2026-09-20,IOS,dhgate_product138_T1_Purchase 30D_purchase_IAP_Kelsey_IOS_20260918_D7,AIH0D73uc0zb0n7t,47.93,1706,650,,,,,,,,,
2026-09-20,IOS,dhgate_product138_FR_ACT&Nopay 30D_purchase_IAP_Kelsey_IOS_20260403,zNcB24si9mbzBPed,76.07,7108,925,,,,,,,,,
2026-09-20,ANDROID,dhgate_product896_US_AF Content View 30D_purchse_IAP_Kelsey_AND_20260919,FeE2zbIX9qeAhtBd,50.24,6840,2883,,,,,,,,,
2026-09-20,ANDROID,dhgate_product367_UK_Purchase 30D_purchase_IAP_Kelsey_AND_20260530,AsUotp8z2P369W1o,46.55,4211,365,,,,,,,,,
2026-09-20,ANDROID,dhgate_product415_T1_Purchase 30D_purchse_IAP_Kelsey_AND_20260918_D7,rRjAwIReEoyHxVF4,52.9,3966,1157,,,,,,,,,
2026-09-20,IOS,dhgate_product478_UK_ACT&Nopay 30D_purchse_IAP_Kelsey_IOS_20260828,wGnUS0Jj9GYefUy1,75.44,6269,733,,,,,,,,,
2026-09-20,IOS,dhgate_product430_T1_ACT&Nopay 30D_purchse_IAP_Kelsey_IOS_20260805,ozEjNLe0zpSog6Ol,100.21,17253,1240,,,,,,,,,
2026-09-20,IOS,dhgate_product509_UK_AF Content View 30D_purchse_IAP_Kelsey_IOS_20260916,MJA5NZaZkHhD26Pz,18.94,811,469,,,,,,,,,
2026-09-20,ANDROID,dhgate_product901_US_Purchase 30D_purchase_IAP_Kelsey_20260920,jgDyLj0dxUvEFZyU,10.83,878,199,,,,,,,,,
2026-09-20,ANDROID,dhgate_product897_US_ACT&Nopay 30D_purchse_IAP_Kelsey_AND_20260919,uUbde7yHpDffNWi8,50.51,5192,1652,,,,,,,,,
2026-09-20,ANDROID,dhgate_product416_T1_ACT&Nopay 30D_purchse_IAP_Kelsey_AND_20260720,keisiJsWSukJumr6,100.19,19881,1957,,,,,,,,,
2026-09-20,IOS,dhgate_product894_US_Purchase 30D_purchse_IAP_Kelsey_IOS_20260918,E95qg6Zy6ZXZRopJ,50.05,737,341,,,,,,,,,
2026-09-20,ANDROID,dhgate_product894_US_Purchase 30D_purchse_IAP_Kelsey_AND_20260918,XXA943x2ufqjvwyo,50.14,6194,1625,,,,,,,,,
2026-09-20,ANDROID,dhgate_product509_UK_AF Content View 30D_purchse_IAP_Kelsey_AND_20260916,I3MaOzy8z506PH9d,50.44,6847,2403,,,,,,,,,
2026-09-20,ANDROID,dhgate_product508_T1_Purchase 30D_purchse_IAP_Kelsey_AND_20260915,NBrzSDjN5kGES1Uh,24.06,1529,468,,,,,,,,,
2026-09-20,IOS,dhgate_product896_US_Purchase 30D_purchase_IAP_Kelsey_20260919,v55ItVFoklHbMSK7,50.12,759,392,,,,,,,,,
2026-09-20,ANDROID,dhgate_product503_UK_Purchase 30D_purchse_IAP_Kelsey_AND_20260909,AUf6OXnCRqmC3y1Z,71.26,6066,540,,,,,,,,,
2026-09-20,IOS,dhgate_product451_US_ACT&Nopay 30D_purchse_IAP_Kelsey_IOS_20260830,KiDul2r7vZZgsnl8,112.59,13559,904,,,,,,,,,
2026-09-20,IOS,dhgate_product505_USA_Purchase 30D_purchse_IAP_Kelsey_IOS_20260911,hb4TZAx9ev7OcZUU,50.29,455,238,,,,,,,,,
2026-09-20,IOS,dhgate_product463_US_Purchase 30D_purchse_IAP_Kelsey_IOS_20260821,X0Wp7ROkpYUcW6Yz,67.55,3827,147,,,,,,,,,
2026-09-20,IOS,dhgate_product897_US_AF Content View 30D_purchse_IAP_Kelsey_IOS_20260919,VGlVHBkTzab2p2E5,36.33,1500,927,,,,,,,,,
2026-09-20,IOS,dhgate_product480_US_Purchase 30D_purchse_IAP_Kelsey_IOS_20260830,LBtdwPPD6y2L3UDD,66.27,3678,221,,,,,,,,,
2026-09-20,IOS,dhgate_product485_UK_Purchase 30D_purchse_IAP_Kelsey_IOS_20260831,fLTmfQ7Ogr2YOkqc,50.19,3490,261,,,,,,,,,
2026-09-20,IOS,dhgate_product491_US_Purchase 30D_purchse_IAP_Kelsey_IOS_20260901,xCoNwKymdvlaG9eW,133.07,6659,547,,,,,,,,,
2026-09-20,IOS,dhgate_product471_T1_Purchase 30D_purchse_IAP_Kelsey_IOS_20260829,Zo2EjfIGClkeV7Qy,100.94,10339,642,,,,,,,,,
2026-09-21,ANDROID,dhgate_product415_T1_ACT&Nopay 30D_purchase_IAP_Kelsey_AND_20260720,mAKCz6oEkG8RFtXq,150.87,24252,3259,,,,,,,,,
2026-09-21,ANDROID,dhgate_product414_UK_ACT&Nopay 30D_purchase_IAP_Kelsey_AND_20260717,Sta14UHs9lqoZaRk,100.87,8116,1201,,,,,,,,,
2026-09-21,IOS,dhgate_product403_US_Purchase 30D_purchase_IAP_Kelsey_IOS_20260713,OLvDIbZvBDJIzHMD,154.09,6308,673,,,,,,,,,
2026-09-21,ANDROID,dhgate_product3_US_Purchase 30D_purchase_IAP_Kelsey_AND_20260916,STOT6tpWyhatlGn2,50.36,5283,1897,,,,,,,,,
2026-09-21,IOS,dhgate_product386_US_Purchase 30D_purchase_IAP_Kelsey_IOS_20260630,kpNA9cC8I3HMEtHY,32.0,1921,107,,,,,,,,,
2026-09-21,ANDROID,dhgate_product385_UK_ACT&Nopay 30D_purchase_IAP_Kelsey_AND_20260630,VzqTPrFSQDRkzKZj,178.01,12910,2021,,,,,,,,,
2026-09-21,ANDROID,dhgate_product384_T1_Purchase 30D_purchase_IAP_Kelsey_AND_20260709_D7,funYq3Yvepl5ocKc,100.74,8588,973,,,,,,,,,
2026-09-21,ANDROID,dhgate_product409_T1_Purchase 30D_purchase_IAP_Kelsey_AND_20260729_D7,hzurSjf5sHyjVyUq,151.32,9359,1540,,,,,,,,,
2026-09-21,IOS,dhgate_product138_FR_ACT&Nopay 30D_purchase_IAP_Kelsey_IOS_20260403,zNcB24si9mbzBPed,32.57,3933,526,,,,,,,,,
2026-09-21,IOS,dhgate_product340_T1_Purchase 30D_purchase_IAP_Kelsey_IOS_20260729_D7,g5OokwJOrTmd1BeC,50.04,3331,376,,,,,,,,,
2026-09-21,IOS,dhgate_product319_T1_Purchase 30D_purchase_IAP_Kelsey_IOS_20260429,SGOG7us7fBY7c5lH,50.4,4641,333,,,,,,,,,
2026-09-21,ANDROID,dhgate_product317_UK&FR_ACT&Nopay 30D_purchase_IAP_Kelsey_AND_20260427,tDzMEZEldS4Kei0r,251.2,23056,3579,,,,,,,,,
2026-09-21,IOS,dhgate_product314_UK_Purchase 30D_purchase_IAP_Kelsey_IOS_20260424,NmHyz3ZrSwNTmf0j,50.13,3241,289,,,,,,,,,
2026-09-21,IOS,dhgate_product314_T1_ACT&Nopay 30D_purchase_IAP_Kelsey_IOS_20260830,SnRXyvhzCoZXdvNw,50.25,9350,720,,,,,,,,,
2026-09-21,IOS,dhgate_product138_T1_Purchase 30D_purchase_IAP_Kelsey_IOS_20260918_D7,AIH0D73uc0zb0n7t,35.47,1238,571,,,,,,,,,
2026-09-21,ANDROID,dhgate_product415_T1_Purchase 30D_purchase_IAP_Kelsey_AND_20260918_D7,rRjAwIReEoyHxVF4,41.81,3893,1071,,,,,,,,,
2026-09-21,IOS,dhgate_product897_US_AF Content View 30D_purchase_IAP_Kelsey_IOS_20260919,VGlVHBkTzab2p2E5,23.82,1116,712,,,,,,,,,
2026-09-21,ANDROID,dhgate_product367_UK_Purchase 30D_purchase_IAP_Kelsey_AND_20260530,AsUotp8z2P369W1o,50.51,4034,435,,,,,,,,,
2026-09-21,ANDROID,dhgate_product416_T1_ACT&Nopay 30D_purchase_IAP_Kelsey_AND_20260720,keisiJsWSukJumr6,100.66,21197,2172,,,,,,,,,
2026-09-21,ANDROID,dhgate_product509_UK_AF Content View 30D_purchase_IAP_Kelsey_AND_20260916,I3MaOzy8z506PH9d,50.62,7170,2331,,,,,,,,,
2026-09-21,IOS,dhgate_product451_US_ACT&Nopay 30D_purchase_IAP_Kelsey_IOS_20260830,KiDul2r7vZZgsnl8,147.0,15247,1386,,,,,,,,,
2026-09-21,IOS,dhgate_product430_T1_ACT&Nopay 30D_purchase_IAP_Kelsey_IOS_20260805,ozEjNLe0zpSog6Ol,99.52,14580,1487,,,,,,,,,
2026-09-21,ANDROID,dhgate_product902_US_ACT&Nopay 30D_purchase_IAP_Kelsey_AND_20260921,PdV7kJebAYi8UakV,8.43,1205,294,,,,,,,,,
2026-09-21,IOS,dhgate_product902_T1_Purchase 30D_purchase_IAP_Kelsey_IOS_20260921,iVyKwCTsz9RVFvhA,8.7,396,222,,,,,,,,,
2026-09-21,ANDROID,dhgate_product901_US_Purchase 30D_purchase_IAP_Kelsey_20260920,jgDyLj0dxUvEFZyU,43.44,6079,816,,,,,,,,,
2026-09-21,IOS,dhgate_product896_US_Purchase 30D_purchase_IAP_Kelsey_20260919,v55ItVFoklHbMSK7,50.35,769,374,,,,,,,,,
2026-09-21,IOS,dhgate_product894_US_Purchase 30D_purchse_IAP_Kelsey_IOS_20260918,E95qg6Zy6ZXZRopJ,50.58,1041,370,,,,,,,,,
2026-09-21,ANDROID,dhgate_product894_US_Purchase 30D_purchase_IAP_Kelsey_AND_20260918,XXA943x2ufqjvwyo,49.36,5586,1363,,,,,,,,,
2026-09-21,ANDROID,dhgate_product897_US_ACT&Nopay 30D_purchase_IAP_Kelsey_AND_20260919,uUbde7yHpDffNWi8,50.41,4020,1387,,,,,,,,,
2026-09-21,ANDROID,dhgate_product503_UK_Purchase 30D_purchase_IAP_Kelsey_AND_20260909,AUf6OXnCRqmC3y1Z,100.46,6971,808,,,,,,,,,
2026-09-21,ANDROID,dhgate_product503_US_Purchase 30D_purchase_IAP_Kelsey_AND_20260920_D7,rSI7maIsj3GelBuv,11.19,869,199,,,,,,,,,
2026-09-21,IOS,dhgate_product463_US_Purchase 30D_purchase_IAP_Kelsey_IOS_20260821,X0Wp7ROkpYUcW6Yz,49.39,2966,194,,,,,,,,,
2026-09-21,IOS,dhgate_product471_T1_Purchase 30D_purchase_IAP_Kelsey_IOS_20260829,Zo2EjfIGClkeV7Qy,150.78,10519,1050,,,,,,,,,
2026-09-21,IOS,dhgate_product478_UK_ACT&Nopay 30D_purchase_IAP_Kelsey_IOS_20260828,wGnUS0Jj9GYefUy1,96.4,6081,964,,,,,,,,,
2026-09-21,ANDROID,dhgate_product896_US_AF Content View 30D_purchase_IAP_Kelsey_AND_20260919,FeE2zbIX9qeAhtBd,50.35,6221,2794,,,,,,,,,
2026-09-21,IOS,dhgate_product485_UK_Purchase 30D_purchase_IAP_Kelsey_IOS_20260831,fLTmfQ7Ogr2YOkqc,48.27,3360,280,,,,,,,,,
2026-09-21,IOS,dhgate_product491_US_Purchase 30D_purchase_IAP_Kelsey_IOS_20260901,xCoNwKymdvlaG9eW,190.55,7917,784,,,,,,,,,
2026-09-21,IOS,dhgate_product480_US_Purchase 30D_purchase_IAP_Kelsey_IOS_20260830,LBtdwPPD6y2L3UDD,87.78,3956,377,,,,,,,,,
2026-09-22,ANDROID,dhgate_product385_UK_ACT&Nopay 30D_purchase_IAP_Kelsey_AND_20260630,VzqTPrFSQDRkzKZj,201.35,13389,2279,,,,,,,,,
2026-09-22,ANDROID,dhgate_product415_T1_Purchase 30D_purchase_IAP_Kelsey_AND_20260918_D7,rRjAwIReEoyHxVF4,71.24,5035,1247,,,,,,,,,
2026-09-22,ANDROID,dhgate_product415_T1_ACT&Nopay 30D_purchase_IAP_Kelsey_AND_20260720,mAKCz6oEkG8RFtXq,150.97,22865,3241,,,,,,,,,
2026-09-22,ANDROID,dhgate_product414_UK_ACT&Nopay 30D_purchase_IAP_Kelsey_AND_20260717,Sta14UHs9lqoZaRk,101.15,7742,1190,,,,,,,,,
2026-09-22,ANDROID,dhgate_product409_T1_Purchase 30D_purchase_IAP_Kelsey_AND_20260729_D7,hzurSjf5sHyjVyUq,171.5,10272,1744,,,,,,,,,
2026-09-22,IOS,dhgate_product403_US_Purchase 30D_purchase_IAP_Kelsey_IOS_20260713,OLvDIbZvBDJIzHMD,210.47,7657,949,,,,,,,,,
2026-09-22,ANDROID,dhgate_product3_US_Purchase 30D_purchase_IAP_Kelsey_AND_20260916,STOT6tpWyhatlGn2,51.87,3926,1024,,,,,,,,,
2026-09-22,ANDROID,dhgate_product416_T1_ACT&Nopay 30D_purchase_IAP_Kelsey_AND_20260720,keisiJsWSukJumr6,100.48,20484,2270,,,,,,,,,
2026-09-22,IOS,dhgate_product138_T1_Purchase 30D_purchase_IAP_Kelsey_IOS_20260918_D7,AIH0D73uc0zb0n7t,65.56,2077,606,,,,,,,,,
2026-09-22,ANDROID,dhgate_product367_UK_Purchase 30D_purchase_IAP_Kelsey_AND_20260530,AsUotp8z2P369W1o,50.17,3901,389,,,,,,,,,
2026-09-22,IOS,dhgate_product340_T1_Purchase 30D_purchase_IAP_Kelsey_IOS_20260729_D7,g5OokwJOrTmd1BeC,47.36,2667,330,,,,,,,,,
2026-09-22,IOS,dhgate_product319_T1_Purchase 30D_purchase_IAP_Kelsey_IOS_20260429,SGOG7us7fBY7c5lH,49.48,4289,362,,,,,,,,,
2026-09-22,ANDROID,dhgate_product317_UK&FR_ACT&Nopay 30D_purchase_IAP_Kelsey_AND_20260427,tDzMEZEldS4Kei0r,243.38,21455,3641,,,,,,,,,
2026-09-22,IOS,dhgate_product314_UK_Purchase 30D_purchase_IAP_Kelsey_IOS_20260424,NmHyz3ZrSwNTmf0j,50.08,2882,315,,,,,,,,,
2026-09-22,IOS,dhgate_product314_T1_ACT&Nopay 30D_purchase_IAP_Kelsey_IOS_20260830,SnRXyvhzCoZXdvNw,50.14,8899,786,,,,,,,,,
2026-09-22,IOS,dhgate_product430_T1_ACT&Nopay 30D_purchase_IAP_Kelsey_IOS_20260805,ozEjNLe0zpSog6Ol,100.22,14090,1544,,,,,,,,,
2026-09-22,ANDROID,dhgate_dpa-and_US_General_purchase_IAP_Kelsey_AND_20260831,xln456nOmLHBC1ZU,37.52,30899,3208,,,,,,,,,
2026-09-22,ANDROID,dhgate_product384_T1_Purchase 30D_purchase_IAP_Kelsey_AND_20260709_D7,funYq3Yvepl5ocKc,101.06,8449,955,,,,,,,,,
2026-09-22,IOS,dhgate_product451_US_ACT&Nopay 30D_purchase_IAP_Kelsey_IOS_20260830,KiDul2r7vZZgsnl8,142.43,15190,1549,,,,,,,,,
2026-09-22,IOS,dhgate_dpa-ios_US_General_purchase_IAP_Kelsey_IOS_20260831,LezIvFETUV9B58uX,57.13,34190,1796,,,,,,,,,
2026-09-22,IOS,dhgate_product471_T1_Purchase 30D_purchase_IAP_Kelsey_IOS_20260829,Zo2EjfIGClkeV7Qy,150.5,9447,967,,,,,,,,,
2026-09-22,ANDROID,dhgate_product509_UK_AF Content View 30D_purchase_IAP_Kelsey_AND_20260916,I3MaOzy8z506PH9d,33.79,4260,1550,,,,,,,,,
2026-09-22,ANDROID,dhgate_product904_US_ACT&Nopay 30D_purchase_IAP_Kelsey_AND_20260922,kIYJyTOdSgUZez2O,0.0,3,5,,,,,,,,,
2026-09-22,ANDROID,dhgate_product902_US_ACT&Nopay 30D_purchase_IAP_Kelsey_AND_20260921,PdV7kJebAYi8UakV,48.49,7988,1394,,,,,,,,,
2026-09-22,IOS,dhgate_product902_T1_Purchase 30D_purchase_IAP_Kelsey_IOS_20260921,iVyKwCTsz9RVFvhA,35.15,1279,566,,,,,,,,,
2026-09-22,ANDROID,dhgate_product901_US_Purchase 30D_purchase_IAP_Kelsey_20260920,jgDyLj0dxUvEFZyU,50.73,6410,799,,,,,,,,,
2026-09-22,ANDROID,dhgate_product896_US_AF Content View 30D_purchase_IAP_Kelsey_AND_20260919,FeE2zbIX9qeAhtBd,43.63,5775,1948,,,,,,,,,
2026-09-22,ANDROID,dhgate_product897_US_ACT&Nopay 30D_purchase_IAP_Kelsey_AND_20260919,uUbde7yHpDffNWi8,47.81,3735,1192,,,,,,,,,
2026-09-22,IOS,dhgate_product896_US_Purchase 30D_purchase_IAP_Kelsey_20260919,v55ItVFoklHbMSK7,50.28,843,405,,,,,,,,,
2026-09-22,IOS,dhgate_product904_US_ACT&Nopay 30D_purchase_IAP_Kelsey_IOS_20260922,Rh9AU3lpRKWQAqLw,8.22,291,182,,,,,,,,,
2026-09-22,ANDROID,dhgate_product894_US_Purchase 30D_purchase_IAP_Kelsey_AND_20260918,XXA943x2ufqjvwyo,50.35,4579,598,,,,,,,,,
2026-09-22,IOS,dhgate_product894_US_Purchase 30D_purchse_IAP_Kelsey_IOS_20260918,E95qg6Zy6ZXZRopJ,41.47,2956,188,,,,,,,,,
2026-09-22,IOS,dhgate_product478_UK_ACT&Nopay 30D_purchase_IAP_Kelsey_IOS_20260828,wGnUS0Jj9GYefUy1,100.59,5844,1110,,,,,,,,,
2026-09-22,IOS,dhgate_product480_US_Purchase 30D_purchase_IAP_Kelsey_IOS_20260830,LBtdwPPD6y2L3UDD,95.88,4124,467,,,,,,,,,
2026-09-22,IOS,dhgate_product485_UK_Purchase 30D_purchase_IAP_Kelsey_IOS_20260831,fLTmfQ7Ogr2YOkqc,46.48,2881,310,,,,,,,,,
2026-09-22,IOS,dhgate_product463_US_Purchase 30D_purchase_IAP_Kelsey_IOS_20260821,X0Wp7ROkpYUcW6Yz,43.82,2533,162,,,,,,,,,
2026-09-22,ANDROID,dhgate_product503_UK_Purchase 30D_purchase_IAP_Kelsey_AND_20260909,AUf6OXnCRqmC3y1Z,100.97,6795,812,,,,,,,,,
2026-09-22,ANDROID,dhgate_product503_US_Purchase 30D_purchase_IAP_Kelsey_AND_20260920_D7,rSI7maIsj3GelBuv,45.07,5391,839,,,,,,,,,
2026-09-22,IOS,dhgate_product897_US_AF Content View 30D_purchase_IAP_Kelsey_IOS_20260919,VGlVHBkTzab2p2E5,20.17,1051,645,,,,,,,,,
2026-09-22,IOS,dhgate_product491_US_Purchase 30D_purchase_IAP_Kelsey_IOS_20260901,xCoNwKymdvlaG9eW,197.31,7904,937,,,,,,,,,
2026-09-23,ANDROID,dhgate_product415_T1_ACT&Nopay 30D_purchase_IAP_Kelsey_AND_20260720,mAKCz6oEkG8RFtXq,149.79,22067,3070,,,,,,,,,
2026-09-23,ANDROID,dhgate_product414_UK_ACT&Nopay 30D_purchase_IAP_Kelsey_AND_20260717,Sta14UHs9lqoZaRk,100.8,7269,1213,,,,,,,,,
2026-09-23,ANDROID,dhgate_product409_T1_Purchase 30D_purchase_IAP_Kelsey_AND_20260729_D7,hzurSjf5sHyjVyUq,201.36,9585,1917,,,,,,,,,
2026-09-23,IOS,dhgate_product403_US_Purchase 30D_purchase_IAP_Kelsey_IOS_20260713,OLvDIbZvBDJIzHMD,210.78,6558,922,,,,,,,,,
2026-09-23,ANDROID,dhgate_product3_US_Purchase 30D_purchase_IAP_Kelsey_AND_20260916,STOT6tpWyhatlGn2,50.3,5298,1328,,,,,,,,,
2026-09-23,ANDROID,dhgate_product385_UK_ACT&Nopay 30D_purchase_IAP_Kelsey_AND_20260630,VzqTPrFSQDRkzKZj,171.42,10552,1980,,,,,,,,,
2026-09-23,ANDROID,dhgate_product384_T1_Purchase 30D_purchase_IAP_Kelsey_AND_20260709_D7,funYq3Yvepl5ocKc,100.61,7435,967,,,,,,,,,
2026-09-23,IOS,dhgate_product340_T1_Purchase 30D_purchase_IAP_Kelsey_IOS_20260729_D7,g5OokwJOrTmd1BeC,47.9,2469,351,,,,,,,,,
2026-09-23,IOS,dhgate_product319_T1_Purchase 30D_purchase_IAP_Kelsey_IOS_20260429,SGOG7us7fBY7c5lH,49.93,3948,327,,,,,,,,,
2026-09-23,ANDROID,dhgate_product317_UK&FR_ACT&Nopay 30D_purchase_IAP_Kelsey_AND_20260427,tDzMEZEldS4Kei0r,201.96,16985,3042,,,,,,,,,
2026-09-23,IOS,dhgate_product314_T1_ACT&Nopay 30D_purchase_IAP_Kelsey_IOS_20260830,SnRXyvhzCoZXdvNw,50.17,8290,755,,,,,,,,,
2026-09-23,IOS,dhgate_product138_T1_Purchase 30D_purchase_IAP_Kelsey_IOS_20260918_D7,AIH0D73uc0zb0n7t,45.57,2582,340,,,,,,,,,
2026-09-23,IOS,dhgate_dpa-ios_US_General_purchase_IAP_Kelsey_IOS_20260831,LezIvFETUV9B58uX,491.88,194056,6990,,,,,,,,,
2026-09-23,ANDROID,dhgate_dpa-and_US_General_purchase_IAP_Kelsey_AND_20260831,xln456nOmLHBC1ZU,470.84,302375,17825,,,,,,,,,
2026-09-23,ANDROID,dhgate_product415_T1_Purchase 30D_purchase_IAP_Kelsey_AND_20260918_D7,rRjAwIReEoyHxVF4,45.45,4903,467,,,,,,,,,
2026-09-23,ANDROID,dhgate_product367_UK_Purchase 30D_purchase_IAP_Kelsey_AND_20260530,AsUotp8z2P369W1o,50.92,3497,431,,,,,,,,,
2026-09-23,IOS,dhgate_product314_UK_Purchase 30D_purchase_IAP_Kelsey_IOS_20260424,NmHyz3ZrSwNTmf0j,50.03,2689,295,,,,,,,,,
2026-09-23,IOS,dhgate_product430_T1_ACT&Nopay 30D_purchase_IAP_Kelsey_IOS_20260805,ozEjNLe0zpSog6Ol,100.19,13370,1414,,,,,,,,,
2026-09-23,IOS,dhgate_product451_US_ACT&Nopay 30D_purchase_IAP_Kelsey_IOS_20260830,KiDul2r7vZZgsnl8,143.33,15207,1393,,,,,,,,,
2026-09-23,ANDROID,dhgate_product416_T1_ACT&Nopay 30D_purchase_IAP_Kelsey_AND_20260720,keisiJsWSukJumr6,100.63,20134,2187,,,,,,,,,
2026-09-23,IOS,dhgate_product904_US_ACT&Nopay 30D_purchase_IAP_Kelsey_IOS_20260922,Rh9AU3lpRKWQAqLw,31.63,1138,632,,,,,,,,,
2026-09-23,ANDROID,dhgate_product902_US_ACT&Nopay 30D_purchase_IAP_Kelsey_AND_20260921,PdV7kJebAYi8UakV,50.4,6436,1257,,,,,,,,,
2026-09-23,IOS,dhgate_product902_T1_Purchase 30D_purchase_IAP_Kelsey_IOS_20260921,iVyKwCTsz9RVFvhA,37.31,1399,592,,,,,,,,,
2026-09-23,ANDROID,dhgate_product901_US_Purchase 30D_purchase_IAP_Kelsey_20260920,jgDyLj0dxUvEFZyU,50.32,4695,842,,,,,,,,,
2026-09-23,IOS,dhgate_product896_US_Purchase 30D_purchase_IAP_Kelsey_20260919,v55ItVFoklHbMSK7,49.8,904,447,,,,,,,,,
2026-09-23,IOS,dhgate_product894_US_Purchase 30D_purchse_IAP_Kelsey_IOS_20260918,E95qg6Zy6ZXZRopJ,47.7,2750,236,,,,,,,,,
2026-09-23,ANDROID,dhgate_product894_US_Purchase 30D_purchase_IAP_Kelsey_AND_20260918,XXA943x2ufqjvwyo,51.25,3608,623,,,,,,,,,
2026-09-23,ANDROID,dhgate_product897_US_ACT&Nopay 30D_purchase_IAP_Kelsey_AND_20260919,uUbde7yHpDffNWi8,50.23,4918,1182,,,,,,,,,
2026-09-23,ANDROID,dhgate_product503_UK_Purchase 30D_purchase_IAP_Kelsey_AND_20260909,AUf6OXnCRqmC3y1Z,100.63,5911,858,,,,,,,,,
2026-09-23,IOS,dhgate_product491_US_Purchase 30D_purchase_IAP_Kelsey_IOS_20260901,xCoNwKymdvlaG9eW,200.29,7133,921,,,,,,,,,
2026-09-23,IOS,dhgate_product485_UK_Purchase 30D_purchase_IAP_Kelsey_IOS_20260831,fLTmfQ7Ogr2YOkqc,49.16,2503,310,,,,,,,,,
2026-09-23,IOS,dhgate_product480_US_Purchase 30D_purchase_IAP_Kelsey_IOS_20260830,LBtdwPPD6y2L3UDD,96.19,3849,421,,,,,,,,,
2026-09-23,IOS,dhgate_product478_UK_ACT&Nopay 30D_purchase_IAP_Kelsey_IOS_20260828,wGnUS0Jj9GYefUy1,100.34,5556,1059,,,,,,,,,
2026-09-23,IOS,dhgate_product471_T1_Purchase 30D_purchase_IAP_Kelsey_IOS_20260829,Zo2EjfIGClkeV7Qy,151.33,8498,981,,,,,,,,,
2026-09-23,IOS,dhgate_product463_US_Purchase 30D_purchase_IAP_Kelsey_IOS_20260821,X0Wp7ROkpYUcW6Yz,48.35,2575,190,,,,,,,,,
2026-09-23,ANDROID,dhgate_product503_US_Purchase 30D_purchase_IAP_Kelsey_AND_20260920_D7,rSI7maIsj3GelBuv,56.57,6301,897,,,,,,,,,
2026-09-24,ANDROID,dhgate_product384_T1_Purchase 30D_purchase_IAP_Kelsey_AND_20260709_D7,funYq3Yvepl5ocKc,101.09,7134,952,,,,,,,,,
2026-09-24,ANDROID,dhgate_product414_UK_ACT&Nopay 30D_purchase_IAP_Kelsey_AND_20260717,Sta14UHs9lqoZaRk,100.42,8639,1242,,,,,,,,,
2026-09-24,ANDROID,dhgate_product409_T1_Purchase 30D_purchase_IAP_Kelsey_AND_20260729_D7,hzurSjf5sHyjVyUq,201.55,8854,1931,,,,,,,,,
2026-09-24,IOS,dhgate_product403_US_Purchase 30D_purchase_IAP_Kelsey_IOS_20260713,OLvDIbZvBDJIzHMD,195.6,7046,880,,,,,,,,,
2026-09-24,ANDROID,dhgate_product3_US_Purchase 30D_purchase_IAP_Kelsey_AND_20260916,STOT6tpWyhatlGn2,50.04,7700,2163,,,,,,,,,
2026-09-24,ANDROID,dhgate_product385_UK_ACT&Nopay 30D_purchase_IAP_Kelsey_AND_20260630,VzqTPrFSQDRkzKZj,150.94,11467,1863,,,,,,,,,
2026-09-24,ANDROID,dhgate_product367_UK_Purchase 30D_purchase_IAP_Kelsey_AND_20260530,AsUotp8z2P369W1o,50.33,3127,407,,,,,,,,,
2026-09-24,ANDROID,dhgate_product415_T1_ACT&Nopay 30D_purchase_IAP_Kelsey_AND_20260720,mAKCz6oEkG8RFtXq,151.16,21465,3170,,,,,,,,,
2026-09-24,IOS,dhgate_product319_T1_Purchase 30D_purchase_IAP_Kelsey_IOS_20260429,SGOG7us7fBY7c5lH,50.45,3588,291,,,,,,,,,
2026-09-24,ANDROID,dhgate_product317_UK&FR_ACT&Nopay 30D_purchase_IAP_Kelsey_AND_20260427,tDzMEZEldS4Kei0r,201.81,17731,3016,,,,,,,,,
2026-09-24,IOS,dhgate_product314_UK_Purchase 30D_purchase_IAP_Kelsey_IOS_20260424,NmHyz3ZrSwNTmf0j,50.21,2152,321,,,,,,,,,
2026-09-24,IOS,dhgate_product314_T1_ACT&Nopay 30D_purchase_IAP_Kelsey_IOS_20260830,SnRXyvhzCoZXdvNw,50.03,7579,749,,,,,,,,,
2026-09-24,IOS,dhgate_product138_T1_Purchase 30D_purchase_IAP_Kelsey_IOS_20260918_D7,AIH0D73uc0zb0n7t,45.25,2320,374,,,,,,,,,
2026-09-24,IOS,dhgate_dpa-ios_US_General_purchase_IAP_Kelsey_IOS_20260831,LezIvFETUV9B58uX,501.07,166479,6935,,,,,,,,,
2026-09-24,ANDROID,dhgate_dpa-and_US_General_purchase_IAP_Kelsey_AND_20260831,xln456nOmLHBC1ZU,509.09,269601,17402,,,,,,,,,
2026-09-24,IOS,dhgate_product340_T1_Purchase 30D_purchase_IAP_Kelsey_IOS_20260729_D7,g5OokwJOrTmd1BeC,44.16,2182,339,,,,,,,,,
2026-09-24,ANDROID,dhgate_product415_T1_Purchase 30D_purchase_IAP_Kelsey_AND_20260918_D7,rRjAwIReEoyHxVF4,48.11,4587,568,,,,,,,,,
2026-09-24,IOS,dhgate_product904_US_ACT&Nopay 30D_purchase_IAP_Kelsey_IOS_20260922,Rh9AU3lpRKWQAqLw,45.22,1410,799,,,,,,,,,
2026-09-24,IOS,dhgate_product430_T1_ACT&Nopay 30D_purchase_IAP_Kelsey_IOS_20260805,ozEjNLe0zpSog6Ol,96.62,12290,1454,,,,,,,,,
2026-09-24,ANDROID,dhgate_product902_US_ACT&Nopay 30D_purchase_IAP_Kelsey_AND_20260921,PdV7kJebAYi8UakV,50.44,7259,1089,,,,,,,,,
2026-09-24,IOS,dhgate_product902_T1_Purchase 30D_purchase_IAP_Kelsey_IOS_20260921,iVyKwCTsz9RVFvhA,35.86,1180,585,,,,,,,,,
2026-09-24,ANDROID,dhgate_product901_US_Purchase 30D_purchase_IAP_Kelsey_20260920,jgDyLj0dxUvEFZyU,50.09,5139,623,,,,,,,,,
2026-09-24,ANDROID,dhgate_product897_US_ACT&Nopay 30D_purchase_IAP_Kelsey_AND_20260919,uUbde7yHpDffNWi8,50.03,5202,1040,,,,,,,,,
2026-09-24,IOS,dhgate_product896_US_Purchase 30D_purchase_IAP_Kelsey_20260919,v55ItVFoklHbMSK7,44.41,806,406,,,,,,,,,
2026-09-24,IOS,dhgate_product894_US_Purchase 30D_purchse_IAP_Kelsey_IOS_20260918,E95qg6Zy6ZXZRopJ,39.49,2631,193,,,,,,,,,
2026-09-24,ANDROID,dhgate_product894_US_Purchase 30D_purchase_IAP_Kelsey_AND_20260918,XXA943x2ufqjvwyo,50.08,5406,1385,,,,,,,,,
2026-09-24,ANDROID,dhgate_product503_US_Purchase 30D_purchase_IAP_Kelsey_AND_20260920_D7,rSI7maIsj3GelBuv,62.97,6160,755,,,,,,,,,
2026-09-24,ANDROID,dhgate_product416_T1_ACT&Nopay 30D_purchase_IAP_Kelsey_AND_20260720,keisiJsWSukJumr6,100.78,20292,2143,,,,,,,,,
2026-09-24,IOS,dhgate_product491_US_Purchase 30D_purchase_IAP_Kelsey_IOS_20260901,xCoNwKymdvlaG9eW,184.66,7186,899,,,,,,,,,
2026-09-24,IOS,dhgate_product485_UK_Purchase 30D_purchase_IAP_Kelsey_IOS_20260831,fLTmfQ7Ogr2YOkqc,42.94,1875,288,,,,,,,,,
2026-09-24,IOS,dhgate_product480_US_Purchase 30D_purchase_IAP_Kelsey_IOS_20260830,LBtdwPPD6y2L3UDD,90.58,3616,413,,,,,,,,,
2026-09-24,IOS,dhgate_product478_UK_ACT&Nopay 30D_purchase_IAP_Kelsey_IOS_20260828,wGnUS0Jj9GYefUy1,100.51,4954,1047,,,,,,,,,
2026-09-24,IOS,dhgate_product471_T1_Purchase 30D_purchase_IAP_Kelsey_IOS_20260829,Zo2EjfIGClkeV7Qy,151.09,7362,978,,,,,,,,,
2026-09-24,IOS,dhgate_product463_US_Purchase 30D_purchase_IAP_Kelsey_IOS_20260821,X0Wp7ROkpYUcW6Yz,41.08,2574,161,,,,,,,,,
2026-09-24,IOS,dhgate_product451_US_ACT&Nopay 30D_purchase_IAP_Kelsey_IOS_20260830,KiDul2r7vZZgsnl8,149.56,14651,1489,,,,,,,,,
2026-09-24,ANDROID,dhgate_product503_UK_Purchase 30D_purchase_IAP_Kelsey_AND_20260909,AUf6OXnCRqmC3y1Z,100.8,5550,826,,,,,,,,,
2026-09-25,ANDROID,dhgate_product416_T1_ACT&Nopay 30D_purchase_IAP_Kelsey_AND_20260720,keisiJsWSukJumr6,100.48,19623,2015,,,,,,,,,
2026-09-25,ANDROID,dhgate_product415_T1_Purchase 30D_purchase_IAP_Kelsey_AND_20260918_D7,rRjAwIReEoyHxVF4,49.12,5220,576,,,,,,,,,
2026-09-25,ANDROID,dhgate_product415_T1_ACT&Nopay 30D_purchase_IAP_Kelsey_AND_20260720,mAKCz6oEkG8RFtXq,182.04,25122,3476,,,,,,,,,
2026-09-25,ANDROID,dhgate_product414_UK_ACT&Nopay 30D_purchase_IAP_Kelsey_AND_20260717,Sta14UHs9lqoZaRk,55.31,4627,709,,,,,,,,,
2026-09-25,ANDROID,dhgate_product409_T1_Purchase 30D_purchase_IAP_Kelsey_AND_20260729_D7,hzurSjf5sHyjVyUq,151.23,7339,1490,,,,,,,,,
2026-09-25,IOS,dhgate_product403_US_Purchase 30D_purchase_IAP_Kelsey_IOS_20260713,OLvDIbZvBDJIzHMD,105.73,3749,432,,,,,,,,,
2026-09-25,ANDROID,dhgate_product3_US_Purchase 30D_purchase_IAP_Kelsey_AND_20260916,STOT6tpWyhatlGn2,63.14,9201,2208,,,,,,,,,
2026-09-25,ANDROID,dhgate_product385_UK_ACT&Nopay 30D_purchase_IAP_Kelsey_AND_20260630,VzqTPrFSQDRkzKZj,100.51,7221,1216,,,,,,,,,
2026-09-25,IOS,dhgate_product319_T1_Purchase 30D_purchase_IAP_Kelsey_IOS_20260429,SGOG7us7fBY7c5lH,94.56,5557,561,,,,,,,,,
2026-09-25,ANDROID,dhgate_product367_UK_Purchase 30D_purchase_IAP_Kelsey_AND_20260530,AsUotp8z2P369W1o,50.24,3151,365,,,,,,,,,
2026-09-25,IOS,dhgate_product340_T1_Purchase 30D_purchase_IAP_Kelsey_IOS_20260729_D7,g5OokwJOrTmd1BeC,85.98,3724,553,,,,,,,,,
2026-09-25,ANDROID,dhgate_product317_UK&FR_ACT&Nopay 30D_purchase_IAP_Kelsey_AND_20260427,tDzMEZEldS4Kei0r,150.84,13539,2202,,,,,,,,,
2026-09-25,IOS,dhgate_product314_UK_Purchase 30D_purchase_IAP_Kelsey_IOS_20260424,NmHyz3ZrSwNTmf0j,43.73,1949,246,,,,,,,,,
2026-09-25,IOS,dhgate_product314_T1_ACT&Nopay 30D_purchase_IAP_Kelsey_IOS_20260830,SnRXyvhzCoZXdvNw,108.43,11600,1456,,,,,,,,,
2026-09-25,IOS,dhgate_product138_T1_Purchase 30D_purchase_IAP_Kelsey_IOS_20260918_D7,AIH0D73uc0zb0n7t,47.44,2631,347,,,,,,,,,
2026-09-25,IOS,dhgate_product430_T1_ACT&Nopay 30D_purchase_IAP_Kelsey_IOS_20260805,ozEjNLe0zpSog6Ol,139.4,15221,1853,,,,,,,,,
2026-09-25,ANDROID,dhgate_dpa-and_US_General_purchase_IAP_Kelsey_AND_20260831,xln456nOmLHBC1ZU,485.79,243077,15599,,,,,,,,,
2026-09-25,ANDROID,dhgate_product384_T1_Purchase 30D_purchase_IAP_Kelsey_AND_20260709_D7,funYq3Yvepl5ocKc,141.88,9641,1272,,,,,,,,,
2026-09-25,IOS,dhgate_dpa-ios_US_General_purchase_IAP_Kelsey_IOS_20260831,LezIvFETUV9B58uX,474.51,157951,5470,,,,,,,,,
2026-09-25,IOS,dhgate_product451_US_ACT&Nopay 30D_purchase_IAP_Kelsey_IOS_20260830,KiDul2r7vZZgsnl8,144.32,13748,1352,,,,,,,,,
2026-09-25,IOS,dhgate_product471_T1_Purchase 30D_purchase_IAP_Kelsey_IOS_20260829,Zo2EjfIGClkeV7Qy,100.35,5384,621,,,,,,,,,
2026-09-25,IOS,dhgate_product463_US_Purchase 30D_purchase_IAP_Kelsey_IOS_20260821,X0Wp7ROkpYUcW6Yz,61.48,3612,375,,,,,,,,,
2026-09-25,ANDROID,dhgate_product908_T1_ACT&Nopay 30D_purchase_IAP_Kelsey_AND_20260925,vB9gIIMcJc41O7tJ,15.35,3514,1309,,,,,,,,,
2026-09-25,IOS,dhgate_product905_US_MLC Registration 30D_purchase_IAP_Kelsey_IOS_20260925,Y0cUDzNbwnPDjr64,21.15,516,302,,,,,,,,,
2026-09-25,IOS,dhgate_product904_US_ACT&Nopay 30D_purchase_IAP_Kelsey_IOS_20260922,Rh9AU3lpRKWQAqLw,49.46,1332,713,,,,,,,,,
2026-09-25,ANDROID,dhgate_product904_US_ACT&Nopay 30D_purchase_IAP_Kelsey_AND_20260925,kIYJyTOdSgUZez2O,12.13,1967,382,,,,,,,,,
2026-09-25,ANDROID,dhgate_product902_US_ACT&Nopay 30D_purchase_IAP_Kelsey_AND_20260921,PdV7kJebAYi8UakV,37.38,3358,915,,,,,,,,,
2026-09-25,IOS,dhgate_product902_T1_Purchase 30D_purchase_IAP_Kelsey_IOS_20260921,iVyKwCTsz9RVFvhA,40.69,1203,652,,,,,,,,,
2026-09-25,ANDROID,dhgate_product901_US_Purchase 30D_purchase_IAP_Kelsey_20260920,jgDyLj0dxUvEFZyU,50.35,3308,605,,,,,,,,,
2026-09-25,ANDROID,dhgate_product897_US_ACT&Nopay 30D_purchase_IAP_Kelsey_AND_20260919,uUbde7yHpDffNWi8,50.17,3746,927,,,,,,,,,
2026-09-25,IOS,dhgate_product908_US_Purchase 30D_purchase_IAP_Kelsey_IOS_20260925,BDXNZ2FjeVGW68vC,14.83,314,180,,,,,,,,,
2026-09-25,IOS,dhgate_product894_US_Purchase 30D_purchse_IAP_Kelsey_IOS_20260918,E95qg6Zy6ZXZRopJ,46.48,3176,280,,,,,,,,,
2026-09-25,ANDROID,dhgate_product894_US_Purchase 30D_purchase_IAP_Kelsey_AND_20260918,XXA943x2ufqjvwyo,47.82,6599,1718,,,,,,,,,
2026-09-25,ANDROID,dhgate_product503_US_Purchase 30D_purchase_IAP_Kelsey_AND_20260920_D7,rSI7maIsj3GelBuv,55.07,3914,593,,,,,,,,,
2026-09-25,ANDROID,dhgate_product503_UK_Purchase 30D_purchase_IAP_Kelsey_AND_20260909,AUf6OXnCRqmC3y1Z,54.95,3258,452,,,,,,,,,
2026-09-25,IOS,dhgate_product491_US_Purchase 30D_purchase_IAP_Kelsey_IOS_20260901,xCoNwKymdvlaG9eW,120.42,4329,496,,,,,,,,,
2026-09-25,IOS,dhgate_product485_UK_Purchase 30D_purchase_IAP_Kelsey_IOS_20260831,fLTmfQ7Ogr2YOkqc,38.11,1837,236,,,,,,,,,
2026-09-25,IOS,dhgate_product480_US_Purchase 30D_purchase_IAP_Kelsey_IOS_20260830,LBtdwPPD6y2L3UDD,55.44,2281,254,,,,,,,,,
2026-09-25,IOS,dhgate_product478_UK_ACT&Nopay 30D_purchase_IAP_Kelsey_IOS_20260828,wGnUS0Jj9GYefUy1,59.16,3129,602,,,,,,,,,
2026-09-25,IOS,dhgate_product896_US_Purchase 30D_purchase_IAP_Kelsey_20260919,v55ItVFoklHbMSK7,48.04,920,425,,,,,,,,,
2026-09-26,ANDROID,dhgate_product385_UK_ACT&Nopay 30D_purchase_IAP_Kelsey_AND_20260630,VzqTPrFSQDRkzKZj,100.8,8559,1280,,,,,,,,,
2026-09-26,ANDROID,dhgate_product3_US_Purchase 30D_purchase_IAP_Kelsey_AND_20260916,STOT6tpWyhatlGn2,96.17,11805,2437,,,,,,,,,
2026-09-26,ANDROID,dhgate_product415_T1_Purchase 30D_purchase_IAP_Kelsey_AND_20260918_D7,rRjAwIReEoyHxVF4,47.16,4902,538,,,,,,,,,
2026-09-26,ANDROID,dhgate_product409_T1_Purchase 30D_purchase_IAP_Kelsey_AND_20260729_D7,hzurSjf5sHyjVyUq,150.49,8025,1566,,,,,,,,,
2026-09-26,ANDROID,dhgate_product415_T1_ACT&Nopay 30D_purchase_IAP_Kelsey_AND_20260720,mAKCz6oEkG8RFtXq,201.54,26750,3822,,,,,,,,,
2026-09-26,ANDROID,dhgate_product384_T1_Purchase 30D_purchase_IAP_Kelsey_AND_20260709_D7,funYq3Yvepl5ocKc,150.76,9856,1410,,,,,,,,,
2026-09-26,IOS,dhgate_product403_US_Purchase 30D_purchase_IAP_Kelsey_IOS_20260713,OLvDIbZvBDJIzHMD,49.95,2415,271,,,,,,,,,
2026-09-26,ANDROID,dhgate_product367_UK_Purchase 30D_purchase_IAP_Kelsey_AND_20260530,AsUotp8z2P369W1o,49.93,4017,406,,,,,,,,,
2026-09-26,IOS,dhgate_product314_UK_Purchase 30D_purchase_IAP_Kelsey_IOS_20260424,NmHyz3ZrSwNTmf0j,50.2,2460,288,,,,,,,,,
2026-09-26,IOS,dhgate_product319_T1_Purchase 30D_purchase_IAP_Kelsey_IOS_20260429,SGOG7us7fBY7c5lH,150.45,8304,869,,,,,,,,,
2026-09-26,ANDROID,dhgate_product317_UK&FR_ACT&Nopay 30D_purchase_IAP_Kelsey_AND_20260427,tDzMEZEldS4Kei0r,150.95,15044,2289,,,,,,,,,
2026-09-26,IOS,dhgate_product314_T1_ACT&Nopay 30D_purchase_IAP_Kelsey_IOS_20260830,SnRXyvhzCoZXdvNw,200.91,18911,2622,,,,,,,,,
2026-09-26,IOS,dhgate_product138_T1_Purchase 30D_purchase_IAP_Kelsey_IOS_20260918_D7,AIH0D73uc0zb0n7t,53.85,3265,375,,,,,,,,,
2026-09-26,IOS,dhgate_dpa-ios_US_General_purchase_IAP_Kelsey_IOS_20260831,LezIvFETUV9B58uX,541.89,213827,4937,,,,,,,,,
2026-09-26,ANDROID,dhgate_dpa-and_US_General_purchase_IAP_Kelsey_AND_20260831,xln456nOmLHBC1ZU,503.6,302417,15348,,,,,,,,,
2026-09-26,ANDROID,dhgate_product416_T1_ACT&Nopay 30D_purchase_IAP_Kelsey_AND_20260720,keisiJsWSukJumr6,98.49,19662,1989,,,,,,,,,
2026-09-26,IOS,dhgate_product340_T1_Purchase 30D_purchase_IAP_Kelsey_IOS_20260729_D7,g5OokwJOrTmd1BeC,151.09,5748,989,,,,,,,,,
2026-09-26,IOS,dhgate_product430_T1_ACT&Nopay 30D_purchase_IAP_Kelsey_IOS_20260805,ozEjNLe0zpSog6Ol,200.73,20569,2575,,,,,,,,,
2026-09-26,ANDROID,dhgate_product901_US_Purchase 30D_purchase_IAP_Kelsey_20260920,jgDyLj0dxUvEFZyU,49.98,6634,1361,,,,,,,,,
2026-09-26,IOS,dhgate_product463_US_Purchase 30D_purchase_IAP_Kelsey_IOS_20260821,X0Wp7ROkpYUcW6Yz,100.7,4982,507,,,,,,,,,
2026-09-26,ANDROID,dhgate_product908_T1_ACT&Nopay 30D_purchase_IAP_Kelsey_AND_20260925,vB9gIIMcJc41O7tJ,50.25,7751,3270,,,,,,,,,
2026-09-26,IOS,dhgate_product905_US_MLC Registration 30D_purchase_IAP_Kelsey_IOS_20260925,Y0cUDzNbwnPDjr64,38.44,914,543,,,,,,,,,
2026-09-26,IOS,dhgate_product904_US_ACT&Nopay 30D_purchase_IAP_Kelsey_IOS_20260922,Rh9AU3lpRKWQAqLw,46.93,1209,709,,,,,,,,,
2026-09-26,ANDROID,dhgate_product904_US_ACT&Nopay 30D_purchase_IAP_Kelsey_AND_20260925,kIYJyTOdSgUZez2O,47.71,6354,1286,,,,,,,,,
2026-09-26,IOS,dhgate_product902_T1_Purchase 30D_purchase_IAP_Kelsey_IOS_20260921,iVyKwCTsz9RVFvhA,37.34,1046,536,,,,,,,,,
2026-09-26,IOS,dhgate_product908_US_Purchase 30D_purchase_IAP_Kelsey_IOS_20260925,BDXNZ2FjeVGW68vC,45.68,837,399,,,,,,,,,
2026-09-26,ANDROID,dhgate_product897_US_ACT&Nopay 30D_purchase_IAP_Kelsey_AND_20260919,uUbde7yHpDffNWi8,50.53,4300,982,,,,,,,,,
2026-09-26,IOS,dhgate_product896_US_Purchase 30D_purchase_IAP_Kelsey_20260919,v55ItVFoklHbMSK7,50.18,849,431,,,,,,,,,
2026-09-26,IOS,dhgate_product451_US_ACT&Nopay 30D_purchase_IAP_Kelsey_IOS_20260830,KiDul2r7vZZgsnl8,145.43,13285,1419,,,,,,,,,
2026-09-26,ANDROID,dhgate_product894_US_Purchase 30D_purchase_IAP_Kelsey_AND_20260918,XXA943x2ufqjvwyo,46.08,6329,1165,,,,,,,,,
2026-09-26,ANDROID,dhgate_product503_US_Purchase 30D_purchase_IAP_Kelsey_AND_20260920_D7,rSI7maIsj3GelBuv,49.26,2547,537,,,,,,,,,
2026-09-26,IOS,dhgate_product491_US_Purchase 30D_purchase_IAP_Kelsey_IOS_20260901,xCoNwKymdvlaG9eW,50.06,2676,317,,,,,,,,,
2026-09-26,IOS,dhgate_product485_UK_Purchase 30D_purchase_IAP_Kelsey_IOS_20260831,fLTmfQ7Ogr2YOkqc,46.05,2363,300,,,,,,,,,
2026-09-26,IOS,dhgate_product480_US_Purchase 30D_purchase_IAP_Kelsey_IOS_20260830,LBtdwPPD6y2L3UDD,48.8,2485,245,,,,,,,,,
2026-09-26,IOS,dhgate_product478_UK_ACT&Nopay 30D_purchase_IAP_Kelsey_IOS_20260828,wGnUS0Jj9GYefUy1,44.4,2503,516,,,,,,,,,
2026-09-26,IOS,dhgate_product471_T1_Purchase 30D_purchase_IAP_Kelsey_IOS_20260829,Zo2EjfIGClkeV7Qy,100.68,5983,621,,,,,,,,,
2026-09-26,IOS,dhgate_product894_US_Purchase 30D_purchse_IAP_Kelsey_IOS_20260918,E95qg6Zy6ZXZRopJ,45.84,2952,225,,,,,,,,,
2026-09-27,ANDROID,dhgate_product415_T1_ACT&Nopay 30D_purchase_IAP_Kelsey_AND_20260720,mAKCz6oEkG8RFtXq,200.9,27349,3686,,,,,,,,,
2026-09-27,ANDROID,dhgate_product409_T1_Purchase 30D_purchase_IAP_Kelsey_AND_20260729_D7,hzurSjf5sHyjVyUq,147.68,7251,1416,,,,,,,,,
2026-09-27,IOS,dhgate_product403_US_Purchase 30D_purchase_IAP_Kelsey_IOS_20260713,OLvDIbZvBDJIzHMD,44.2,2494,167,,,,,,,,,
2026-09-27,ANDROID,dhgate_product3_US_Purchase 30D_purchase_IAP_Kelsey_AND_20260916,STOT6tpWyhatlGn2,92.35,11611,2314,,,,,,,,,
2026-09-27,ANDROID,dhgate_product385_UK_ACT&Nopay 30D_purchase_IAP_Kelsey_AND_20260630,VzqTPrFSQDRkzKZj,100.61,9764,1282,,,,,,,,,
2026-09-27,ANDROID,dhgate_product384_T1_Purchase 30D_purchase_IAP_Kelsey_AND_20260709_D7,funYq3Yvepl5ocKc,150.28,9469,1167,,,,,,,,,
2026-09-27,ANDROID,dhgate_product367_UK_Purchase 30D_purchase_IAP_Kelsey_AND_20260530,AsUotp8z2P369W1o,50.12,3750,342,,,,,,,,,
2026-09-27,IOS,dhgate_product314_UK_Purchase 30D_purchase_IAP_Kelsey_IOS_20260424,NmHyz3ZrSwNTmf0j,47.14,2902,248,,,,,,,,,
2026-09-27,IOS,dhgate_product319_T1_Purchase 30D_purchase_IAP_Kelsey_IOS_20260429,SGOG7us7fBY7c5lH,150.36,8586,886,,,,,,,,,
2026-09-27,ANDROID,dhgate_product317_UK&FR_ACT&Nopay 30D_purchase_IAP_Kelsey_AND_20260427,tDzMEZEldS4Kei0r,151.0,15329,2224,,,,,,,,,
2026-09-27,IOS,dhgate_product314_T1_ACT&Nopay 30D_purchase_IAP_Kelsey_IOS_20260830,SnRXyvhzCoZXdvNw,189.88,20566,2313,,,,,,,,,
2026-09-27,IOS,dhgate_product138_T1_Purchase 30D_purchase_IAP_Kelsey_IOS_20260918_D7,AIH0D73uc0zb0n7t,52.33,3085,359,,,,,,,,,
2026-09-27,IOS,dhgate_dpa-ios_US_General_purchase_IAP_Kelsey_IOS_20260831,LezIvFETUV9B58uX,470.37,436240,1111,,,,,,,,,
2026-09-27,ANDROID,dhgate_dpa-and_US_General_purchase_IAP_Kelsey_AND_20260831,xln456nOmLHBC1ZU,535.26,343884,15985,,,,,,,,,
2026-09-27,ANDROID,dhgate_product415_T1_Purchase 30D_purchase_IAP_Kelsey_AND_20260918_D7,rRjAwIReEoyHxVF4,47.59,4272,461,,,,,,,,,
2026-09-27,IOS,dhgate_product340_T1_Purchase 30D_purchase_IAP_Kelsey_IOS_20260729_D7,g5OokwJOrTmd1BeC,149.47,6011,898,,,,,,,,,
2026-09-27,ANDROID,dhgate_product416_T1_ACT&Nopay 30D_purchase_IAP_Kelsey_AND_20260720,keisiJsWSukJumr6,100.7,18876,1907,,,,,,,,,
2026-09-27,IOS,dhgate_product430_T1_ACT&Nopay 30D_purchase_IAP_Kelsey_IOS_20260805,ozEjNLe0zpSog6Ol,187.94,21837,2239,,,,,,,,,
2026-09-27,IOS,dhgate_product902_T1_Purchase 30D_purchase_IAP_Kelsey_IOS_20260921,iVyKwCTsz9RVFvhA,38.91,1142,583,,,,,,,,,
2026-09-27,IOS,dhgate_product451_US_ACT&Nopay 30D_purchase_IAP_Kelsey_IOS_20260830,KiDul2r7vZZgsnl8,145.39,14588,1102,,,,,,,,,
2026-09-27,ANDROID,dhgate_product908_T1_ACT&Nopay 30D_purchase_IAP_Kelsey_AND_20260925,vB9gIIMcJc41O7tJ,50.23,6443,3212,,,,,,,,,
2026-09-27,IOS,dhgate_product905_US_MLC Registration 30D_purchase_IAP_Kelsey_IOS_20260925,Y0cUDzNbwnPDjr64,45.43,1041,583,,,,,,,,,
2026-09-27,IOS,dhgate_product904_US_ACT&Nopay 30D_purchase_IAP_Kelsey_IOS_20260922,Rh9AU3lpRKWQAqLw,50.16,1251,725,,,,,,,,,
2026-09-27,ANDROID,dhgate_product904_US_ACT&Nopay 30D_purchase_IAP_Kelsey_AND_20260925,kIYJyTOdSgUZez2O,50.61,5018,1148,,,,,,,,,
2026-09-27,IOS,dhgate_product908_US_Purchase 30D_purchase_IAP_Kelsey_IOS_20260925,BDXNZ2FjeVGW68vC,50.24,816,373,,,,,,,,,
2026-09-27,ANDROID,dhgate_product901_US_Purchase 30D_purchase_IAP_Kelsey_20260920,jgDyLj0dxUvEFZyU,49.16,6501,1138,,,,,,,,,
2026-09-27,ANDROID,dhgate_product897_US_ACT&Nopay 30D_purchase_IAP_Kelsey_AND_20260919,uUbde7yHpDffNWi8,50.49,2818,949,,,,,,,,,
2026-09-27,IOS,dhgate_product896_US_Purchase 30D_purchase_IAP_Kelsey_20260919,v55ItVFoklHbMSK7,50.34,828,382,,,,,,,,,
2026-09-27,ANDROID,dhgate_product894_US_Purchase 30D_purchase_IAP_Kelsey_AND_20260918,XXA943x2ufqjvwyo,45.59,6358,1144,,,,,,,,,
2026-09-27,ANDROID,dhgate_product503_US_Purchase 30D_purchase_IAP_Kelsey_AND_20260920_D7,rSI7maIsj3GelBuv,70.78,1995,554,,,,,,,,,
2026-09-27,IOS,dhgate_product491_US_Purchase 30D_purchase_IAP_Kelsey_IOS_20260901,xCoNwKymdvlaG9eW,38.08,2274,196,,,,,,,,,
2026-09-27,IOS,dhgate_product485_UK_Purchase 30D_purchase_IAP_Kelsey_IOS_20260831,fLTmfQ7Ogr2YOkqc,43.62,2851,218,,,,,,,,,
2026-09-27,IOS,dhgate_product480_US_Purchase 30D_purchase_IAP_Kelsey_IOS_20260830,LBtdwPPD6y2L3UDD,43.37,2518,188,,,,,,,,,
2026-09-27,IOS,dhgate_product478_UK_ACT&Nopay 30D_purchase_IAP_Kelsey_IOS_20260828,wGnUS0Jj9GYefUy1,38.49,2359,434,,,,,,,,,
2026-09-27,IOS,dhgate_product471_T1_Purchase 30D_purchase_IAP_Kelsey_IOS_20260829,Zo2EjfIGClkeV7Qy,100.74,6354,584,,,,,,,,,
2026-09-27,IOS,dhgate_product463_US_Purchase 30D_purchase_IAP_Kelsey_IOS_20260821,X0Wp7ROkpYUcW6Yz,98.17,5357,349,,,,,,,,,
2026-09-27,IOS,dhgate_product894_US_Purchase 30D_purchse_IAP_Kelsey_IOS_20260918,E95qg6Zy6ZXZRopJ,45.05,3106,211,,,,,,,,,
2026-09-28,IOS,dhgate_product403_US_Purchase 30D_purchase_IAP_Kelsey_IOS_20260713,OLvDIbZvBDJIzHMD,44.09,2856,195,,,,,,,,,
2026-09-28,ANDROID,dhgate_product3_US_Purchase 30D_purchase_IAP_Kelsey_AND_20260916,STOT6tpWyhatlGn2,91.58,10341,1848,,,,,,,,,
2026-09-28,ANDROID,dhgate_product409_T1_Purchase 30D_purchase_IAP_Kelsey_AND_20260729_D7,hzurSjf5sHyjVyUq,144.23,6950,1307,,,,,,,,,
2026-09-28,IOS,dhgate_product430_T1_ACT&Nopay 30D_purchase_IAP_Kelsey_IOS_20260805,ozEjNLe0zpSog6Ol,200.37,22096,2368,,,,,,,,,
2026-09-28,ANDROID,dhgate_product415_T1_Purchase 30D_purchase_IAP_Kelsey_AND_20260918_D7,rRjAwIReEoyHxVF4,51.9,5115,506,,,,,,,,,
2026-09-28,ANDROID,dhgate_product416_T1_ACT&Nopay 30D_purchase_IAP_Kelsey_AND_20260720,keisiJsWSukJumr6,100.51,18934,1776,,,,,,,,,
2026-09-28,ANDROID,dhgate_product415_T1_ACT&Nopay 30D_purchase_IAP_Kelsey_AND_20260720,mAKCz6oEkG8RFtXq,201.09,28456,3657,,,,,,,,,
2026-09-28,ANDROID,dhgate_product384_T1_Purchase 30D_purchase_IAP_Kelsey_AND_20260709_D7,funYq3Yvepl5ocKc,150.78,9570,1140,,,,,,,,,
2026-09-28,ANDROID,dhgate_dpa-and_US_General_purchase_IAP_Kelsey_AND_20260831,xln456nOmLHBC1ZU,462.86,384107,11877,,,,,,,,,
2026-09-28,IOS,dhgate_product340_T1_Purchase 30D_purchase_IAP_Kelsey_IOS_20260729_D7,g5OokwJOrTmd1BeC,140.72,5965,903,,,,,,,,,
2026-09-28,IOS,dhgate_product319_T1_Purchase 30D_purchase_IAP_Kelsey_IOS_20260429,SGOG7us7fBY7c5lH,150.76,8177,841,,,,,,,,,
2026-09-28,ANDROID,dhgate_product317_UK&FR_ACT&Nopay 30D_purchase_IAP_Kelsey_AND_20260427,tDzMEZEldS4Kei0r,150.67,16609,2086,,,,,,,,,
2026-09-28,IOS,dhgate_product314_UK_Purchase 30D_purchase_IAP_Kelsey_IOS_20260424,NmHyz3ZrSwNTmf0j,45.06,2944,249,,,,,,,,,
2026-09-28,IOS,dhgate_product314_T1_ACT&Nopay 30D_purchase_IAP_Kelsey_IOS_20260830,SnRXyvhzCoZXdvNw,200.53,20796,2411,,,,,,,,,
2026-09-28,IOS,dhgate_product138_T1_Purchase 30D_purchase_IAP_Kelsey_IOS_20260918_D7,AIH0D73uc0zb0n7t,46.44,2690,306,,,,,,,,,
2026-09-28,IOS,dhgate_dpa-ios_US_General_purchase_IAP_Kelsey_IOS_20260831,LezIvFETUV9B58uX,441.07,407933,970,,,,,,,,,
2026-09-28,ANDROID,dhgate_product367_UK_Purchase 30D_purchase_IAP_Kelsey_AND_20260530,AsUotp8z2P369W1o,50.7,3523,351,,,,,,,,,
2026-09-28,IOS,dhgate_product451_US_ACT&Nopay 30D_purchase_IAP_Kelsey_IOS_20260830,KiDul2r7vZZgsnl8,146.54,15120,1224,,,,,,,,,
2026-09-28,ANDROID,dhgate_product385_UK_ACT&Nopay 30D_purchase_IAP_Kelsey_AND_20260630,VzqTPrFSQDRkzKZj,101.09,9844,1124,,,,,,,,,
2026-09-28,IOS,dhgate_product471_T1_Purchase 30D_purchase_IAP_Kelsey_IOS_20260829,Zo2EjfIGClkeV7Qy,101.05,6208,563,,,,,,,,,
2026-09-28,IOS,dhgate_product908_US_Purchase 30D_purchase_IAP_Kelsey_IOS_20260925,BDXNZ2FjeVGW68vC,50.2,1211,376,,,,,,,,,
2026-09-28,ANDROID,dhgate_product908_T1_ACT&Nopay 30D_purchase_IAP_Kelsey_AND_20260925,vB9gIIMcJc41O7tJ,40.76,5974,2763,,,,,,,,,
2026-09-28,IOS,dhgate_product905_US_MLC Registration 30D_purchase_IAP_Kelsey_IOS_20260925,Y0cUDzNbwnPDjr64,44.6,1046,582,,,,,,,,,
2026-09-28,ANDROID,dhgate_product905_US_MLC Registration 30D_purchase_IAP_Kelsey_AND_20260928,JByd7s8eTDYRP5Hk,6.94,684,252,,,,,,,,,
2026-09-28,IOS,dhgate_product904_US_ACT&Nopay 30D_purchase_IAP_Kelsey_IOS_20260922,Rh9AU3lpRKWQAqLw,40.25,2303,618,,,,,,,,,
2026-09-28,ANDROID,dhgate_product904_US_ACT&Nopay 30D_purchase_IAP_Kelsey_AND_20260925,kIYJyTOdSgUZez2O,50.28,3542,1018,,,,,,,,,
2026-09-28,IOS,dhgate_product902_T1_Purchase 30D_purchase_IAP_Kelsey_IOS_20260921,iVyKwCTsz9RVFvhA,46.36,1507,669,,,,,,,,,
2026-09-28,ANDROID,dhgate_product901_US_Purchase 30D_purchase_IAP_Kelsey_20260920,jgDyLj0dxUvEFZyU,47.88,5785,928,,,,,,,,,
2026-09-28,IOS,dhgate_product463_US_Purchase 30D_purchase_IAP_Kelsey_IOS_20260821,X0Wp7ROkpYUcW6Yz,95.03,5643,347,,,,,,,,,
2026-09-28,IOS,dhgate_product896_US_Purchase 30D_purchase_IAP_Kelsey_20260919,v55ItVFoklHbMSK7,43.15,778,306,,,,,,,,,
2026-09-28,IOS,dhgate_product894_US_Purchase 30D_purchse_IAP_Kelsey_IOS_20260918,E95qg6Zy6ZXZRopJ,46.39,3589,205,,,,,,,,,
2026-09-28,ANDROID,dhgate_product894_US_Purchase 30D_purchase_IAP_Kelsey_AND_20260918,XXA943x2ufqjvwyo,45.94,5383,969,,,,,,,,,
2026-09-28,ANDROID,dhgate_product503_US_Purchase 30D_purchase_IAP_Kelsey_AND_20260920_D7,rSI7maIsj3GelBuv,67.61,5066,1289,,,,,,,,,
2026-09-28,IOS,dhgate_product491_US_Purchase 30D_purchase_IAP_Kelsey_IOS_20260901,xCoNwKymdvlaG9eW,40.16,2564,202,,,,,,,,,
2026-09-28,IOS,dhgate_product485_UK_Purchase 30D_purchase_IAP_Kelsey_IOS_20260831,fLTmfQ7Ogr2YOkqc,48.11,2862,257,,,,,,,,,
2026-09-28,IOS,dhgate_product480_US_Purchase 30D_purchase_IAP_Kelsey_IOS_20260830,LBtdwPPD6y2L3UDD,45.26,2827,152,,,,,,,,,
2026-09-28,IOS,dhgate_product478_UK_ACT&Nopay 30D_purchase_IAP_Kelsey_IOS_20260828,wGnUS0Jj9GYefUy1,44.87,2665,549,,,,,,,,,
2026-09-28,ANDROID,dhgate_product897_US_ACT&Nopay 30D_purchase_IAP_Kelsey_AND_20260919,uUbde7yHpDffNWi8,50.91,2602,829,,,,,,,,,
2026-09-29,IOS,dhgate_product896_US_ACT&Nopay 30D_purchase_IAP_Kelsey_20260929_D7,C3dafwJPuPuWjdec,13.21834,454,259,,,,,,,,,
2026-09-29,IOS,dhgate_product894_US_Purchase 30D_purchse_IAP_Kelsey_IOS_20260918,E95qg6Zy6ZXZRopJ,27.53247,1577,138,,,,,,,,,
2026-09-29,ANDROID,dhgate_product894_US_Purchase 30D_purchase_IAP_Kelsey_AND_20260918,XXA943x2ufqjvwyo,82.46355,8342,1420,,,,,,,,,
2026-09-29,IOS,dhgate_product509_UK_AF Content View 30D_purchse_IAP_Kelsey_IOS_20260916,MJA5NZaZkHhD26Pz,0.0,0,0,,,,,,,,,
2026-09-29,ANDROID,dhgate_product503_UK_Purchase 30D_purchase_IAP_Kelsey_AND_20260909,AUf6OXnCRqmC3y1Z,0.0,0,0,,,,,,,,,
2026-09-29,ANDROID,dhgate_product503_US_Purchase 30D_purchase_IAP_Kelsey_AND_20260929,NJZKWNCf042xfy4g,8.413949,539,133,,,,,,,,,
2026-09-29,ANDROID,dhgate_product503_US_Purchase 30D_purchase_IAP_Kelsey_AND_20260920_D7,rSI7maIsj3GelBuv,73.10896,6790,1418,,,,,,,,,
2026-09-29,ANDROID,dhgate_product896_US_AF Content View 30D_purchase_IAP_Kelsey_AND_20260919,FeE2zbIX9qeAhtBd,0.0,0,0,,,,,,,,,
2026-09-29,IOS,dhgate_product491_US_Purchase 30D_purchase_IAP_Kelsey_IOS_20260901,xCoNwKymdvlaG9eW,59.78363,2985,429,,,,,,,,,
2026-09-29,ANDROID,dhgate_product509_UK_AF Content View 30D_purchase_IAP_Kelsey_AND_20260916,I3MaOzy8z506PH9d,0.0,0,0,,,,,,,,,
2026-09-29,IOS,dhgate_product896_US_Purchase 30D_purchase_IAP_Kelsey_20260919,v55ItVFoklHbMSK7,53.18606,1079,445,,,,,,,,,
2026-09-29,ANDROID,dhgate_product902_US_ACT&Nopay 30D_purchase_IAP_Kelsey_AND_20260921,PdV7kJebAYi8UakV,0.0,0,0,,,,,,,,,
2026-09-29,ANDROID,dhgate_product901_T1_ACT&Nopay 30D_purchase_IAP_Kelsey_AND_20260929_D7,Hdp6Vvlwyl86avQ1,13.49684,3989,1325,,,,,,,,,
2026-09-29,ANDROID,dhgate_product901_US_Purchase 30D_purchase_IAP_Kelsey_20260920,jgDyLj0dxUvEFZyU,79.14784,8178,1357,,,,,,,,,
2026-09-29,IOS,dhgate_product902_T1_Purchase 30D_purchase_IAP_Kelsey_IOS_20260921,iVyKwCTsz9RVFvhA,55.23946,1788,779,,,,,,,,,
2026-09-29,ANDROID,dhgate_product904_US_ACT&Nopay 30D_purchase_IAP_Kelsey_AND_20260925,kIYJyTOdSgUZez2O,37.71068,3202,809,,,,,,,,,
2026-09-29,IOS,dhgate_product904_US_ACT&Nopay 30D_purchase_IAP_Kelsey_IOS_20260922,Rh9AU3lpRKWQAqLw,44.5138,5962,572,,,,,,,,,
2026-09-29,ANDROID,dhgate_product905_US_MLC Registration 30D_purchase_IAP_Kelsey_AND_20260928,JByd7s8eTDYRP5Hk,50.37879,3963,1342,,,,,,,,,
2026-09-29,IOS,dhgate_product905_US_MLC Registration 30D_purchase_IAP_Kelsey_IOS_20260925,Y0cUDzNbwnPDjr64,43.22926,1077,610,,,,,,,,,
2026-09-29,IOS,dhgate_product485_UK_Purchase 30D_purchase_IAP_Kelsey_IOS_20260831,fLTmfQ7Ogr2YOkqc,78.27273,3558,493,,,,,,,,,
2026-09-29,IOS,dhgate_product908_US_Purchase 30D_purchase_IAP_Kelsey_IOS_20260925,BDXNZ2FjeVGW68vC,44.10777,3303,247,,,,,,,,,
2026-09-29,ANDROID,dhgate_product910_UK_Purchase 30D_purchase_IAP_Kelsey_AND_20260929,b0l73oQxIbhYcmMB,10.30553,785,316,,,,,,,,,
2026-09-29,IOS,dhgate_product910_UK_Purchase 30D_purchse_IAP_Kelsey_IOS_20260929,FxSkHgpdSyhhOWZg,14.25735,348,190,,,,,,,,,
2026-09-29,ANDROID,dhgate_product897_US_ACT&Nopay 30D_purchase_IAP_Kelsey_AND_20260919,uUbde7yHpDffNWi8,32.18176,3124,532,,,,,,,,,
2026-09-29,ANDROID,dhgate_product908_T1_ACT&Nopay 30D_purchase_IAP_Kelsey_AND_20260925,vB9gIIMcJc41O7tJ,26.33712,3704,1774,,,,,,,,,
2026-09-29,IOS,dhgate_product480_US_Purchase 30D_purchase_IAP_Kelsey_IOS_20260830,LBtdwPPD6y2L3UDD,40.09372,2331,234,,,,,,,,,
2026-09-29,IOS,dhgate_product471_T1_Purchase 30D_purchase_IAP_Kelsey_IOS_20260829,Zo2EjfIGClkeV7Qy,121.7374,7324,871,,,,,,,,,
2026-09-29,ANDROID,dhgate_dpa-and_US_General_purchase_IAP_Kelsey_AND_20260831,xln456nOmLHBC1ZU,443.65,656759,3077,,,,,,,,,
2026-09-29,IOS,dhgate_dpa-ios_US_General_purchase_IAP_Kelsey_IOS_20260831,LezIvFETUV9B58uX,451.1729,430809,1348,,,,,,,,,
2026-09-29,IOS,dhgate_product138_FR_ACT&Nopay 30D_purchase_IAP_Kelsey_IOS_20260403,zNcB24si9mbzBPed,0.0,0,0,,,,,,,,,
2026-09-29,IOS,dhgate_product478_UK_ACT&Nopay 30D_purchase_IAP_Kelsey_IOS_20260828,wGnUS0Jj9GYefUy1,60.48663,3191,751,,,,,,,,,
2026-09-29,IOS,dhgate_product314_T1_ACT&Nopay 30D_purchase_IAP_Kelsey_IOS_20260830,SnRXyvhzCoZXdvNw,99.89513,10517,1462,,,,,,,,,
2026-09-29,IOS,dhgate_product314_UK_Purchase 30D_purchase_IAP_Kelsey_IOS_20260424,NmHyz3ZrSwNTmf0j,67.41364,3312,455,,,,,,,,,
2026-09-29,ANDROID,dhgate_product317_UK&FR_ACT&Nopay 30D_purchase_IAP_Kelsey_AND_20260427,tDzMEZEldS4Kei0r,100.5182,11292,1480,,,,,,,,,
2026-09-29,IOS,dhgate_product319_T1_Purchase 30D_purchase_IAP_Kelsey_IOS_20260429,SGOG7us7fBY7c5lH,80.8534,4534,575,,,,,,,,,
2026-09-29,IOS,dhgate_product340_T1_Purchase 30D_purchase_IAP_Kelsey_IOS_20260729_D7,g5OokwJOrTmd1BeC,69.32628,2966,501,,,,,,,,,
2026-09-29,ANDROID,dhgate_product367_UK_Purchase 30D_purchase_IAP_Kelsey_AND_20260530,AsUotp8z2P369W1o,103.1115,6223,703,,,,,,,,,
2026-09-29,ANDROID,dhgate_product384_T1_Purchase 30D_purchase_IAP_Kelsey_AND_20260709_D7,funYq3Yvepl5ocKc,84.42683,5131,632,,,,,,,,,
2026-09-29,ANDROID,dhgate_product385_UK_ACT&Nopay 30D_purchase_IAP_Kelsey_AND_20260630,VzqTPrFSQDRkzKZj,100.8721,9934,1185,,,,,,,,,
2026-09-29,IOS,dhgate_product138_T1_Purchase 30D_purchase_IAP_Kelsey_IOS_20260918_D7,AIH0D73uc0zb0n7t,20.82129,1446,169,,,,,,,,,
2026-09-29,IOS,dhgate_product403_US_Purchase 30D_purchase_IAP_Kelsey_IOS_20260713,OLvDIbZvBDJIzHMD,57.01879,3097,420,,,,,,,,,
2026-09-29,ANDROID,dhgate_product3_US_Purchase 30D_purchase_IAP_Kelsey_AND_20260916,STOT6tpWyhatlGn2,53.76037,6122,823,,,,,,,,,
2026-09-29,ANDROID,dhgate_product463_US_Purchase 30D_purchse_IAP_Kelsey_AND_20260821,nf2ok8XC7nMvmHON,0.0,0,0,,,,,,,,,
2026-09-29,IOS,dhgate_product451_US_ACT&Nopay 30D_purchase_IAP_Kelsey_IOS_20260830,KiDul2r7vZZgsnl8,155.6441,14704,1672,,,,,,,,,
2026-09-29,IOS,dhgate_product451_T1_ACT&Nopay 30D_purchase_IAP_Kelsey_IOS_20260929_D7,EDuQsiEGopNEiTsP,30.71418,1841,1017,,,,,,,,,
2026-09-29,IOS,dhgate_product430_T1_ACT&Nopay 30D_purchase_IAP_Kelsey_IOS_20260805,ozEjNLe0zpSog6Ol,197.9279,21785,2673,,,,,,,,,
2026-09-29,IOS,dhgate_product463_US_Purchase 30D_purchase_IAP_Kelsey_IOS_20260821,X0Wp7ROkpYUcW6Yz,57.43564,2991,252,,,,,,,,,
2026-09-29,ANDROID,dhgate_product415_T1_Purchase 30D_purchase_IAP_Kelsey_AND_20260918_D7,rRjAwIReEoyHxVF4,27.63007,2200,268,,,,,,,,,
2026-09-29,ANDROID,dhgate_product415_T1_ACT&Nopay 30D_purchase_IAP_Kelsey_AND_20260720,mAKCz6oEkG8RFtXq,110.9488,14991,2163,,,,,,,,,
2026-09-29,ANDROID,dhgate_product414_UK_ACT&Nopay 30D_purchase_IAP_Kelsey_AND_20260717,Sta14UHs9lqoZaRk,0.0,0,0,,,,,,,,,
2026-09-29,ANDROID,dhgate_product409_T1_Purchase 30D_purchase_IAP_Kelsey_AND_20260729_D7,hzurSjf5sHyjVyUq,149.9383,7474,1283,,,,,,,,,
2026-09-29,ANDROID,dhgate_product416_T1_ACT&Nopay 30D_purchase_IAP_Kelsey_AND_20260720,keisiJsWSukJumr6,100.312,20070,1794,,,,,,,,,
2026-09-30,ANDROID,dhgate_product385_UK_ACT&Nopay 30D_purchase_IAP_Kelsey_AND_20260630,VzqTPrFSQDRkzKZj,99.48,9523,1209,,,,,,,,,
2026-09-30,IOS,dhgate_product430_T1_ACT&Nopay 30D_purchase_IAP_Kelsey_IOS_20260805,ozEjNLe0zpSog6Ol,196.76,22719,2417,,,,,,,,,
2026-09-30,ANDROID,dhgate_product416_T1_ACT&Nopay 30D_purchase_IAP_Kelsey_AND_20260720,keisiJsWSukJumr6,98.51,20398,1867,,,,,,,,,
2026-09-30,ANDROID,dhgate_product415_T1_ACT&Nopay 30D_purchase_IAP_Kelsey_AND_20260720,mAKCz6oEkG8RFtXq,100.58,18415,1939,,,,,,,,,
2026-09-30,ANDROID,dhgate_product409_T1_Purchase 30D_purchase_IAP_Kelsey_AND_20260729_D7,hzurSjf5sHyjVyUq,150.53,7192,1325,,,,,,,,,
2026-09-30,IOS,dhgate_product403_US_Purchase 30D_purchase_IAP_Kelsey_IOS_20260713,OLvDIbZvBDJIzHMD,85.86,5022,582,,,,,,,,,
2026-09-30,ANDROID,dhgate_product3_US_Purchase 30D_purchase_IAP_Kelsey_AND_20260916,STOT6tpWyhatlGn2,50.12,5449,640,,,,,,,,,
2026-09-30,ANDROID,dhgate_product384_T1_Purchase 30D_purchase_IAP_Kelsey_AND_20260709_D7,funYq3Yvepl5ocKc,50.18,4084,447,,,,,,,,,
2026-09-30,IOS,dhgate_product314_UK_Purchase 30D_purchase_IAP_Kelsey_IOS_20260424,NmHyz3ZrSwNTmf0j,100.34,4598,601,,,,,,,,,
2026-09-30,IOS,dhgate_product340_T1_Purchase 30D_purchase_IAP_Kelsey_IOS_20260729_D7,g5OokwJOrTmd1BeC,50.28,2855,320,,,,,,,,,
2026-09-30,IOS,dhgate_product319_T1_Purchase 30D_purchase_IAP_Kelsey_IOS_20260429,SGOG7us7fBY7c5lH,50.35,3502,341,,,,,,,,,
2026-09-30,IOS,dhgate_product451_T1_ACT&Nopay 30D_purchase_IAP_Kelsey_IOS_20260929_D7,EDuQsiEGopNEiTsP,89.65,5000,2656,,,,,,,,,
2026-09-30,ANDROID,dhgate_product317_UK&FR_ACT&Nopay 30D_purchase_IAP_Kelsey_AND_20260427,tDzMEZEldS4Kei0r,100.65,12597,1548,,,,,,,,,
2026-09-30,IOS,dhgate_product314_T1_ACT&Nopay 30D_purchase_IAP_Kelsey_IOS_20260830,SnRXyvhzCoZXdvNw,50.09,7865,590,,,,,,,,,
2026-09-30,IOS,dhgate_dpa-ios_US_General_purchase_IAP_Kelsey_IOS_20260831,LezIvFETUV9B58uX,464.39,442453,1469,,,,,,,,,
2026-09-30,ANDROID,dhgate_dpa-and_US_General_purchase_IAP_Kelsey_AND_20260831,xln456nOmLHBC1ZU,475.72,635915,3320,,,,,,,,,
2026-09-30,ANDROID,dhgate_product367_UK_Purchase 30D_purchase_IAP_Kelsey_AND_20260530,AsUotp8z2P369W1o,142.86,6182,832,,,,,,,,,
2026-09-30,IOS,dhgate_product451_US_ACT&Nopay 30D_purchase_IAP_Kelsey_IOS_20260830,KiDul2r7vZZgsnl8,188.22,17689,2025,,,,,,,,,
2026-09-30,IOS,dhgate_product904_US_ACT&Nopay 30D_purchase_IAP_Kelsey_IOS_20260922,Rh9AU3lpRKWQAqLw,46.11,6063,624,,,,,,,,,
2026-09-30,IOS,dhgate_product478_UK_ACT&Nopay 30D_purchase_IAP_Kelsey_IOS_20260828,wGnUS0Jj9GYefUy1,89.79,4687,1027,,,,,,,,,
2026-09-30,IOS,dhgate_product910_UK_Purchase 30D_purchse_IAP_Kelsey_IOS_20260929,FxSkHgpdSyhhOWZg,46.81,980,470,,,,,,,,,
2026-09-30,ANDROID,dhgate_product910_UK_Purchase 30D_purchase_IAP_Kelsey_AND_20260929,b0l73oQxIbhYcmMB,40.46,2319,768,,,,,,,,,
2026-09-30,IOS,dhgate_product908_US_Purchase 30D_purchase_IAP_Kelsey_IOS_20260925,BDXNZ2FjeVGW68vC,45.87,3818,310,,,,,,,,,
2026-09-30,IOS,dhgate_product905_US_MLC Registration 30D_purchase_IAP_Kelsey_IOS_20260925,Y0cUDzNbwnPDjr64,43.42,1046,565,,,,,,,,,
2026-09-30,ANDROID,dhgate_product905_US_MLC Registration 30D_purchase_IAP_Kelsey_AND_20260928,JByd7s8eTDYRP5Hk,50.25,3810,1105,,,,,,,,,
2026-09-30,IOS,dhgate_product902_T1_Purchase 30D_purchase_IAP_Kelsey_IOS_20260921,iVyKwCTsz9RVFvhA,92.67,3144,1195,,,,,,,,,
2026-09-30,ANDROID,dhgate_product901_US_Purchase 30D_purchase_IAP_Kelsey_20260920,jgDyLj0dxUvEFZyU,142.59,11728,1815,,,,,,,,,
2026-09-30,ANDROID,dhgate_product901_T1_ACT&Nopay 30D_purchase_IAP_Kelsey_AND_20260929_D7,Hdp6Vvlwyl86avQ1,41.58,9100,3029,,,,,,,,,
2026-09-30,IOS,dhgate_product471_T1_Purchase 30D_purchase_IAP_Kelsey_IOS_20260829,Zo2EjfIGClkeV7Qy,143.81,7891,991,,,,,,,,,
2026-09-30,IOS,dhgate_product896_US_ACT&Nopay 30D_purchase_IAP_Kelsey_20260929_D7,C3dafwJPuPuWjdec,35.88,1193,642,,,,,,,,,
2026-09-30,ANDROID,dhgate_product894_US_Purchase 30D_purchase_IAP_Kelsey_AND_20260918,XXA943x2ufqjvwyo,151.3,11399,1993,,,,,,,,,
2026-09-30,ANDROID,dhgate_product503_US_Purchase 30D_purchase_IAP_Kelsey_AND_20260929,NJZKWNCf042xfy4g,46.28,3146,567,,,,,,,,,
2026-09-30,ANDROID,dhgate_product503_US_Purchase 30D_purchase_IAP_Kelsey_AND_20260920_D7,rSI7maIsj3GelBuv,131.99,9609,1916,,,,,,,,,
2026-09-30,IOS,dhgate_product491_US_Purchase 30D_purchase_IAP_Kelsey_IOS_20260901,xCoNwKymdvlaG9eW,94.44,4876,698,,,,,,,,,
2026-09-30,IOS,dhgate_product485_UK_Purchase 30D_purchase_IAP_Kelsey_IOS_20260831,fLTmfQ7Ogr2YOkqc,94.81,4789,575,,,,,,,,,
2026-09-30,IOS,dhgate_product480_US_Purchase 30D_purchase_IAP_Kelsey_IOS_20260830,LBtdwPPD6y2L3UDD,50.03,3320,360,,,,,,,,,
2026-09-30,IOS,dhgate_product896_US_Purchase 30D_purchase_IAP_Kelsey_20260919,v55ItVFoklHbMSK7,138.95,2595,1009,,,,,,,,,
2026-10-01,IOS,dhgate_product430_T1_ACT&Nopay 30D_purchase_IAP_Kelsey_IOS_20260805,ozEjNLe0zpSog6Ol,180.21,22508,2189,,,,,,,,,
2026-10-01,ANDROID,dhgate_product416_T1_ACT&Nopay 30D_purchase_IAP_Kelsey_AND_20260720,keisiJsWSukJumr6,100.32,21355,1756,,,,,,,,,
2026-10-01,ANDROID,dhgate_product415_T1_ACT&Nopay 30D_purchase_IAP_Kelsey_AND_20260720,mAKCz6oEkG8RFtXq,100.39,18417,1983,,,,,,,,,
2026-10-01,ANDROID,dhgate_product409_T1_Purchase 30D_purchase_IAP_Kelsey_AND_20260729_D7,hzurSjf5sHyjVyUq,148.71,7869,1262,,,,,,,,,
2026-10-01,IOS,dhgate_product403_US_Purchase 30D_purchase_IAP_Kelsey_IOS_20260713,OLvDIbZvBDJIzHMD,96.53,5483,622,,,,,,,,,
2026-10-01,ANDROID,dhgate_product3_US_Purchase 30D_purchase_IAP_Kelsey_AND_20260916,STOT6tpWyhatlGn2,45.38,5226,613,,,,,,,,,
2026-10-01,ANDROID,dhgate_product385_UK_ACT&Nopay 30D_purchase_IAP_Kelsey_AND_20260630,VzqTPrFSQDRkzKZj,100.45,9051,1155,,,,,,,,,
2026-10-01,ANDROID,dhgate_product384_T1_Purchase 30D_purchase_IAP_Kelsey_AND_20260709_D7,funYq3Yvepl5ocKc,50.38,5139,438,,,,,,,,,
2026-10-01,ANDROID,dhgate_product317_UK&FR_ACT&Nopay 30D_purchase_IAP_Kelsey_AND_20260427,tDzMEZEldS4Kei0r,100.92,11451,1470,,,,,,,,,
2026-10-01,IOS,dhgate_product340_T1_Purchase 30D_purchase_IAP_Kelsey_IOS_20260729_D7,g5OokwJOrTmd1BeC,50.08,3204,326,,,,,,,,,
2026-10-01,IOS,dhgate_product319_T1_Purchase 30D_purchase_IAP_Kelsey_IOS_20260429,SGOG7us7fBY7c5lH,50.02,3533,345,,,,,,,,,
2026-10-01,IOS,dhgate_product314_UK_Purchase 30D_purchase_IAP_Kelsey_IOS_20260424,NmHyz3ZrSwNTmf0j,90.82,4673,468,,,,,,,,,
2026-10-01,IOS,dhgate_product314_T1_ACT&Nopay 30D_purchase_IAP_Kelsey_IOS_20260830,SnRXyvhzCoZXdvNw,50.38,9348,622,,,,,,,,,
2026-10-01,IOS,dhgate_dpa-ios_US_General_purchase_IAP_Kelsey_IOS_20260831,LezIvFETUV9B58uX,487.2,465604,1594,,,,,,,,,
2026-10-01,ANDROID,dhgate_dpa-and_US_General_purchase_IAP_Kelsey_AND_20260831,xln456nOmLHBC1ZU,501.32,661507,3825,,,,,,,,,
2026-10-01,IOS,dhgate_product451_T1_ACT&Nopay 30D_purchase_IAP_Kelsey_IOS_20260929_D7,EDuQsiEGopNEiTsP,86.04,4274,2163,,,,,,,,,
2026-10-01,ANDROID,dhgate_product367_UK_Purchase 30D_purchase_IAP_Kelsey_AND_20260530,AsUotp8z2P369W1o,150.98,6866,919,,,,,,,,,
2026-10-01,IOS,dhgate_product451_US_ACT&Nopay 30D_purchase_IAP_Kelsey_IOS_20260830,KiDul2r7vZZgsnl8,185.36,17835,1920,,,,,,,,,
2026-10-01,IOS,dhgate_product471_T1_Purchase 30D_purchase_IAP_Kelsey_IOS_20260829,Zo2EjfIGClkeV7Qy,150.3,8561,911,,,,,,,,,
2026-10-01,ANDROID,dhgate_product917_USA_Purchase 30D_purchse_IAP_Kelsey_AND_20260930,XEf0K4myuyyS6k9n,33.07,1835,492,,,,,,,,,
2026-10-01,IOS,dhgate_product917_USA_Purchase 30D_purchse_IAP_Kelsey_IOS_20260930,vlO21zFlOI9YHJ6v,33.73,848,403,,,,,,,,,
2026-10-01,IOS,dhgate_product478_UK_ACT&Nopay 30D_purchase_IAP_Kelsey_IOS_20260828,wGnUS0Jj9GYefUy1,100.08,5545,1157,,,,,,,,,
2026-10-01,IOS,dhgate_product910_UK_Purchase 30D_purchse_IAP_Kelsey_IOS_20260929,FxSkHgpdSyhhOWZg,43.7,840,399,,,,,,,,,
2026-10-01,ANDROID,dhgate_product910_UK_Purchase 30D_purchase_IAP_Kelsey_AND_20260929,b0l73oQxIbhYcmMB,50.56,2613,724,,,,,,,,,
2026-10-01,IOS,dhgate_product908_US_Purchase 30D_purchase_IAP_Kelsey_IOS_20260925,BDXNZ2FjeVGW68vC,46.62,4008,301,,,,,,,,,
2026-10-01,IOS,dhgate_product905_US_MLC Registration 30D_purchase_IAP_Kelsey_IOS_20260925,Y0cUDzNbwnPDjr64,34.68,852,461,,,,,,,,,
2026-10-01,IOS,dhgate_product904_US_ACT&Nopay 30D_purchase_IAP_Kelsey_IOS_20260922,Rh9AU3lpRKWQAqLw,49.52,6801,665,,,,,,,,,
2026-10-01,IOS,dhgate_product902_T1_Purchase 30D_purchase_IAP_Kelsey_IOS_20260921,iVyKwCTsz9RVFvhA,94.93,2988,1132,,,,,,,,,
2026-10-01,ANDROID,dhgate_product901_US_Purchase 30D_purchase_IAP_Kelsey_20260920,jgDyLj0dxUvEFZyU,150.29,11656,2021,,,,,,,,,
2026-10-01,ANDROID,dhgate_product905_US_MLC Registration 30D_purchase_IAP_Kelsey_AND_20260928,JByd7s8eTDYRP5Hk,50.2,3832,1314,,,,,,,,,
2026-10-01,IOS,dhgate_product896_US_Purchase 30D_purchase_IAP_Kelsey_20260919,v55ItVFoklHbMSK7,95.56,1635,666,,,,,,,,,
2026-10-01,ANDROID,dhgate_product901_T1_ACT&Nopay 30D_purchase_IAP_Kelsey_AND_20260929_D7,Hdp6Vvlwyl86avQ1,51.76,9339,3131,,,,,,,,,
2026-10-01,IOS,dhgate_product485_UK_Purchase 30D_purchase_IAP_Kelsey_IOS_20260831,fLTmfQ7Ogr2YOkqc,97.28,5136,497,,,,,,,,,
2026-10-01,IOS,dhgate_product491_US_Purchase 30D_purchase_IAP_Kelsey_IOS_20260901,xCoNwKymdvlaG9eW,92.0,5215,620,,,,,,,,,
2026-10-01,ANDROID,dhgate_product503_US_Purchase 30D_purchase_IAP_Kelsey_AND_20260920_D7,rSI7maIsj3GelBuv,143.33,9752,2212,,,,,,,,,
2026-10-01,IOS,dhgate_product480_US_Purchase 30D_purchase_IAP_Kelsey_IOS_20260830,LBtdwPPD6y2L3UDD,46.18,3314,313,,,,,,,,,
2026-10-01,ANDROID,dhgate_product894_US_Purchase 30D_purchase_IAP_Kelsey_AND_20260918,XXA943x2ufqjvwyo,150.78,11849,2318,,,,,,,,,
2026-10-01,IOS,dhgate_product896_US_ACT&Nopay 30D_purchase_IAP_Kelsey_20260929_D7,C3dafwJPuPuWjdec,38.83,1170,632,,,,,,,,,
2026-10-01,ANDROID,dhgate_product503_US_Purchase 30D_purchase_IAP_Kelsey_AND_20260929,NJZKWNCf042xfy4g,50.16,3209,495,,,,,,,,,
2026-10-02,ANDROID,dhgate_product385_UK_ACT&Nopay 30D_purchase_IAP_Kelsey_AND_20260630,VzqTPrFSQDRkzKZj,100.67,9260,1167,,,,,,,,,
2026-10-02,IOS,dhgate_product430_T1_ACT&Nopay 30D_purchase_IAP_Kelsey_IOS_20260805,ozEjNLe0zpSog6Ol,148.92,20878,1825,,,,,,,,,
2026-10-02,ANDROID,dhgate_product416_T1_ACT&Nopay 30D_purchase_IAP_Kelsey_AND_20260720,keisiJsWSukJumr6,100.85,22378,1937,,,,,,,,,
2026-10-02,ANDROID,dhgate_product415_T1_ACT&Nopay 30D_purchase_IAP_Kelsey_AND_20260720,mAKCz6oEkG8RFtXq,50.33,13619,1008,,,,,,,,,
2026-10-02,ANDROID,dhgate_product409_T1_Purchase 30D_purchase_IAP_Kelsey_AND_20260729_D7,hzurSjf5sHyjVyUq,100.29,6112,1013,,,,,,,,,
2026-10-02,IOS,dhgate_product403_US_Purchase 30D_purchase_IAP_Kelsey_IOS_20260713,OLvDIbZvBDJIzHMD,92.52,5436,602,,,,,,,,,
2026-10-02,ANDROID,dhgate_product3_US_Purchase 30D_purchase_IAP_Kelsey_AND_20260916,STOT6tpWyhatlGn2,48.73,5149,643,,,,,,,,,
2026-10-02,ANDROID,dhgate_product384_T1_Purchase 30D_purchase_IAP_Kelsey_AND_20260709_D7,funYq3Yvepl5ocKc,50.36,5592,475,,,,,,,,,
2026-10-02,IOS,dhgate_product451_T1_ACT&Nopay 30D_purchase_IAP_Kelsey_IOS_20260929_D7,EDuQsiEGopNEiTsP,115.36,6416,2343,,,,,,,,,
2026-10-02,IOS,dhgate_product340_T1_Purchase 30D_purchase_IAP_Kelsey_IOS_20260729_D7,g5OokwJOrTmd1BeC,43.37,2914,321,,,,,,,,,
2026-10-02,IOS,dhgate_product319_T1_Purchase 30D_purchase_IAP_Kelsey_IOS_20260429,SGOG7us7fBY7c5lH,47.89,3913,343,,,,,,,,,
2026-10-02,ANDROID,dhgate_product317_UK&FR_ACT&Nopay 30D_purchase_IAP_Kelsey_AND_20260427,tDzMEZEldS4Kei0r,98.65,13529,1516,,,,,,,,,
2026-10-02,IOS,dhgate_product314_UK_Purchase 30D_purchase_IAP_Kelsey_IOS_20260424,NmHyz3ZrSwNTmf0j,100.42,5199,578,,,,,,,,,
2026-10-02,IOS,dhgate_product314_T1_ACT&Nopay 30D_purchase_IAP_Kelsey_IOS_20260830,SnRXyvhzCoZXdvNw,48.09,9600,554,,,,,,,,,
2026-10-02,IOS,dhgate_dpa-ios_US_General_purchase_IAP_Kelsey_IOS_20260831,LezIvFETUV9B58uX,501.32,459761,2016,,,,,,,,,
2026-10-02,ANDROID,dhgate_dpa-and_US_General_purchase_IAP_Kelsey_AND_20260831,xln456nOmLHBC1ZU,513.44,636693,3458,,,,,,,,,
2026-10-02,ANDROID,dhgate_product367_UK_Purchase 30D_purchase_IAP_Kelsey_AND_20260530,AsUotp8z2P369W1o,150.69,7273,922,,,,,,,,,
2026-10-02,IOS,dhgate_product471_T1_Purchase 30D_purchase_IAP_Kelsey_IOS_20260829,Zo2EjfIGClkeV7Qy,146.39,8154,976,,,,,,,,,
2026-10-02,IOS,dhgate_product451_US_ACT&Nopay 30D_purchase_IAP_Kelsey_IOS_20260830,KiDul2r7vZZgsnl8,145.69,15925,1522,,,,,,,,,
2026-10-02,IOS,dhgate_product480_US_Purchase 30D_purchase_IAP_Kelsey_IOS_20260830,LBtdwPPD6y2L3UDD,42.56,2874,286,,,,,,,,,
2026-10-02,IOS,dhgate_product478_UK_ACT&Nopay 30D_purchase_IAP_Kelsey_IOS_20260828,wGnUS0Jj9GYefUy1,87.37,5283,961,,,,,,,,,
2026-10-02,ANDROID,dhgate_product917_USA_Purchase 30D_purchse_IAP_Kelsey_AND_20260930,XEf0K4myuyyS6k9n,45.73,2923,531,,,,,,,,,
2026-10-02,IOS,dhgate_product910_UK_Purchase 30D_purchse_IAP_Kelsey_IOS_20260929,FxSkHgpdSyhhOWZg,50.07,897,483,,,,,,,,,
2026-10-02,ANDROID,dhgate_product910_UK_Purchase 30D_purchase_IAP_Kelsey_AND_20260929,b0l73oQxIbhYcmMB,47.68,2209,728,,,,,,,,,
2026-10-02,IOS,dhgate_product908_US_Purchase 30D_purchase_IAP_Kelsey_IOS_20260925,BDXNZ2FjeVGW68vC,43.97,3648,295,,,,,,,,,
2026-10-02,ANDROID,dhgate_product905_US_MLC Registration 30D_purchase_IAP_Kelsey_AND_20260928,JByd7s8eTDYRP5Hk,50.16,3358,1215,,,,,,,,,
2026-10-02,IOS,dhgate_product904_US_ACT&Nopay 30D_purchase_IAP_Kelsey_IOS_20260922,Rh9AU3lpRKWQAqLw,47.44,6266,653,,,,,,,,,
2026-10-02,IOS,dhgate_product902_T1_Purchase 30D_purchase_IAP_Kelsey_IOS_20260921,iVyKwCTsz9RVFvhA,89.2,2546,1129,,,,,,,,,
2026-10-02,ANDROID,dhgate_product901_US_Purchase 30D_purchase_IAP_Kelsey_20260920,jgDyLj0dxUvEFZyU,150.31,10957,1972,,,,,,,,,
2026-10-02,IOS,dhgate_product905_US_MLC Registration 30D_purchase_IAP_Kelsey_IOS_20260925,Y0cUDzNbwnPDjr64,50.25,1121,624,,,,,,,,,
2026-10-02,IOS,dhgate_product896_US_Purchase 30D_purchase_IAP_Kelsey_20260919,v55ItVFoklHbMSK7,93.24,1482,654,,,,,,,,,
2026-10-02,IOS,dhgate_product896_US_ACT&Nopay 30D_purchase_IAP_Kelsey_20260929_D7,C3dafwJPuPuWjdec,47.72,1272,671,,,,,,,,,
2026-10-02,ANDROID,dhgate_product894_US_Purchase 30D_purchase_IAP_Kelsey_AND_20260918,XXA943x2ufqjvwyo,150.53,10786,2037,,,,,,,,,
2026-10-02,ANDROID,dhgate_product503_US_Purchase 30D_purchase_IAP_Kelsey_AND_20260929,NJZKWNCf042xfy4g,50.33,2541,535,,,,,,,,,
2026-10-02,ANDROID,dhgate_product503_US_Purchase 30D_purchase_IAP_Kelsey_AND_20260920_D7,rSI7maIsj3GelBuv,146.2,10078,2284,,,,,,,,,
2026-10-02,IOS,dhgate_product491_US_Purchase 30D_purchase_IAP_Kelsey_IOS_20260901,xCoNwKymdvlaG9eW,93.48,5055,656,,,,,,,,,
2026-10-02,IOS,dhgate_product485_UK_Purchase 30D_purchase_IAP_Kelsey_IOS_20260831,fLTmfQ7Ogr2YOkqc,97.28,4910,510,,,,,,,,,
2026-10-02,ANDROID,dhgate_product901_T1_ACT&Nopay 30D_purchase_IAP_Kelsey_AND_20260929_D7,Hdp6Vvlwyl86avQ1,45.0,7257,2927,,,,,,,,,
2026-10-02,IOS,dhgate_product917_USA_Purchase 30D_purchse_IAP_Kelsey_IOS_20260930,vlO21zFlOI9YHJ6v,50.81,988,436,,,,,,,,,
2026-10-03,ANDROID,dhgate_product415_T1_ACT&Nopay 30D_purchase_IAP_Kelsey_AND_20260720,mAKCz6oEkG8RFtXq,100.04,20110,1672,,,,,,,,,
2026-10-03,ANDROID,dhgate_product416_T1_ACT&Nopay 30D_purchase_IAP_Kelsey_AND_20260720,keisiJsWSukJumr6,100.5,20564,1740,,,,,,,,,
2026-10-03,IOS,dhgate_product430_T1_ACT&Nopay 30D_purchase_IAP_Kelsey_IOS_20260805,ozEjNLe0zpSog6Ol,71.32,10557,927,,,,,,,,,
2026-10-03,IOS,dhgate_product478_UK_ACT&Nopay 30D_purchase_IAP_Kelsey_IOS_20260828,wGnUS0Jj9GYefUy1,100.43,6967,933,,,,,,,,,
2026-10-03,IOS,dhgate_product451_US_ACT&Nopay 30D_purchase_IAP_Kelsey_IOS_20260830,KiDul2r7vZZgsnl8,76.15,8751,634,,,,,,,,,
2026-10-03,IOS,dhgate_product471_T1_Purchase 30D_purchase_IAP_Kelsey_IOS_20260829,Zo2EjfIGClkeV7Qy,184.41,9405,1072,,,,,,,,,
2026-10-03,ANDROID,dhgate_product409_T1_Purchase 30D_purchase_IAP_Kelsey_AND_20260729_D7,hzurSjf5sHyjVyUq,168.79,8010,1460,,,,,,,,,
2026-10-03,IOS,dhgate_product451_T1_ACT&Nopay 30D_purchase_IAP_Kelsey_IOS_20260929_D7,EDuQsiEGopNEiTsP,85.54,9344,1423,,,,,,,,,
2026-10-03,IOS,dhgate_product403_US_Purchase 30D_purchase_IAP_Kelsey_IOS_20260713,OLvDIbZvBDJIzHMD,52.13,2981,249,,,,,,,,,
2026-10-03,IOS,dhgate_dpa-ios_US_General_purchase_IAP_Kelsey_IOS_20260831,LezIvFETUV9B58uX,545.16,510983,2416,,,,,,,,,
2026-10-03,ANDROID,dhgate_product385_UK_ACT&Nopay 30D_purchase_IAP_Kelsey_AND_20260630,VzqTPrFSQDRkzKZj,130.65,11139,1350,,,,,,,,,
2026-10-03,ANDROID,dhgate_product384_T1_Purchase 30D_purchase_IAP_Kelsey_AND_20260709_D7,funYq3Yvepl5ocKc,101.4,7367,828,,,,,,,,,
2026-10-03,ANDROID,dhgate_product367_UK_Purchase 30D_purchase_IAP_Kelsey_AND_20260530,AsUotp8z2P369W1o,184.97,8092,1117,,,,,,,,,
2026-10-03,IOS,dhgate_product340_T1_Purchase 30D_purchase_IAP_Kelsey_IOS_20260729_D7,g5OokwJOrTmd1BeC,76.63,4350,460,,,,,,,,,
2026-10-03,IOS,dhgate_product319_T1_Purchase 30D_purchase_IAP_Kelsey_IOS_20260429,SGOG7us7fBY7c5lH,80.53,5497,508,,,,,,,,,
2026-10-03,ANDROID,dhgate_product317_UK&FR_ACT&Nopay 30D_purchase_IAP_Kelsey_AND_20260427,tDzMEZEldS4Kei0r,140.0,15605,1894,,,,,,,,,
2026-10-03,IOS,dhgate_product314_UK_Purchase 30D_purchase_IAP_Kelsey_IOS_20260424,NmHyz3ZrSwNTmf0j,53.22,2760,270,,,,,,,,,
2026-10-03,IOS,dhgate_product314_T1_ACT&Nopay 30D_purchase_IAP_Kelsey_IOS_20260830,SnRXyvhzCoZXdvNw,79.05,13663,902,,,,,,,,,
2026-10-03,ANDROID,dhgate_dpa-and_US_General_purchase_IAP_Kelsey_AND_20260831,xln456nOmLHBC1ZU,524.19,682512,3496,,,,,,,,,
2026-10-03,ANDROID,dhgate_product3_US_Purchase 30D_purchase_IAP_Kelsey_AND_20260916,STOT6tpWyhatlGn2,50.04,6229,933,,,,,,,,,
2026-10-03,IOS,dhgate_product480_US_Purchase 30D_purchase_IAP_Kelsey_IOS_20260830,LBtdwPPD6y2L3UDD,52.03,3177,270,,,,,,,,,
2026-10-03,IOS,dhgate_product491_US_Purchase 30D_purchase_IAP_Kelsey_IOS_20260901,xCoNwKymdvlaG9eW,122.5,6004,793,,,,,,,,,
2026-10-03,ANDROID,dhgate_product503_US_Purchase 30D_purchase_IAP_Kelsey_AND_20260920_D7,rSI7maIsj3GelBuv,114.35,8708,1702,,,,,,,,,
2026-10-03,ANDROID,dhgate_product920_T1_AF_ACT&Nopay_30D_purchse_IAP_Kelsey_AND_20261003,MIMbKUnXx8UgLokm,0.11,85,34,,,,,,,,,
2026-10-03,IOS,dhgate_product485_UK_Purchase 30D_purchase_IAP_Kelsey_IOS_20260831,fLTmfQ7Ogr2YOkqc,55.05,2803,291,,,,,,,,,
2026-10-03,ANDROID,dhgate_product919_T1_AF_ACT&Nopay_30D_purchse_IAP_Kelsey_AND_20261003,Y4NoBpMCXb7U2nOJ,19.02,3895,1480,,,,,,,,,
2026-10-03,IOS,dhgate_product919_T1_ACT&Nopay 30D_purchse_IAP_Kelsey_IOS_20261003,K09C29IZne9abyMu,13.78,928,546,,,,,,,,,
2026-10-03,IOS,dhgate_product917_USA_Purchase 30D_purchse_IAP_Kelsey_IOS_20260930,vlO21zFlOI9YHJ6v,44.91,906,427,,,,,,,,,
2026-10-03,ANDROID,dhgate_product917_USA_Purchase 30D_purchse_IAP_Kelsey_AND_20260930,XEf0K4myuyyS6k9n,49.27,6840,542,,,,,,,,,
2026-10-03,IOS,dhgate_product910_UK_Purchase 30D_purchse_IAP_Kelsey_IOS_20260929,FxSkHgpdSyhhOWZg,30.42,512,306,,,,,,,,,
2026-10-03,ANDROID,dhgate_product910_UK_Purchase 30D_purchase_IAP_Kelsey_AND_20260929,b0l73oQxIbhYcmMB,50.24,2253,660,,,,,,,,,
2026-10-03,IOS,dhgate_product908_US_Purchase 30D_purchase_IAP_Kelsey_IOS_20260925,BDXNZ2FjeVGW68vC,73.14,4814,433,,,,,,,,,
2026-10-03,IOS,dhgate_product920_T1_ACT&Nopay 30D_purchse_IAP_Kelsey_IOS_20261003,pm6tsy9g2HI0KfWk,1.5,72,51,,,,,,,,,
2026-10-03,ANDROID,dhgate_product905_US_MLC Registration 30D_purchase_IAP_Kelsey_AND_20260928,JByd7s8eTDYRP5Hk,28.68,1974,548,,,,,,,,,
2026-10-03,IOS,dhgate_product905_US_MLC Registration 30D_purchase_IAP_Kelsey_IOS_20260925,Y0cUDzNbwnPDjr64,40.38,901,497,,,,,,,,,
2026-10-03,ANDROID,dhgate_product894_US_Purchase 30D_purchase_IAP_Kelsey_AND_20260918,XXA943x2ufqjvwyo,0.17,12,2,,,,,,,,,
2026-10-03,IOS,dhgate_product896_US_ACT&Nopay 30D_purchase_IAP_Kelsey_20260929_D7,C3dafwJPuPuWjdec,23.38,649,348,,,,,,,,,
2026-10-03,IOS,dhgate_product896_US_Purchase 30D_purchase_IAP_Kelsey_20260919,v55ItVFoklHbMSK7,148.67,3836,1039,,,,,,,,,
2026-10-03,ANDROID,dhgate_product503_US_Purchase 30D_purchase_IAP_Kelsey_AND_20260929,NJZKWNCf042xfy4g,26.73,2927,233,,,,,,,,,
2026-10-03,ANDROID,dhgate_product901_US_Purchase 30D_purchase_IAP_Kelsey_20260920,jgDyLj0dxUvEFZyU,76.5,6077,709,,,,,,,,,
2026-10-03,IOS,dhgate_product902_T1_Purchase 30D_purchase_IAP_Kelsey_IOS_20260921,iVyKwCTsz9RVFvhA,115.87,3448,1312,,,,,,,,,
2026-10-03,IOS,dhgate_product904_US_ACT&Nopay 30D_purchase_IAP_Kelsey_IOS_20260922,Rh9AU3lpRKWQAqLw,46.86,7340,776,,,,,,,,,
2026-10-03,ANDROID,dhgate_product901_T1_ACT&Nopay 30D_purchase_IAP_Kelsey_AND_20260929_D7,Hdp6Vvlwyl86avQ1,52.88,9464,2996,,,,,,,,,
2026-10-04,ANDROID,dhgate_product3_US_Purchase 30D_purchase_IAP_Kelsey_AND_20260916,STOT6tpWyhatlGn2,47.0,7353,1529,,,,,,,,,
2026-10-04,IOS,dhgate_product430_T1_ACT&Nopay 30D_purchase_IAP_Kelsey_IOS_20260805,ozEjNLe0zpSog6Ol,50.36,9676,534,,,,,,,,,
2026-10-04,ANDROID,dhgate_product416_T1_ACT&Nopay 30D_purchase_IAP_Kelsey_AND_20260720,keisiJsWSukJumr6,100.44,18906,1571,,,,,,,,,
2026-10-04,ANDROID,dhgate_product415_T1_ACT&Nopay 30D_purchase_IAP_Kelsey_AND_20260720,mAKCz6oEkG8RFtXq,150.5,24214,2440,,,,,,,,,
2026-10-04,IOS,dhgate_product451_T1_ACT&Nopay 30D_purchase_IAP_Kelsey_IOS_20260929_D7,EDuQsiEGopNEiTsP,44.2,5536,759,,,,,,,,,
2026-10-04,IOS,dhgate_product403_US_Purchase 30D_purchase_IAP_Kelsey_IOS_20260713,OLvDIbZvBDJIzHMD,47.55,2976,255,,,,,,,,,
2026-10-04,ANDROID,dhgate_product385_UK_ACT&Nopay 30D_purchase_IAP_Kelsey_AND_20260630,VzqTPrFSQDRkzKZj,150.64,12366,1475,,,,,,,,,
2026-10-04,ANDROID,dhgate_product317_UK&FR_ACT&Nopay 30D_purchase_IAP_Kelsey_AND_20260427,tDzMEZEldS4Kei0r,150.65,15601,1863,,,,,,,,,
2026-10-04,ANDROID,dhgate_product367_UK_Purchase 30D_purchase_IAP_Kelsey_AND_20260530,AsUotp8z2P369W1o,201.67,7984,1075,,,,,,,,,
2026-10-04,IOS,dhgate_product340_T1_Purchase 30D_purchase_IAP_Kelsey_IOS_20260729_D7,g5OokwJOrTmd1BeC,91.22,4874,606,,,,,,,,,
2026-10-04,IOS,dhgate_product319_T1_Purchase 30D_purchase_IAP_Kelsey_IOS_20260429,SGOG7us7fBY7c5lH,100.15,6632,641,,,,,,,,,
2026-10-04,IOS,dhgate_product314_UK_Purchase 30D_purchase_IAP_Kelsey_IOS_20260424,NmHyz3ZrSwNTmf0j,50.24,2848,275,,,,,,,,,
2026-10-04,IOS,dhgate_product314_T1_ACT&Nopay 30D_purchase_IAP_Kelsey_IOS_20260830,SnRXyvhzCoZXdvNw,98.5,16295,1259,,,,,,,,,
2026-10-04,IOS,dhgate_dpa-ios_US_General_purchase_IAP_Kelsey_IOS_20260831,LezIvFETUV9B58uX,582.0,513246,2169,,,,,,,,,
2026-10-04,ANDROID,dhgate_dpa-and_US_General_purchase_IAP_Kelsey_AND_20260831,xln456nOmLHBC1ZU,572.89,796520,4590,,,,,,,,,
2026-10-04,ANDROID,dhgate_product384_T1_Purchase 30D_purchase_IAP_Kelsey_AND_20260709_D7,funYq3Yvepl5ocKc,151.11,8537,1087,,,,,,,,,
2026-10-04,IOS,dhgate_product451_US_ACT&Nopay 30D_purchase_IAP_Kelsey_IOS_20260830,KiDul2r7vZZgsnl8,50.04,8069,481,,,,,,,,,
2026-10-04,ANDROID,dhgate_product409_T1_Purchase 30D_purchase_IAP_Kelsey_AND_20260729_D7,hzurSjf5sHyjVyUq,200.84,8404,1619,,,,,,,,,
2026-10-04,IOS,dhgate_product478_UK_ACT&Nopay 30D_purchase_IAP_Kelsey_IOS_20260828,wGnUS0Jj9GYefUy1,100.17,8867,808,,,,,,,,,
2026-10-04,IOS,dhgate_product471_T1_Purchase 30D_purchase_IAP_Kelsey_IOS_20260829,Zo2EjfIGClkeV7Qy,195.52,10016,1224,,,,,,,,,
2026-10-04,ANDROID,dhgate_product920_T1_AF_ACT&Nopay_30D_purchse_IAP_Kelsey_AND_20261003,MIMbKUnXx8UgLokm,41.14,8007,3109,,,,,,,,,
2026-10-04,IOS,dhgate_product920_T1_ACT&Nopay 30D_purchse_IAP_Kelsey_IOS_20261003,pm6tsy9g2HI0KfWk,34.23,1115,538,,,,,,,,,
2026-10-04,ANDROID,dhgate_product919_T1_AF_ACT&Nopay_30D_purchse_IAP_Kelsey_AND_20261003,Y4NoBpMCXb7U2nOJ,46.73,7794,2753,,,,,,,,,
2026-10-04,IOS,dhgate_product919_T1_ACT&Nopay 30D_purchse_IAP_Kelsey_IOS_20261003,K09C29IZne9abyMu,32.59,2013,1144,,,,,,,,,
2026-10-04,ANDROID,dhgate_product917_USA_Purchase 30D_purchse_IAP_Kelsey_AND_20260930,XEf0K4myuyyS6k9n,50.26,6338,763,,,,,,,,,
2026-10-04,ANDROID,dhgate_product910_UK_Purchase 30D_purchase_IAP_Kelsey_AND_20260929,b0l73oQxIbhYcmMB,49.2,2277,700,,,,,,,,,
2026-10-04,IOS,dhgate_product908_US_Purchase 30D_purchase_IAP_Kelsey_IOS_20260925,BDXNZ2FjeVGW68vC,95.45,5327,537,,,,,,,,,
2026-10-04,IOS,dhgate_product917_USA_Purchase 30D_purchse_IAP_Kelsey_IOS_20260930,vlO21zFlOI9YHJ6v,66.84,1271,560,,,,,,,,,
2026-10-04,IOS,dhgate_product904_US_ACT&Nopay 30D_purchase_IAP_Kelsey_IOS_20260922,Rh9AU3lpRKWQAqLw,45.46,6602,605,,,,,,,,,
2026-10-04,IOS,dhgate_product905_US_MLC Registration 30D_purchase_IAP_Kelsey_IOS_20260925,Y0cUDzNbwnPDjr64,38.27,892,502,,,,,,,,,
2026-10-04,IOS,dhgate_product485_UK_Purchase 30D_purchase_IAP_Kelsey_IOS_20260831,fLTmfQ7Ogr2YOkqc,50.45,2970,261,,,,,,,,,
2026-10-04,IOS,dhgate_product491_US_Purchase 30D_purchase_IAP_Kelsey_IOS_20260901,xCoNwKymdvlaG9eW,135.23,5454,799,,,,,,,,,
2026-10-04,ANDROID,dhgate_product503_US_Purchase 30D_purchase_IAP_Kelsey_AND_20260920_D7,rSI7maIsj3GelBuv,46.93,6727,1741,,,,,,,,,
2026-10-04,IOS,dhgate_product480_US_Purchase 30D_purchase_IAP_Kelsey_IOS_20260830,LBtdwPPD6y2L3UDD,45.94,2610,234,,,,,,,,,
2026-10-04,ANDROID,dhgate_product901_T1_ACT&Nopay 30D_purchase_IAP_Kelsey_AND_20260929_D7,Hdp6Vvlwyl86avQ1,55.7,7902,2484,,,,,,,,,
2026-10-04,IOS,dhgate_product902_T1_Purchase 30D_purchase_IAP_Kelsey_IOS_20260921,iVyKwCTsz9RVFvhA,137.39,3876,1467,,,,,,,,,
2026-10-04,IOS,dhgate_product896_US_Purchase 30D_purchase_IAP_Kelsey_20260919,v55ItVFoklHbMSK7,200.53,9000,1081,,,,,,,,,
2026-10-05,ANDROID,dhgate_product3_US_Purchase 30D_purchase_IAP_Kelsey_AND_20260916,STOT6tpWyhatlGn2,32.18,5162,1134,,,,,,,,,
2026-10-05,IOS,dhgate_product451_US_ACT&Nopay 30D_purchase_IAP_Kelsey_IOS_20260830,KiDul2r7vZZgsnl8,44.66,7618,495,,,,,,,,,
2026-10-05,IOS,dhgate_product451_T1_ACT&Nopay 30D_purchase_IAP_Kelsey_IOS_20260929_D7,EDuQsiEGopNEiTsP,41.47,4447,799,,,,,,,,,
2026-10-05,IOS,dhgate_product430_T1_ACT&Nopay 30D_purchase_IAP_Kelsey_IOS_20260805,ozEjNLe0zpSog6Ol,64.85,11011,930,,,,,,,,,
2026-10-05,ANDROID,dhgate_product416_T1_ACT&Nopay 30D_purchase_IAP_Kelsey_AND_20260720,keisiJsWSukJumr6,100.78,18248,1674,,,,,,,,,
2026-10-05,ANDROID,dhgate_product415_T1_ACT&Nopay 30D_purchase_IAP_Kelsey_AND_20260720,mAKCz6oEkG8RFtXq,150.71,23061,2435,,,,,,,,,
2026-10-05,ANDROID,dhgate_product409_T1_Purchase 30D_purchase_IAP_Kelsey_AND_20260729_D7,hzurSjf5sHyjVyUq,185.63,7557,1521,,,,,,,,,
2026-10-05,IOS,dhgate_product403_US_Purchase 30D_purchase_IAP_Kelsey_IOS_20260713,OLvDIbZvBDJIzHMD,35.44,1779,170,,,,,,,,,
2026-10-05,ANDROID,dhgate_product385_UK_ACT&Nopay 30D_purchase_IAP_Kelsey_AND_20260630,VzqTPrFSQDRkzKZj,188.3,12741,1797,,,,,,,,,
2026-10-05,ANDROID,dhgate_dpa-and_US_General_purchase_IAP_Kelsey_AND_20260831,xln456nOmLHBC1ZU,457.49,732562,3596,,,,,,,,,
2026-10-05,ANDROID,dhgate_product367_UK_Purchase 30D_purchase_IAP_Kelsey_AND_20260530,AsUotp8z2P369W1o,130.43,4532,750,,,,,,,,,
2026-10-05,IOS,dhgate_product340_T1_Purchase 30D_purchase_IAP_Kelsey_IOS_20260729_D7,g5OokwJOrTmd1BeC,97.92,4834,726,,,,,,,,,
2026-10-05,IOS,dhgate_product319_T1_Purchase 30D_purchase_IAP_Kelsey_IOS_20260429,SGOG7us7fBY7c5lH,100.28,6078,703,,,,,,,,,
2026-10-05,ANDROID,dhgate_product317_UK&FR_ACT&Nopay 30D_purchase_IAP_Kelsey_AND_20260427,tDzMEZEldS4Kei0r,151.46,14376,1962,,,,,,,,,
2026-10-05,IOS,dhgate_product314_UK_Purchase 30D_purchase_IAP_Kelsey_IOS_20260424,NmHyz3ZrSwNTmf0j,25.4,1597,204,,,,,,,,,
2026-10-05,IOS,dhgate_product314_T1_ACT&Nopay 30D_purchase_IAP_Kelsey_IOS_20260830,SnRXyvhzCoZXdvNw,100.41,13410,1476,,,,,,,,,
2026-10-05,IOS,dhgate_dpa-ios_US_General_purchase_IAP_Kelsey_IOS_20260831,LezIvFETUV9B58uX,433.03,408890,2135,,,,,,,,,
2026-10-05,IOS,dhgate_product471_T1_Purchase 30D_purchase_IAP_Kelsey_IOS_20260829,Zo2EjfIGClkeV7Qy,150.5,6673,951,,,,,,,,,
2026-10-05,ANDROID,dhgate_product384_T1_Purchase 30D_purchase_IAP_Kelsey_AND_20260709_D7,funYq3Yvepl5ocKc,182.01,9967,1367,,,,,,,,,
2026-10-05,IOS,dhgate_product478_UK_ACT&Nopay 30D_purchase_IAP_Kelsey_IOS_20260828,wGnUS0Jj9GYefUy1,91.94,7081,940,,,,,,,,,
2026-10-05,IOS,dhgate_product485_UK_Purchase 30D_purchase_IAP_Kelsey_IOS_20260831,fLTmfQ7Ogr2YOkqc,48.92,2935,317,,,,,,,,,
2026-10-05,ANDROID,dhgate_product920_T1_AF_ACT&Nopay_30D_purchse_IAP_Kelsey_AND_20261003,MIMbKUnXx8UgLokm,47.08,7657,2647,,,,,,,,,
2026-10-05,IOS,dhgate_product921_T1_ACT&Nopay 30D_purchse_IAP_Kelsey_IOS_20261005,LQVD3JE9rTG7cVaE,13.21,383,223,,,,,,,,,
2026-10-05,IOS,dhgate_product480_US_Purchase 30D_purchase_IAP_Kelsey_IOS_20260830,LBtdwPPD6y2L3UDD,34.2,1681,160,,,,,,,,,
2026-10-05,IOS,dhgate_product920_T1_ACT&Nopay 30D_purchse_IAP_Kelsey_IOS_20261003,pm6tsy9g2HI0KfWk,32.26,1331,494,,,,,,,,,
2026-10-05,ANDROID,dhgate_product919_T1_AF_ACT&Nopay_30D_purchse_IAP_Kelsey_AND_20261003,Y4NoBpMCXb7U2nOJ,44.46,6206,2227,,,,,,,,,
2026-10-05,IOS,dhgate_product919_T1_ACT&Nopay 30D_purchse_IAP_Kelsey_IOS_20261003,K09C29IZne9abyMu,28.66,1799,1082,,,,,,,,,
2026-10-05,IOS,dhgate_product917_USA_Purchase 30D_purchse_IAP_Kelsey_IOS_20260930,vlO21zFlOI9YHJ6v,55.88,1071,479,,,,,,,,,
2026-10-05,ANDROID,dhgate_product921_T1_AF_ACT&Nopay_30D_purchse_IAP_Kelsey_AND_20261005,ThXI18reIIgIRzYK,10.25,2171,805,,,,,,,,,
2026-10-05,IOS,dhgate_product910_UK_Purchase 30D_purchse_IAP_Kelsey_IOS_20260929,FxSkHgpdSyhhOWZg,21.0,416,219,,,,,,,,,
2026-10-05,ANDROID,dhgate_product910_UK_Purchase 30D_purchase_IAP_Kelsey_AND_20260929,b0l73oQxIbhYcmMB,29.31,1211,457,,,,,,,,,
2026-10-05,ANDROID,dhgate_product917_USA_Purchase 30D_purchse_IAP_Kelsey_AND_20260930,XEf0K4myuyyS6k9n,37.85,3745,474,,,,,,,,,
2026-10-05,IOS,dhgate_product905_US_MLC Registration 30D_purchase_IAP_Kelsey_IOS_20260925,Y0cUDzNbwnPDjr64,30.64,763,445,,,,,,,,,
2026-10-05,IOS,dhgate_product904_US_ACT&Nopay 30D_purchase_IAP_Kelsey_IOS_20260922,Rh9AU3lpRKWQAqLw,32.6,4294,401,,,,,,,,,
2026-10-05,IOS,dhgate_product902_T1_Purchase 30D_purchase_IAP_Kelsey_IOS_20260921,iVyKwCTsz9RVFvhA,156.99,4491,1675,,,,,,,,,
2026-10-05,ANDROID,dhgate_product901_T1_ACT&Nopay 30D_purchase_IAP_Kelsey_AND_20260929_D7,Hdp6Vvlwyl86avQ1,53.19,7079,1761,,,,,,,,,
2026-10-05,IOS,dhgate_product896_US_Purchase 30D_purchase_IAP_Kelsey_20260919,v55ItVFoklHbMSK7,150.51,5760,705,,,,,,,,,
2026-10-05,ANDROID,dhgate_product894_US_Purchase 30D_purchase_IAP_Kelsey_AND_20260918,XXA943x2ufqjvwyo,33.86,4554,1558,,,,,,,,,
2026-10-05,ANDROID,dhgate_product503_US_Purchase 30D_purchase_IAP_Kelsey_AND_20260920_D7,rSI7maIsj3GelBuv,41.18,6003,1651,,,,,,,,,
2026-10-05,IOS,dhgate_product491_US_Purchase 30D_purchase_IAP_Kelsey_IOS_20260901,xCoNwKymdvlaG9eW,146.97,6255,1063,,,,,,,,,
2026-10-05,IOS,dhgate_product908_US_Purchase 30D_purchase_IAP_Kelsey_IOS_20260925,BDXNZ2FjeVGW68vC,62.39,3272,330,,,,,,,,,
2026-10-06,IOS,dhgate_product451_US_ACT&Nopay 30D_purchase_IAP_Kelsey_IOS_20260830,KiDul2r7vZZgsnl8,43.25,6715,599,,,,,,,,,
2026-10-06,IOS,dhgate_product451_T1_ACT&Nopay 30D_purchase_IAP_Kelsey_IOS_20260929_D7,EDuQsiEGopNEiTsP,44.94,4349,920,,,,,,,,,
2026-10-06,IOS,dhgate_product430_T1_ACT&Nopay 30D_purchase_IAP_Kelsey_IOS_20260805,ozEjNLe0zpSog6Ol,92.88,13078,1270,,,,,,,,,
2026-10-06,ANDROID,dhgate_product416_T1_ACT&Nopay 30D_purchase_IAP_Kelsey_AND_20260720,keisiJsWSukJumr6,100.62,16586,1617,,,,,,,,,
2026-10-06,ANDROID,dhgate_product415_T1_ACT&Nopay 30D_purchase_IAP_Kelsey_AND_20260720,mAKCz6oEkG8RFtXq,151.01,21637,2348,,,,,,,,,
2026-10-06,ANDROID,dhgate_product385_UK_ACT&Nopay 30D_purchase_IAP_Kelsey_AND_20260630,VzqTPrFSQDRkzKZj,201.71,12046,1877,,,,,,,,,
2026-10-06,IOS,dhgate_product471_T1_Purchase 30D_purchase_IAP_Kelsey_IOS_20260829,Zo2EjfIGClkeV7Qy,150.42,7000,916,,,,,,,,,
2026-10-06,ANDROID,dhgate_product367_UK_Purchase 30D_purchase_IAP_Kelsey_AND_20260530,AsUotp8z2P369W1o,100.81,3825,545,,,,,,,,,
2026-10-06,IOS,dhgate_product340_T1_Purchase 30D_purchase_IAP_Kelsey_IOS_20260729_D7,g5OokwJOrTmd1BeC,90.62,4199,603,,,,,,,,,
2026-10-06,IOS,dhgate_product319_T1_Purchase 30D_purchase_IAP_Kelsey_IOS_20260429,SGOG7us7fBY7c5lH,101.32,4994,676,,,,,,,,,
2026-10-06,ANDROID,dhgate_product317_UK&FR_ACT&Nopay 30D_purchase_IAP_Kelsey_AND_20260427,tDzMEZEldS4Kei0r,151.82,12879,1859,,,,,,,,,
2026-10-06,IOS,dhgate_product314_T1_ACT&Nopay 30D_purchase_IAP_Kelsey_IOS_20260830,SnRXyvhzCoZXdvNw,94.27,12010,1370,,,,,,,,,
2026-10-06,IOS,dhgate_dpa-ios_US_General_purchase_IAP_Kelsey_IOS_20260831,LezIvFETUV9B58uX,448.22,406900,1938,,,,,,,,,
2026-10-06,ANDROID,dhgate_dpa-and_US_General_purchase_IAP_Kelsey_AND_20260831,xln456nOmLHBC1ZU,460.64,705947,3761,,,,,,,,,
2026-10-06,ANDROID,dhgate_product384_T1_Purchase 30D_purchase_IAP_Kelsey_AND_20260709_D7,funYq3Yvepl5ocKc,197.3,9938,1347,,,,,,,,,
2026-10-06,IOS,dhgate_product478_UK_ACT&Nopay 30D_purchase_IAP_Kelsey_IOS_20260828,wGnUS0Jj9GYefUy1,97.93,6986,970,,,,,,,,,
2026-10-06,ANDROID,dhgate_product409_T1_Purchase 30D_purchase_IAP_Kelsey_AND_20260729_D7,hzurSjf5sHyjVyUq,200.99,7160,1473,,,,,,,,,
2026-10-06,IOS,dhgate_product491_US_Purchase 30D_purchase_IAP_Kelsey_IOS_20260901,xCoNwKymdvlaG9eW,136.8,5166,992,,,,,,,,,
2026-10-06,ANDROID,dhgate_product928_US_Purchase 30D_purchase_IAP_Kelsey_AND_20261006,fTFzg40oNcWuejcT,35.57,3763,584,,,,,,,,,
2026-10-06,IOS,dhgate_product928_T1_Purchase 30D_purchase_IAP_Kelsey_IOS_20261006,hEyakrkwszCaV4Qj,41.35,1599,525,,,,,,,,,
2026-10-06,ANDROID,dhgate_product921_T1_AF_ACT&Nopay_30D_purchse_IAP_Kelsey_AND_20261005,ThXI18reIIgIRzYK,48.79,8954,2581,,,,,,,,,
2026-10-06,IOS,dhgate_product921_T1_ACT&Nopay 30D_purchse_IAP_Kelsey_IOS_20261005,LQVD3JE9rTG7cVaE,50.48,1399,577,,,,,,,,,
2026-10-06,IOS,dhgate_product920_T1_ACT&Nopay 30D_purchse_IAP_Kelsey_IOS_20261003,pm6tsy9g2HI0KfWk,39.78,1621,512,,,,,,,,,
2026-10-06,ANDROID,dhgate_product919_T1_AF_ACT&Nopay_30D_purchse_IAP_Kelsey_AND_20261003,Y4NoBpMCXb7U2nOJ,45.05,4978,1966,,,,,,,,,
2026-10-06,IOS,dhgate_product919_T1_ACT&Nopay 30D_purchse_IAP_Kelsey_IOS_20261003,K09C29IZne9abyMu,34.21,1821,1060,,,,,,,,,
2026-10-06,ANDROID,dhgate_product920_T1_AF_ACT&Nopay_30D_purchse_IAP_Kelsey_AND_20261003,MIMbKUnXx8UgLokm,47.13,6150,2296,,,,,,,,,
2026-10-06,IOS,dhgate_product908_US_Purchase 30D_purchase_IAP_Kelsey_IOS_20260925,BDXNZ2FjeVGW68vC,48.1,2656,345,,,,,,,,,
2026-10-06,IOS,dhgate_product902_T1_Purchase 30D_purchase_IAP_Kelsey_IOS_20260921,iVyKwCTsz9RVFvhA,233.6,5992,1995,,,,,,,,,
2026-10-06,ANDROID,dhgate_product901_T1_ACT&Nopay 30D_purchase_IAP_Kelsey_AND_20260929_D7,Hdp6Vvlwyl86avQ1,46.98,8428,937,,,,,,,,,
2026-10-06,IOS,dhgate_product896_US_Purchase 30D_purchase_IAP_Kelsey_20260919,v55ItVFoklHbMSK7,149.69,6337,1010,,,,,,,,,
2026-10-06,ANDROID,dhgate_product894_US_Purchase 30D_purchase_IAP_Kelsey_AND_20260918,XXA943x2ufqjvwyo,96.5,11908,3419,,,,,,,,,
2026-10-06,ANDROID,dhgate_product503_US_Purchase 30D_purchase_IAP_Kelsey_AND_20260920_D7,rSI7maIsj3GelBuv,44.79,6092,1638,,,,,,,,,
2026-10-06,IOS,dhgate_product910_UK_Purchase 30D_purchse_IAP_Kelsey_IOS_20260929,FxSkHgpdSyhhOWZg,35.4,657,288,,,,,,,,,
2026-10-06,IOS,dhgate_product485_UK_Purchase 30D_purchase_IAP_Kelsey_IOS_20260831,fLTmfQ7Ogr2YOkqc,48.62,2871,246,,,,,,,,,
2026-10-07,ANDROID,dhgate_product409_T1_Purchase 30D_purchase_IAP_Kelsey_AND_20260729_D7,hzurSjf5sHyjVyUq,187.77,7068,1529,,,,,,,,,
2026-10-07,IOS,dhgate_product471_T1_Purchase 30D_purchase_IAP_Kelsey_IOS_20260829,Zo2EjfIGClkeV7Qy,150.83,6575,902,,,,,,,,,
2026-10-07,IOS,dhgate_product451_US_ACT&Nopay 30D_purchase_IAP_Kelsey_IOS_20260830,KiDul2r7vZZgsnl8,45.31,7197,701,,,,,,,,,
2026-10-07,IOS,dhgate_product451_T1_ACT&Nopay 30D_purchase_IAP_Kelsey_IOS_20260929_D7,EDuQsiEGopNEiTsP,45.45,4236,806,,,,,,,,,
2026-10-07,IOS,dhgate_product430_T1_ACT&Nopay 30D_purchase_IAP_Kelsey_IOS_20260805,ozEjNLe0zpSog6Ol,97.98,13591,1236,,,,,,,,,
2026-10-07,ANDROID,dhgate_product416_T1_ACT&Nopay 30D_purchase_IAP_Kelsey_AND_20260720,keisiJsWSukJumr6,100.03,16995,1622,,,,,,,,,
2026-10-07,ANDROID,dhgate_product415_T1_ACT&Nopay 30D_purchase_IAP_Kelsey_AND_20260720,mAKCz6oEkG8RFtXq,149.12,22451,2337,,,,,,,,,
2026-10-07,ANDROID,dhgate_dpa-and_US_General_purchase_IAP_Kelsey_AND_20260831,xln456nOmLHBC1ZU,469.95,700270,3583,,,,,,,,,
2026-10-07,ANDROID,dhgate_product367_UK_Purchase 30D_purchase_IAP_Kelsey_AND_20260530,AsUotp8z2P369W1o,100.7,4724,606,,,,,,,,,
2026-10-07,IOS,dhgate_product340_T1_Purchase 30D_purchase_IAP_Kelsey_IOS_20260729_D7,g5OokwJOrTmd1BeC,100.58,4487,641,,,,,,,,,
2026-10-07,IOS,dhgate_product319_T1_Purchase 30D_purchase_IAP_Kelsey_IOS_20260429,SGOG7us7fBY7c5lH,100.32,5081,628,,,,,,,,,
2026-10-07,ANDROID,dhgate_product317_UK&FR_ACT&Nopay 30D_purchase_IAP_Kelsey_AND_20260427,tDzMEZEldS4Kei0r,151.1,13813,2044,,,,,,,,,
2026-10-07,IOS,dhgate_product314_T1_ACT&Nopay 30D_purchase_IAP_Kelsey_IOS_20260830,SnRXyvhzCoZXdvNw,97.17,12056,1288,,,,,,,,,
2026-10-07,IOS,dhgate_dpa-ios_US_General_purchase_IAP_Kelsey_IOS_20260831,LezIvFETUV9B58uX,468.22,423881,1822,,,,,,,,,
2026-10-07,IOS,dhgate_product478_UK_ACT&Nopay 30D_purchase_IAP_Kelsey_IOS_20260828,wGnUS0Jj9GYefUy1,99.87,7203,946,,,,,,,,,
2026-10-07,ANDROID,dhgate_product385_UK_ACT&Nopay 30D_purchase_IAP_Kelsey_AND_20260630,VzqTPrFSQDRkzKZj,202.26,12485,1826,,,,,,,,,
2026-10-07,IOS,dhgate_product485_UK_Purchase 30D_purchase_IAP_Kelsey_IOS_20260831,fLTmfQ7Ogr2YOkqc,47.16,2625,256,,,,,,,,,
2026-10-07,ANDROID,dhgate_product384_T1_Purchase 30D_purchase_IAP_Kelsey_AND_20260709_D7,funYq3Yvepl5ocKc,203.0,9948,1299,,,,,,,,,
2026-10-07,ANDROID,dhgate_product503_US_Purchase 30D_purchase_IAP_Kelsey_AND_20260920_D7,rSI7maIsj3GelBuv,46.56,6429,1545,,,,,,,,,
2026-10-07,IOS,dhgate_product491_US_Purchase 30D_purchase_IAP_Kelsey_IOS_20260901,xCoNwKymdvlaG9eW,142.0,5173,1041,,,,,,,,,
2026-10-07,IOS,dhgate_product930_T1_ACT&Nopay 30D_purchase_IAP_Kelsey_IOS_20261007,dvlcLhT9KCSUCszI,29.67,1916,1107,,,,,,,,,
2026-10-07,ANDROID,dhgate_product928_US_Purchase 30D_purchase_IAP_Kelsey_AND_20261006,fTFzg40oNcWuejcT,50.38,5236,678,,,,,,,,,
2026-10-07,IOS,dhgate_product928_T1_Purchase 30D_purchase_IAP_Kelsey_IOS_20261006,hEyakrkwszCaV4Qj,44.68,1742,541,,,,,,,,,
2026-10-07,ANDROID,dhgate_product921_T1_AF_ACT&Nopay_30D_purchse_IAP_Kelsey_AND_20261005,ThXI18reIIgIRzYK,50.42,7234,2542,,,,,,,,,
2026-10-07,IOS,dhgate_product921_T1_ACT&Nopay 30D_purchse_IAP_Kelsey_IOS_20261005,LQVD3JE9rTG7cVaE,50.44,1680,565,,,,,,,,,
2026-10-07,ANDROID,dhgate_product920_T1_AF_ACT&Nopay_30D_purchse_IAP_Kelsey_AND_20261003,MIMbKUnXx8UgLokm,47.35,6620,1887,,,,,,,,,
2026-10-07,IOS,dhgate_product920_T1_ACT&Nopay 30D_purchse_IAP_Kelsey_IOS_20261003,pm6tsy9g2HI0KfWk,45.24,1699,522,,,,,,,,,
2026-10-07,ANDROID,dhgate_product930_UK_ACT&Nopay 30D_purchase_IAP_Kelsey_AND_20261007,hVsPhq3ofsRS1We0,38.5,2389,1174,,,,,,,,,
2026-10-07,IOS,dhgate_product919_T1_ACT&Nopay 30D_purchse_IAP_Kelsey_IOS_20261003,K09C29IZne9abyMu,36.45,1690,1026,,,,,,,,,
2026-10-07,IOS,dhgate_product910_UK_Purchase 30D_purchse_IAP_Kelsey_IOS_20260929,FxSkHgpdSyhhOWZg,50.39,1144,393,,,,,,,,,
2026-10-07,IOS,dhgate_product908_US_Purchase 30D_purchase_IAP_Kelsey_IOS_20260925,BDXNZ2FjeVGW68vC,47.3,2563,332,,,,,,,,,
2026-10-07,IOS,dhgate_product902_T1_Purchase 30D_purchase_IAP_Kelsey_IOS_20260921,iVyKwCTsz9RVFvhA,250.9,6923,1946,,,,,,,,,
2026-10-07,ANDROID,dhgate_product901_T1_ACT&Nopay 30D_purchase_IAP_Kelsey_AND_20260929_D7,Hdp6Vvlwyl86avQ1,45.48,7498,852,,,,,,,,,
2026-10-07,IOS,dhgate_product896_US_Purchase 30D_purchase_IAP_Kelsey_20260919,v55ItVFoklHbMSK7,141.85,6393,942,,,,,,,,,
2026-10-07,ANDROID,dhgate_product894_US_Purchase 30D_purchase_IAP_Kelsey_AND_20260918,XXA943x2ufqjvwyo,94.71,12050,3155,,,,,,,,,
2026-10-07,ANDROID,dhgate_product919_T1_AF_ACT&Nopay_30D_purchse_IAP_Kelsey_AND_20261003,Y4NoBpMCXb7U2nOJ,43.65,5243,1572,,,,,,,,,
2026-10-07,ANDROID,dhgate_product505_USA_Purchase 30D_purchse_IAP_Kelsey_AND_20261007,pjv04FUFyYyqrbW3,0.12,23,8,,,,,,,,,
2026-10-08,IOS,dhgate_product471_T1_Purchase 30D_purchase_IAP_Kelsey_IOS_20260829,Zo2EjfIGClkeV7Qy,103.2,3738,626,,,,,,,,,
2026-10-08,IOS,dhgate_product451_US_ACT&Nopay 30D_purchase_IAP_Kelsey_IOS_20260830,KiDul2r7vZZgsnl8,35.86,4727,514,,,,,,,,,
2026-10-08,IOS,dhgate_product451_T1_ACT&Nopay 30D_purchase_IAP_Kelsey_IOS_20260929_D7,EDuQsiEGopNEiTsP,29.73,2712,543,,,,,,,,,
2026-10-08,IOS,dhgate_product430_T1_ACT&Nopay 30D_purchase_IAP_Kelsey_IOS_20260805,ozEjNLe0zpSog6Ol,68.91,8188,947,,,,,,,,,
2026-10-08,ANDROID,dhgate_product416_T1_ACT&Nopay 30D_purchase_IAP_Kelsey_AND_20260720,keisiJsWSukJumr6,72.41,10962,1119,,,,,,,,,
2026-10-08,ANDROID,dhgate_product415_T1_ACT&Nopay 30D_purchase_IAP_Kelsey_AND_20260720,mAKCz6oEkG8RFtXq,114.69,15213,1716,,,,,,,,,
2026-10-08,ANDROID,dhgate_product409_T1_Purchase 30D_purchase_IAP_Kelsey_AND_20260729_D7,hzurSjf5sHyjVyUq,132.75,4501,1074,,,,,,,,,
2026-10-08,IOS,dhgate_product340_T1_Purchase 30D_purchase_IAP_Kelsey_IOS_20260729_D7,g5OokwJOrTmd1BeC,57.96,2255,353,,,,,,,,,
2026-10-08,ANDROID,dhgate_product384_T1_Purchase 30D_purchase_IAP_Kelsey_AND_20260709_D7,funYq3Yvepl5ocKc,145.99,6462,973,,,,,,,,,
2026-10-08,ANDROID,dhgate_product367_UK_Purchase 30D_purchase_IAP_Kelsey_AND_20260530,AsUotp8z2P369W1o,67.02,2563,375,,,,,,,,,
2026-10-08,IOS,dhgate_product319_T1_Purchase 30D_purchase_IAP_Kelsey_IOS_20260429,SGOG7us7fBY7c5lH,78.5,3286,480,,,,,,,,,
2026-10-08,ANDROID,dhgate_product317_UK&FR_ACT&Nopay 30D_purchase_IAP_Kelsey_AND_20260427,tDzMEZEldS4Kei0r,103.46,8492,1276,,,,,,,,,
2026-10-08,IOS,dhgate_product314_T1_ACT&Nopay 30D_purchase_IAP_Kelsey_IOS_20260830,SnRXyvhzCoZXdvNw,66.28,7535,923,,,,,,,,,
2026-10-08,IOS,dhgate_dpa-ios_US_General_purchase_IAP_Kelsey_IOS_20260831,LezIvFETUV9B58uX,357.47,278666,1475,,,,,,,,,
2026-10-08,IOS,dhgate_product478_UK_ACT&Nopay 30D_purchase_IAP_Kelsey_IOS_20260828,wGnUS0Jj9GYefUy1,66.14,4127,688,,,,,,,,,
2026-10-08,ANDROID,dhgate_product385_UK_ACT&Nopay 30D_purchase_IAP_Kelsey_AND_20260630,VzqTPrFSQDRkzKZj,134.48,7870,1242,,,,,,,,,
2026-10-08,IOS,dhgate_product485_UK_Purchase 30D_purchase_IAP_Kelsey_IOS_20260831,fLTmfQ7Ogr2YOkqc,28.56,1292,192,,,,,,,,,
2026-10-08,IOS,dhgate_product919_T1_ACT&Nopay 30D_purchse_IAP_Kelsey_IOS_20261003,K09C29IZne9abyMu,30.01,1347,798,,,,,,,,,
2026-10-08,ANDROID,dhgate_product503_US_Purchase 30D_purchase_IAP_Kelsey_AND_20260920_D7,rSI7maIsj3GelBuv,34.39,3927,943,,,,,,,,,
2026-10-08,ANDROID,dhgate_product930_UK_ACT&Nopay 30D_purchase_IAP_Kelsey_AND_20261007,hVsPhq3ofsRS1We0,32.86,1725,847,,,,,,,,,
2026-10-08,IOS,dhgate_product930_T1_ACT&Nopay 30D_purchase_IAP_Kelsey_IOS_20261007,dvlcLhT9KCSUCszI,30.26,1748,936,,,,,,,,,
2026-10-08,ANDROID,dhgate_product928_US_Purchase 30D_purchase_IAP_Kelsey_AND_20261006,fTFzg40oNcWuejcT,42.04,3616,567,,,,,,,,,
2026-10-08,IOS,dhgate_product928_T1_Purchase 30D_purchase_IAP_Kelsey_IOS_20261006,hEyakrkwszCaV4Qj,32.79,1220,439,,,,,,,,,
2026-10-08,ANDROID,dhgate_product921_T1_ACT&Nopay_30D_purchase_IAP_Kelsey_AND_20261005,ThXI18reIIgIRzYK,31.65,3705,1721,,,,,,,,,
2026-10-08,IOS,dhgate_product921_T1_ACT&Nopay 30D_purchse_IAP_Kelsey_IOS_20261005,LQVD3JE9rTG7cVaE,28.37,896,341,,,,,,,,,
2026-10-08,ANDROID,dhgate_product920_T1_AF_ACT&Nopay_30D_purchse_IAP_Kelsey_AND_20261003,MIMbKUnXx8UgLokm,33.82,6336,578,,,,,,,,,
2026-10-08,IOS,dhgate_product491_US_Purchase 30D_purchase_IAP_Kelsey_IOS_20260901,xCoNwKymdvlaG9eW,113.59,3644,733,,,,,,,,,
2026-10-08,IOS,dhgate_product920_T1_ACT&Nopay 30D_purchse_IAP_Kelsey_IOS_20261003,pm6tsy9g2HI0KfWk,31.86,1068,424,,,,,,,,,
2026-10-08,IOS,dhgate_product910_UK_Purchase 30D_purchse_IAP_Kelsey_IOS_20260929,FxSkHgpdSyhhOWZg,24.25,434,213,,,,,,,,,
2026-10-08,IOS,dhgate_product908_US_Purchase 30D_purchase_IAP_Kelsey_IOS_20260925,BDXNZ2FjeVGW68vC,34.88,1773,250,,,,,,,,,
2026-10-08,IOS,dhgate_product902_T1_Purchase 30D_purchase_IAP_Kelsey_IOS_20260921,iVyKwCTsz9RVFvhA,177.45,6713,993,,,,,,,,,
2026-10-08,ANDROID,dhgate_product901_T1_ACT&Nopay 30D_purchase_IAP_Kelsey_AND_20260929_D7,Hdp6Vvlwyl86avQ1,35.26,4161,663,,,,,,,,,
2026-10-08,IOS,dhgate_product896_US_Purchase 30D_purchase_IAP_Kelsey_20260919,v55ItVFoklHbMSK7,114.84,4455,693,,,,,,,,,
2026-10-08,ANDROID,dhgate_product894_US_Purchase 30D_purchase_IAP_Kelsey_AND_20260918,XXA943x2ufqjvwyo,73.41,7771,2084,,,,,,,,,
2026-10-08,ANDROID,dhgate_product505_USA_Purchase 30D_purchse_IAP_Kelsey_AND_20261007,pjv04FUFyYyqrbW3,21.9,880,336,,,,,,,,,
2026-10-08,ANDROID,dhgate_product919_T1_ACT&Nopay_30D_purchse_IAP_Kelsey_AND_20261003,Y4NoBpMCXb7U2nOJ,34.22,6406,621,,,,,,,,,
2026-10-08,ANDROID,dhgate_dpa-and_US_General_purchase_IAP_Kelsey_AND_20260831,xln456nOmLHBC1ZU,359.63,493816,2850,,,,,,,,,
