date,os_type,campaign_name,campaign_id,spend,impressions,clicks,backend_orders,backend_gmv,product,cpm,cpc,ctr,cpa_purchase,aov,backend_roi
2026-04-02,ANDROID,dhgate_product89_US_Purchase 30D_purchase_IAP_Kelsey_20260319_playable,yVlryPZ7QjmW3iMX,24.45,753,93,,,,,,,,,
2026-04-02,IOS,dhgate_product121_US_Purchase 30D_purchase_IAP_Kelsey_20260222,HGuWXrsF7XcJ6CCt,195.88,24037,661,,,,,,,,,
2026-04-02,ANDROID,dhgate_product122_UK_ACT&Nopay 30D_purchase_IAP_Kelsey_20260304,JHYEUfnkThb8zpz3,150.03,18935,2836,,,,,,,,,
2026-04-02,ANDROID,dhgate_product122_US_ACT&Nopay 30D_purchase_IAP_Kelsey_20260222,cuKnHjUyFZarg9S8,94.23,33690,844,,,,,,,,,
2026-04-02,IOS,dhgate_product127_US_Purchase 30D_purchase_IAP_Kelsey_20260329,p0RBpfH8rJNIK8yo,49.27,8022,500,,,,,,,,,
2026-04-02,IOS,dhgate_product128_US_Purchase 30D_purchase_IAP_Kelsey_20260330,AEbiybmyw1wzgg0r,49.87,6414,440,,,,,,,,,
2026-04-02,ANDROID,dhgate_product128_US_Purchase 30D_purchase_IAP_Kelsey_20260330,WycqF0AH7l5vBlNE,50.56,3217,578,,,,,,,,,
2026-04-02,ANDROID,dhgate_product130_US_ACT&Nopay 30D_purchase_IAP_Kelsey_20260401,phSYxoQKPgtztzls,50.74,5703,1331,,,,,,,,,
2026-04-02,IOS,dhgate_product130_US_ACT&Nopay 30D_purchase_IAP_Kelsey_20260401,esYvKwB3Jx0zEWwO,48.2,4317,945,,,,,,,,,
2026-04-02,IOS,dhgate_product137_US_Purchase 30D_purchase_IAP_Kelsey_20260402,Eo7scqEETcYxo6WH,15.5,436,238,,,,,,,,,
2026-04-02,ANDROID,dhgate_product137_US_Purchase 30D_purchase_IAP_Kelsey_20260402,jGYW1E9U0Gn9lUzi,15.49,929,188,,,,,,,,,
2026-04-02,IOS,dhgate_product278_US_ACT&Nopay 30D_purchase_IAP_Kelsey_20260301,bObaCa0m4gcS9tff,99.59,35745,374,,,,,,,,,
2026-04-02,IOS,dhgate_product89_US_Purchase 30D_purchase_IAP_Kelsey_20260319_playable,RrDKYSpZbsMiL5xa,19.61,632,78,,,,,,,,,
2026-04-02,IOS,dhgate_product280_UK_Purchase 30D_purchase_IAP_Kelsey_20260321,oNzqTKQb4yki8Qfe,45.95,3543,253,,,,,,,,,
2026-04-02,ANDROID,dhgate_product89_T1_Purchase 30D_purchase_IAP_Kelsey_20251128,gRWXwZW3t4m8CvZm,148.4,21706,1720,,,,,,,,,
2026-04-02,ANDROID,dhgate_product44_UK_Purchase 30D_purchase_IAP_Kelsey_20251107,CgGZhsi0k4pTkn27,96.52,7221,1049,,,,,,,,,
2026-04-02,IOS,dhgate_product29_US_Purchase 30D_purchase_IAP_Kelsey_20251127,XycKBBI5ozAHScRp,99.27,15411,355,,,,,,,,,
2026-04-02,IOS,dhgate_product298_US_ACT&Nopay 30D_purchase_IAP_Kelsey_20260326,fMng4b0WHrYTyEQh,100.47,4823,1447,,,,,,,,,
2026-04-02,IOS,dhgate_product297_US_Purchase 30D_purchase_IAP_Kelsey_20260325,BIl8fl3osmRBpOlX,100.12,21364,292,,,,,,,,,
2026-04-02,ANDROID,dhgate_product279_US_Purchase 30D_purchase_IAP_Kelsey_20260302,SPLZOijkRmhwzDtg,48.67,9597,238,,,,,,,,,
2026-04-02,ANDROID,dhgate_product288_GB_Purchase 30D_purchase_IAP_Kelsey_20260323,tTorwrrGQ78Qhfod,94.21,7090,1104,,,,,,,,,
2026-04-02,IOS,dhgate_product287_US_Purchase 30D_purchase_IAP_Kelsey_20260323,Ty2UBS48YNO3Skgv,100.02,7835,743,,,,,,,,,
2026-04-02,IOS,dhgate_product287_Uk_Purchase 30D_purchase_IAP_Kelsey_20260311,HmtZzbZMdWxQGZ7w,150.19,9003,795,,,,,,,,,
2026-04-02,IOS,dhgate_product284_Uk_Purchase 30D_purchase_IAP_Kelsey_20260309,osXglD67LewLYd0D,100.58,5947,557,,,,,,,,,
2026-04-02,IOS,dhgate_product291_US_ACT&Nopay 30D_purchase_IAP_Kelsey_20260323,m4FoSYMwOXZ3a4mi,100.18,9649,1075,,,,,,,,,
2026-04-03,ANDROID,dhgate_product137_US_Purchase 30D_purchase_IAP_Kelsey_20260402,jGYW1E9U0Gn9lUzi,48.59,5681,445,,,,,,,,,
2026-04-03,IOS,dhgate_product137_US_Purchase 30D_purchase_IAP_Kelsey_20260402,Eo7scqEETcYxo6WH,44.35,1650,550,,,,,,,,,
2026-04-03,ANDROID,dhgate_product130_US_ACT&Nopay 30D_purchase_IAP_Kelsey_20260401,phSYxoQKPgtztzls,50.19,3724,1134,,,,,,,,,
2026-04-03,IOS,dhgate_product130_US_ACT&Nopay 30D_purchase_IAP_Kelsey_20260401,esYvKwB3Jx0zEWwO,44.29,1823,813,,,,,,,,,
2026-04-03,ANDROID,dhgate_product128_US_Purchase 30D_purchase_IAP_Kelsey_20260330,WycqF0AH7l5vBlNE,50.15,4066,464,,,,,,,,,
2026-04-03,IOS,dhgate_product127_US_Purchase 30D_purchase_IAP_Kelsey_20260329,p0RBpfH8rJNIK8yo,50.1,4275,483,,,,,,,,,
2026-04-03,ANDROID,dhgate_product122_US_ACT&Nopay 30D_purchase_IAP_Kelsey_20260222,cuKnHjUyFZarg9S8,94.54,30765,788,,,,,,,,,
2026-04-03,ANDROID,dhgate_product122_UK_ACT&Nopay 30D_purchase_IAP_Kelsey_20260304,JHYEUfnkThb8zpz3,150.46,18647,2523,,,,,,,,,
2026-04-03,IOS,dhgate_product121_US_Purchase 30D_purchase_IAP_Kelsey_20260222,HGuWXrsF7XcJ6CCt,201.12,21053,667,,,,,,,,,
2026-04-03,IOS,dhgate_product138_FR_ACT&Nopay 30D_purchase_IAP_Kelsey_20260403,zNcB24si9mbzBPed,11.24,751,422,,,,,,,,,
2026-04-03,IOS,dhgate_product128_US_Purchase 30D_purchase_IAP_Kelsey_20260330,AEbiybmyw1wzgg0r,50.45,2920,491,,,,,,,,,
2026-04-03,ANDROID,dhgate_product138_FR_ACT&Nopay 30D_purchase_IAP_Kelsey_20260403,Jd0HxmQLTzvNJQWE,10.96,1521,462,,,,,,,,,
2026-04-03,IOS,dhgate_product278_US_ACT&Nopay 30D_purchase_IAP_Kelsey_20260301,bObaCa0m4gcS9tff,100.19,32890,303,,,,,,,,,
2026-04-03,ANDROID,dhgate_product279_US_Purchase 30D_purchase_IAP_Kelsey_20260302,SPLZOijkRmhwzDtg,46.33,8150,242,,,,,,,,,
2026-04-03,ANDROID,dhgate_product89_T1_Purchase 30D_purchase_IAP_Kelsey_20251128,gRWXwZW3t4m8CvZm,145.51,19607,1565,,,,,,,,,
2026-04-03,ANDROID,dhgate_product44_UK_Purchase 30D_purchase_IAP_Kelsey_20251107,CgGZhsi0k4pTkn27,98.29,7544,858,,,,,,,,,
2026-04-03,IOS,dhgate_product29_US_Purchase 30D_purchase_IAP_Kelsey_20251127,XycKBBI5ozAHScRp,100.59,13884,306,,,,,,,,,
2026-04-03,IOS,dhgate_product298_US_ACT&Nopay 30D_purchase_IAP_Kelsey_20260326,fMng4b0WHrYTyEQh,81.72,2378,1203,,,,,,,,,
2026-04-03,IOS,dhgate_product297_US_Purchase 30D_purchase_IAP_Kelsey_20260325,BIl8fl3osmRBpOlX,100.44,17716,263,,,,,,,,,
2026-04-03,ANDROID,dhgate_product89_US_Purchase 30D_purchase_IAP_Kelsey_20260319_playable,yVlryPZ7QjmW3iMX,33.7,1511,115,,,,,,,,,
2026-04-03,ANDROID,dhgate_product288_GB_Purchase 30D_purchase_IAP_Kelsey_20260323,tTorwrrGQ78Qhfod,100.27,7044,870,,,,,,,,,
2026-04-03,IOS,dhgate_product287_US_Purchase 30D_purchase_IAP_Kelsey_20260323,Ty2UBS48YNO3Skgv,100.23,22109,155,,,,,,,,,
2026-04-03,IOS,dhgate_product287_Uk_Purchase 30D_purchase_IAP_Kelsey_20260311,HmtZzbZMdWxQGZ7w,151.03,8108,701,,,,,,,,,
2026-04-03,IOS,dhgate_product284_Uk_Purchase 30D_purchase_IAP_Kelsey_20260309,osXglD67LewLYd0D,100.23,5014,473,,,,,,,,,
2026-04-03,IOS,dhgate_product280_UK_Purchase 30D_purchase_IAP_Kelsey_20260321,oNzqTKQb4yki8Qfe,44.8,3160,217,,,,,,,,,
2026-04-03,IOS,dhgate_product291_US_ACT&Nopay 30D_purchase_IAP_Kelsey_20260323,m4FoSYMwOXZ3a4mi,100.18,42471,168,,,,,,,,,
2026-04-04,ANDROID,dhgate_product137_US_Purchase 30D_purchase_IAP_Kelsey_20260402,jGYW1E9U0Gn9lUzi,50.24,6657,409,,,,,,,,,
2026-04-04,IOS,dhgate_product137_US_Purchase 30D_purchase_IAP_Kelsey_20260402,Eo7scqEETcYxo6WH,51.45,1150,590,,,,,,,,,
2026-04-04,ANDROID,dhgate_product130_US_ACT&Nopay 30D_purchase_IAP_Kelsey_20260401,phSYxoQKPgtztzls,50.42,5021,1134,,,,,,,,,
2026-04-04,IOS,dhgate_product130_US_ACT&Nopay 30D_purchase_IAP_Kelsey_20260401,esYvKwB3Jx0zEWwO,40.59,1526,759,,,,,,,,,
2026-04-04,ANDROID,dhgate_product128_US_Purchase 30D_purchase_IAP_Kelsey_20260330,WycqF0AH7l5vBlNE,48.69,6426,437,,,,,,,,,
2026-04-04,ANDROID,dhgate_product122_US_ACT&Nopay 30D_purchase_IAP_Kelsey_20260222,cuKnHjUyFZarg9S8,100.22,31407,848,,,,,,,,,
2026-04-04,IOS,dhgate_product127_US_Purchase 30D_purchase_IAP_Kelsey_20260329,p0RBpfH8rJNIK8yo,50.18,12688,90,,,,,,,,,
2026-04-04,ANDROID,dhgate_product122_UK_ACT&Nopay 30D_purchase_IAP_Kelsey_20260304,JHYEUfnkThb8zpz3,150.32,20246,2196,,,,,,,,,
2026-04-04,IOS,dhgate_product121_US_Purchase 30D_purchase_IAP_Kelsey_20260222,HGuWXrsF7XcJ6CCt,201.03,20188,677,,,,,,,,,
2026-04-04,IOS,dhgate_product138_FR_ACT&Nopay 30D_purchase_IAP_Kelsey_20260403,zNcB24si9mbzBPed,38.88,2374,1289,,,,,,,,,
2026-04-04,IOS,dhgate_product128_US_Purchase 30D_purchase_IAP_Kelsey_20260330,AEbiybmyw1wzgg0r,50.69,1107,485,,,,,,,,,
2026-04-04,ANDROID,dhgate_product138_FR_ACT&Nopay 30D_purchase_IAP_Kelsey_20260403,Jd0HxmQLTzvNJQWE,47.58,6128,1759,,,,,,,,,
2026-04-04,ANDROID,dhgate_product89_US_Purchase 30D_purchase_IAP_Kelsey_20260319_playable,yVlryPZ7QjmW3iMX,32.4,950,110,,,,,,,,,
2026-04-04,ANDROID,dhgate_product279_US_Purchase 30D_purchase_IAP_Kelsey_20260302,SPLZOijkRmhwzDtg,47.93,7720,310,,,,,,,,,
2026-04-04,IOS,dhgate_product278_US_ACT&Nopay 30D_purchase_IAP_Kelsey_20260301,bObaCa0m4gcS9tff,100.14,31063,335,,,,,,,,,
2026-04-04,ANDROID,dhgate_product89_T1_Purchase 30D_purchase_IAP_Kelsey_20251128,gRWXwZW3t4m8CvZm,150.1,19994,1632,,,,,,,,,
2026-04-04,ANDROID,dhgate_product44_UK_Purchase 30D_purchase_IAP_Kelsey_20251107,CgGZhsi0k4pTkn27,93.15,8054,711,,,,,,,,,
2026-04-04,IOS,dhgate_product29_US_Purchase 30D_purchase_IAP_Kelsey_20251127,XycKBBI5ozAHScRp,100.38,12953,332,,,,,,,,,
2026-04-04,IOS,dhgate_product297_US_Purchase 30D_purchase_IAP_Kelsey_20260325,BIl8fl3osmRBpOlX,100.12,12780,305,,,,,,,,,
2026-04-04,IOS,dhgate_product298_US_ACT&Nopay 30D_purchase_IAP_Kelsey_20260326,fMng4b0WHrYTyEQh,83.76,9990,940,,,,,,,,,
2026-04-04,ANDROID,dhgate_product288_GB_Purchase 30D_purchase_IAP_Kelsey_20260323,tTorwrrGQ78Qhfod,100.34,8847,835,,,,,,,,,
2026-04-04,IOS,dhgate_product287_US_Purchase 30D_purchase_IAP_Kelsey_20260323,Ty2UBS48YNO3Skgv,100.08,20637,193,,,,,,,,,
2026-04-04,IOS,dhgate_product287_Uk_Purchase 30D_purchase_IAP_Kelsey_20260311,HmtZzbZMdWxQGZ7w,150.4,8530,668,,,,,,,,,
2026-04-04,IOS,dhgate_product284_Uk_Purchase 30D_purchase_IAP_Kelsey_20260309,osXglD67LewLYd0D,100.62,5707,487,,,,,,,,,
2026-04-04,IOS,dhgate_product280_UK_Purchase 30D_purchase_IAP_Kelsey_20260321,oNzqTKQb4yki8Qfe,43.4,2987,198,,,,,,,,,
2026-04-04,IOS,dhgate_product291_US_ACT&Nopay 30D_purchase_IAP_Kelsey_20260323,m4FoSYMwOXZ3a4mi,100.17,40361,250,,,,,,,,,
2026-04-05,IOS,dhgate_product130_US_ACT&Nopay 30D_purchase_IAP_Kelsey_20260401,esYvKwB3Jx0zEWwO,34.25,1245,651,,,,,,,,,
2026-04-05,ANDROID,dhgate_product137_US_Purchase 30D_purchase_IAP_Kelsey_20260402,jGYW1E9U0Gn9lUzi,50.12,4236,397,,,,,,,,,
2026-04-05,IOS,dhgate_product137_US_Purchase 30D_purchase_IAP_Kelsey_20260402,Eo7scqEETcYxo6WH,50.39,937,528,,,,,,,,,
2026-04-05,ANDROID,dhgate_product130_US_ACT&Nopay 30D_purchase_IAP_Kelsey_20260401,phSYxoQKPgtztzls,47.15,4119,1025,,,,,,,,,
2026-04-05,ANDROID,dhgate_product128_US_Purchase 30D_purchase_IAP_Kelsey_20260330,WycqF0AH7l5vBlNE,50.25,5777,445,,,,,,,,,
2026-04-05,IOS,dhgate_product138_FR_ACT&Nopay 30D_purchase_IAP_Kelsey_20260403,zNcB24si9mbzBPed,41.21,2550,1303,,,,,,,,,
2026-04-05,IOS,dhgate_product127_US_Purchase 30D_purchase_IAP_Kelsey_20260329,p0RBpfH8rJNIK8yo,50.04,12621,89,,,,,,,,,
2026-04-05,ANDROID,dhgate_product122_US_ACT&Nopay 30D_purchase_IAP_Kelsey_20260222,cuKnHjUyFZarg9S8,100.05,34478,810,,,,,,,,,
2026-04-05,ANDROID,dhgate_product122_UK_ACT&Nopay 30D_purchase_IAP_Kelsey_20260304,JHYEUfnkThb8zpz3,148.03,23793,1759,,,,,,,,,
2026-04-05,IOS,dhgate_product121_US_Purchase 30D_purchase_IAP_Kelsey_20260222,HGuWXrsF7XcJ6CCt,200.6,19809,654,,,,,,,,,
2026-04-05,IOS,dhgate_product128_US_Purchase 30D_purchase_IAP_Kelsey_20260330,AEbiybmyw1wzgg0r,50.78,945,436,,,,,,,,,
2026-04-05,ANDROID,dhgate_product138_FR_ACT&Nopay 30D_purchase_IAP_Kelsey_20260403,Jd0HxmQLTzvNJQWE,49.62,5428,1714,,,,,,,,,
2026-04-05,IOS,dhgate_product298_US_ACT&Nopay 30D_purchase_IAP_Kelsey_20260326,fMng4b0WHrYTyEQh,96.55,40997,177,,,,,,,,,
2026-04-05,ANDROID,dhgate_product279_US_Purchase 30D_purchase_IAP_Kelsey_20260302,SPLZOijkRmhwzDtg,45.5,8195,249,,,,,,,,,
2026-04-05,ANDROID,dhgate_product89_T1_Purchase 30D_purchase_IAP_Kelsey_20251128,gRWXwZW3t4m8CvZm,146.55,22261,1564,,,,,,,,,
2026-04-05,ANDROID,dhgate_product44_UK_Purchase 30D_purchase_IAP_Kelsey_20251107,CgGZhsi0k4pTkn27,96.68,10401,665,,,,,,,,,
2026-04-05,IOS,dhgate_product29_US_Purchase 30D_purchase_IAP_Kelsey_20251127,XycKBBI5ozAHScRp,100.12,13101,302,,,,,,,,,
2026-04-05,ANDROID,dhgate_product89_US_Purchase 30D_purchase_IAP_Kelsey_20260319_playable,yVlryPZ7QjmW3iMX,18.71,552,71,,,,,,,,,
2026-04-05,IOS,dhgate_product297_US_Purchase 30D_purchase_IAP_Kelsey_20260325,BIl8fl3osmRBpOlX,100.13,13016,286,,,,,,,,,
2026-04-05,IOS,dhgate_product278_US_ACT&Nopay 30D_purchase_IAP_Kelsey_20260301,bObaCa0m4gcS9tff,100.1,32393,330,,,,,,,,,
2026-04-05,ANDROID,dhgate_product288_GB_Purchase 30D_purchase_IAP_Kelsey_20260323,tTorwrrGQ78Qhfod,100.14,10852,928,,,,,,,,,
2026-04-05,IOS,dhgate_product287_US_Purchase 30D_purchase_IAP_Kelsey_20260323,Ty2UBS48YNO3Skgv,100.43,20899,186,,,,,,,,,
2026-04-05,IOS,dhgate_product287_Uk_Purchase 30D_purchase_IAP_Kelsey_20260311,HmtZzbZMdWxQGZ7w,141.59,8328,679,,,,,,,,,
2026-04-05,IOS,dhgate_product284_Uk_Purchase 30D_purchase_IAP_Kelsey_20260309,osXglD67LewLYd0D,93.33,5289,453,,,,,,,,,
2026-04-05,IOS,dhgate_product280_UK_Purchase 30D_purchase_IAP_Kelsey_20260321,oNzqTKQb4yki8Qfe,44.62,2980,253,,,,,,,,,
2026-04-05,IOS,dhgate_product291_US_ACT&Nopay 30D_purchase_IAP_Kelsey_20260323,m4FoSYMwOXZ3a4mi,100.07,40310,211,,,,,,,,,
2026-04-06,ANDROID,dhgate_product138_FR_ACT&Nopay 30D_purchase_IAP_Kelsey_20260403,Jd0HxmQLTzvNJQWE,21.78,2315,744,,,,,,,,,
2026-04-06,IOS,dhgate_product138_FR_ACT&Nopay 30D_purchase_IAP_Kelsey_20260403,zNcB24si9mbzBPed,38.54,9668,975,,,,,,,,,
2026-04-06,ANDROID,dhgate_product137_US_Purchase 30D_purchase_IAP_Kelsey_20260402,jGYW1E9U0Gn9lUzi,28.84,2926,226,,,,,,,,,
2026-04-06,IOS,dhgate_product137_US_Purchase 30D_purchase_IAP_Kelsey_20260402,Eo7scqEETcYxo6WH,50.56,912,559,,,,,,,,,
2026-04-06,ANDROID,dhgate_product130_US_ACT&Nopay 30D_purchase_IAP_Kelsey_20260401,phSYxoQKPgtztzls,50.25,3543,1075,,,,,,,,,
2026-04-06,IOS,dhgate_product130_US_ACT&Nopay 30D_purchase_IAP_Kelsey_20260401,esYvKwB3Jx0zEWwO,37.83,1361,725,,,,,,,,,
2026-04-06,ANDROID,dhgate_product128_T1_Purchase 30D_purchase_IAP_Kelsey_20260406,US6kPoqPLUqdps7K,11.48,1374,355,,,,,,,,,
2026-04-06,IOS,dhgate_product128_US_Purchase 30D_purchase_IAP_Kelsey_20260330,AEbiybmyw1wzgg0r,50.83,884,457,,,,,,,,,
2026-04-06,IOS,dhgate_product127_US_Purchase 30D_purchase_IAP_Kelsey_20260329,p0RBpfH8rJNIK8yo,69.69,15658,142,,,,,,,,,
2026-04-06,ANDROID,dhgate_product122_US_ACT&Nopay 30D_purchase_IAP_Kelsey_20260222,cuKnHjUyFZarg9S8,56.91,20296,418,,,,,,,,,
2026-04-06,IOS,dhgate_product139_US_ACT&Nopay 30D_purchase_IAP_Kelsey_20260406,hJckvaj0VtL16hWX,17.72,648,325,,,,,,,,,
2026-04-06,IOS,dhgate_product121_US_Purchase 30D_purchase_IAP_Kelsey_20260222,HGuWXrsF7XcJ6CCt,200.73,19420,681,,,,,,,,,
2026-04-06,ANDROID,dhgate_product128_US_Purchase 30D_purchase_IAP_Kelsey_20260330,WycqF0AH7l5vBlNE,76.92,5575,621,,,,,,,,,
2026-04-06,ANDROID,dhgate_product122_UK_ACT&Nopay 30D_purchase_IAP_Kelsey_20260304,JHYEUfnkThb8zpz3,100.34,16039,1599,,,,,,,,,
2026-04-06,ANDROID,dhgate_product139_US_ACT&Nopay 30D_purchase_IAP_Kelsey_20260406,FrpkROiqq3aOrCMs,9.59,771,256,,,,,,,,,
2026-04-06,ANDROID,dhgate_product279_US_Purchase 30D_purchase_IAP_Kelsey_20260302,SPLZOijkRmhwzDtg,49.71,9340,293,,,,,,,,,
2026-04-06,IOS,dhgate_product278_US_ACT&Nopay 30D_purchase_IAP_Kelsey_20260301,bObaCa0m4gcS9tff,100.2,33379,329,,,,,,,,,
2026-04-06,ANDROID,dhgate_product89_T1_Purchase 30D_purchase_IAP_Kelsey_20251128,gRWXwZW3t4m8CvZm,100.13,14436,1163,,,,,,,,,
2026-04-06,ANDROID,dhgate_product44_UK_Purchase 30D_purchase_IAP_Kelsey_20251107,CgGZhsi0k4pTkn27,98.71,9379,757,,,,,,,,,
2026-04-06,IOS,dhgate_product29_US_Purchase 30D_purchase_IAP_Kelsey_20251127,XycKBBI5ozAHScRp,64.9,8026,206,,,,,,,,,
2026-04-06,IOS,dhgate_product298_US_ACT&Nopay 30D_purchase_IAP_Kelsey_20260326,fMng4b0WHrYTyEQh,100.24,41464,227,,,,,,,,,
2026-04-06,IOS,dhgate_product297_US_Purchase 30D_purchase_IAP_Kelsey_20260325,BIl8fl3osmRBpOlX,100.37,13205,303,,,,,,,,,
2026-04-06,IOS,dhgate_product292_US_ACT&Nopay 30D_purchase_IAP_Kelsey_20260319,WHq5sC9c1d67jxXi,26.37,11806,65,,,,,,,,,
2026-04-06,ANDROID,dhgate_product89_US_Purchase 30D_purchase_IAP_Kelsey_20260319_playable,yVlryPZ7QjmW3iMX,30.22,1941,77,,,,,,,,,
2026-04-06,ANDROID,dhgate_product288_GB_Purchase 30D_purchase_IAP_Kelsey_20260323,tTorwrrGQ78Qhfod,51.22,4516,557,,,,,,,,,
2026-04-06,IOS,dhgate_product287_US_Purchase 30D_purchase_IAP_Kelsey_20260323,Ty2UBS48YNO3Skgv,122.29,22910,314,,,,,,,,,
2026-04-06,IOS,dhgate_product287_Uk_Purchase 30D_purchase_IAP_Kelsey_20260311,HmtZzbZMdWxQGZ7w,89.69,4939,492,,,,,,,,,
2026-04-06,IOS,dhgate_product287_T1_Purchase 30D_purchase_IAP_Kelsey_20260406,Onfq66VOGntH3Py6,8.77,420,251,,,,,,,,,
2026-04-06,IOS,dhgate_product284_Uk_Purchase 30D_purchase_IAP_Kelsey_20260309,osXglD67LewLYd0D,100.47,6166,518,,,,,,,,,
2026-04-06,IOS,dhgate_product280_UK_Purchase 30D_purchase_IAP_Kelsey_20260321,oNzqTKQb4yki8Qfe,47.66,3508,264,,,,,,,,,
2026-04-06,IOS,dhgate_product291_US_ACT&Nopay 30D_purchase_IAP_Kelsey_20260323,m4FoSYMwOXZ3a4mi,100.2,40346,250,,,,,,,,,
2026-04-07,ANDROID,dhgate_product139_US_ACT&Nopay 30D_purchase_IAP_Kelsey_20260406,FrpkROiqq3aOrCMs,50.45,4421,966,,,,,,,,,
2026-04-07,IOS,dhgate_product139_US_ACT&Nopay 30D_purchase_IAP_Kelsey_20260406,hJckvaj0VtL16hWX,51.04,1686,832,,,,,,,,,
2026-04-07,IOS,dhgate_product138_FR_ACT&Nopay 30D_purchase_IAP_Kelsey_20260403,zNcB24si9mbzBPed,47.07,17058,930,,,,,,,,,
2026-04-07,IOS,dhgate_product137_US_Purchase 30D_purchase_IAP_Kelsey_20260402,Eo7scqEETcYxo6WH,49.17,1049,594,,,,,,,,,
2026-04-07,ANDROID,dhgate_product130_US_ACT&Nopay 30D_purchase_IAP_Kelsey_20260401,phSYxoQKPgtztzls,50.03,4359,1024,,,,,,,,,
2026-04-07,IOS,dhgate_product130_US_ACT&Nopay 30D_purchase_IAP_Kelsey_20260401,esYvKwB3Jx0zEWwO,41.75,1396,798,,,,,,,,,
2026-04-07,ANDROID,dhgate_product128_T1_Purchase 30D_purchase_IAP_Kelsey_20260406,US6kPoqPLUqdps7K,44.91,5162,911,,,,,,,,,
2026-04-07,IOS,dhgate_product128_US_Purchase 30D_purchase_IAP_Kelsey_20260330,AEbiybmyw1wzgg0r,50.21,994,474,,,,,,,,,
2026-04-07,ANDROID,dhgate_product122_US_ACT&Nopay 30D_purchase_IAP_Kelsey_20260222,cuKnHjUyFZarg9S8,50.13,20551,310,,,,,,,,,
2026-04-07,ANDROID,dhgate_product122_UK_ACT&Nopay 30D_purchase_IAP_Kelsey_20260304,JHYEUfnkThb8zpz3,100.4,17843,1482,,,,,,,,,
2026-04-07,IOS,dhgate_product121_US_Purchase 30D_purchase_IAP_Kelsey_20260222,HGuWXrsF7XcJ6CCt,200.77,19189,679,,,,,,,,,
2026-04-07,IOS,dhgate_product141_US_ACT&Nopay 30D_purchase_IAP_Kelsey_20260407,lPbC2PQf5KQCLzUI,16.03,554,316,,,,,,,,,
2026-04-07,ANDROID,dhgate_product128_US_Purchase 30D_purchase_IAP_Kelsey_20260330,WycqF0AH7l5vBlNE,100.84,7727,722,,,,,,,,,
2026-04-07,ANDROID,dhgate_product141_US_ACT&Nopay 30D_purchase_IAP_Kelsey_20260407,H7Wq2XvZxyz99rLr,9.49,999,287,,,,,,,,,
2026-04-07,IOS,dhgate_product127_US_Purchase 30D_purchase_IAP_Kelsey_20260329,p0RBpfH8rJNIK8yo,100.05,18366,256,,,,,,,,,
2026-04-07,ANDROID,dhgate_product279_US_Purchase 30D_purchase_IAP_Kelsey_20260302,SPLZOijkRmhwzDtg,50.03,9263,274,,,,,,,,,
2026-04-07,ANDROID,dhgate_product89_T1_Purchase 30D_purchase_IAP_Kelsey_20251128,gRWXwZW3t4m8CvZm,100.24,15556,1060,,,,,,,,,
2026-04-07,ANDROID,dhgate_product44_UK_Purchase 30D_purchase_IAP_Kelsey_20251107,CgGZhsi0k4pTkn27,95.99,9076,781,,,,,,,,,
2026-04-07,IOS,dhgate_product29_US_Purchase 30D_purchase_IAP_Kelsey_20251127,XycKBBI5ozAHScRp,50.19,8851,129,,,,,,,,,
2026-04-07,ANDROID,dhgate_product89_US_Purchase 30D_purchase_IAP_Kelsey_20260319_playable,yVlryPZ7QjmW3iMX,42.08,2540,149,,,,,,,,,
2026-04-07,IOS,dhgate_product298_US_ACT&Nopay 30D_purchase_IAP_Kelsey_20260326,fMng4b0WHrYTyEQh,100.1,40878,225,,,,,,,,,
2026-04-07,IOS,dhgate_product297_US_Purchase 30D_purchase_IAP_Kelsey_20260325,BIl8fl3osmRBpOlX,100.49,13322,295,,,,,,,,,
2026-04-07,IOS,dhgate_product292_US_ACT&Nopay 30D_purchase_IAP_Kelsey_20260319,WHq5sC9c1d67jxXi,49.02,24818,70,,,,,,,,,
2026-04-07,IOS,dhgate_product278_US_ACT&Nopay 30D_purchase_IAP_Kelsey_20260301,bObaCa0m4gcS9tff,97.64,31752,311,,,,,,,,,
2026-04-07,ANDROID,dhgate_product288_GB_Purchase 30D_purchase_IAP_Kelsey_20260323,tTorwrrGQ78Qhfod,49.72,5413,471,,,,,,,,,
2026-04-07,IOS,dhgate_product287_US_Purchase 30D_purchase_IAP_Kelsey_20260323,Ty2UBS48YNO3Skgv,150.49,25383,375,,,,,,,,,
2026-04-07,IOS,dhgate_product287_Uk_Purchase 30D_purchase_IAP_Kelsey_20260311,HmtZzbZMdWxQGZ7w,50.24,3854,264,,,,,,,,,
2026-04-07,IOS,dhgate_product287_T1_Purchase 30D_purchase_IAP_Kelsey_20260406,Onfq66VOGntH3Py6,41.44,1754,919,,,,,,,,,
2026-04-07,IOS,dhgate_product284_Uk_Purchase 30D_purchase_IAP_Kelsey_20260309,osXglD67LewLYd0D,94.04,5902,522,,,,,,,,,
2026-04-07,IOS,dhgate_product280_UK_Purchase 30D_purchase_IAP_Kelsey_20260321,oNzqTKQb4yki8Qfe,42.79,3062,255,,,,,,,,,
2026-04-07,IOS,dhgate_product291_US_ACT&Nopay 30D_purchase_IAP_Kelsey_20260323,m4FoSYMwOXZ3a4mi,100.12,39783,225,,,,,,,,,
2026-04-08,ANDROID,dhgate_product139_US_ACT&Nopay 30D_purchase_IAP_Kelsey_20260406,FrpkROiqq3aOrCMs,50.38,3255,1005,,,,,,,,,
2026-04-08,IOS,dhgate_product139_US_ACT&Nopay 30D_purchase_IAP_Kelsey_20260406,hJckvaj0VtL16hWX,45.94,1593,720,,,,,,,,,
2026-04-08,IOS,dhgate_product138_FR_ACT&Nopay 30D_purchase_IAP_Kelsey_20260403,zNcB24si9mbzBPed,50.01,20763,784,,,,,,,,,
2026-04-08,IOS,dhgate_product137_US_Purchase 30D_purchase_IAP_Kelsey_20260402,Eo7scqEETcYxo6WH,50.47,1132,615,,,,,,,,,
2026-04-08,ANDROID,dhgate_product130_US_ACT&Nopay 30D_purchase_IAP_Kelsey_20260401,phSYxoQKPgtztzls,45.15,19809,245,,,,,,,,,
2026-04-08,IOS,dhgate_product130_US_ACT&Nopay 30D_purchase_IAP_Kelsey_20260401,esYvKwB3Jx0zEWwO,33.47,1218,596,,,,,,,,,
2026-04-08,IOS,dhgate_product127_US_Purchase 30D_purchase_IAP_Kelsey_20260329,p0RBpfH8rJNIK8yo,80.62,16009,184,,,,,,,,,
2026-04-08,IOS,dhgate_product128_US_Purchase 30D_purchase_IAP_Kelsey_20260330,AEbiybmyw1wzgg0r,50.09,1112,499,,,,,,,,,
2026-04-08,ANDROID,dhgate_product128_T1_Purchase 30D_purchase_IAP_Kelsey_20260406,US6kPoqPLUqdps7K,50.55,4669,996,,,,,,,,,
2026-04-08,ANDROID,dhgate_product122_US_ACT&Nopay 30D_purchase_IAP_Kelsey_20260222,cuKnHjUyFZarg9S8,35.46,13820,188,,,,,,,,,
2026-04-08,ANDROID,dhgate_product122_UK_ACT&Nopay 30D_purchase_IAP_Kelsey_20260304,JHYEUfnkThb8zpz3,94.88,16584,1331,,,,,,,,,
2026-04-08,IOS,dhgate_product121_US_Purchase 30D_purchase_IAP_Kelsey_20260222,HGuWXrsF7XcJ6CCt,200.31,20129,642,,,,,,,,,
2026-04-08,IOS,dhgate_product141_US_ACT&Nopay 30D_purchase_IAP_Kelsey_20260407,lPbC2PQf5KQCLzUI,49.99,1748,936,,,,,,,,,
2026-04-08,ANDROID,dhgate_product128_US_Purchase 30D_purchase_IAP_Kelsey_20260330,WycqF0AH7l5vBlNE,100.1,6359,834,,,,,,,,,
2026-04-08,ANDROID,dhgate_product141_US_ACT&Nopay 30D_purchase_IAP_Kelsey_20260407,H7Wq2XvZxyz99rLr,50.54,5944,1194,,,,,,,,,
2026-04-08,IOS,dhgate_product142_US_Purchase 30D_purchase_IAP_Kelsey_20260408,OByuFwbGVpoMuwfU,5.57,160,90,,,,,,,,,
2026-04-08,IOS,dhgate_product278_US_ACT&Nopay 30D_purchase_IAP_Kelsey_20260301,bObaCa0m4gcS9tff,100.12,33051,333,,,,,,,,,
2026-04-08,ANDROID,dhgate_product89_T1_Purchase 30D_purchase_IAP_Kelsey_20251128,gRWXwZW3t4m8CvZm,100.46,16218,1028,,,,,,,,,
2026-04-08,ANDROID,dhgate_product44_UK_Purchase 30D_purchase_IAP_Kelsey_20251107,CgGZhsi0k4pTkn27,96.61,9330,855,,,,,,,,,
2026-04-08,IOS,dhgate_product29_US_Purchase 30D_purchase_IAP_Kelsey_20251127,XycKBBI5ozAHScRp,50.09,8849,132,,,,,,,,,
2026-04-08,IOS,dhgate_product298_US_ACT&Nopay 30D_purchase_IAP_Kelsey_20260326,fMng4b0WHrYTyEQh,100.18,39604,225,,,,,,,,,
2026-04-08,IOS,dhgate_product297_US_Purchase 30D_purchase_IAP_Kelsey_20260325,BIl8fl3osmRBpOlX,100.24,13007,262,,,,,,,,,
2026-04-08,IOS,dhgate_product292_US_ACT&Nopay 30D_purchase_IAP_Kelsey_20260319,WHq5sC9c1d67jxXi,49.25,24841,59,,,,,,,,,
2026-04-08,IOS,dhgate_product291_US_ACT&Nopay 30D_purchase_IAP_Kelsey_20260323,m4FoSYMwOXZ3a4mi,79.91,32685,148,,,,,,,,,
2026-04-08,ANDROID,dhgate_product89_US_Purchase 30D_purchase_IAP_Kelsey_20260319_playable,yVlryPZ7QjmW3iMX,42.15,1763,158,,,,,,,,,
2026-04-08,IOS,dhgate_product287_US_Purchase 30D_purchase_IAP_Kelsey_20260323,Ty2UBS48YNO3Skgv,150.29,25098,337,,,,,,,,,
2026-04-08,IOS,dhgate_product287_Uk_Purchase 30D_purchase_IAP_Kelsey_20260311,HmtZzbZMdWxQGZ7w,33.37,2879,163,,,,,,,,,
2026-04-08,IOS,dhgate_product287_T1_Purchase 30D_purchase_IAP_Kelsey_20260406,Onfq66VOGntH3Py6,36.44,1737,780,,,,,,,,,
2026-04-08,IOS,dhgate_product284_Uk_Purchase 30D_purchase_IAP_Kelsey_20260309,osXglD67LewLYd0D,100.58,6869,454,,,,,,,,,
2026-04-08,IOS,dhgate_product280_UK_Purchase 30D_purchase_IAP_Kelsey_20260321,oNzqTKQb4yki8Qfe,48.77,3948,249,,,,,,,,,
2026-04-08,ANDROID,dhgate_product279_US_Purchase 30D_purchase_IAP_Kelsey_20260302,SPLZOijkRmhwzDtg,48.8,8990,233,,,,,,,,,
2026-04-08,ANDROID,dhgate_product288_GB_Purchase 30D_purchase_IAP_Kelsey_20260323,tTorwrrGQ78Qhfod,46.25,5292,432,,,,,,,,,
2026-04-09,ANDROID,dhgate_product141_US_ACT&Nopay 30D_purchase_IAP_Kelsey_20260407,H7Wq2XvZxyz99rLr,50.16,7878,930,,,,,,,,,
2026-04-09,IOS,dhgate_product141_US_ACT&Nopay 30D_purchase_IAP_Kelsey_20260407,lPbC2PQf5KQCLzUI,41.28,1571,781,,,,,,,,,
2026-04-09,ANDROID,dhgate_product139_US_ACT&Nopay 30D_purchase_IAP_Kelsey_20260406,FrpkROiqq3aOrCMs,27.89,2108,528,,,,,,,,,
2026-04-09,IOS,dhgate_product139_US_ACT&Nopay 30D_purchase_IAP_Kelsey_20260406,hJckvaj0VtL16hWX,31.56,1117,538,,,,,,,,,
2026-04-09,IOS,dhgate_product138_FR_ACT&Nopay 30D_purchase_IAP_Kelsey_20260403,zNcB24si9mbzBPed,50.15,17103,713,,,,,,,,,
2026-04-09,IOS,dhgate_product137_US_Purchase 30D_purchase_IAP_Kelsey_20260402,Eo7scqEETcYxo6WH,47.61,1264,571,,,,,,,,,
2026-04-09,IOS,dhgate_product128_US_Purchase 30D_purchase_IAP_Kelsey_20260330,AEbiybmyw1wzgg0r,35.23,1056,364,,,,,,,,,
2026-04-09,IOS,dhgate_product130_US_ACT&Nopay 30D_purchase_IAP_Kelsey_20260401,esYvKwB3Jx0zEWwO,36.62,1320,660,,,,,,,,,
2026-04-09,ANDROID,dhgate_product128_US_Purchase 30D_purchase_IAP_Kelsey_20260330,WycqF0AH7l5vBlNE,94.76,11820,443,,,,,,,,,
2026-04-09,ANDROID,dhgate_product128_T1_Purchase 30D_purchase_IAP_Kelsey_20260406,US6kPoqPLUqdps7K,29.52,3678,577,,,,,,,,,
2026-04-09,IOS,dhgate_product127_US_Purchase 30D_purchase_IAP_Kelsey_20260329,p0RBpfH8rJNIK8yo,50.0,13532,78,,,,,,,,,
2026-04-09,ANDROID,dhgate_product122_UK_ACT&Nopay 30D_purchase_IAP_Kelsey_20260304,JHYEUfnkThb8zpz3,100.31,17940,1276,,,,,,,,,
2026-04-09,ANDROID,dhgate_product142_FR_Purchase 30D_purchase_IAP_Kelsey_20260408,h1ij3XTzuByoSGUQ,19.14,1283,331,,,,,,,,,
2026-04-09,ANDROID,dhgate_product130_US_ACT&Nopay 30D_purchase_IAP_Kelsey_20260401,phSYxoQKPgtztzls,49.09,22521,353,,,,,,,,,
2026-04-09,IOS,dhgate_product142_US_Purchase 30D_purchase_IAP_Kelsey_20260408,OByuFwbGVpoMuwfU,44.77,2181,488,,,,,,,,,
2026-04-09,IOS,dhgate_product121_US_Purchase 30D_purchase_IAP_Kelsey_20260222,HGuWXrsF7XcJ6CCt,199.0,21267,587,,,,,,,,,
2026-04-09,ANDROID,dhgate_product144_US_Purchase 30D_purchase_IAP_Kelsey_20260409,gvdtAXZDbUvDzPf6,11.91,672,166,,,,,,,,,
2026-04-09,IOS,dhgate_product144_US_Purchase 30D_purchase_IAP_Kelsey_20260409,n0VzeT1EqHP6Iuh2,17.93,562,198,,,,,,,,,
2026-04-09,ANDROID,dhgate_product89_T1_Purchase 30D_purchase_IAP_Kelsey_20251128,gRWXwZW3t4m8CvZm,100.18,16374,956,,,,,,,,,
2026-04-09,ANDROID,dhgate_product44_UK_Purchase 30D_purchase_IAP_Kelsey_20251107,CgGZhsi0k4pTkn27,100.11,10285,807,,,,,,,,,
2026-04-09,IOS,dhgate_product29_US_Purchase 30D_purchase_IAP_Kelsey_20251127,XycKBBI5ozAHScRp,49.96,9415,111,,,,,,,,,
2026-04-09,IOS,dhgate_product298_US_ACT&Nopay 30D_purchase_IAP_Kelsey_20260326,fMng4b0WHrYTyEQh,99.94,39816,225,,,,,,,,,
2026-04-09,IOS,dhgate_product297_US_Purchase 30D_purchase_IAP_Kelsey_20260325,BIl8fl3osmRBpOlX,99.9,13652,249,,,,,,,,,
2026-04-09,IOS,dhgate_product292_US_ACT&Nopay 30D_purchase_IAP_Kelsey_20260319,WHq5sC9c1d67jxXi,50.04,24611,77,,,,,,,,,
2026-04-09,ANDROID,dhgate_product89_US_Purchase 30D_purchase_IAP_Kelsey_20260319_playable,yVlryPZ7QjmW3iMX,26.33,743,93,,,,,,,,,
2026-04-09,ANDROID,dhgate_product288_GB_Purchase 30D_purchase_IAP_Kelsey_20260323,tTorwrrGQ78Qhfod,50.2,5776,465,,,,,,,,,
2026-04-09,IOS,dhgate_product287_US_Purchase 30D_purchase_IAP_Kelsey_20260323,Ty2UBS48YNO3Skgv,149.64,25729,298,,,,,,,,,
2026-04-09,IOS,dhgate_product287_T1_Purchase 30D_purchase_IAP_Kelsey_20260406,Onfq66VOGntH3Py6,42.8,6009,603,,,,,,,,,
2026-04-09,IOS,dhgate_product284_Uk_Purchase 30D_purchase_IAP_Kelsey_20260309,osXglD67LewLYd0D,50.99,3470,225,,,,,,,,,
2026-04-09,IOS,dhgate_product280_UK_Purchase 30D_purchase_IAP_Kelsey_20260321,oNzqTKQb4yki8Qfe,50.23,4261,203,,,,,,,,,
2026-04-09,ANDROID,dhgate_product279_US_Purchase 30D_purchase_IAP_Kelsey_20260302,SPLZOijkRmhwzDtg,47.57,9018,155,,,,,,,,,
2026-04-09,IOS,dhgate_product278_US_ACT&Nopay 30D_purchase_IAP_Kelsey_20260301,bObaCa0m4gcS9tff,72.19,24033,236,,,,,,,,,
2026-04-09,IOS,dhgate_product291_US_ACT&Nopay 30D_purchase_IAP_Kelsey_20260323,m4FoSYMwOXZ3a4mi,49.93,24116,63,,,,,,,,,
2026-04-10,IOS,dhgate_product144_US_Purchase 30D_purchase_IAP_Kelsey_20260409,n0VzeT1EqHP6Iuh2,50.06,1763,535,,,,,,,,,
2026-04-10,IOS,dhgate_product142_US_Purchase 30D_purchase_IAP_Kelsey_20260408,OByuFwbGVpoMuwfU,50.21,4468,442,,,,,,,,,
2026-04-10,ANDROID,dhgate_product142_FR_Purchase 30D_purchase_IAP_Kelsey_20260408,h1ij3XTzuByoSGUQ,41.05,2556,611,,,,,,,,,
2026-04-10,ANDROID,dhgate_product141_US_ACT&Nopay 30D_purchase_IAP_Kelsey_20260407,H7Wq2XvZxyz99rLr,50.1,3715,1034,,,,,,,,,
2026-04-10,IOS,dhgate_product141_US_ACT&Nopay 30D_purchase_IAP_Kelsey_20260407,lPbC2PQf5KQCLzUI,50.8,2192,937,,,,,,,,,
2026-04-10,IOS,dhgate_product138_FR_ACT&Nopay 30D_purchase_IAP_Kelsey_20260403,zNcB24si9mbzBPed,50.04,18582,786,,,,,,,,,
2026-04-10,ANDROID,dhgate_product128_US_Purchase 30D_purchase_IAP_Kelsey_20260330,WycqF0AH7l5vBlNE,99.05,12332,515,,,,,,,,,
2026-04-10,ANDROID,dhgate_product130_US_ACT&Nopay 30D_purchase_IAP_Kelsey_20260401,phSYxoQKPgtztzls,50.12,22482,388,,,,,,,,,
2026-04-10,IOS,dhgate_product130_US_ACT&Nopay 30D_purchase_IAP_Kelsey_20260401,esYvKwB3Jx0zEWwO,42.58,1618,710,,,,,,,,,
2026-04-10,IOS,dhgate_product128_US_Purchase 30D_purchase_IAP_Kelsey_20260330,AEbiybmyw1wzgg0r,50.18,2291,430,,,,,,,,,
2026-04-10,IOS,dhgate_product127_US_Purchase 30D_purchase_IAP_Kelsey_20260329,p0RBpfH8rJNIK8yo,50.07,13091,72,,,,,,,,,
2026-04-10,ANDROID,dhgate_product122_UK_ACT&Nopay 30D_purchase_IAP_Kelsey_20260304,JHYEUfnkThb8zpz3,100.43,17484,1423,,,,,,,,,
2026-04-10,ANDROID,dhgate_product144_US_Purchase 30D_purchase_IAP_Kelsey_20260409,gvdtAXZDbUvDzPf6,45.23,2649,521,,,,,,,,,
2026-04-10,IOS,dhgate_product137_US_Purchase 30D_purchase_IAP_Kelsey_20260402,Eo7scqEETcYxo6WH,45.71,1376,502,,,,,,,,,
2026-04-10,IOS,dhgate_product145_T1_Purchase 30D_purchase_IAP_Kelsey_20260410,R8hVJbziQOAEovBK,11.88,562,298,,,,,,,,,
2026-04-10,IOS,dhgate_product121_US_Purchase 30D_purchase_IAP_Kelsey_20260222,HGuWXrsF7XcJ6CCt,194.96,20673,593,,,,,,,,,
2026-04-10,IOS,dhgate_product278_US_ACT&Nopay 30D_purchase_IAP_Kelsey_20260301,bObaCa0m4gcS9tff,50.04,20331,122,,,,,,,,,
2026-04-10,ANDROID,dhgate_product89_US_Purchase 30D_purchase_IAP_Kelsey_20260319_playable,yVlryPZ7QjmW3iMX,24.55,874,88,,,,,,,,,
2026-04-10,ANDROID,dhgate_product89_T1_Purchase 30D_purchase_IAP_Kelsey_20251128,gRWXwZW3t4m8CvZm,99.4,16323,1003,,,,,,,,,
2026-04-10,ANDROID,dhgate_product44_UK_Purchase 30D_purchase_IAP_Kelsey_20251107,CgGZhsi0k4pTkn27,100.15,10302,688,,,,,,,,,
2026-04-10,IOS,dhgate_product29_US_Purchase 30D_purchase_IAP_Kelsey_20251127,XycKBBI5ozAHScRp,50.11,9554,109,,,,,,,,,
2026-04-10,IOS,dhgate_product298_US_ACT&Nopay 30D_purchase_IAP_Kelsey_20260326,fMng4b0WHrYTyEQh,100.09,39388,262,,,,,,,,,
2026-04-10,IOS,dhgate_product297_US_Purchase 30D_purchase_IAP_Kelsey_20260325,BIl8fl3osmRBpOlX,100.05,14366,253,,,,,,,,,
2026-04-10,IOS,dhgate_product292_US_ACT&Nopay 30D_purchase_IAP_Kelsey_20260319,WHq5sC9c1d67jxXi,49.2,24470,69,,,,,,,,,
2026-04-10,ANDROID,dhgate_product145_T1_Purchase 30D_purchase_IAP_Kelsey_20260410,kCrsiHxyfS6a53eq,12.37,1138,306,,,,,,,,,
2026-04-10,ANDROID,dhgate_product288_GB_Purchase 30D_purchase_IAP_Kelsey_20260323,tTorwrrGQ78Qhfod,46.04,5945,360,,,,,,,,,
2026-04-10,IOS,dhgate_product287_US_Purchase 30D_purchase_IAP_Kelsey_20260323,Ty2UBS48YNO3Skgv,150.21,25451,311,,,,,,,,,
2026-04-10,IOS,dhgate_product287_T1_Purchase 30D_purchase_IAP_Kelsey_20260406,Onfq66VOGntH3Py6,50.14,17282,253,,,,,,,,,
2026-04-10,IOS,dhgate_product284_Uk_Purchase 30D_purchase_IAP_Kelsey_20260309,osXglD67LewLYd0D,50.25,3901,213,,,,,,,,,
2026-04-10,IOS,dhgate_product280_UK_Purchase 30D_purchase_IAP_Kelsey_20260321,oNzqTKQb4yki8Qfe,44.07,3952,206,,,,,,,,,
2026-04-10,ANDROID,dhgate_product279_US_Purchase 30D_purchase_IAP_Kelsey_20260302,SPLZOijkRmhwzDtg,47.81,8034,153,,,,,,,,,
2026-04-10,IOS,dhgate_product291_US_ACT&Nopay 30D_purchase_IAP_Kelsey_20260323,m4FoSYMwOXZ3a4mi,50.07,24247,60,,,,,,,,,
2026-04-11,IOS,dhgate_product144_US_Purchase 30D_purchase_IAP_Kelsey_20260409,n0VzeT1EqHP6Iuh2,45.42,2383,437,,,,,,,,,
2026-04-11,IOS,dhgate_product142_US_Purchase 30D_purchase_IAP_Kelsey_20260408,OByuFwbGVpoMuwfU,50.12,2156,466,,,,,,,,,
2026-04-11,ANDROID,dhgate_product142_FR_Purchase 30D_purchase_IAP_Kelsey_20260408,h1ij3XTzuByoSGUQ,48.37,2664,565,,,,,,,,,
2026-04-11,ANDROID,dhgate_product141_US_ACT&Nopay 30D_purchase_IAP_Kelsey_20260407,H7Wq2XvZxyz99rLr,50.07,3360,1074,,,,,,,,,
2026-04-11,IOS,dhgate_product141_US_ACT&Nopay 30D_purchase_IAP_Kelsey_20260407,lPbC2PQf5KQCLzUI,45.47,1537,881,,,,,,,,,
2026-04-11,IOS,dhgate_product138_FR_ACT&Nopay 30D_purchase_IAP_Kelsey_20260403,zNcB24si9mbzBPed,50.09,18661,721,,,,,,,,,
2026-04-11,ANDROID,dhgate_product128_US_Purchase 30D_purchase_IAP_Kelsey_20260330,WycqF0AH7l5vBlNE,95.95,11669,423,,,,,,,,,
2026-04-11,ANDROID,dhgate_product130_US_ACT&Nopay 30D_purchase_IAP_Kelsey_20260401,phSYxoQKPgtztzls,48.98,21291,399,,,,,,,,,
2026-04-11,IOS,dhgate_product130_US_ACT&Nopay 30D_purchase_IAP_Kelsey_20260401,esYvKwB3Jx0zEWwO,35.27,1211,603,,,,,,,,,
2026-04-11,IOS,dhgate_product128_US_Purchase 30D_purchase_IAP_Kelsey_20260330,AEbiybmyw1wzgg0r,51.3,2554,390,,,,,,,,,
2026-04-11,IOS,dhgate_product127_US_Purchase 30D_purchase_IAP_Kelsey_20260329,p0RBpfH8rJNIK8yo,50.12,12392,78,,,,,,,,,
2026-04-11,ANDROID,dhgate_product122_UK_ACT&Nopay 30D_purchase_IAP_Kelsey_20260304,JHYEUfnkThb8zpz3,99.16,18467,1211,,,,,,,,,
2026-04-11,ANDROID,dhgate_product144_US_Purchase 30D_purchase_IAP_Kelsey_20260409,gvdtAXZDbUvDzPf6,46.34,2948,429,,,,,,,,,
2026-04-11,IOS,dhgate_product137_US_Purchase 30D_purchase_IAP_Kelsey_20260402,Eo7scqEETcYxo6WH,47.14,2135,473,,,,,,,,,
2026-04-11,IOS,dhgate_product121_US_Purchase 30D_purchase_IAP_Kelsey_20260222,HGuWXrsF7XcJ6CCt,201.31,19101,609,,,,,,,,,
2026-04-11,IOS,dhgate_product145_T1_Purchase 30D_purchase_IAP_Kelsey_20260410,R8hVJbziQOAEovBK,32.28,1643,803,,,,,,,,,
2026-04-11,IOS,dhgate_product278_US_ACT&Nopay 30D_purchase_IAP_Kelsey_20260301,bObaCa0m4gcS9tff,50.06,19615,157,,,,,,,,,
2026-04-11,ANDROID,dhgate_product145_T1_Purchase 30D_purchase_IAP_Kelsey_20260410,kCrsiHxyfS6a53eq,44.06,4528,868,,,,,,,,,
2026-04-11,ANDROID,dhgate_product89_US_Purchase 30D_purchase_IAP_Kelsey_20260319_playable,yVlryPZ7QjmW3iMX,37.62,2083,151,,,,,,,,,
2026-04-11,ANDROID,dhgate_product89_T1_Purchase 30D_purchase_IAP_Kelsey_20251128,gRWXwZW3t4m8CvZm,100.34,16467,832,,,,,,,,,
2026-04-11,ANDROID,dhgate_product44_UK_Purchase 30D_purchase_IAP_Kelsey_20251107,CgGZhsi0k4pTkn27,100.3,10648,610,,,,,,,,,
2026-04-11,IOS,dhgate_product29_US_Purchase 30D_purchase_IAP_Kelsey_20251127,XycKBBI5ozAHScRp,50.12,8424,118,,,,,,,,,
2026-04-11,IOS,dhgate_product297_US_Purchase 30D_purchase_IAP_Kelsey_20260325,BIl8fl3osmRBpOlX,100.49,13110,270,,,,,,,,,
2026-04-11,IOS,dhgate_product292_US_ACT&Nopay 30D_purchase_IAP_Kelsey_20260319,WHq5sC9c1d67jxXi,48.81,23559,78,,,,,,,,,
2026-04-11,IOS,dhgate_product298_US_ACT&Nopay 30D_purchase_IAP_Kelsey_20260326,fMng4b0WHrYTyEQh,100.16,37602,265,,,,,,,,,
2026-04-11,ANDROID,dhgate_product288_GB_Purchase 30D_purchase_IAP_Kelsey_20260323,tTorwrrGQ78Qhfod,49.6,6443,264,,,,,,,,,
2026-04-11,IOS,dhgate_product287_US_Purchase 30D_purchase_IAP_Kelsey_20260323,Ty2UBS48YNO3Skgv,150.38,22775,308,,,,,,,,,
2026-04-11,IOS,dhgate_product287_T1_Purchase 30D_purchase_IAP_Kelsey_20260406,Onfq66VOGntH3Py6,47.44,15765,210,,,,,,,,,
2026-04-11,IOS,dhgate_product284_Uk_Purchase 30D_purchase_IAP_Kelsey_20260309,osXglD67LewLYd0D,47.05,4817,192,,,,,,,,,
2026-04-11,IOS,dhgate_product280_UK_Purchase 30D_purchase_IAP_Kelsey_20260321,oNzqTKQb4yki8Qfe,49.21,4890,199,,,,,,,,,
2026-04-11,ANDROID,dhgate_product279_US_Purchase 30D_purchase_IAP_Kelsey_20260302,SPLZOijkRmhwzDtg,49.69,7892,167,,,,,,,,,
2026-04-11,IOS,dhgate_product291_US_ACT&Nopay 30D_purchase_IAP_Kelsey_20260323,m4FoSYMwOXZ3a4mi,48.16,23048,71,,,,,,,,,
2026-04-12,IOS,dhgate_product138_FR_ACT&Nopay 30D_purchase_IAP_Kelsey_20260403,zNcB24si9mbzBPed,50.18,23833,678,,,,,,,,,
2026-04-12,IOS,dhgate_product142_US_Purchase 30D_purchase_IAP_Kelsey_20260408,OByuFwbGVpoMuwfU,50.3,2827,428,,,,,,,,,
2026-04-12,ANDROID,dhgate_product142_FR_Purchase 30D_purchase_IAP_Kelsey_20260408,h1ij3XTzuByoSGUQ,47.22,4388,579,,,,,,,,,
2026-04-12,ANDROID,dhgate_product141_US_ACT&Nopay 30D_purchase_IAP_Kelsey_20260407,H7Wq2XvZxyz99rLr,50.12,3355,1259,,,,,,,,,
2026-04-12,IOS,dhgate_product141_US_ACT&Nopay 30D_purchase_IAP_Kelsey_20260407,lPbC2PQf5KQCLzUI,45.55,1495,789,,,,,,,,,
2026-04-12,IOS,dhgate_product137_US_Purchase 30D_purchase_IAP_Kelsey_20260402,Eo7scqEETcYxo6WH,50.16,1935,470,,,,,,,,,
2026-04-12,IOS,dhgate_product144_US_Purchase 30D_purchase_IAP_Kelsey_20260409,n0VzeT1EqHP6Iuh2,50.13,3466,480,,,,,,,,,
2026-04-12,IOS,dhgate_product130_US_ACT&Nopay 30D_purchase_IAP_Kelsey_20260401,esYvKwB3Jx0zEWwO,39.95,1362,642,,,,,,,,,
2026-04-12,ANDROID,dhgate_product128_US_Purchase 30D_purchase_IAP_Kelsey_20260330,WycqF0AH7l5vBlNE,91.92,11572,404,,,,,,,,,
2026-04-12,IOS,dhgate_product128_US_Purchase 30D_purchase_IAP_Kelsey_20260330,AEbiybmyw1wzgg0r,50.65,2486,392,,,,,,,,,
2026-04-12,IOS,dhgate_product127_US_Purchase 30D_purchase_IAP_Kelsey_20260329,p0RBpfH8rJNIK8yo,50.15,12267,68,,,,,,,,,
2026-04-12,ANDROID,dhgate_product122_UK_ACT&Nopay 30D_purchase_IAP_Kelsey_20260304,JHYEUfnkThb8zpz3,92.61,17325,1179,,,,,,,,,
2026-04-12,IOS,dhgate_product121_US_Purchase 30D_purchase_IAP_Kelsey_20260222,HGuWXrsF7XcJ6CCt,200.38,18927,528,,,,,,,,,
2026-04-12,ANDROID,dhgate_product130_US_ACT&Nopay 30D_purchase_IAP_Kelsey_20260401,phSYxoQKPgtztzls,46.98,19310,400,,,,,,,,,
2026-04-12,ANDROID,dhgate_product144_US_Purchase 30D_purchase_IAP_Kelsey_20260409,gvdtAXZDbUvDzPf6,50.88,4185,526,,,,,,,,,
2026-04-12,IOS,dhgate_product278_US_ACT&Nopay 30D_purchase_IAP_Kelsey_20260301,bObaCa0m4gcS9tff,50.07,19047,141,,,,,,,,,
2026-04-12,ANDROID,dhgate_product145_T1_Purchase 30D_purchase_IAP_Kelsey_20260410,kCrsiHxyfS6a53eq,50.24,6433,954,,,,,,,,,
2026-04-12,ANDROID,dhgate_product89_T1_Purchase 30D_purchase_IAP_Kelsey_20251128,gRWXwZW3t4m8CvZm,93.09,17509,718,,,,,,,,,
2026-04-12,ANDROID,dhgate_product44_UK_Purchase 30D_purchase_IAP_Kelsey_20251107,CgGZhsi0k4pTkn27,95.02,11397,483,,,,,,,,,
2026-04-12,IOS,dhgate_product29_US_Purchase 30D_purchase_IAP_Kelsey_20251127,XycKBBI5ozAHScRp,49.88,8704,99,,,,,,,,,
2026-04-12,IOS,dhgate_product298_US_ACT&Nopay 30D_purchase_IAP_Kelsey_20260326,fMng4b0WHrYTyEQh,100.57,36362,289,,,,,,,,,
2026-04-12,IOS,dhgate_product297_US_Purchase 30D_purchase_IAP_Kelsey_20260325,BIl8fl3osmRBpOlX,99.83,12685,226,,,,,,,,,
2026-04-12,IOS,dhgate_product292_US_ACT&Nopay 30D_purchase_IAP_Kelsey_20260319,WHq5sC9c1d67jxXi,47.58,22377,66,,,,,,,,,
2026-04-12,IOS,dhgate_product291_US_ACT&Nopay 30D_purchase_IAP_Kelsey_20260323,m4FoSYMwOXZ3a4mi,48.53,22739,67,,,,,,,,,
2026-04-12,IOS,dhgate_product145_T1_Purchase 30D_purchase_IAP_Kelsey_20260410,R8hVJbziQOAEovBK,40.9,1850,862,,,,,,,,,
2026-04-12,IOS,dhgate_product287_US_Purchase 30D_purchase_IAP_Kelsey_20260323,Ty2UBS48YNO3Skgv,148.79,23524,268,,,,,,,,,
2026-04-12,IOS,dhgate_product287_T1_Purchase 30D_purchase_IAP_Kelsey_20260406,Onfq66VOGntH3Py6,43.34,16130,168,,,,,,,,,
2026-04-12,IOS,dhgate_product284_Uk_Purchase 30D_purchase_IAP_Kelsey_20260309,osXglD67LewLYd0D,43.41,4270,178,,,,,,,,,
2026-04-12,IOS,dhgate_product280_UK_Purchase 30D_purchase_IAP_Kelsey_20260321,oNzqTKQb4yki8Qfe,44.43,4245,179,,,,,,,,,
2026-04-12,ANDROID,dhgate_product279_US_Purchase 30D_purchase_IAP_Kelsey_20260302,SPLZOijkRmhwzDtg,44.3,7437,158,,,,,,,,,
2026-04-12,ANDROID,dhgate_product89_US_Purchase 30D_purchase_IAP_Kelsey_20260319_playable,yVlryPZ7QjmW3iMX,39.92,1866,80,,,,,,,,,
2026-04-12,ANDROID,dhgate_product288_GB_Purchase 30D_purchase_IAP_Kelsey_20260323,tTorwrrGQ78Qhfod,43.02,6341,224,,,,,,,,,
2026-04-13,IOS,dhgate_product142_US_Purchase 30D_purchase_IAP_Kelsey_20260408,OByuFwbGVpoMuwfU,50.14,2507,471,,,,,,,,,
2026-04-13,ANDROID,dhgate_product142_FR_Purchase 30D_purchase_IAP_Kelsey_20260408,h1ij3XTzuByoSGUQ,40.85,4542,449,,,,,,,,,
2026-04-13,ANDROID,dhgate_product141_US_ACT&Nopay 30D_purchase_IAP_Kelsey_20260407,H7Wq2XvZxyz99rLr,50.42,4331,1171,,,,,,,,,
2026-04-13,IOS,dhgate_product141_US_ACT&Nopay 30D_purchase_IAP_Kelsey_20260407,lPbC2PQf5KQCLzUI,40.41,1367,716,,,,,,,,,
2026-04-13,IOS,dhgate_product138_FR_ACT&Nopay 30D_purchase_IAP_Kelsey_20260403,zNcB24si9mbzBPed,50.08,21439,774,,,,,,,,,
2026-04-13,IOS,dhgate_product137_US_Purchase 30D_purchase_IAP_Kelsey_20260402,Eo7scqEETcYxo6WH,50.12,1893,449,,,,,,,,,
2026-04-13,IOS,dhgate_product128_US_Purchase 30D_purchase_IAP_Kelsey_20260330,AEbiybmyw1wzgg0r,50.11,1636,375,,,,,,,,,
2026-04-13,IOS,dhgate_product130_US_ACT&Nopay 30D_purchase_IAP_Kelsey_20260401,esYvKwB3Jx0zEWwO,36.16,1126,577,,,,,,,,,
2026-04-13,ANDROID,dhgate_product128_US_Purchase 30D_purchase_IAP_Kelsey_20260330,WycqF0AH7l5vBlNE,96.27,12072,474,,,,,,,,,
2026-04-13,IOS,dhgate_product127_US_Purchase 30D_purchase_IAP_Kelsey_20260329,p0RBpfH8rJNIK8yo,50.1,12988,70,,,,,,,,,
2026-04-13,ANDROID,dhgate_product122_UK_ACT&Nopay 30D_purchase_IAP_Kelsey_20260304,JHYEUfnkThb8zpz3,92.19,16143,1344,,,,,,,,,
2026-04-13,IOS,dhgate_product121_US_Purchase 30D_purchase_IAP_Kelsey_20260222,HGuWXrsF7XcJ6CCt,200.24,20141,594,,,,,,,,,
2026-04-13,IOS,dhgate_product144_US_Purchase 30D_purchase_IAP_Kelsey_20260409,n0VzeT1EqHP6Iuh2,50.27,1603,466,,,,,,,,,
2026-04-13,ANDROID,dhgate_product130_US_ACT&Nopay 30D_purchase_IAP_Kelsey_20260401,phSYxoQKPgtztzls,48.4,20672,409,,,,,,,,,
2026-04-13,ANDROID,dhgate_product144_US_Purchase 30D_purchase_IAP_Kelsey_20260409,gvdtAXZDbUvDzPf6,50.19,4467,455,,,,,,,,,
2026-04-13,IOS,dhgate_product145_T1_Purchase 30D_purchase_IAP_Kelsey_20260410,R8hVJbziQOAEovBK,34.91,1552,784,,,,,,,,,
2026-04-13,ANDROID,dhgate_product145_T1_Purchase 30D_purchase_IAP_Kelsey_20260410,kCrsiHxyfS6a53eq,50.25,6648,787,,,,,,,,,
2026-04-13,ANDROID,dhgate_product89_T1_Purchase 30D_purchase_IAP_Kelsey_20251128,gRWXwZW3t4m8CvZm,98.05,15595,936,,,,,,,,,
2026-04-13,ANDROID,dhgate_product44_UK_Purchase 30D_purchase_IAP_Kelsey_20251107,CgGZhsi0k4pTkn27,91.61,9185,734,,,,,,,,,
2026-04-13,IOS,dhgate_product29_US_Purchase 30D_purchase_IAP_Kelsey_20251127,XycKBBI5ozAHScRp,49.02,9158,101,,,,,,,,,
2026-04-13,IOS,dhgate_product298_US_ACT&Nopay 30D_purchase_IAP_Kelsey_20260326,fMng4b0WHrYTyEQh,100.13,37270,287,,,,,,,,,
2026-04-13,IOS,dhgate_product297_US_Purchase 30D_purchase_IAP_Kelsey_20260325,BIl8fl3osmRBpOlX,99.46,13438,261,,,,,,,,,
2026-04-13,IOS,dhgate_product292_US_ACT&Nopay 30D_purchase_IAP_Kelsey_20260319,WHq5sC9c1d67jxXi,49.31,23815,62,,,,,,,,,
2026-04-13,IOS,dhgate_product291_US_ACT&Nopay 30D_purchase_IAP_Kelsey_20260323,m4FoSYMwOXZ3a4mi,48.63,23269,68,,,,,,,,,
2026-04-13,ANDROID,dhgate_product89_US_Purchase 30D_purchase_IAP_Kelsey_20260319_playable,yVlryPZ7QjmW3iMX,43.72,2575,111,,,,,,,,,
2026-04-13,IOS,dhgate_product287_US_Purchase 30D_purchase_IAP_Kelsey_20260323,Ty2UBS48YNO3Skgv,148.44,25116,303,,,,,,,,,
2026-04-13,IOS,dhgate_product287_T1_Purchase 30D_purchase_IAP_Kelsey_20260406,Onfq66VOGntH3Py6,47.54,17749,213,,,,,,,,,
2026-04-13,IOS,dhgate_product284_Uk_Purchase 30D_purchase_IAP_Kelsey_20260309,osXglD67LewLYd0D,39.67,4046,176,,,,,,,,,
2026-04-13,IOS,dhgate_product280_UK_Purchase 30D_purchase_IAP_Kelsey_20260321,oNzqTKQb4yki8Qfe,38.81,3766,212,,,,,,,,,
2026-04-13,ANDROID,dhgate_product279_US_Purchase 30D_purchase_IAP_Kelsey_20260302,SPLZOijkRmhwzDtg,49.78,8375,173,,,,,,,,,
2026-04-13,IOS,dhgate_product278_US_ACT&Nopay 30D_purchase_IAP_Kelsey_20260301,bObaCa0m4gcS9tff,48.48,19354,150,,,,,,,,,
2026-04-13,ANDROID,dhgate_product288_GB_Purchase 30D_purchase_IAP_Kelsey_20260323,tTorwrrGQ78Qhfod,42.54,5078,414,,,,,,,,,
2026-04-14,IOS,dhgate_product144_US_Purchase 30D_purchase_IAP_Kelsey_20260409,n0VzeT1EqHP6Iuh2,49.21,2515,458,,,,,,,,,
2026-04-14,IOS,dhgate_product142_US_Purchase 30D_purchase_IAP_Kelsey_20260408,OByuFwbGVpoMuwfU,50.16,2291,538,,,,,,,,,
2026-04-14,ANDROID,dhgate_product142_FR_Purchase 30D_purchase_IAP_Kelsey_20260408,h1ij3XTzuByoSGUQ,42.04,3688,530,,,,,,,,,
2026-04-14,ANDROID,dhgate_product141_US_ACT&Nopay 30D_purchase_IAP_Kelsey_20260407,H7Wq2XvZxyz99rLr,50.22,3866,1162,,,,,,,,,
2026-04-14,IOS,dhgate_product141_US_ACT&Nopay 30D_purchase_IAP_Kelsey_20260407,lPbC2PQf5KQCLzUI,48.51,1665,799,,,,,,,,,
2026-04-14,IOS,dhgate_product138_FR_ACT&Nopay 30D_purchase_IAP_Kelsey_20260403,zNcB24si9mbzBPed,50.07,17405,881,,,,,,,,,
2026-04-14,IOS,dhgate_product137_US_Purchase 30D_purchase_IAP_Kelsey_20260402,Eo7scqEETcYxo6WH,50.7,4589,488,,,,,,,,,
2026-04-14,ANDROID,dhgate_product128_US_Purchase 30D_purchase_IAP_Kelsey_20260330,WycqF0AH7l5vBlNE,99.67,11993,492,,,,,,,,,
2026-04-14,IOS,dhgate_product130_US_ACT&Nopay 30D_purchase_IAP_Kelsey_20260401,esYvKwB3Jx0zEWwO,36.69,1215,613,,,,,,,,,
2026-04-14,IOS,dhgate_product128_US_Purchase 30D_purchase_IAP_Kelsey_20260330,AEbiybmyw1wzgg0r,50.21,3388,380,,,,,,,,,
2026-04-14,IOS,dhgate_product127_US_Purchase 30D_purchase_IAP_Kelsey_20260329,p0RBpfH8rJNIK8yo,50.3,12679,92,,,,,,,,,
2026-04-14,ANDROID,dhgate_product122_UK_ACT&Nopay 30D_purchase_IAP_Kelsey_20260304,JHYEUfnkThb8zpz3,100.72,17028,1282,,,,,,,,,
2026-04-14,IOS,dhgate_product121_US_Purchase 30D_purchase_IAP_Kelsey_20260222,HGuWXrsF7XcJ6CCt,200.43,19578,659,,,,,,,,,
2026-04-14,IOS,dhgate_product145_T1_Purchase 30D_purchase_IAP_Kelsey_20260410,R8hVJbziQOAEovBK,46.32,5088,740,,,,,,,,,
2026-04-14,ANDROID,dhgate_product130_US_ACT&Nopay 30D_purchase_IAP_Kelsey_20260401,phSYxoQKPgtztzls,49.11,20345,382,,,,,,,,,
2026-04-14,ANDROID,dhgate_product145_T1_Purchase 30D_purchase_IAP_Kelsey_20260410,kCrsiHxyfS6a53eq,50.13,9100,389,,,,,,,,,
2026-04-14,ANDROID,dhgate_product144_US_Purchase 30D_purchase_IAP_Kelsey_20260409,gvdtAXZDbUvDzPf6,50.66,3950,525,,,,,,,,,
2026-04-14,ANDROID,dhgate_product146_US_ACT&Nopay 30D_purchase_IAP_Kelsey_20260414,qXy3uhrqFcdOeAg5,13.36,1281,427,,,,,,,,,
2026-04-14,ANDROID,dhgate_product89_T1_Purchase 30D_purchase_IAP_Kelsey_20251128,gRWXwZW3t4m8CvZm,100.27,14034,959,,,,,,,,,
2026-04-14,ANDROID,dhgate_product44_UK_Purchase 30D_purchase_IAP_Kelsey_20251107,CgGZhsi0k4pTkn27,93.51,9546,607,,,,,,,,,
2026-04-14,IOS,dhgate_product29_US_Purchase 30D_purchase_IAP_Kelsey_20251127,XycKBBI5ozAHScRp,50.18,9004,117,,,,,,,,,
2026-04-14,IOS,dhgate_product298_US_ACT&Nopay 30D_purchase_IAP_Kelsey_20260326,fMng4b0WHrYTyEQh,100.14,34727,309,,,,,,,,,
2026-04-14,IOS,dhgate_product297_US_Purchase 30D_purchase_IAP_Kelsey_20260325,BIl8fl3osmRBpOlX,100.17,12829,308,,,,,,,,,
2026-04-14,IOS,dhgate_product292_US_ACT&Nopay 30D_purchase_IAP_Kelsey_20260319,WHq5sC9c1d67jxXi,49.48,23009,65,,,,,,,,,
2026-04-14,IOS,dhgate_product291_US_ACT&Nopay 30D_purchase_IAP_Kelsey_20260323,m4FoSYMwOXZ3a4mi,50.14,23036,79,,,,,,,,,
2026-04-14,IOS,dhgate_product146_US_ACT&Nopay 30D_purchase_IAP_Kelsey_20260414,UtCx3jqWWodwMEPS,16.51,701,356,,,,,,,,,
2026-04-14,IOS,dhgate_product287_US_Purchase 30D_purchase_IAP_Kelsey_20260323,Ty2UBS48YNO3Skgv,150.36,23484,381,,,,,,,,,
2026-04-14,IOS,dhgate_product287_T1_Purchase 30D_purchase_IAP_Kelsey_20260406,Onfq66VOGntH3Py6,49.43,15471,287,,,,,,,,,
2026-04-14,IOS,dhgate_product284_Uk_Purchase 30D_purchase_IAP_Kelsey_20260309,osXglD67LewLYd0D,50.23,4578,259,,,,,,,,,
2026-04-14,IOS,dhgate_product280_UK_Purchase 30D_purchase_IAP_Kelsey_20260321,oNzqTKQb4yki8Qfe,50.18,4371,263,,,,,,,,,
2026-04-14,ANDROID,dhgate_product279_US_Purchase 30D_purchase_IAP_Kelsey_20260302,SPLZOijkRmhwzDtg,48.28,7608,184,,,,,,,,,
2026-04-14,IOS,dhgate_product278_US_ACT&Nopay 30D_purchase_IAP_Kelsey_20260301,bObaCa0m4gcS9tff,50.09,18446,150,,,,,,,,,
2026-04-14,ANDROID,dhgate_product89_US_Purchase 30D_purchase_IAP_Kelsey_20260319_playable,yVlryPZ7QjmW3iMX,50.12,2429,133,,,,,,,,,
2026-04-14,ANDROID,dhgate_product288_GB_Purchase 30D_purchase_IAP_Kelsey_20260323,tTorwrrGQ78Qhfod,46.07,5386,349,,,,,,,,,
2026-04-15,IOS,dhgate_product145_T1_Purchase 30D_purchase_IAP_Kelsey_20260410,R8hVJbziQOAEovBK,72.41,14706,411,,,,,,,,,
2026-04-15,ANDROID,dhgate_product144_US_Purchase 30D_purchase_IAP_Kelsey_20260409,gvdtAXZDbUvDzPf6,74.5,8981,392,,,,,,,,,
2026-04-15,IOS,dhgate_product144_US_Purchase 30D_purchase_IAP_Kelsey_20260409,n0VzeT1EqHP6Iuh2,50.48,4583,421,,,,,,,,,
2026-04-15,IOS,dhgate_product142_US_Purchase 30D_purchase_IAP_Kelsey_20260408,OByuFwbGVpoMuwfU,50.31,3920,470,,,,,,,,,
2026-04-15,ANDROID,dhgate_product142_FR_Purchase 30D_purchase_IAP_Kelsey_20260408,h1ij3XTzuByoSGUQ,44.34,4315,453,,,,,,,,,
2026-04-15,ANDROID,dhgate_product141_US_ACT&Nopay 30D_purchase_IAP_Kelsey_20260407,H7Wq2XvZxyz99rLr,34.1,4300,769,,,,,,,,,
2026-04-15,IOS,dhgate_product141_US_ACT&Nopay 30D_purchase_IAP_Kelsey_20260407,lPbC2PQf5KQCLzUI,54.82,1900,902,,,,,,,,,
2026-04-15,IOS,dhgate_product130_US_ACT&Nopay 30D_purchase_IAP_Kelsey_20260401,esYvKwB3Jx0zEWwO,55.74,1777,836,,,,,,,,,
2026-04-15,IOS,dhgate_product137_US_Purchase 30D_purchase_IAP_Kelsey_20260402,Eo7scqEETcYxo6WH,50.15,5379,496,,,,,,,,,
2026-04-15,ANDROID,dhgate_product130_US_ACT&Nopay 30D_purchase_IAP_Kelsey_20260401,phSYxoQKPgtztzls,26.52,9850,212,,,,,,,,,
2026-04-15,ANDROID,dhgate_product128_US_Purchase 30D_purchase_IAP_Kelsey_20260330,WycqF0AH7l5vBlNE,55.99,6480,270,,,,,,,,,
2026-04-15,IOS,dhgate_product128_US_Purchase 30D_purchase_IAP_Kelsey_20260330,AEbiybmyw1wzgg0r,50.19,4059,375,,,,,,,,,
2026-04-15,IOS,dhgate_product127_US_Purchase 30D_purchase_IAP_Kelsey_20260329,p0RBpfH8rJNIK8yo,50.04,11571,70,,,,,,,,,
2026-04-15,ANDROID,dhgate_product122_UK_ACT&Nopay 30D_purchase_IAP_Kelsey_20260304,JHYEUfnkThb8zpz3,51.85,8844,538,,,,,,,,,
2026-04-15,ANDROID,dhgate_product145_T1_Purchase 30D_purchase_IAP_Kelsey_20260410,kCrsiHxyfS6a53eq,50.02,10066,271,,,,,,,,,
2026-04-15,IOS,dhgate_product138_FR_ACT&Nopay 30D_purchase_IAP_Kelsey_20260403,zNcB24si9mbzBPed,50.16,18860,652,,,,,,,,,
2026-04-15,IOS,dhgate_product121_US_Purchase 30D_purchase_IAP_Kelsey_20260222,HGuWXrsF7XcJ6CCt,200.55,18375,611,,,,,,,,,
2026-04-15,ANDROID,dhgate_product146_US_ACT&Nopay 30D_purchase_IAP_Kelsey_20260414,qXy3uhrqFcdOeAg5,50.19,8397,1328,,,,,,,,,
2026-04-15,IOS,dhgate_product148_T1_Purchase 30D_purchase_IAP_Kelsey_20260415,ylPYtz4zcz9zxv3w,11.41,544,301,,,,,,,,,
2026-04-15,IOS,dhgate_product146_US_ACT&Nopay 30D_purchase_IAP_Kelsey_20260414,UtCx3jqWWodwMEPS,33.56,1478,698,,,,,,,,,
2026-04-15,ANDROID,dhgate_product89_T1_Purchase 30D_purchase_IAP_Kelsey_20251128,gRWXwZW3t4m8CvZm,100.5,15274,843,,,,,,,,,
2026-04-15,ANDROID,dhgate_product44_UK_Purchase 30D_purchase_IAP_Kelsey_20251107,CgGZhsi0k4pTkn27,54.85,6100,317,,,,,,,,,
2026-04-15,IOS,dhgate_product29_US_Purchase 30D_purchase_IAP_Kelsey_20251127,XycKBBI5ozAHScRp,49.74,8430,120,,,,,,,,,
2026-04-15,IOS,dhgate_product298_US_ACT&Nopay 30D_purchase_IAP_Kelsey_20260326,fMng4b0WHrYTyEQh,62.22,19471,167,,,,,,,,,
2026-04-15,IOS,dhgate_product297_US_Purchase 30D_purchase_IAP_Kelsey_20260325,BIl8fl3osmRBpOlX,100.27,12044,260,,,,,,,,,
2026-04-15,IOS,dhgate_product292_US_ACT&Nopay 30D_purchase_IAP_Kelsey_20260319,WHq5sC9c1d67jxXi,50.07,21710,103,,,,,,,,,
2026-04-15,IOS,dhgate_product291_US_ACT&Nopay 30D_purchase_IAP_Kelsey_20260323,m4FoSYMwOXZ3a4mi,50.07,21649,94,,,,,,,,,
2026-04-15,ANDROID,dhgate_product89_US_Purchase 30D_purchase_IAP_Kelsey_20260319_playable,yVlryPZ7QjmW3iMX,23.15,725,91,,,,,,,,,
2026-04-15,IOS,dhgate_product287_US_Purchase 30D_purchase_IAP_Kelsey_20260323,Ty2UBS48YNO3Skgv,91.98,13186,190,,,,,,,,,
2026-04-15,IOS,dhgate_product287_T1_Purchase 30D_purchase_IAP_Kelsey_20260406,Onfq66VOGntH3Py6,47.17,14869,195,,,,,,,,,
2026-04-15,IOS,dhgate_product284_Uk_Purchase 30D_purchase_IAP_Kelsey_20260309,osXglD67LewLYd0D,69.7,5615,289,,,,,,,,,
2026-04-15,IOS,dhgate_product280_UK_Purchase 30D_purchase_IAP_Kelsey_20260321,oNzqTKQb4yki8Qfe,26.84,2494,117,,,,,,,,,
2026-04-15,ANDROID,dhgate_product279_US_Purchase 30D_purchase_IAP_Kelsey_20260302,SPLZOijkRmhwzDtg,70.03,9319,318,,,,,,,,,
2026-04-15,IOS,dhgate_product278_US_ACT&Nopay 30D_purchase_IAP_Kelsey_20260301,bObaCa0m4gcS9tff,50.03,17400,154,,,,,,,,,
2026-04-15,ANDROID,dhgate_product148_T1_Purchase 30D_purchase_IAP_Kelsey_20260415,dVlitdxzfmXStKCR,16.61,1422,368,,,,,,,,,
2026-04-15,ANDROID,dhgate_product288_GB_Purchase 30D_purchase_IAP_Kelsey_20260323,tTorwrrGQ78Qhfod,70.05,7621,561,,,,,,,,,
2026-04-16,ANDROID,dhgate_product145_T1_Purchase 30D_purchase_IAP_Kelsey_20260410,kCrsiHxyfS6a53eq,50.34,9605,310,,,,,,,,,
2026-04-16,IOS,dhgate_product145_T1_Purchase 30D_purchase_IAP_Kelsey_20260410,R8hVJbziQOAEovBK,103.06,18863,549,,,,,,,,,
2026-04-16,ANDROID,dhgate_product144_US_Purchase 30D_purchase_IAP_Kelsey_20260409,gvdtAXZDbUvDzPf6,96.51,11351,494,,,,,,,,,
2026-04-16,IOS,dhgate_product144_US_Purchase 30D_purchase_IAP_Kelsey_20260409,n0VzeT1EqHP6Iuh2,51.64,6431,393,,,,,,,,,
2026-04-16,IOS,dhgate_product142_US_Purchase 30D_purchase_IAP_Kelsey_20260408,OByuFwbGVpoMuwfU,51.73,2992,471,,,,,,,,,
2026-04-16,ANDROID,dhgate_product142_FR_Purchase 30D_purchase_IAP_Kelsey_20260408,h1ij3XTzuByoSGUQ,46.36,4552,370,,,,,,,,,
2026-04-16,IOS,dhgate_product130_US_ACT&Nopay 30D_purchase_IAP_Kelsey_20260401,esYvKwB3Jx0zEWwO,90.61,2711,1285,,,,,,,,,
2026-04-16,IOS,dhgate_product138_FR_ACT&Nopay 30D_purchase_IAP_Kelsey_20260403,zNcB24si9mbzBPed,51.91,20398,588,,,,,,,,,
2026-04-16,IOS,dhgate_product137_US_Purchase 30D_purchase_IAP_Kelsey_20260402,Eo7scqEETcYxo6WH,52.5,4229,429,,,,,,,,,
2026-04-16,IOS,dhgate_product146_US_ACT&Nopay 30D_purchase_IAP_Kelsey_20260414,UtCx3jqWWodwMEPS,40.08,1403,708,,,,,,,,,
2026-04-16,IOS,dhgate_product127_US_Purchase 30D_purchase_IAP_Kelsey_20260329,p0RBpfH8rJNIK8yo,47.44,12119,68,,,,,,,,,
2026-04-16,ANDROID,dhgate_product122_UK_ACT&Nopay 30D_purchase_IAP_Kelsey_20260304,JHYEUfnkThb8zpz3,50.22,11707,635,,,,,,,,,
2026-04-16,IOS,dhgate_product121_US_Purchase 30D_purchase_IAP_Kelsey_20260222,HGuWXrsF7XcJ6CCt,200.74,21136,583,,,,,,,,,
2026-04-16,IOS,dhgate_product141_US_ACT&Nopay 30D_purchase_IAP_Kelsey_20260407,lPbC2PQf5KQCLzUI,87.02,2982,1171,,,,,,,,,
2026-04-16,ANDROID,dhgate_product146_US_ACT&Nopay 30D_purchase_IAP_Kelsey_20260414,qXy3uhrqFcdOeAg5,50.34,5490,1247,,,,,,,,,
2026-04-16,IOS,dhgate_product128_US_Purchase 30D_purchase_IAP_Kelsey_20260330,AEbiybmyw1wzgg0r,50.02,4768,342,,,,,,,,,
2026-04-16,ANDROID,dhgate_product148_T1_Purchase 30D_purchase_IAP_Kelsey_20260415,dVlitdxzfmXStKCR,47.3,5986,827,,,,,,,,,
2026-04-16,ANDROID,dhgate_product89_US_Purchase 30D_purchase_IAP_Kelsey_20260319_playable,yVlryPZ7QjmW3iMX,24.55,578,74,,,,,,,,,
2026-04-16,ANDROID,dhgate_product89_T1_Purchase 30D_purchase_IAP_Kelsey_20251128,gRWXwZW3t4m8CvZm,100.26,16108,860,,,,,,,,,
2026-04-16,ANDROID,dhgate_product44_UK_Purchase 30D_purchase_IAP_Kelsey_20251107,CgGZhsi0k4pTkn27,50.26,6360,276,,,,,,,,,
2026-04-16,IOS,dhgate_product29_US_Purchase 30D_purchase_IAP_Kelsey_20251127,XycKBBI5ozAHScRp,50.08,8929,111,,,,,,,,,
2026-04-16,IOS,dhgate_product297_US_Purchase 30D_purchase_IAP_Kelsey_20260325,BIl8fl3osmRBpOlX,97.96,12929,200,,,,,,,,,
2026-04-16,IOS,dhgate_product292_US_ACT&Nopay 30D_purchase_IAP_Kelsey_20260319,WHq5sC9c1d67jxXi,49.93,22621,80,,,,,,,,,
2026-04-16,IOS,dhgate_product291_US_ACT&Nopay 30D_purchase_IAP_Kelsey_20260323,m4FoSYMwOXZ3a4mi,48.04,22178,76,,,,,,,,,
2026-04-16,IOS,dhgate_product148_T1_Purchase 30D_purchase_IAP_Kelsey_20260415,ylPYtz4zcz9zxv3w,38.83,1826,773,,,,,,,,,
2026-04-16,IOS,dhgate_product287_T1_Purchase 30D_purchase_IAP_Kelsey_20260406,Onfq66VOGntH3Py6,49.38,16031,136,,,,,,,,,
2026-04-16,IOS,dhgate_product284_Uk_Purchase 30D_purchase_IAP_Kelsey_20260309,osXglD67LewLYd0D,98.49,7545,404,,,,,,,,,
2026-04-16,ANDROID,dhgate_product279_US_Purchase 30D_purchase_IAP_Kelsey_20260302,SPLZOijkRmhwzDtg,95.1,12438,454,,,,,,,,,
2026-04-16,IOS,dhgate_product278_US_ACT&Nopay 30D_purchase_IAP_Kelsey_20260301,bObaCa0m4gcS9tff,49.15,18213,140,,,,,,,,,
2026-04-16,ANDROID,dhgate_product151_UK_ACT&Nopay 30D_purchase_IAP_Kelsey_20260416,peghskceEPxgHofT,13.54,1145,455,,,,,,,,,
2026-04-16,IOS,dhgate_product151_UK_ACT&Nopay 30D_purchase_IAP_Kelsey_20260416,TXpPzyD9G4Cf5FnL,25.09,731,380,,,,,,,,,
2026-04-16,ANDROID,dhgate_product288_GB_Purchase 30D_purchase_IAP_Kelsey_20260323,tTorwrrGQ78Qhfod,90.01,8990,761,,,,,,,,,
2026-04-17,IOS,dhgate_product145_T1_Purchase 30D_purchase_IAP_Kelsey_20260410,R8hVJbziQOAEovBK,100.32,15883,595,,,,,,,,,
2026-04-17,ANDROID,dhgate_product145_T1_Purchase 30D_purchase_IAP_Kelsey_20260410,kCrsiHxyfS6a53eq,50.38,8999,334,,,,,,,,,
2026-04-17,IOS,dhgate_product144_US_Purchase 30D_purchase_IAP_Kelsey_20260409,n0VzeT1EqHP6Iuh2,50.84,3204,412,,,,,,,,,
2026-04-17,ANDROID,dhgate_product144_US_Purchase 30D_purchase_IAP_Kelsey_20260409,gvdtAXZDbUvDzPf6,100.32,10527,534,,,,,,,,,
2026-04-17,IOS,dhgate_product142_US_Purchase 30D_purchase_IAP_Kelsey_20260408,OByuFwbGVpoMuwfU,50.19,2167,439,,,,,,,,,
2026-04-17,ANDROID,dhgate_product142_FR_Purchase 30D_purchase_IAP_Kelsey_20260408,h1ij3XTzuByoSGUQ,50.19,4416,473,,,,,,,,,
2026-04-17,IOS,dhgate_product141_US_ACT&Nopay 30D_purchase_IAP_Kelsey_20260407,lPbC2PQf5KQCLzUI,100.64,4738,1246,,,,,,,,,
2026-04-17,IOS,dhgate_product130_US_ACT&Nopay 30D_purchase_IAP_Kelsey_20260401,esYvKwB3Jx0zEWwO,89.07,9931,971,,,,,,,,,
2026-04-17,IOS,dhgate_product137_US_Purchase 30D_purchase_IAP_Kelsey_20260402,Eo7scqEETcYxo6WH,50.06,10145,79,,,,,,,,,
2026-04-17,IOS,dhgate_product128_US_Purchase 30D_purchase_IAP_Kelsey_20260330,AEbiybmyw1wzgg0r,50.2,12058,76,,,,,,,,,
2026-04-17,IOS,dhgate_product127_US_Purchase 30D_purchase_IAP_Kelsey_20260329,p0RBpfH8rJNIK8yo,50.24,10983,110,,,,,,,,,
2026-04-17,ANDROID,dhgate_product122_UK_ACT&Nopay 30D_purchase_IAP_Kelsey_20260304,JHYEUfnkThb8zpz3,49.59,11428,766,,,,,,,,,
2026-04-17,IOS,dhgate_product121_US_Purchase 30D_purchase_IAP_Kelsey_20260222,HGuWXrsF7XcJ6CCt,200.43,19327,640,,,,,,,,,
2026-04-17,ANDROID,dhgate_product146_US_ACT&Nopay 30D_purchase_IAP_Kelsey_20260414,qXy3uhrqFcdOeAg5,35.61,3249,935,,,,,,,,,
2026-04-17,IOS,dhgate_product138_FR_ACT&Nopay 30D_purchase_IAP_Kelsey_20260403,zNcB24si9mbzBPed,50.15,15894,774,,,,,,,,,
2026-04-17,IOS,dhgate_product146_US_ACT&Nopay 30D_purchase_IAP_Kelsey_20260414,UtCx3jqWWodwMEPS,38.05,1457,694,,,,,,,,,
2026-04-17,ANDROID,dhgate_product148_T1_Purchase 30D_purchase_IAP_Kelsey_20260415,dVlitdxzfmXStKCR,50.26,8107,851,,,,,,,,,
2026-04-17,IOS,dhgate_product148_T1_Purchase 30D_purchase_IAP_Kelsey_20260415,ylPYtz4zcz9zxv3w,34.88,1813,631,,,,,,,,,
2026-04-17,ANDROID,dhgate_product89_T1_Purchase 30D_purchase_IAP_Kelsey_20251128,gRWXwZW3t4m8CvZm,100.47,15221,874,,,,,,,,,
2026-04-17,ANDROID,dhgate_product44_UK_Purchase 30D_purchase_IAP_Kelsey_20251107,CgGZhsi0k4pTkn27,50.34,6620,329,,,,,,,,,
2026-04-17,IOS,dhgate_product29_US_Purchase 30D_purchase_IAP_Kelsey_20251127,XycKBBI5ozAHScRp,50.17,7654,128,,,,,,,,,
2026-04-17,IOS,dhgate_product297_US_Purchase 30D_purchase_IAP_Kelsey_20260325,BIl8fl3osmRBpOlX,100.32,11996,316,,,,,,,,,
2026-04-17,IOS,dhgate_product292_US_ACT&Nopay 30D_purchase_IAP_Kelsey_20260319,WHq5sC9c1d67jxXi,50.11,21059,137,,,,,,,,,
2026-04-17,ANDROID,dhgate_product288_GB_Purchase 30D_purchase_IAP_Kelsey_20260323,tTorwrrGQ78Qhfod,100.54,8947,969,,,,,,,,,
2026-04-17,IOS,dhgate_product287_T1_Purchase 30D_purchase_IAP_Kelsey_20260406,Onfq66VOGntH3Py6,50.15,14295,200,,,,,,,,,
2026-04-17,IOS,dhgate_product291_US_ACT&Nopay 30D_purchase_IAP_Kelsey_20260323,m4FoSYMwOXZ3a4mi,50.11,21098,140,,,,,,,,,
2026-04-17,ANDROID,dhgate_product279_US_Purchase 30D_purchase_IAP_Kelsey_20260302,SPLZOijkRmhwzDtg,60.5,7511,260,,,,,,,,,
2026-04-17,IOS,dhgate_product278_US_ACT&Nopay 30D_purchase_IAP_Kelsey_20260301,bObaCa0m4gcS9tff,50.05,16516,232,,,,,,,,,
2026-04-17,ANDROID,dhgate_product152_UK_ACT&Nopay 30D_purchase_IAP_Kelsey_20260417,HPVTypy3zYjS8YCI,11.04,1278,389,,,,,,,,,
2026-04-17,IOS,dhgate_product152_UK_ACT&Nopay 30D_purchase_IAP_Kelsey_20260417,FCnZZPvgxPBQThzP,15.78,789,324,,,,,,,,,
2026-04-17,IOS,dhgate_product151_UK_ACT&Nopay 30D_purchase_IAP_Kelsey_20260416,TXpPzyD9G4Cf5FnL,45.97,1511,701,,,,,,,,,
2026-04-17,ANDROID,dhgate_product151_UK_ACT&Nopay 30D_purchase_IAP_Kelsey_20260416,peghskceEPxgHofT,40.66,3137,1130,,,,,,,,,
2026-04-17,IOS,dhgate_product284_Uk_Purchase 30D_purchase_IAP_Kelsey_20260309,osXglD67LewLYd0D,100.76,6228,431,,,,,,,,,
2026-04-18,IOS,dhgate_product142_US_Purchase 30D_purchase_IAP_Kelsey_20260408,OByuFwbGVpoMuwfU,50.04,9328,65,,,,,,,,,
2026-04-18,IOS,dhgate_product145_T1_Purchase 30D_purchase_IAP_Kelsey_20260410,R8hVJbziQOAEovBK,100.16,18221,591,,,,,,,,,
2026-04-18,ANDROID,dhgate_product145_T1_Purchase 30D_purchase_IAP_Kelsey_20260410,kCrsiHxyfS6a53eq,50.07,9336,368,,,,,,,,,
2026-04-18,IOS,dhgate_product144_US_Purchase 30D_purchase_IAP_Kelsey_20260409,n0VzeT1EqHP6Iuh2,50.11,8642,90,,,,,,,,,
2026-04-18,ANDROID,dhgate_product144_US_Purchase 30D_purchase_IAP_Kelsey_20260409,gvdtAXZDbUvDzPf6,99.9,12326,643,,,,,,,,,
2026-04-18,ANDROID,dhgate_product142_FR_Purchase 30D_purchase_IAP_Kelsey_20260408,h1ij3XTzuByoSGUQ,44.53,5077,423,,,,,,,,,
2026-04-18,IOS,dhgate_product121_US_Purchase 30D_purchase_IAP_Kelsey_20260222,HGuWXrsF7XcJ6CCt,201.38,20271,650,,,,,,,,,
2026-04-18,IOS,dhgate_product138_FR_ACT&Nopay 30D_purchase_IAP_Kelsey_20260403,zNcB24si9mbzBPed,50.12,17973,722,,,,,,,,,
2026-04-18,IOS,dhgate_product137_US_Purchase 30D_purchase_IAP_Kelsey_20260402,Eo7scqEETcYxo6WH,50.33,10364,72,,,,,,,,,
2026-04-18,IOS,dhgate_product130_US_ACT&Nopay 30D_purchase_IAP_Kelsey_20260401,esYvKwB3Jx0zEWwO,98.93,35344,351,,,,,,,,,
2026-04-18,IOS,dhgate_product128_US_Purchase 30D_purchase_IAP_Kelsey_20260330,AEbiybmyw1wzgg0r,50.26,11045,101,,,,,,,,,
2026-04-18,IOS,dhgate_product127_US_Purchase 30D_purchase_IAP_Kelsey_20260329,p0RBpfH8rJNIK8yo,50.03,9885,122,,,,,,,,,
2026-04-18,IOS,dhgate_product146_US_ACT&Nopay 30D_purchase_IAP_Kelsey_20260414,UtCx3jqWWodwMEPS,50.48,1797,812,,,,,,,,,
2026-04-18,IOS,dhgate_product141_US_ACT&Nopay 30D_purchase_IAP_Kelsey_20260407,lPbC2PQf5KQCLzUI,96.22,4012,1202,,,,,,,,,
2026-04-18,ANDROID,dhgate_product148_T1_Purchase 30D_purchase_IAP_Kelsey_20260415,dVlitdxzfmXStKCR,50.17,6929,1013,,,,,,,,,
2026-04-18,ANDROID,dhgate_product122_UK_ACT&Nopay 30D_purchase_IAP_Kelsey_20260304,JHYEUfnkThb8zpz3,50.11,12810,722,,,,,,,,,
2026-04-18,ANDROID,dhgate_product151_UK_ACT&Nopay 30D_purchase_IAP_Kelsey_20260416,peghskceEPxgHofT,45.52,2880,1058,,,,,,,,,
2026-04-18,ANDROID,dhgate_product89_T1_Purchase 30D_purchase_IAP_Kelsey_20251128,gRWXwZW3t4m8CvZm,98.94,16242,838,,,,,,,,,
2026-04-18,ANDROID,dhgate_product44_UK_Purchase 30D_purchase_IAP_Kelsey_20251107,CgGZhsi0k4pTkn27,50.09,7467,209,,,,,,,,,
2026-04-18,IOS,dhgate_product29_US_Purchase 30D_purchase_IAP_Kelsey_20251127,XycKBBI5ozAHScRp,50.16,7865,137,,,,,,,,,
2026-04-18,IOS,dhgate_product297_US_Purchase 30D_purchase_IAP_Kelsey_20260325,BIl8fl3osmRBpOlX,100.38,11274,322,,,,,,,,,
2026-04-18,IOS,dhgate_product292_US_ACT&Nopay 30D_purchase_IAP_Kelsey_20260319,WHq5sC9c1d67jxXi,50.21,20609,128,,,,,,,,,
2026-04-18,IOS,dhgate_product291_US_ACT&Nopay 30D_purchase_IAP_Kelsey_20260323,m4FoSYMwOXZ3a4mi,49.04,20274,118,,,,,,,,,
2026-04-18,ANDROID,dhgate_product288_GB_Purchase 30D_purchase_IAP_Kelsey_20260323,tTorwrrGQ78Qhfod,100.16,10989,862,,,,,,,,,
2026-04-18,IOS,dhgate_product148_T1_Purchase 30D_purchase_IAP_Kelsey_20260415,ylPYtz4zcz9zxv3w,44.43,2606,792,,,,,,,,,
2026-04-18,IOS,dhgate_product284_Uk_Purchase 30D_purchase_IAP_Kelsey_20260309,osXglD67LewLYd0D,98.74,7404,521,,,,,,,,,
2026-04-18,ANDROID,dhgate_product279_US_Purchase 30D_purchase_IAP_Kelsey_20260302,SPLZOijkRmhwzDtg,50.1,6004,249,,,,,,,,,
2026-04-18,IOS,dhgate_product278_US_ACT&Nopay 30D_purchase_IAP_Kelsey_20260301,bObaCa0m4gcS9tff,50.07,15411,246,,,,,,,,,
2026-04-18,ANDROID,dhgate_product152_UK_ACT&Nopay 30D_purchase_IAP_Kelsey_20260417,HPVTypy3zYjS8YCI,50.29,8157,982,,,,,,,,,
2026-04-18,IOS,dhgate_product152_UK_ACT&Nopay 30D_purchase_IAP_Kelsey_20260417,FCnZZPvgxPBQThzP,48.64,2083,812,,,,,,,,,
2026-04-18,IOS,dhgate_product151_UK_ACT&Nopay 30D_purchase_IAP_Kelsey_20260416,TXpPzyD9G4Cf5FnL,50.31,1478,704,,,,,,,,,
2026-04-18,IOS,dhgate_product287_T1_Purchase 30D_purchase_IAP_Kelsey_20260406,Onfq66VOGntH3Py6,48.82,15110,169,,,,,,,,,
2026-04-19,IOS,dhgate_product145_T1_Purchase 30D_purchase_IAP_Kelsey_20260410,R8hVJbziQOAEovBK,98.08,19793,525,,,,,,,,,
2026-04-19,ANDROID,dhgate_product145_T1_Purchase 30D_purchase_IAP_Kelsey_20260410,kCrsiHxyfS6a53eq,48.84,10582,184,,,,,,,,,
2026-04-19,IOS,dhgate_product144_US_Purchase 30D_purchase_IAP_Kelsey_20260409,n0VzeT1EqHP6Iuh2,50.09,11058,114,,,,,,,,,
2026-04-19,ANDROID,dhgate_product144_US_Purchase 30D_purchase_IAP_Kelsey_20260409,gvdtAXZDbUvDzPf6,92.0,12241,581,,,,,,,,,
2026-04-19,IOS,dhgate_product142_US_Purchase 30D_purchase_IAP_Kelsey_20260408,OByuFwbGVpoMuwfU,47.5,11034,108,,,,,,,,,
2026-04-19,ANDROID,dhgate_product142_FR_Purchase 30D_purchase_IAP_Kelsey_20260408,h1ij3XTzuByoSGUQ,47.12,6307,274,,,,,,,,,
2026-04-19,IOS,dhgate_product130_US_ACT&Nopay 30D_purchase_IAP_Kelsey_20260401,esYvKwB3Jx0zEWwO,97.99,36386,375,,,,,,,,,
2026-04-19,IOS,dhgate_product138_FR_ACT&Nopay 30D_purchase_IAP_Kelsey_20260403,zNcB24si9mbzBPed,47.47,20681,547,,,,,,,,,
2026-04-19,IOS,dhgate_product137_US_Purchase 30D_purchase_IAP_Kelsey_20260402,Eo7scqEETcYxo6WH,50.04,10851,119,,,,,,,,,
2026-04-19,IOS,dhgate_product128_US_Purchase 30D_purchase_IAP_Kelsey_20260330,AEbiybmyw1wzgg0r,48.76,11466,100,,,,,,,,,
2026-04-19,IOS,dhgate_product127_US_Purchase 30D_purchase_IAP_Kelsey_20260329,p0RBpfH8rJNIK8yo,50.11,9960,141,,,,,,,,,
2026-04-19,ANDROID,dhgate_product122_UK_ACT&Nopay 30D_purchase_IAP_Kelsey_20260304,JHYEUfnkThb8zpz3,45.72,14194,373,,,,,,,,,
2026-04-19,IOS,dhgate_product146_US_ACT&Nopay 30D_purchase_IAP_Kelsey_20260414,UtCx3jqWWodwMEPS,40.49,1409,706,,,,,,,,,
2026-04-19,IOS,dhgate_product141_US_ACT&Nopay 30D_purchase_IAP_Kelsey_20260407,lPbC2PQf5KQCLzUI,100.06,13910,912,,,,,,,,,
2026-04-19,ANDROID,dhgate_product148_T1_Purchase 30D_purchase_IAP_Kelsey_20260415,dVlitdxzfmXStKCR,50.38,7068,893,,,,,,,,,
2026-04-19,IOS,dhgate_product121_US_Purchase 30D_purchase_IAP_Kelsey_20260222,HGuWXrsF7XcJ6CCt,200.59,19142,801,,,,,,,,,
2026-04-19,ANDROID,dhgate_product151_UK_ACT&Nopay 30D_purchase_IAP_Kelsey_20260416,peghskceEPxgHofT,24.54,1556,719,,,,,,,,,
2026-04-19,ANDROID,dhgate_product89_T1_Purchase 30D_purchase_IAP_Kelsey_20251128,gRWXwZW3t4m8CvZm,97.75,18859,639,,,,,,,,,
2026-04-19,ANDROID,dhgate_product44_UK_Purchase 30D_purchase_IAP_Kelsey_20251107,CgGZhsi0k4pTkn27,44.96,7290,126,,,,,,,,,
2026-04-19,IOS,dhgate_product29_US_Purchase 30D_purchase_IAP_Kelsey_20251127,XycKBBI5ozAHScRp,48.73,7657,171,,,,,,,,,
2026-04-19,IOS,dhgate_product297_US_Purchase 30D_purchase_IAP_Kelsey_20260325,BIl8fl3osmRBpOlX,97.04,10685,353,,,,,,,,,
2026-04-19,IOS,dhgate_product292_US_ACT&Nopay 30D_purchase_IAP_Kelsey_20260319,WHq5sC9c1d67jxXi,50.07,21749,127,,,,,,,,,
2026-04-19,IOS,dhgate_product291_US_ACT&Nopay 30D_purchase_IAP_Kelsey_20260323,m4FoSYMwOXZ3a4mi,49.11,21569,127,,,,,,,,,
2026-04-19,ANDROID,dhgate_product288_GB_Purchase 30D_purchase_IAP_Kelsey_20260323,tTorwrrGQ78Qhfod,89.39,11470,453,,,,,,,,,
2026-04-19,IOS,dhgate_product148_T1_Purchase 30D_purchase_IAP_Kelsey_20260415,ylPYtz4zcz9zxv3w,43.73,2102,785,,,,,,,,,
2026-04-19,IOS,dhgate_product284_Uk_Purchase 30D_purchase_IAP_Kelsey_20260309,osXglD67LewLYd0D,91.2,7788,425,,,,,,,,,
2026-04-19,ANDROID,dhgate_product279_US_Purchase 30D_purchase_IAP_Kelsey_20260302,SPLZOijkRmhwzDtg,45.75,8647,214,,,,,,,,,
2026-04-19,IOS,dhgate_product278_US_ACT&Nopay 30D_purchase_IAP_Kelsey_20260301,bObaCa0m4gcS9tff,49.85,17237,211,,,,,,,,,
2026-04-19,ANDROID,dhgate_product152_UK_ACT&Nopay 30D_purchase_IAP_Kelsey_20260417,HPVTypy3zYjS8YCI,50.57,7421,935,,,,,,,,,
2026-04-19,IOS,dhgate_product152_UK_ACT&Nopay 30D_purchase_IAP_Kelsey_20260417,FCnZZPvgxPBQThzP,48.73,1982,800,,,,,,,,,
2026-04-19,IOS,dhgate_product151_UK_ACT&Nopay 30D_purchase_IAP_Kelsey_20260416,TXpPzyD9G4Cf5FnL,28.82,841,419,,,,,,,,,
2026-04-19,IOS,dhgate_product287_T1_Purchase 30D_purchase_IAP_Kelsey_20260406,Onfq66VOGntH3Py6,47.8,15194,189,,,,,,,,,
2026-04-20,ANDROID,dhgate_product145_T1_Purchase 30D_purchase_IAP_Kelsey_20260410,kCrsiHxyfS6a53eq,45.33,10169,243,,,,,,,,,
2026-04-20,IOS,dhgate_product145_T1_Purchase 30D_purchase_IAP_Kelsey_20260410,R8hVJbziQOAEovBK,98.02,19825,685,,,,,,,,,
2026-04-20,ANDROID,dhgate_product144_US_Purchase 30D_purchase_IAP_Kelsey_20260409,gvdtAXZDbUvDzPf6,97.23,12687,693,,,,,,,,,
2026-04-20,IOS,dhgate_product144_US_Purchase 30D_purchase_IAP_Kelsey_20260409,n0VzeT1EqHP6Iuh2,49.97,11944,122,,,,,,,,,
2026-04-20,IOS,dhgate_product142_US_Purchase 30D_purchase_IAP_Kelsey_20260408,OByuFwbGVpoMuwfU,46.69,11319,128,,,,,,,,,
2026-04-20,ANDROID,dhgate_product142_FR_Purchase 30D_purchase_IAP_Kelsey_20260408,h1ij3XTzuByoSGUQ,41.9,5663,429,,,,,,,,,
2026-04-20,IOS,dhgate_product130_US_ACT&Nopay 30D_purchase_IAP_Kelsey_20260401,esYvKwB3Jx0zEWwO,99.15,37552,354,,,,,,,,,
2026-04-20,IOS,dhgate_product138_FR_ACT&Nopay 30D_purchase_IAP_Kelsey_20260403,zNcB24si9mbzBPed,47.52,20034,773,,,,,,,,,
2026-04-20,IOS,dhgate_product137_US_Purchase 30D_purchase_IAP_Kelsey_20260402,Eo7scqEETcYxo6WH,49.42,11948,116,,,,,,,,,
2026-04-20,IOS,dhgate_product128_US_Purchase 30D_purchase_IAP_Kelsey_20260330,AEbiybmyw1wzgg0r,55.3,13572,133,,,,,,,,,
2026-04-20,IOS,dhgate_product127_US_Purchase 30D_purchase_IAP_Kelsey_20260329,p0RBpfH8rJNIK8yo,48.51,11789,115,,,,,,,,,
2026-04-20,ANDROID,dhgate_product122_UK_ACT&Nopay 30D_purchase_IAP_Kelsey_20260304,JHYEUfnkThb8zpz3,55.77,13703,774,,,,,,,,,
2026-04-20,IOS,dhgate_product146_US_ACT&Nopay 30D_purchase_IAP_Kelsey_20260414,UtCx3jqWWodwMEPS,47.36,6219,784,,,,,,,,,
2026-04-20,IOS,dhgate_product141_US_ACT&Nopay 30D_purchase_IAP_Kelsey_20260407,lPbC2PQf5KQCLzUI,99.92,47348,154,,,,,,,,,
2026-04-20,IOS,dhgate_product121_US_Purchase 30D_purchase_IAP_Kelsey_20260222,HGuWXrsF7XcJ6CCt,200.69,21152,799,,,,,,,,,
2026-04-20,ANDROID,dhgate_product148_T1_Purchase 30D_purchase_IAP_Kelsey_20260415,dVlitdxzfmXStKCR,50.17,6326,807,,,,,,,,,
2026-04-20,IOS,dhgate_product152_UK_ACT&Nopay 30D_purchase_IAP_Kelsey_20260417,FCnZZPvgxPBQThzP,29.58,1357,546,,,,,,,,,
2026-04-20,IOS,dhgate_product148_T1_Purchase 30D_purchase_IAP_Kelsey_20260415,ylPYtz4zcz9zxv3w,50.97,3073,1036,,,,,,,,,
2026-04-20,ANDROID,dhgate_product44_UK_Purchase 30D_purchase_IAP_Kelsey_20251107,CgGZhsi0k4pTkn27,29.55,5085,152,,,,,,,,,
2026-04-20,IOS,dhgate_product29_US_Purchase 30D_purchase_IAP_Kelsey_20251127,XycKBBI5ozAHScRp,50.05,8420,185,,,,,,,,,
2026-04-20,ANDROID,dhgate_product299_US_Purchase 30D_purchase_IAP_Kelsey_20260416,uyHRRzekaC7zyFOH,2.94,199,49,,,,,,,,,
2026-04-20,IOS,dhgate_product299_US_Purchase 30D_purchase_IAP_Kelsey_20260416,mH4c0xG4jsaxdiRH,10.99,286,111,,,,,,,,,
2026-04-20,IOS,dhgate_product297_US_Purchase 30D_purchase_IAP_Kelsey_20260325,BIl8fl3osmRBpOlX,100.13,11628,406,,,,,,,,,
2026-04-20,IOS,dhgate_product292_US_ACT&Nopay 30D_purchase_IAP_Kelsey_20260319,WHq5sC9c1d67jxXi,49.21,22493,117,,,,,,,,,
2026-04-20,ANDROID,dhgate_product89_T1_Purchase 30D_purchase_IAP_Kelsey_20251128,gRWXwZW3t4m8CvZm,97.5,17001,741,,,,,,,,,
2026-04-20,ANDROID,dhgate_product288_GB_Purchase 30D_purchase_IAP_Kelsey_20260323,tTorwrrGQ78Qhfod,83.89,8889,840,,,,,,,,,
2026-04-20,IOS,dhgate_product287_T1_Purchase 30D_purchase_IAP_Kelsey_20260406,Onfq66VOGntH3Py6,34.33,11699,136,,,,,,,,,
2026-04-20,IOS,dhgate_product284_Uk_Purchase 30D_purchase_IAP_Kelsey_20260309,osXglD67LewLYd0D,90.32,6758,508,,,,,,,,,
2026-04-20,ANDROID,dhgate_product279_US_Purchase 30D_purchase_IAP_Kelsey_20260302,SPLZOijkRmhwzDtg,37.48,6570,190,,,,,,,,,
2026-04-20,IOS,dhgate_product278_US_ACT&Nopay 30D_purchase_IAP_Kelsey_20260301,bObaCa0m4gcS9tff,46.45,16787,210,,,,,,,,,
2026-04-20,ANDROID,dhgate_product152_UK_ACT&Nopay 30D_purchase_IAP_Kelsey_20260417,HPVTypy3zYjS8YCI,33.75,4489,655,,,,,,,,,
2026-04-20,IOS,dhgate_product291_US_ACT&Nopay 30D_purchase_IAP_Kelsey_20260323,m4FoSYMwOXZ3a4mi,48.16,22007,143,,,,,,,,,
2026-04-21,ANDROID,dhgate_product144_US_Purchase 30D_purchase_IAP_Kelsey_20260409,gvdtAXZDbUvDzPf6,100.44,12707,580,,,,,,,,,
2026-04-21,IOS,dhgate_product144_US_Purchase 30D_purchase_IAP_Kelsey_20260409,n0VzeT1EqHP6Iuh2,50.09,11600,84,,,,,,,,,
2026-04-21,IOS,dhgate_product142_US_Purchase 30D_purchase_IAP_Kelsey_20260408,OByuFwbGVpoMuwfU,50.06,11637,111,,,,,,,,,
2026-04-21,ANDROID,dhgate_product142_FR_Purchase 30D_purchase_IAP_Kelsey_20260408,h1ij3XTzuByoSGUQ,44.73,4583,513,,,,,,,,,
2026-04-21,IOS,dhgate_product141_US_ACT&Nopay 30D_purchase_IAP_Kelsey_20260407,lPbC2PQf5KQCLzUI,100.1,43352,223,,,,,,,,,
2026-04-21,IOS,dhgate_product127_US_Purchase 30D_purchase_IAP_Kelsey_20260329,p0RBpfH8rJNIK8yo,50.07,11487,128,,,,,,,,,
2026-04-21,IOS,dhgate_product137_US_Purchase 30D_purchase_IAP_Kelsey_20260402,Eo7scqEETcYxo6WH,50.09,11772,88,,,,,,,,,
2026-04-21,IOS,dhgate_product128_US_Purchase 30D_purchase_IAP_Kelsey_20260330,AEbiybmyw1wzgg0r,100.15,17269,294,,,,,,,,,
2026-04-21,ANDROID,dhgate_product122_UK_ACT&Nopay 30D_purchase_IAP_Kelsey_20260304,JHYEUfnkThb8zpz3,100.32,19613,1488,,,,,,,,,
2026-04-21,IOS,dhgate_product121_US_Purchase 30D_purchase_IAP_Kelsey_20260222,HGuWXrsF7XcJ6CCt,200.64,21149,759,,,,,,,,,
2026-04-21,IOS,dhgate_product145_T1_Purchase 30D_purchase_IAP_Kelsey_20260410,R8hVJbziQOAEovBK,100.14,17375,656,,,,,,,,,
2026-04-21,IOS,dhgate_product138_FR_ACT&Nopay 30D_purchase_IAP_Kelsey_20260403,zNcB24si9mbzBPed,49.95,17652,793,,,,,,,,,
2026-04-21,ANDROID,dhgate_product145_T1_Purchase 30D_purchase_IAP_Kelsey_20260410,kCrsiHxyfS6a53eq,47.59,10283,225,,,,,,,,,
2026-04-21,IOS,dhgate_product130_US_ACT&Nopay 30D_purchase_IAP_Kelsey_20260401,esYvKwB3Jx0zEWwO,100.13,33503,514,,,,,,,,,
2026-04-21,IOS,dhgate_product148_T1_Purchase 30D_purchase_IAP_Kelsey_20260415,ylPYtz4zcz9zxv3w,100.22,7001,1221,,,,,,,,,
2026-04-21,ANDROID,dhgate_product89_T1_Purchase 30D_purchase_IAP_Kelsey_20251128,gRWXwZW3t4m8CvZm,97.27,16700,736,,,,,,,,,
2026-04-21,ANDROID,dhgate_product300_T1_Purchase 30D_purchase_IAP_Kelsey_20260421,r0164V3h74livjJ0,15.25,1744,327,,,,,,,,,
2026-04-21,IOS,dhgate_product300_T1_Purchase 30D_purchase_IAP_Kelsey_20260421,wGMfDvBHm0s02IeZ,17.56,948,332,,,,,,,,,
2026-04-21,IOS,dhgate_product29_US_Purchase 30D_purchase_IAP_Kelsey_20251127,XycKBBI5ozAHScRp,50.42,8168,151,,,,,,,,,
2026-04-21,IOS,dhgate_product146_US_ACT&Nopay 30D_purchase_IAP_Kelsey_20260414,UtCx3jqWWodwMEPS,50.0,25948,76,,,,,,,,,
2026-04-21,IOS,dhgate_product299_US_Purchase 30D_purchase_IAP_Kelsey_20260416,mH4c0xG4jsaxdiRH,32.63,896,350,,,,,,,,,
2026-04-21,ANDROID,dhgate_product299_US_Purchase 30D_purchase_IAP_Kelsey_20260416,uyHRRzekaC7zyFOH,41.34,4755,425,,,,,,,,,
2026-04-21,IOS,dhgate_product292_US_ACT&Nopay 30D_purchase_IAP_Kelsey_20260319,WHq5sC9c1d67jxXi,50.04,21323,141,,,,,,,,,
2026-04-21,IOS,dhgate_product291_US_ACT&Nopay 30D_purchase_IAP_Kelsey_20260323,m4FoSYMwOXZ3a4mi,49.22,20998,131,,,,,,,,,
2026-04-21,ANDROID,dhgate_product288_GB_Purchase 30D_purchase_IAP_Kelsey_20260323,tTorwrrGQ78Qhfod,96.03,8884,851,,,,,,,,,
2026-04-21,IOS,dhgate_product284_Uk_Purchase 30D_purchase_IAP_Kelsey_20260309,osXglD67LewLYd0D,89.93,6723,446,,,,,,,,,
2026-04-21,IOS,dhgate_product278_US_ACT&Nopay 30D_purchase_IAP_Kelsey_20260301,bObaCa0m4gcS9tff,49.16,16703,219,,,,,,,,,
2026-04-21,ANDROID,dhgate_product148_T1_Purchase 30D_purchase_IAP_Kelsey_20260415,dVlitdxzfmXStKCR,45.4,6103,718,,,,,,,,,
2026-04-21,IOS,dhgate_product297_US_Purchase 30D_purchase_IAP_Kelsey_20260325,BIl8fl3osmRBpOlX,100.08,11641,357,,,,,,,,,
2026-04-22,ANDROID,dhgate_product142_FR_Purchase 30D_purchase_IAP_Kelsey_20260408,h1ij3XTzuByoSGUQ,46.38,4833,392,,,,,,,,,
2026-04-22,IOS,dhgate_product145_T1_Purchase 30D_purchase_IAP_Kelsey_20260410,R8hVJbziQOAEovBK,99.96,17901,601,,,,,,,,,
2026-04-22,ANDROID,dhgate_product144_US_Purchase 30D_purchase_IAP_Kelsey_20260409,gvdtAXZDbUvDzPf6,96.9,12890,542,,,,,,,,,
2026-04-22,IOS,dhgate_product144_US_Purchase 30D_purchase_IAP_Kelsey_20260409,n0VzeT1EqHP6Iuh2,50.15,12585,79,,,,,,,,,
2026-04-22,IOS,dhgate_product142_US_Purchase 30D_purchase_IAP_Kelsey_20260408,OByuFwbGVpoMuwfU,50.05,12384,86,,,,,,,,,
2026-04-22,IOS,dhgate_product141_US_ACT&Nopay 30D_purchase_IAP_Kelsey_20260407,lPbC2PQf5KQCLzUI,100.44,44370,173,,,,,,,,,
2026-04-22,IOS,dhgate_product121_US_Purchase 30D_purchase_IAP_Kelsey_20260222,HGuWXrsF7XcJ6CCt,200.31,22571,695,,,,,,,,,
2026-04-22,IOS,dhgate_product137_US_Purchase 30D_purchase_IAP_Kelsey_20260402,Eo7scqEETcYxo6WH,50.12,12892,83,,,,,,,,,
2026-04-22,IOS,dhgate_product130_US_ACT&Nopay 30D_purchase_IAP_Kelsey_20260401,esYvKwB3Jx0zEWwO,61.78,23514,196,,,,,,,,,
2026-04-22,IOS,dhgate_product128_US_Purchase 30D_purchase_IAP_Kelsey_20260330,AEbiybmyw1wzgg0r,100.23,19534,222,,,,,,,,,
2026-04-22,IOS,dhgate_product127_US_Purchase 30D_purchase_IAP_Kelsey_20260329,p0RBpfH8rJNIK8yo,27.94,7380,34,,,,,,,,,
2026-04-22,ANDROID,dhgate_product122_UK_ACT&Nopay 30D_purchase_IAP_Kelsey_20260304,JHYEUfnkThb8zpz3,100.48,20456,1288,,,,,,,,,
2026-04-22,ANDROID,dhgate_product145_T1_Purchase 30D_purchase_IAP_Kelsey_20260410,kCrsiHxyfS6a53eq,48.61,10486,210,,,,,,,,,
2026-04-22,IOS,dhgate_product138_FR_ACT&Nopay 30D_purchase_IAP_Kelsey_20260403,zNcB24si9mbzBPed,49.76,21259,670,,,,,,,,,
2026-04-22,IOS,dhgate_product146_US_ACT&Nopay 30D_purchase_IAP_Kelsey_20260414,UtCx3jqWWodwMEPS,50.04,26239,62,,,,,,,,,
2026-04-22,IOS,dhgate_product301_US_ACT&Nopay 30D_purchase_IAP_Kelsey_20260422,OG6WHvKPBaUM1wDo,14.56,577,324,,,,,,,,,
2026-04-22,ANDROID,dhgate_product148_T1_Purchase 30D_purchase_IAP_Kelsey_20260415,dVlitdxzfmXStKCR,50.3,6307,603,,,,,,,,,
2026-04-22,ANDROID,dhgate_product89_T1_Purchase 30D_purchase_IAP_Kelsey_20251128,gRWXwZW3t4m8CvZm,95.42,17499,629,,,,,,,,,
2026-04-22,ANDROID,dhgate_product301_US_ACT&Nopay 30D_purchase_IAP_Kelsey_20260422,uNF1ALuKQFoHzngn,7.58,658,235,,,,,,,,,
2026-04-22,ANDROID,dhgate_product300_T1_Purchase 30D_purchase_IAP_Kelsey_20260421,r0164V3h74livjJ0,47.32,6887,687,,,,,,,,,
2026-04-22,IOS,dhgate_product300_T1_Purchase 30D_purchase_IAP_Kelsey_20260421,wGMfDvBHm0s02IeZ,33.13,1735,633,,,,,,,,,
2026-04-22,IOS,dhgate_product29_US_Purchase 30D_purchase_IAP_Kelsey_20251127,XycKBBI5ozAHScRp,50.14,9005,131,,,,,,,,,
2026-04-22,ANDROID,dhgate_product299_US_Purchase 30D_purchase_IAP_Kelsey_20260416,uyHRRzekaC7zyFOH,49.43,5494,361,,,,,,,,,
2026-04-22,IOS,dhgate_product148_T1_Purchase 30D_purchase_IAP_Kelsey_20260415,ylPYtz4zcz9zxv3w,100.31,18632,535,,,,,,,,,
2026-04-22,IOS,dhgate_product297_US_Purchase 30D_purchase_IAP_Kelsey_20260325,BIl8fl3osmRBpOlX,100.22,13052,300,,,,,,,,,
2026-04-22,IOS,dhgate_product292_US_ACT&Nopay 30D_purchase_IAP_Kelsey_20260319,WHq5sC9c1d67jxXi,48.49,22226,105,,,,,,,,,
2026-04-22,IOS,dhgate_product291_US_ACT&Nopay 30D_purchase_IAP_Kelsey_20260323,m4FoSYMwOXZ3a4mi,48.84,22279,117,,,,,,,,,
2026-04-22,ANDROID,dhgate_product288_GB_Purchase 30D_purchase_IAP_Kelsey_20260323,tTorwrrGQ78Qhfod,97.83,9743,673,,,,,,,,,
2026-04-22,IOS,dhgate_product284_Uk_Purchase 30D_purchase_IAP_Kelsey_20260309,osXglD67LewLYd0D,91.64,7675,434,,,,,,,,,
2026-04-22,IOS,dhgate_product278_US_ACT&Nopay 30D_purchase_IAP_Kelsey_20260301,bObaCa0m4gcS9tff,50.03,18510,198,,,,,,,,,
2026-04-22,IOS,dhgate_product299_US_Purchase 30D_purchase_IAP_Kelsey_20260416,mH4c0xG4jsaxdiRH,47.68,1207,481,,,,,,,,,
2026-04-23,ANDROID,dhgate_product145_T1_Purchase 30D_purchase_IAP_Kelsey_20260410,kCrsiHxyfS6a53eq,48.15,10513,198,,,,,,,,,
2026-04-23,IOS,dhgate_product145_T1_Purchase 30D_purchase_IAP_Kelsey_20260410,R8hVJbziQOAEovBK,96.34,17076,527,,,,,,,,,
2026-04-23,ANDROID,dhgate_product144_US_Purchase 30D_purchase_IAP_Kelsey_20260409,gvdtAXZDbUvDzPf6,95.83,12926,527,,,,,,,,,
2026-04-23,IOS,dhgate_product144_US_Purchase 30D_purchase_IAP_Kelsey_20260409,n0VzeT1EqHP6Iuh2,50.07,11955,93,,,,,,,,,
2026-04-23,IOS,dhgate_product142_US_Purchase 30D_purchase_IAP_Kelsey_20260408,OByuFwbGVpoMuwfU,48.06,11741,100,,,,,,,,,
2026-04-23,ANDROID,dhgate_product142_FR_Purchase 30D_purchase_IAP_Kelsey_20260408,h1ij3XTzuByoSGUQ,43.81,4865,354,,,,,,,,,
2026-04-23,IOS,dhgate_product130_US_ACT&Nopay 30D_purchase_IAP_Kelsey_20260401,esYvKwB3Jx0zEWwO,50.08,21032,126,,,,,,,,,
2026-04-23,IOS,dhgate_product138_FR_ACT&Nopay 30D_purchase_IAP_Kelsey_20260403,zNcB24si9mbzBPed,48.18,18316,693,,,,,,,,,
2026-04-23,IOS,dhgate_product137_US_Purchase 30D_purchase_IAP_Kelsey_20260402,Eo7scqEETcYxo6WH,48.58,12074,93,,,,,,,,,
2026-04-23,IOS,dhgate_product128_US_Purchase 30D_purchase_IAP_Kelsey_20260330,AEbiybmyw1wzgg0r,96.32,18701,204,,,,,,,,,
2026-04-23,ANDROID,dhgate_product122_UK_ACT&Nopay 30D_purchase_IAP_Kelsey_20260304,JHYEUfnkThb8zpz3,96.24,19298,1231,,,,,,,,,
2026-04-23,IOS,dhgate_product121_US_Purchase 30D_purchase_IAP_Kelsey_20260222,HGuWXrsF7XcJ6CCt,195.66,23715,696,,,,,,,,,
2026-04-23,IOS,dhgate_product146_US_ACT&Nopay 30D_purchase_IAP_Kelsey_20260414,UtCx3jqWWodwMEPS,50.16,24012,89,,,,,,,,,
2026-04-23,IOS,dhgate_product141_US_ACT&Nopay 30D_purchase_IAP_Kelsey_20260407,lPbC2PQf5KQCLzUI,100.15,41042,241,,,,,,,,,
2026-04-23,IOS,dhgate_product148_T1_Purchase 30D_purchase_IAP_Kelsey_20260415,ylPYtz4zcz9zxv3w,92.6,16448,530,,,,,,,,,
2026-04-23,ANDROID,dhgate_product148_T1_Purchase 30D_purchase_IAP_Kelsey_20260415,dVlitdxzfmXStKCR,49.25,6468,598,,,,,,,,,
2026-04-23,IOS,dhgate_product278_US_ACT&Nopay 30D_purchase_IAP_Kelsey_20260301,bObaCa0m4gcS9tff,50.15,16162,317,,,,,,,,,
2026-04-23,ANDROID,dhgate_product313_UK_Purchase 30D_purchase_IAP_Kelsey_20260423,fFIE4BqoKurMDQTO,11.12,611,177,,,,,,,,,
2026-04-23,IOS,dhgate_product313_UK_Purchase 30D_purchase_IAP_Kelsey_20260423,irw1UEBD6LNmq8Gs,17.71,529,212,,,,,,,,,
2026-04-23,ANDROID,dhgate_product301_US_ACT&Nopay 30D_purchase_IAP_Kelsey_20260422,uNF1ALuKQFoHzngn,49.7,5042,1063,,,,,,,,,
2026-04-23,IOS,dhgate_product301_US_ACT&Nopay 30D_purchase_IAP_Kelsey_20260422,OG6WHvKPBaUM1wDo,42.73,1592,869,,,,,,,,,
2026-04-23,ANDROID,dhgate_product300_T1_Purchase 30D_purchase_IAP_Kelsey_20260421,r0164V3h74livjJ0,47.56,8350,534,,,,,,,,,
2026-04-23,IOS,dhgate_product300_T1_Purchase 30D_purchase_IAP_Kelsey_20260421,wGMfDvBHm0s02IeZ,37.38,1695,636,,,,,,,,,
2026-04-23,IOS,dhgate_product29_US_Purchase 30D_purchase_IAP_Kelsey_20251127,XycKBBI5ozAHScRp,50.08,8697,125,,,,,,,,,
2026-04-23,ANDROID,dhgate_product89_T1_Purchase 30D_purchase_IAP_Kelsey_20251128,gRWXwZW3t4m8CvZm,100.42,18170,561,,,,,,,,,
2026-04-23,IOS,dhgate_product299_US_Purchase 30D_purchase_IAP_Kelsey_20260416,mH4c0xG4jsaxdiRH,22.67,577,232,,,,,,,,,
2026-04-23,IOS,dhgate_product297_US_Purchase 30D_purchase_IAP_Kelsey_20260325,BIl8fl3osmRBpOlX,100.1,12683,328,,,,,,,,,
2026-04-23,IOS,dhgate_product292_US_ACT&Nopay 30D_purchase_IAP_Kelsey_20260319,WHq5sC9c1d67jxXi,48.73,20649,139,,,,,,,,,
2026-04-23,IOS,dhgate_product291_US_ACT&Nopay 30D_purchase_IAP_Kelsey_20260323,m4FoSYMwOXZ3a4mi,49.63,20356,137,,,,,,,,,
2026-04-23,ANDROID,dhgate_product288_GB_Purchase 30D_purchase_IAP_Kelsey_20260323,tTorwrrGQ78Qhfod,100.7,10022,696,,,,,,,,,
2026-04-23,IOS,dhgate_product284_Uk_Purchase 30D_purchase_IAP_Kelsey_20260309,osXglD67LewLYd0D,95.06,7276,456,,,,,,,,,
2026-04-23,ANDROID,dhgate_product299_US_Purchase 30D_purchase_IAP_Kelsey_20260416,uyHRRzekaC7zyFOH,34.53,2615,323,,,,,,,,,
2026-04-24,ANDROID,dhgate_product145_T1_Purchase 30D_purchase_IAP_Kelsey_20260410,kCrsiHxyfS6a53eq,37.51,7070,207,,,,,,,,,
2026-04-24,IOS,dhgate_product145_T1_Purchase 30D_purchase_IAP_Kelsey_20260410,R8hVJbziQOAEovBK,97.64,15511,530,,,,,,,,,
2026-04-24,ANDROID,dhgate_product144_US_Purchase 30D_purchase_IAP_Kelsey_20260409,gvdtAXZDbUvDzPf6,94.28,11588,521,,,,,,,,,
2026-04-24,IOS,dhgate_product144_US_Purchase 30D_purchase_IAP_Kelsey_20260409,n0VzeT1EqHP6Iuh2,49.44,12507,71,,,,,,,,,
2026-04-24,IOS,dhgate_product142_US_Purchase 30D_purchase_IAP_Kelsey_20260408,OByuFwbGVpoMuwfU,49.53,12036,85,,,,,,,,,
2026-04-24,ANDROID,dhgate_product142_FR_Purchase 30D_purchase_IAP_Kelsey_20260408,h1ij3XTzuByoSGUQ,37.73,3749,347,,,,,,,,,
2026-04-24,IOS,dhgate_product130_US_ACT&Nopay 30D_purchase_IAP_Kelsey_20260401,esYvKwB3Jx0zEWwO,58.6,22507,199,,,,,,,,,
2026-04-24,IOS,dhgate_product138_FR_ACT&Nopay 30D_purchase_IAP_Kelsey_20260403,zNcB24si9mbzBPed,55.38,18700,744,,,,,,,,,
2026-04-24,IOS,dhgate_product137_US_Purchase 30D_purchase_IAP_Kelsey_20260402,Eo7scqEETcYxo6WH,46.45,12187,68,,,,,,,,,
2026-04-24,IOS,dhgate_product128_US_Purchase 30D_purchase_IAP_Kelsey_20260330,AEbiybmyw1wzgg0r,100.13,18809,252,,,,,,,,,
2026-04-24,ANDROID,dhgate_product122_UK_ACT&Nopay 30D_purchase_IAP_Kelsey_20260304,JHYEUfnkThb8zpz3,70.06,13663,913,,,,,,,,,
2026-04-24,IOS,dhgate_product121_US_Purchase 30D_purchase_IAP_Kelsey_20260222,HGuWXrsF7XcJ6CCt,200.76,22717,742,,,,,,,,,
2026-04-24,IOS,dhgate_product146_US_ACT&Nopay 30D_purchase_IAP_Kelsey_20260414,UtCx3jqWWodwMEPS,48.9,23624,73,,,,,,,,,
2026-04-24,IOS,dhgate_product141_US_ACT&Nopay 30D_purchase_IAP_Kelsey_20260407,lPbC2PQf5KQCLzUI,98.95,38748,314,,,,,,,,,
2026-04-24,IOS,dhgate_product148_T1_Purchase 30D_purchase_IAP_Kelsey_20260415,ylPYtz4zcz9zxv3w,72.44,11773,443,,,,,,,,,
2026-04-24,ANDROID,dhgate_product89_T1_Purchase 30D_purchase_IAP_Kelsey_20251128,gRWXwZW3t4m8CvZm,80.92,12603,564,,,,,,,,,
2026-04-24,IOS,dhgate_product278_US_ACT&Nopay 30D_purchase_IAP_Kelsey_20260301,bObaCa0m4gcS9tff,50.08,15471,272,,,,,,,,,
2026-04-24,ANDROID,dhgate_product148_T1_Purchase 30D_purchase_IAP_Kelsey_20260415,dVlitdxzfmXStKCR,67.31,6132,718,,,,,,,,,
2026-04-24,ANDROID,dhgate_product314_UK_Purchase 30D_purchase_IAP_Kelsey_20260424,mtBdsN2zTNlGo8RL,4.39,306,88,,,,,,,,,
2026-04-24,IOS,dhgate_product314_UK_Purchase 30D_purchase_IAP_Kelsey_20260424,NmHyz3ZrSwNTmf0j,6.54,176,95,,,,,,,,,
2026-04-24,ANDROID,dhgate_product313_UK_Purchase 30D_purchase_IAP_Kelsey_20260423,fFIE4BqoKurMDQTO,40.0,3069,394,,,,,,,,,
2026-04-24,IOS,dhgate_product313_UK_Purchase 30D_purchase_IAP_Kelsey_20260423,irw1UEBD6LNmq8Gs,33.94,1234,326,,,,,,,,,
2026-04-24,IOS,dhgate_product301_US_ACT&Nopay 30D_purchase_IAP_Kelsey_20260422,OG6WHvKPBaUM1wDo,32.52,1230,698,,,,,,,,,
2026-04-24,ANDROID,dhgate_product300_T1_Purchase 30D_purchase_IAP_Kelsey_20260421,r0164V3h74livjJ0,39.97,5256,412,,,,,,,,,
2026-04-24,ANDROID,dhgate_product301_US_ACT&Nopay 30D_purchase_IAP_Kelsey_20260422,uNF1ALuKQFoHzngn,50.19,4085,1005,,,,,,,,,
2026-04-24,IOS,dhgate_product29_US_Purchase 30D_purchase_IAP_Kelsey_20251127,XycKBBI5ozAHScRp,50.07,8805,149,,,,,,,,,
2026-04-24,IOS,dhgate_product297_US_Purchase 30D_purchase_IAP_Kelsey_20260325,BIl8fl3osmRBpOlX,88.43,10903,321,,,,,,,,,
2026-04-24,IOS,dhgate_product292_US_ACT&Nopay 30D_purchase_IAP_Kelsey_20260319,WHq5sC9c1d67jxXi,50.08,20211,146,,,,,,,,,
2026-04-24,IOS,dhgate_product291_US_ACT&Nopay 30D_purchase_IAP_Kelsey_20260323,m4FoSYMwOXZ3a4mi,48.3,19886,135,,,,,,,,,
2026-04-24,ANDROID,dhgate_product288_GB_Purchase 30D_purchase_IAP_Kelsey_20260323,tTorwrrGQ78Qhfod,89.36,7823,700,,,,,,,,,
2026-04-24,IOS,dhgate_product284_Uk_Purchase 30D_purchase_IAP_Kelsey_20260309,osXglD67LewLYd0D,61.46,4331,306,,,,,,,,,
2026-04-24,IOS,dhgate_product300_T1_Purchase 30D_purchase_IAP_Kelsey_20260421,wGMfDvBHm0s02IeZ,49.54,1961,709,,,,,,,,,
2026-04-25,IOS,dhgate_product142_US_Purchase 30D_purchase_IAP_Kelsey_20260408,OByuFwbGVpoMuwfU,50.06,11196,103,,,,,,,,,
2026-04-25,IOS,dhgate_product146_US_ACT&Nopay 30D_purchase_IAP_Kelsey_20260414,UtCx3jqWWodwMEPS,50.12,22685,92,,,,,,,,,
2026-04-25,IOS,dhgate_product145_T1_Purchase 30D_purchase_IAP_Kelsey_20260410,R8hVJbziQOAEovBK,100.3,19770,393,,,,,,,,,
2026-04-25,ANDROID,dhgate_product144_US_Purchase 30D_purchase_IAP_Kelsey_20260409,gvdtAXZDbUvDzPf6,100.33,12173,546,,,,,,,,,
2026-04-25,IOS,dhgate_product144_US_Purchase 30D_purchase_IAP_Kelsey_20260409,n0VzeT1EqHP6Iuh2,50.08,11243,92,,,,,,,,,
2026-04-25,ANDROID,dhgate_product142_FR_Purchase 30D_purchase_IAP_Kelsey_20260408,h1ij3XTzuByoSGUQ,50.03,6360,309,,,,,,,,,
2026-04-25,IOS,dhgate_product148_T1_Purchase 30D_purchase_IAP_Kelsey_20260415,ylPYtz4zcz9zxv3w,50.09,12014,182,,,,,,,,,
2026-04-25,IOS,dhgate_product138_FR_ACT&Nopay 30D_purchase_IAP_Kelsey_20260403,zNcB24si9mbzBPed,100.18,26433,1078,,,,,,,,,
2026-04-25,IOS,dhgate_product137_US_Purchase 30D_purchase_IAP_Kelsey_20260402,Eo7scqEETcYxo6WH,49.59,11886,88,,,,,,,,,
2026-04-25,IOS,dhgate_product130_US_ACT&Nopay 30D_purchase_IAP_Kelsey_20260401,esYvKwB3Jx0zEWwO,100.15,30443,556,,,,,,,,,
2026-04-25,IOS,dhgate_product128_US_Purchase 30D_purchase_IAP_Kelsey_20260330,AEbiybmyw1wzgg0r,100.2,17231,265,,,,,,,,,
2026-04-25,ANDROID,dhgate_product122_UK_ACT&Nopay 30D_purchase_IAP_Kelsey_20260304,JHYEUfnkThb8zpz3,50.17,12426,348,,,,,,,,,
2026-04-25,IOS,dhgate_product121_US_Purchase 30D_purchase_IAP_Kelsey_20260222,HGuWXrsF7XcJ6CCt,200.51,20523,666,,,,,,,,,
2026-04-25,IOS,dhgate_product141_US_ACT&Nopay 30D_purchase_IAP_Kelsey_20260407,lPbC2PQf5KQCLzUI,100.09,37751,254,,,,,,,,,
2026-04-25,ANDROID,dhgate_product148_T1_Purchase 30D_purchase_IAP_Kelsey_20260415,dVlitdxzfmXStKCR,100.49,6415,1119,,,,,,,,,
2026-04-25,ANDROID,dhgate_product315_UK_ACT&Nopay 30D_purchase_IAP_Kelsey_20260425,bedUOEtGfoRFbmze,38.79,3908,994,,,,,,,,,
2026-04-25,IOS,dhgate_product284_Uk_Purchase 30D_purchase_IAP_Kelsey_20260309,osXglD67LewLYd0D,50.24,5324,168,,,,,,,,,
2026-04-25,ANDROID,dhgate_product89_T1_Purchase 30D_purchase_IAP_Kelsey_20251128,gRWXwZW3t4m8CvZm,50.16,11485,225,,,,,,,,,
2026-04-25,IOS,dhgate_product315_UK_ACT&Nopay 30D_purchase_IAP_Kelsey_20260425,ETAkltcWdOej0ZqG,42.57,1268,746,,,,,,,,,
2026-04-25,ANDROID,dhgate_product314_UK_Purchase 30D_purchase_IAP_Kelsey_20260424,mtBdsN2zTNlGo8RL,42.47,3955,427,,,,,,,,,
2026-04-25,IOS,dhgate_product314_UK_Purchase 30D_purchase_IAP_Kelsey_20260424,NmHyz3ZrSwNTmf0j,50.67,1014,527,,,,,,,,,
2026-04-25,ANDROID,dhgate_product313_UK_Purchase 30D_purchase_IAP_Kelsey_20260423,fFIE4BqoKurMDQTO,50.23,5390,348,,,,,,,,,
2026-04-25,IOS,dhgate_product313_UK_Purchase 30D_purchase_IAP_Kelsey_20260423,irw1UEBD6LNmq8Gs,50.19,2038,353,,,,,,,,,
2026-04-25,ANDROID,dhgate_product301_US_ACT&Nopay 30D_purchase_IAP_Kelsey_20260422,uNF1ALuKQFoHzngn,50.38,3565,1077,,,,,,,,,
2026-04-25,IOS,dhgate_product278_US_ACT&Nopay 30D_purchase_IAP_Kelsey_20260301,bObaCa0m4gcS9tff,50.08,15722,240,,,,,,,,,
2026-04-25,IOS,dhgate_product300_T1_Purchase 30D_purchase_IAP_Kelsey_20260421,wGMfDvBHm0s02IeZ,84.2,3232,1048,,,,,,,,,
2026-04-25,IOS,dhgate_product29_US_Purchase 30D_purchase_IAP_Kelsey_20251127,XycKBBI5ozAHScRp,50.08,8179,156,,,,,,,,,
2026-04-25,IOS,dhgate_product297_US_Purchase 30D_purchase_IAP_Kelsey_20260325,BIl8fl3osmRBpOlX,50.04,6912,124,,,,,,,,,
2026-04-25,IOS,dhgate_product292_US_ACT&Nopay 30D_purchase_IAP_Kelsey_20260319,WHq5sC9c1d67jxXi,50.05,19822,143,,,,,,,,,
2026-04-25,IOS,dhgate_product291_US_ACT&Nopay 30D_purchase_IAP_Kelsey_20260323,m4FoSYMwOXZ3a4mi,49.42,19797,120,,,,,,,,,
2026-04-25,ANDROID,dhgate_product288_GB_Purchase 30D_purchase_IAP_Kelsey_20260323,tTorwrrGQ78Qhfod,100.15,11120,554,,,,,,,,,
2026-04-25,IOS,dhgate_product301_US_ACT&Nopay 30D_purchase_IAP_Kelsey_20260422,OG6WHvKPBaUM1wDo,34.55,1245,712,,,,,,,,,
2026-04-26,IOS,dhgate_product148_T1_Purchase 30D_purchase_IAP_Kelsey_20260415,ylPYtz4zcz9zxv3w,49.21,12175,214,,,,,,,,,
2026-04-26,IOS,dhgate_product146_US_ACT&Nopay 30D_purchase_IAP_Kelsey_20260414,UtCx3jqWWodwMEPS,49.99,22382,120,,,,,,,,,
2026-04-26,IOS,dhgate_product145_T1_Purchase 30D_purchase_IAP_Kelsey_20260410,R8hVJbziQOAEovBK,96.85,19647,462,,,,,,,,,
2026-04-26,ANDROID,dhgate_product144_US_Purchase 30D_purchase_IAP_Kelsey_20260409,gvdtAXZDbUvDzPf6,98.83,12496,654,,,,,,,,,
2026-04-26,IOS,dhgate_product144_US_Purchase 30D_purchase_IAP_Kelsey_20260409,n0VzeT1EqHP6Iuh2,47.64,11185,116,,,,,,,,,
2026-04-26,IOS,dhgate_product142_US_Purchase 30D_purchase_IAP_Kelsey_20260408,OByuFwbGVpoMuwfU,46.92,10751,124,,,,,,,,,
2026-04-26,IOS,dhgate_product137_US_Purchase 30D_purchase_IAP_Kelsey_20260402,Eo7scqEETcYxo6WH,49.26,11745,104,,,,,,,,,
2026-04-26,IOS,dhgate_product141_US_ACT&Nopay 30D_purchase_IAP_Kelsey_20260407,lPbC2PQf5KQCLzUI,100.16,35551,326,,,,,,,,,
2026-04-26,IOS,dhgate_product138_FR_ACT&Nopay 30D_purchase_IAP_Kelsey_20260403,zNcB24si9mbzBPed,100.17,27445,1190,,,,,,,,,
2026-04-26,IOS,dhgate_product130_US_ACT&Nopay 30D_purchase_IAP_Kelsey_20260401,esYvKwB3Jx0zEWwO,97.91,27847,577,,,,,,,,,
2026-04-26,IOS,dhgate_product128_US_Purchase 30D_purchase_IAP_Kelsey_20260330,AEbiybmyw1wzgg0r,99.97,17231,292,,,,,,,,,
2026-04-26,ANDROID,dhgate_product122_UK_ACT&Nopay 30D_purchase_IAP_Kelsey_20260304,JHYEUfnkThb8zpz3,46.65,12768,447,,,,,,,,,
2026-04-26,ANDROID,dhgate_product148_T1_Purchase 30D_purchase_IAP_Kelsey_20260415,dVlitdxzfmXStKCR,100.48,7429,1421,,,,,,,,,
2026-04-26,ANDROID,dhgate_product142_FR_Purchase 30D_purchase_IAP_Kelsey_20260408,h1ij3XTzuByoSGUQ,42.39,5832,341,,,,,,,,,
2026-04-26,IOS,dhgate_product121_US_Purchase 30D_purchase_IAP_Kelsey_20260222,HGuWXrsF7XcJ6CCt,201.28,21961,787,,,,,,,,,
2026-04-26,IOS,dhgate_product278_US_ACT&Nopay 30D_purchase_IAP_Kelsey_20260301,bObaCa0m4gcS9tff,48.98,14305,275,,,,,,,,,
2026-04-26,ANDROID,dhgate_product288_GB_Purchase 30D_purchase_IAP_Kelsey_20260323,tTorwrrGQ78Qhfod,89.83,10392,596,,,,,,,,,
2026-04-26,IOS,dhgate_product284_Uk_Purchase 30D_purchase_IAP_Kelsey_20260309,osXglD67LewLYd0D,46.21,5293,227,,,,,,,,,
2026-04-26,ANDROID,dhgate_product89_T1_Purchase 30D_purchase_IAP_Kelsey_20251128,gRWXwZW3t4m8CvZm,48.23,12372,291,,,,,,,,,
2026-04-26,ANDROID,dhgate_product315_UK_ACT&Nopay 30D_purchase_IAP_Kelsey_20260425,bedUOEtGfoRFbmze,49.03,4062,1109,,,,,,,,,
2026-04-26,IOS,dhgate_product315_UK_ACT&Nopay 30D_purchase_IAP_Kelsey_20260425,ETAkltcWdOej0ZqG,44.74,1389,702,,,,,,,,,
2026-04-26,IOS,dhgate_product314_UK_Purchase 30D_purchase_IAP_Kelsey_20260424,NmHyz3ZrSwNTmf0j,51.17,1218,435,,,,,,,,,
2026-04-26,ANDROID,dhgate_product313_UK_Purchase 30D_purchase_IAP_Kelsey_20260423,fFIE4BqoKurMDQTO,50.19,5132,377,,,,,,,,,
2026-04-26,IOS,dhgate_product313_UK_Purchase 30D_purchase_IAP_Kelsey_20260423,irw1UEBD6LNmq8Gs,50.81,3022,354,,,,,,,,,
2026-04-26,ANDROID,dhgate_product314_UK_Purchase 30D_purchase_IAP_Kelsey_20260424,mtBdsN2zTNlGo8RL,50.19,5539,267,,,,,,,,,
2026-04-26,IOS,dhgate_product301_US_ACT&Nopay 30D_purchase_IAP_Kelsey_20260422,OG6WHvKPBaUM1wDo,41.72,1376,696,,,,,,,,,
2026-04-26,IOS,dhgate_product300_T1_Purchase 30D_purchase_IAP_Kelsey_20260421,wGMfDvBHm0s02IeZ,91.31,3946,1204,,,,,,,,,
2026-04-26,IOS,dhgate_product29_US_Purchase 30D_purchase_IAP_Kelsey_20251127,XycKBBI5ozAHScRp,49.71,8271,155,,,,,,,,,
2026-04-26,IOS,dhgate_product297_US_Purchase 30D_purchase_IAP_Kelsey_20260325,BIl8fl3osmRBpOlX,50.04,7317,153,,,,,,,,,
2026-04-26,IOS,dhgate_product292_US_ACT&Nopay 30D_purchase_IAP_Kelsey_20260319,WHq5sC9c1d67jxXi,50.03,18980,194,,,,,,,,,
2026-04-26,IOS,dhgate_product291_US_ACT&Nopay 30D_purchase_IAP_Kelsey_20260323,m4FoSYMwOXZ3a4mi,48.9,18716,176,,,,,,,,,
2026-04-26,ANDROID,dhgate_product301_US_ACT&Nopay 30D_purchase_IAP_Kelsey_20260422,uNF1ALuKQFoHzngn,50.39,5194,1021,,,,,,,,,
2026-04-27,IOS,dhgate_product142_US_Purchase 30D_purchase_IAP_Kelsey_20260408,OByuFwbGVpoMuwfU,50.03,10735,145,,,,,,,,,
2026-04-27,IOS,dhgate_product148_T1_Purchase 30D_purchase_IAP_Kelsey_20260415,ylPYtz4zcz9zxv3w,48.05,12237,280,,,,,,,,,
2026-04-27,IOS,dhgate_product146_US_ACT&Nopay 30D_purchase_IAP_Kelsey_20260414,UtCx3jqWWodwMEPS,49.84,24344,126,,,,,,,,,
2026-04-27,IOS,dhgate_product145_T1_Purchase 30D_purchase_IAP_Kelsey_20260410,R8hVJbziQOAEovBK,95.19,19405,498,,,,,,,,,
2026-04-27,ANDROID,dhgate_product144_US_Purchase 30D_purchase_IAP_Kelsey_20260409,gvdtAXZDbUvDzPf6,94.78,11739,590,,,,,,,,,
2026-04-27,IOS,dhgate_product144_US_Purchase 30D_purchase_IAP_Kelsey_20260409,n0VzeT1EqHP6Iuh2,50.23,12046,126,,,,,,,,,
2026-04-27,ANDROID,dhgate_product142_FR_Purchase 30D_purchase_IAP_Kelsey_20260408,h1ij3XTzuByoSGUQ,26.7,3955,253,,,,,,,,,
2026-04-27,ANDROID,dhgate_product148_T1_Purchase 30D_purchase_IAP_Kelsey_20260415,dVlitdxzfmXStKCR,100.66,9925,1563,,,,,,,,,
2026-04-27,IOS,dhgate_product138_FR_ACT&Nopay 30D_purchase_IAP_Kelsey_20260403,zNcB24si9mbzBPed,63.55,19741,888,,,,,,,,,
2026-04-27,IOS,dhgate_product137_US_Purchase 30D_purchase_IAP_Kelsey_20260402,Eo7scqEETcYxo6WH,50.09,11725,128,,,,,,,,,
2026-04-27,IOS,dhgate_product130_US_ACT&Nopay 30D_purchase_IAP_Kelsey_20260401,esYvKwB3Jx0zEWwO,105.43,31003,638,,,,,,,,,
2026-04-27,IOS,dhgate_product128_US_Purchase 30D_purchase_IAP_Kelsey_20260330,AEbiybmyw1wzgg0r,100.2,17380,339,,,,,,,,,
2026-04-27,ANDROID,dhgate_product122_UK_ACT&Nopay 30D_purchase_IAP_Kelsey_20260304,JHYEUfnkThb8zpz3,42.01,11335,575,,,,,,,,,
2026-04-27,IOS,dhgate_product121_US_Purchase 30D_purchase_IAP_Kelsey_20260222,HGuWXrsF7XcJ6CCt,200.48,23177,754,,,,,,,,,
2026-04-27,IOS,dhgate_product141_US_ACT&Nopay 30D_purchase_IAP_Kelsey_20260407,lPbC2PQf5KQCLzUI,79.74,33238,241,,,,,,,,,
2026-04-27,IOS,dhgate_product278_US_ACT&Nopay 30D_purchase_IAP_Kelsey_20260301,bObaCa0m4gcS9tff,49.74,15227,268,,,,,,,,,
2026-04-27,ANDROID,dhgate_product89_T1_Purchase 30D_purchase_IAP_Kelsey_20251128,gRWXwZW3t4m8CvZm,44.95,11978,291,,,,,,,,,
2026-04-27,ANDROID,dhgate_product288_GB_Purchase 30D_purchase_IAP_Kelsey_20260323,tTorwrrGQ78Qhfod,81.67,8626,812,,,,,,,,,
2026-04-27,IOS,dhgate_product317_UK_ACT&Nopay 30D_purchase_IAP_Kelsey_20260427,H9HAtL9q0yyc4Gdy,7.24,290,173,,,,,,,,,
2026-04-27,ANDROID,dhgate_product315_UK_ACT&Nopay 30D_purchase_IAP_Kelsey_20260425,bedUOEtGfoRFbmze,41.11,3586,942,,,,,,,,,
2026-04-27,IOS,dhgate_product315_UK_ACT&Nopay 30D_purchase_IAP_Kelsey_20260425,ETAkltcWdOej0ZqG,25.11,912,472,,,,,,,,,
2026-04-27,ANDROID,dhgate_product314_UK_Purchase 30D_purchase_IAP_Kelsey_20260424,mtBdsN2zTNlGo8RL,39.35,4575,296,,,,,,,,,
2026-04-27,IOS,dhgate_product314_UK_Purchase 30D_purchase_IAP_Kelsey_20260424,NmHyz3ZrSwNTmf0j,48.4,1289,525,,,,,,,,,
2026-04-27,IOS,dhgate_product313_UK_Purchase 30D_purchase_IAP_Kelsey_20260423,irw1UEBD6LNmq8Gs,36.56,2040,308,,,,,,,,,
2026-04-27,ANDROID,dhgate_product313_UK_Purchase 30D_purchase_IAP_Kelsey_20260423,fFIE4BqoKurMDQTO,50.45,4212,501,,,,,,,,,
2026-04-27,ANDROID,dhgate_product317_UK_ACT&Nopay 30D_purchase_IAP_Kelsey_20260427,tDzMEZEldS4Kei0r,6.39,710,249,,,,,,,,,
2026-04-27,IOS,dhgate_product301_US_ACT&Nopay 30D_purchase_IAP_Kelsey_20260422,OG6WHvKPBaUM1wDo,38.58,1590,804,,,,,,,,,
2026-04-27,ANDROID,dhgate_product301_US_ACT&Nopay 30D_purchase_IAP_Kelsey_20260422,uNF1ALuKQFoHzngn,50.27,4945,1038,,,,,,,,,
2026-04-27,IOS,dhgate_product291_US_ACT&Nopay 30D_purchase_IAP_Kelsey_20260323,m4FoSYMwOXZ3a4mi,48.95,19892,160,,,,,,,,,
2026-04-27,IOS,dhgate_product292_US_ACT&Nopay 30D_purchase_IAP_Kelsey_20260319,WHq5sC9c1d67jxXi,40.46,16063,149,,,,,,,,,
2026-04-27,IOS,dhgate_product284_Uk_Purchase 30D_purchase_IAP_Kelsey_20260309,osXglD67LewLYd0D,45.65,4632,224,,,,,,,,,
2026-04-27,IOS,dhgate_product29_US_Purchase 30D_purchase_IAP_Kelsey_20251127,XycKBBI5ozAHScRp,50.19,8071,186,,,,,,,,,
2026-04-27,IOS,dhgate_product300_T1_Purchase 30D_purchase_IAP_Kelsey_20260421,wGMfDvBHm0s02IeZ,96.13,4268,1358,,,,,,,,,
2026-04-27,IOS,dhgate_product297_US_Purchase 30D_purchase_IAP_Kelsey_20260325,BIl8fl3osmRBpOlX,60.12,8251,203,,,,,,,,,
2026-04-28,ANDROID,dhgate_product148_T1_Purchase 30D_purchase_IAP_Kelsey_20260415,dVlitdxzfmXStKCR,100.52,7773,1651,,,,,,,,,
2026-04-28,IOS,dhgate_product148_T1_Purchase 30D_purchase_IAP_Kelsey_20260415,ylPYtz4zcz9zxv3w,46.36,10148,239,,,,,,,,,
2026-04-28,IOS,dhgate_product146_US_ACT&Nopay 30D_purchase_IAP_Kelsey_20260414,UtCx3jqWWodwMEPS,50.03,23717,120,,,,,,,,,
2026-04-28,IOS,dhgate_product145_T1_Purchase 30D_purchase_IAP_Kelsey_20260410,R8hVJbziQOAEovBK,97.69,16711,495,,,,,,,,,
2026-04-28,ANDROID,dhgate_product144_US_Purchase 30D_purchase_IAP_Kelsey_20260409,gvdtAXZDbUvDzPf6,95.52,11917,596,,,,,,,,,
2026-04-28,IOS,dhgate_product144_US_Purchase 30D_purchase_IAP_Kelsey_20260409,n0VzeT1EqHP6Iuh2,50.06,11718,88,,,,,,,,,
2026-04-28,IOS,dhgate_product141_US_ACT&Nopay 30D_purchase_IAP_Kelsey_20260407,lPbC2PQf5KQCLzUI,49.71,24305,64,,,,,,,,,
2026-04-28,IOS,dhgate_product138_FR_ACT&Nopay 30D_purchase_IAP_Kelsey_20260403,zNcB24si9mbzBPed,50.11,19087,673,,,,,,,,,
2026-04-28,IOS,dhgate_product130_US_ACT&Nopay 30D_purchase_IAP_Kelsey_20260401,esYvKwB3Jx0zEWwO,150.22,37127,792,,,,,,,,,
2026-04-28,IOS,dhgate_product128_US_Purchase 30D_purchase_IAP_Kelsey_20260330,AEbiybmyw1wzgg0r,97.81,17506,271,,,,,,,,,
2026-04-28,ANDROID,dhgate_product122_UK_ACT&Nopay 30D_purchase_IAP_Kelsey_20260304,JHYEUfnkThb8zpz3,48.82,12522,496,,,,,,,,,
2026-04-28,IOS,dhgate_product121_US_Purchase 30D_purchase_IAP_Kelsey_20260222,HGuWXrsF7XcJ6CCt,200.91,22719,682,,,,,,,,,
2026-04-28,IOS,dhgate_product278_US_ACT&Nopay 30D_purchase_IAP_Kelsey_20260301,bObaCa0m4gcS9tff,49.17,15281,189,,,,,,,,,
2026-04-28,IOS,dhgate_product142_US_Purchase 30D_purchase_IAP_Kelsey_20260408,OByuFwbGVpoMuwfU,49.74,11030,104,,,,,,,,,
2026-04-28,IOS,dhgate_product137_US_Purchase 30D_purchase_IAP_Kelsey_20260402,Eo7scqEETcYxo6WH,50.08,11671,101,,,,,,,,,
2026-04-28,IOS,dhgate_product284_Uk_Purchase 30D_purchase_IAP_Kelsey_20260309,osXglD67LewLYd0D,45.32,4300,197,,,,,,,,,
2026-04-28,IOS,dhgate_product291_US_ACT&Nopay 30D_purchase_IAP_Kelsey_20260323,m4FoSYMwOXZ3a4mi,46.77,19481,110,,,,,,,,,
2026-04-28,ANDROID,dhgate_product288_GB_Purchase 30D_purchase_IAP_Kelsey_20260323,tTorwrrGQ78Qhfod,93.92,9327,885,,,,,,,,,
2026-04-28,ANDROID,dhgate_product89_T1_Purchase 30D_purchase_IAP_Kelsey_20251128,gRWXwZW3t4m8CvZm,50.08,12219,326,,,,,,,,,
2026-04-28,ANDROID,dhgate_product318_T1_Purchase 30D_purchase_IAP_Kelsey_20260428,aUijksHQ0ekK9VUo,13.46,1141,332,,,,,,,,,
2026-04-28,IOS,dhgate_product318_T1_Purchase 30D_purchase_IAP_Kelsey_20260428,mayu0PGeMJEYQhWJ,14.52,578,315,,,,,,,,,
2026-04-28,ANDROID,dhgate_product317_UK_ACT&Nopay 30D_purchase_IAP_Kelsey_20260427,tDzMEZEldS4Kei0r,40.05,4647,1040,,,,,,,,,
2026-04-28,ANDROID,dhgate_product315_UK_ACT&Nopay 30D_purchase_IAP_Kelsey_20260425,bedUOEtGfoRFbmze,50.34,3635,1123,,,,,,,,,
2026-04-28,IOS,dhgate_product317_UK_ACT&Nopay 30D_purchase_IAP_Kelsey_20260427,H9HAtL9q0yyc4Gdy,45.0,1684,853,,,,,,,,,
2026-04-28,ANDROID,dhgate_product313_UK_Purchase 30D_purchase_IAP_Kelsey_20260423,fFIE4BqoKurMDQTO,50.53,3620,489,,,,,,,,,
2026-04-28,ANDROID,dhgate_product301_US_ACT&Nopay 30D_purchase_IAP_Kelsey_20260422,uNF1ALuKQFoHzngn,49.85,3753,1229,,,,,,,,,
2026-04-28,IOS,dhgate_product301_US_ACT&Nopay 30D_purchase_IAP_Kelsey_20260422,OG6WHvKPBaUM1wDo,43.5,1545,895,,,,,,,,,
2026-04-28,IOS,dhgate_product300_T1_Purchase 30D_purchase_IAP_Kelsey_20260421,wGMfDvBHm0s02IeZ,99.07,4242,1320,,,,,,,,,
2026-04-28,IOS,dhgate_product29_US_Purchase 30D_purchase_IAP_Kelsey_20251127,XycKBBI5ozAHScRp,50.05,8750,142,,,,,,,,,
2026-04-28,IOS,dhgate_product297_US_Purchase 30D_purchase_IAP_Kelsey_20260325,BIl8fl3osmRBpOlX,100.34,11357,320,,,,,,,,,
2026-04-28,IOS,dhgate_product314_UK_Purchase 30D_purchase_IAP_Kelsey_20260424,NmHyz3ZrSwNTmf0j,50.24,1070,478,,,,,,,,,
2026-04-29,ANDROID,dhgate_product144_US_Purchase 30D_purchase_IAP_Kelsey_20260409,gvdtAXZDbUvDzPf6,94.12,11975,596,,,,,,,,,
2026-04-29,IOS,dhgate_product278_US_ACT&Nopay 30D_purchase_IAP_Kelsey_20260301,bObaCa0m4gcS9tff,50.1,15381,172,,,,,,,,,
2026-04-29,ANDROID,dhgate_product148_T1_Purchase 30D_purchase_IAP_Kelsey_20260415,dVlitdxzfmXStKCR,97.35,8192,1560,,,,,,,,,
2026-04-29,IOS,dhgate_product148_T1_Purchase 30D_purchase_IAP_Kelsey_20260415,ylPYtz4zcz9zxv3w,49.22,11274,207,,,,,,,,,
2026-04-29,IOS,dhgate_product146_US_ACT&Nopay 30D_purchase_IAP_Kelsey_20260414,UtCx3jqWWodwMEPS,50.13,22511,107,,,,,,,,,
2026-04-29,IOS,dhgate_product145_T1_Purchase 30D_purchase_IAP_Kelsey_20260410,R8hVJbziQOAEovBK,114.03,19931,508,,,,,,,,,
2026-04-29,IOS,dhgate_product144_US_Purchase 30D_purchase_IAP_Kelsey_20260409,n0VzeT1EqHP6Iuh2,41.29,9940,63,,,,,,,,,
2026-04-29,ANDROID,dhgate_product122_UK_ACT&Nopay 30D_purchase_IAP_Kelsey_20260304,JHYEUfnkThb8zpz3,46.12,10843,341,,,,,,,,,
2026-04-29,IOS,dhgate_product141_US_ACT&Nopay 30D_purchase_IAP_Kelsey_20260407,lPbC2PQf5KQCLzUI,50.07,24780,63,,,,,,,,,
2026-04-29,IOS,dhgate_product138_FR_ACT&Nopay 30D_purchase_IAP_Kelsey_20260403,zNcB24si9mbzBPed,50.12,19434,575,,,,,,,,,
2026-04-29,IOS,dhgate_product137_US_Purchase 30D_purchase_IAP_Kelsey_20260402,Eo7scqEETcYxo6WH,50.07,12171,83,,,,,,,,,
2026-04-29,IOS,dhgate_product130_US_ACT&Nopay 30D_purchase_IAP_Kelsey_20260401,esYvKwB3Jx0zEWwO,122.0,30934,554,,,,,,,,,
2026-04-29,IOS,dhgate_product128_US_Purchase 30D_purchase_IAP_Kelsey_20260330,AEbiybmyw1wzgg0r,100.2,18195,239,,,,,,,,,
2026-04-29,IOS,dhgate_product121_US_Purchase 30D_purchase_IAP_Kelsey_20260222,HGuWXrsF7XcJ6CCt,200.44,22890,599,,,,,,,,,
2026-04-29,IOS,dhgate_product142_US_Purchase 30D_purchase_IAP_Kelsey_20260408,OByuFwbGVpoMuwfU,50.27,10896,116,,,,,,,,,
2026-04-29,IOS,dhgate_product284_Uk_Purchase 30D_purchase_IAP_Kelsey_20260309,osXglD67LewLYd0D,43.44,4655,174,,,,,,,,,
2026-04-29,IOS,dhgate_product291_US_ACT&Nopay 30D_purchase_IAP_Kelsey_20260323,m4FoSYMwOXZ3a4mi,42.8,16902,105,,,,,,,,,
2026-04-29,IOS,dhgate_product297_US_Purchase 30D_purchase_IAP_Kelsey_20260325,BIl8fl3osmRBpOlX,100.63,11743,301,,,,,,,,,
2026-04-29,IOS,dhgate_product319_US_Purchase 30D_purchase_IAP_Kelsey_20260429,SGOG7us7fBY7c5lH,9.93,443,220,,,,,,,,,
2026-04-29,ANDROID,dhgate_product319_T1_Purchase 30D_purchase_IAP_Kelsey_20260429,T0c47UMJnjd4Oh6C,9.3,801,205,,,,,,,,,
2026-04-29,ANDROID,dhgate_product318_T1_Purchase 30D_purchase_IAP_Kelsey_20260428,aUijksHQ0ekK9VUo,42.85,3963,643,,,,,,,,,
2026-04-29,IOS,dhgate_product318_T1_Purchase 30D_purchase_IAP_Kelsey_20260428,mayu0PGeMJEYQhWJ,39.88,1617,662,,,,,,,,,
2026-04-29,IOS,dhgate_product317_UK_ACT&Nopay 30D_purchase_IAP_Kelsey_20260427,H9HAtL9q0yyc4Gdy,47.95,1492,712,,,,,,,,,
2026-04-29,ANDROID,dhgate_product317_UK_ACT&Nopay 30D_purchase_IAP_Kelsey_20260427,tDzMEZEldS4Kei0r,49.58,4915,1097,,,,,,,,,
2026-04-29,ANDROID,dhgate_product89_T1_Purchase 30D_purchase_IAP_Kelsey_20251128,gRWXwZW3t4m8CvZm,49.37,11913,306,,,,,,,,,
2026-04-29,IOS,dhgate_product314_UK_Purchase 30D_purchase_IAP_Kelsey_20260424,NmHyz3ZrSwNTmf0j,47.76,991,477,,,,,,,,,
2026-04-29,ANDROID,dhgate_product315_UK_ACT&Nopay 30D_purchase_IAP_Kelsey_20260425,bedUOEtGfoRFbmze,47.79,3180,929,,,,,,,,,
2026-04-29,IOS,dhgate_product29_US_Purchase 30D_purchase_IAP_Kelsey_20251127,XycKBBI5ozAHScRp,50.06,8042,140,,,,,,,,,
2026-04-29,IOS,dhgate_product300_T1_Purchase 30D_purchase_IAP_Kelsey_20260421,wGMfDvBHm0s02IeZ,103.1,5997,898,,,,,,,,,
2026-04-29,ANDROID,dhgate_product288_GB_Purchase 30D_purchase_IAP_Kelsey_20260323,tTorwrrGQ78Qhfod,97.86,8863,848,,,,,,,,,
2026-04-29,ANDROID,dhgate_product301_US_ACT&Nopay 30D_purchase_IAP_Kelsey_20260422,uNF1ALuKQFoHzngn,46.91,3643,1094,,,,,,,,,
2026-04-29,ANDROID,dhgate_product313_UK_Purchase 30D_purchase_IAP_Kelsey_20260423,fFIE4BqoKurMDQTO,31.67,2501,287,,,,,,,,,
2026-04-29,IOS,dhgate_product301_US_ACT&Nopay 30D_purchase_IAP_Kelsey_20260422,OG6WHvKPBaUM1wDo,41.53,1479,799,,,,,,,,,
2026-04-30,ANDROID,dhgate_product148_T1_Purchase 30D_purchase_IAP_Kelsey_20260415,dVlitdxzfmXStKCR,100.35,7837,1573,,,,,,,,,
2026-04-30,IOS,dhgate_product148_T1_Purchase 30D_purchase_IAP_Kelsey_20260415,ylPYtz4zcz9zxv3w,44.83,8364,222,,,,,,,,,
2026-04-30,IOS,dhgate_product146_US_ACT&Nopay 30D_purchase_IAP_Kelsey_20260414,UtCx3jqWWodwMEPS,49.42,22577,88,,,,,,,,,
2026-04-30,IOS,dhgate_product145_T1_Purchase 30D_purchase_IAP_Kelsey_20260410,R8hVJbziQOAEovBK,145.42,18422,747,,,,,,,,,
2026-04-30,ANDROID,dhgate_product144_US_Purchase 30D_purchase_IAP_Kelsey_20260409,gvdtAXZDbUvDzPf6,91.44,11980,614,,,,,,,,,
2026-04-30,IOS,dhgate_product142_US_Purchase 30D_purchase_IAP_Kelsey_20260408,OByuFwbGVpoMuwfU,50.04,11422,73,,,,,,,,,
2026-04-30,IOS,dhgate_product141_US_ACT&Nopay 30D_purchase_IAP_Kelsey_20260407,lPbC2PQf5KQCLzUI,49.66,23835,68,,,,,,,,,
2026-04-30,IOS,dhgate_product137_US_Purchase 30D_purchase_IAP_Kelsey_20260402,Eo7scqEETcYxo6WH,47.97,12155,91,,,,,,,,,
2026-04-30,IOS,dhgate_product128_US_Purchase 30D_purchase_IAP_Kelsey_20260330,AEbiybmyw1wzgg0r,100.17,19129,216,,,,,,,,,
2026-04-30,ANDROID,dhgate_product122_UK_ACT&Nopay 30D_purchase_IAP_Kelsey_20260304,JHYEUfnkThb8zpz3,45.2,10948,405,,,,,,,,,
2026-04-30,IOS,dhgate_product121_US_Purchase 30D_purchase_IAP_Kelsey_20260222,HGuWXrsF7XcJ6CCt,200.15,24350,648,,,,,,,,,
2026-04-30,IOS,dhgate_product278_US_ACT&Nopay 30D_purchase_IAP_Kelsey_20260301,bObaCa0m4gcS9tff,49.97,16089,172,,,,,,,,,
2026-04-30,IOS,dhgate_product138_FR_ACT&Nopay 30D_purchase_IAP_Kelsey_20260403,zNcB24si9mbzBPed,50.08,17093,606,,,,,,,,,
2026-04-30,IOS,dhgate_product130_US_ACT&Nopay 30D_purchase_IAP_Kelsey_20260401,esYvKwB3Jx0zEWwO,100.11,30755,414,,,,,,,,,
2026-04-30,IOS,dhgate_product284_Uk_Purchase 30D_purchase_IAP_Kelsey_20260309,osXglD67LewLYd0D,47.8,4385,184,,,,,,,,,
2026-04-30,IOS,dhgate_product297_US_Purchase 30D_purchase_IAP_Kelsey_20260325,BIl8fl3osmRBpOlX,100.09,12242,292,,,,,,,,,
2026-04-30,ANDROID,dhgate_product288_GB_Purchase 30D_purchase_IAP_Kelsey_20260323,tTorwrrGQ78Qhfod,89.65,8490,760,,,,,,,,,
2026-04-30,ANDROID,dhgate_product89_T1_Purchase 30D_purchase_IAP_Kelsey_20251128,gRWXwZW3t4m8CvZm,49.14,11805,326,,,,,,,,,
2026-04-30,IOS,dhgate_product319_US_Purchase 30D_purchase_IAP_Kelsey_20260429,SGOG7us7fBY7c5lH,40.1,1843,635,,,,,,,,,
2026-04-30,ANDROID,dhgate_product319_T1_Purchase 30D_purchase_IAP_Kelsey_20260429,T0c47UMJnjd4Oh6C,46.59,4783,654,,,,,,,,,
2026-04-30,IOS,dhgate_product318_T1_Purchase 30D_purchase_IAP_Kelsey_20260428,mayu0PGeMJEYQhWJ,37.45,1477,567,,,,,,,,,
2026-04-30,IOS,dhgate_product317_UK_ACT&Nopay 30D_purchase_IAP_Kelsey_20260427,H9HAtL9q0yyc4Gdy,41.31,1212,653,,,,,,,,,
2026-04-30,ANDROID,dhgate_product318_T1_Purchase 30D_purchase_IAP_Kelsey_20260428,aUijksHQ0ekK9VUo,50.24,5506,577,,,,,,,,,
2026-04-30,ANDROID,dhgate_product315_UK_ACT&Nopay 30D_purchase_IAP_Kelsey_20260425,bedUOEtGfoRFbmze,47.65,3562,1023,,,,,,,,,
2026-04-30,IOS,dhgate_product314_UK_Purchase 30D_purchase_IAP_Kelsey_20260424,NmHyz3ZrSwNTmf0j,50.27,939,402,,,,,,,,,
2026-04-30,ANDROID,dhgate_product301_US_ACT&Nopay 30D_purchase_IAP_Kelsey_20260422,uNF1ALuKQFoHzngn,50.38,3508,1047,,,,,,,,,
2026-04-30,IOS,dhgate_product301_US_ACT&Nopay 30D_purchase_IAP_Kelsey_20260422,OG6WHvKPBaUM1wDo,32.75,1187,596,,,,,,,,,
2026-04-30,IOS,dhgate_product300_T1_Purchase 30D_purchase_IAP_Kelsey_20260421,wGMfDvBHm0s02IeZ,92.37,13886,385,,,,,,,,,
2026-04-30,IOS,dhgate_product29_US_Purchase 30D_purchase_IAP_Kelsey_20251127,XycKBBI5ozAHScRp,49.62,8907,108,,,,,,,,,
2026-04-30,ANDROID,dhgate_product317_UK_ACT&Nopay 30D_purchase_IAP_Kelsey_20260427,tDzMEZEldS4Kei0r,42.88,3504,947,,,,,,,,,
2026-05-01,IOS,dhgate_product145_T1_Purchase 30D_purchase_IAP_Kelsey_20260410,R8hVJbziQOAEovBK,149.7,20809,656,,,,,,,,,
2026-05-01,IOS,dhgate_product278_US_ACT&Nopay 30D_purchase_IAP_Kelsey_20260301,bObaCa0m4gcS9tff,49.79,15915,228,,,,,,,,,
2026-05-01,ANDROID,dhgate_product148_T1_Purchase 30D_purchase_IAP_Kelsey_20260415,dVlitdxzfmXStKCR,100.29,7319,1539,,,,,,,,,
2026-05-01,IOS,dhgate_product148_T1_Purchase 30D_purchase_IAP_Kelsey_20260415,ylPYtz4zcz9zxv3w,50.02,9496,228,,,,,,,,,
2026-05-01,IOS,dhgate_product146_US_ACT&Nopay 30D_purchase_IAP_Kelsey_20260414,UtCx3jqWWodwMEPS,50.04,22658,120,,,,,,,,,
2026-05-01,ANDROID,dhgate_product144_US_Purchase 30D_purchase_IAP_Kelsey_20260409,gvdtAXZDbUvDzPf6,93.04,12256,691,,,,,,,,,
2026-05-01,IOS,dhgate_product121_US_Purchase 30D_purchase_IAP_Kelsey_20260222,HGuWXrsF7XcJ6CCt,200.48,22965,722,,,,,,,,,
2026-05-01,IOS,dhgate_product284_Uk_Purchase 30D_purchase_IAP_Kelsey_20260309,osXglD67LewLYd0D,47.68,4237,194,,,,,,,,,
2026-05-01,IOS,dhgate_product138_FR_ACT&Nopay 30D_purchase_IAP_Kelsey_20260403,zNcB24si9mbzBPed,50.04,19051,585,,,,,,,,,
2026-05-01,IOS,dhgate_product137_US_Purchase 30D_purchase_IAP_Kelsey_20260402,Eo7scqEETcYxo6WH,50.18,12479,102,,,,,,,,,
2026-05-01,IOS,dhgate_product130_US_ACT&Nopay 30D_purchase_IAP_Kelsey_20260401,esYvKwB3Jx0zEWwO,100.26,29008,609,,,,,,,,,
2026-05-01,IOS,dhgate_product128_US_Purchase 30D_purchase_IAP_Kelsey_20260330,AEbiybmyw1wzgg0r,99.04,18774,271,,,,,,,,,
2026-05-01,ANDROID,dhgate_product122_UK_ACT&Nopay 30D_purchase_IAP_Kelsey_20260304,JHYEUfnkThb8zpz3,49.2,11455,478,,,,,,,,,
2026-05-01,IOS,dhgate_product142_US_Purchase 30D_purchase_IAP_Kelsey_20260408,OByuFwbGVpoMuwfU,50.2,11326,110,,,,,,,,,
2026-05-01,ANDROID,dhgate_product288_GB_Purchase 30D_purchase_IAP_Kelsey_20260323,tTorwrrGQ78Qhfod,94.27,8617,774,,,,,,,,,
2026-05-01,IOS,dhgate_product141_US_ACT&Nopay 30D_purchase_IAP_Kelsey_20260407,lPbC2PQf5KQCLzUI,50.11,24172,83,,,,,,,,,
2026-05-01,IOS,dhgate_product29_US_Purchase 30D_purchase_IAP_Kelsey_20251127,XycKBBI5ozAHScRp,50.05,8293,156,,,,,,,,,
2026-05-01,IOS,dhgate_product297_US_Purchase 30D_purchase_IAP_Kelsey_20260325,BIl8fl3osmRBpOlX,100.45,11246,310,,,,,,,,,
2026-05-01,ANDROID,dhgate_product89_T1_Purchase 30D_purchase_IAP_Kelsey_20251128,gRWXwZW3t4m8CvZm,50.04,12158,274,,,,,,,,,
2026-05-01,ANDROID,dhgate_product320_T1_Purchase 30D_purchase_IAP_Kelsey_20260501,I0FYgQUkgayR4RnB,17.46,1379,375,,,,,,,,,
2026-05-01,IOS,dhgate_product320_T1_Purchase 30D_purchase_IAP_Kelsey_20260501,ccI1nnM89w2JRhWP,24.7,832,395,,,,,,,,,
2026-05-01,IOS,dhgate_product319_US_Purchase 30D_purchase_IAP_Kelsey_20260429,SGOG7us7fBY7c5lH,50.04,2858,678,,,,,,,,,
2026-05-01,ANDROID,dhgate_product319_T1_Purchase 30D_purchase_IAP_Kelsey_20260429,T0c47UMJnjd4Oh6C,50.1,5751,638,,,,,,,,,
2026-05-01,ANDROID,dhgate_product318_T1_Purchase 30D_purchase_IAP_Kelsey_20260428,aUijksHQ0ekK9VUo,49.89,6509,443,,,,,,,,,
2026-05-01,IOS,dhgate_product314_UK_Purchase 30D_purchase_IAP_Kelsey_20260424,NmHyz3ZrSwNTmf0j,50.38,883,420,,,,,,,,,
2026-05-01,IOS,dhgate_product317_UK_ACT&Nopay 30D_purchase_IAP_Kelsey_20260427,H9HAtL9q0yyc4Gdy,47.7,1312,696,,,,,,,,,
2026-05-01,ANDROID,dhgate_product317_UK_ACT&Nopay 30D_purchase_IAP_Kelsey_20260427,tDzMEZEldS4Kei0r,45.29,3242,1004,,,,,,,,,
2026-05-01,ANDROID,dhgate_product315_UK_ACT&Nopay 30D_purchase_IAP_Kelsey_20260425,bedUOEtGfoRFbmze,45.84,4177,948,,,,,,,,,
2026-05-01,IOS,dhgate_product300_T1_Purchase 30D_purchase_IAP_Kelsey_20260421,wGMfDvBHm0s02IeZ,99.96,15494,399,,,,,,,,,
2026-05-01,ANDROID,dhgate_product301_US_ACT&Nopay 30D_purchase_IAP_Kelsey_20260422,uNF1ALuKQFoHzngn,48.7,3356,1108,,,,,,,,,
2026-05-01,IOS,dhgate_product301_US_ACT&Nopay 30D_purchase_IAP_Kelsey_20260422,OG6WHvKPBaUM1wDo,33.65,1293,668,,,,,,,,,
2026-05-01,IOS,dhgate_product318_T1_Purchase 30D_purchase_IAP_Kelsey_20260428,mayu0PGeMJEYQhWJ,44.34,1673,595,,,,,,,,,
2026-05-02,IOS,dhgate_product284_Uk_Purchase 30D_purchase_IAP_Kelsey_20260309,osXglD67LewLYd0D,50.13,5242,197,,,,,,,,,
2026-05-02,ANDROID,dhgate_product148_T1_Purchase 30D_purchase_IAP_Kelsey_20260415,dVlitdxzfmXStKCR,106.57,7311,1663,,,,,,,,,
2026-05-02,IOS,dhgate_product148_T1_Purchase 30D_purchase_IAP_Kelsey_20260415,ylPYtz4zcz9zxv3w,60.68,11987,211,,,,,,,,,
2026-05-02,IOS,dhgate_product146_US_ACT&Nopay 30D_purchase_IAP_Kelsey_20260414,UtCx3jqWWodwMEPS,40.87,18933,95,,,,,,,,,
2026-05-02,IOS,dhgate_product145_T1_Purchase 30D_purchase_IAP_Kelsey_20260410,R8hVJbziQOAEovBK,117.47,16608,520,,,,,,,,,
2026-05-02,ANDROID,dhgate_product144_US_Purchase 30D_purchase_IAP_Kelsey_20260409,gvdtAXZDbUvDzPf6,82.76,9966,663,,,,,,,,,
2026-05-02,IOS,dhgate_product142_US_Purchase 30D_purchase_IAP_Kelsey_20260408,OByuFwbGVpoMuwfU,47.12,10832,90,,,,,,,,,
2026-05-02,IOS,dhgate_product137_US_Purchase 30D_purchase_IAP_Kelsey_20260402,Eo7scqEETcYxo6WH,61.98,10343,164,,,,,,,,,
2026-05-02,IOS,dhgate_product138_FR_ACT&Nopay 30D_purchase_IAP_Kelsey_20260403,zNcB24si9mbzBPed,60.38,21316,632,,,,,,,,,
2026-05-02,ANDROID,dhgate_product288_GB_Purchase 30D_purchase_IAP_Kelsey_20260323,tTorwrrGQ78Qhfod,100.1,10219,580,,,,,,,,,
2026-05-02,IOS,dhgate_product130_US_ACT&Nopay 30D_purchase_IAP_Kelsey_20260401,esYvKwB3Jx0zEWwO,84.16,25251,428,,,,,,,,,
2026-05-02,IOS,dhgate_product128_US_Purchase 30D_purchase_IAP_Kelsey_20260330,AEbiybmyw1wzgg0r,83.31,11716,241,,,,,,,,,
2026-05-02,ANDROID,dhgate_product122_UK_ACT&Nopay 30D_purchase_IAP_Kelsey_20260304,JHYEUfnkThb8zpz3,48.09,11780,351,,,,,,,,,
2026-05-02,IOS,dhgate_product121_US_Purchase 30D_purchase_IAP_Kelsey_20260222,HGuWXrsF7XcJ6CCt,167.25,19270,484,,,,,,,,,
2026-05-02,IOS,dhgate_product141_US_ACT&Nopay 30D_purchase_IAP_Kelsey_20260407,lPbC2PQf5KQCLzUI,42.03,20658,71,,,,,,,,,
2026-05-02,IOS,dhgate_product297_US_Purchase 30D_purchase_IAP_Kelsey_20260325,BIl8fl3osmRBpOlX,84.52,9216,278,,,,,,,,,
2026-05-02,IOS,dhgate_product278_US_ACT&Nopay 30D_purchase_IAP_Kelsey_20260301,bObaCa0m4gcS9tff,50.11,15851,239,,,,,,,,,
2026-05-02,IOS,dhgate_product300_T1_Purchase 30D_purchase_IAP_Kelsey_20260421,wGMfDvBHm0s02IeZ,114.17,18069,392,,,,,,,,,
2026-05-02,ANDROID,dhgate_product89_T1_Purchase 30D_purchase_IAP_Kelsey_20251128,gRWXwZW3t4m8CvZm,50.1,10848,291,,,,,,,,,
2026-05-02,IOS,dhgate_product321_US_Purchase 30D_purchase_IAP_Kelsey_20260502,ihMCrglFMezOy59I,2.79,70,35,,,,,,,,,
2026-05-02,IOS,dhgate_product29_US_Purchase 30D_purchase_IAP_Kelsey_20251127,XycKBBI5ozAHScRp,58.17,8754,157,,,,,,,,,
2026-05-02,ANDROID,dhgate_product320_T1_Purchase 30D_purchase_IAP_Kelsey_20260501,I0FYgQUkgayR4RnB,41.36,6024,569,,,,,,,,,
2026-05-02,IOS,dhgate_product320_T1_Purchase 30D_purchase_IAP_Kelsey_20260501,ccI1nnM89w2JRhWP,46.93,1877,693,,,,,,,,,
2026-05-02,IOS,dhgate_product319_US_Purchase 30D_purchase_IAP_Kelsey_20260429,SGOG7us7fBY7c5lH,42.86,2379,695,,,,,,,,,
2026-05-02,ANDROID,dhgate_product319_T1_Purchase 30D_purchase_IAP_Kelsey_20260429,T0c47UMJnjd4Oh6C,40.22,3971,477,,,,,,,,,
2026-05-02,ANDROID,dhgate_product318_T1_Purchase 30D_purchase_IAP_Kelsey_20260428,aUijksHQ0ekK9VUo,50.29,9847,202,,,,,,,,,
2026-05-02,ANDROID,dhgate_product321_US_Purchase 30D_purchase_IAP_Kelsey_20260502,REqYVaM8BdMh2U81,0.8,60,13,,,,,,,,,
2026-05-02,IOS,dhgate_product317_UK_ACT&Nopay 30D_purchase_IAP_Kelsey_20260427,H9HAtL9q0yyc4Gdy,42.77,1305,655,,,,,,,,,
2026-05-02,ANDROID,dhgate_product317_UK_ACT&Nopay 30D_purchase_IAP_Kelsey_20260427,tDzMEZEldS4Kei0r,46.23,3015,1090,,,,,,,,,
2026-05-02,ANDROID,dhgate_product315_UK_ACT&Nopay 30D_purchase_IAP_Kelsey_20260425,bedUOEtGfoRFbmze,50.19,6418,769,,,,,,,,,
2026-05-02,IOS,dhgate_product314_UK_Purchase 30D_purchase_IAP_Kelsey_20260424,NmHyz3ZrSwNTmf0j,50.1,904,405,,,,,,,,,
2026-05-02,ANDROID,dhgate_product301_US_ACT&Nopay 30D_purchase_IAP_Kelsey_20260422,uNF1ALuKQFoHzngn,42.14,2463,966,,,,,,,,,
2026-05-02,IOS,dhgate_product301_US_ACT&Nopay 30D_purchase_IAP_Kelsey_20260422,OG6WHvKPBaUM1wDo,41.25,1404,743,,,,,,,,,
2026-05-02,IOS,dhgate_product318_T1_Purchase 30D_purchase_IAP_Kelsey_20260428,mayu0PGeMJEYQhWJ,46.63,1678,617,,,,,,,,,
2026-05-03,IOS,dhgate_product284_Uk_Purchase 30D_purchase_IAP_Kelsey_20260309,osXglD67LewLYd0D,46.51,3913,207,,,,,,,,,
2026-05-03,IOS,dhgate_product278_US_ACT&Nopay 30D_purchase_IAP_Kelsey_20260301,bObaCa0m4gcS9tff,49.69,15448,335,,,,,,,,,
2026-05-03,ANDROID,dhgate_product148_T1_Purchase 30D_purchase_IAP_Kelsey_20260415,dVlitdxzfmXStKCR,150.81,11181,2215,,,,,,,,,
2026-05-03,IOS,dhgate_product148_T1_Purchase 30D_purchase_IAP_Kelsey_20260415,ylPYtz4zcz9zxv3w,93.7,14909,452,,,,,,,,,
2026-05-03,IOS,dhgate_product145_T1_Purchase 30D_purchase_IAP_Kelsey_20260410,R8hVJbziQOAEovBK,99.62,17793,426,,,,,,,,,
2026-05-03,IOS,dhgate_product128_US_Purchase 30D_purchase_IAP_Kelsey_20260330,AEbiybmyw1wzgg0r,50.1,8912,119,,,,,,,,,
2026-05-03,IOS,dhgate_product138_FR_ACT&Nopay 30D_purchase_IAP_Kelsey_20260403,zNcB24si9mbzBPed,94.82,31085,1078,,,,,,,,,
2026-05-03,IOS,dhgate_product137_US_Purchase 30D_purchase_IAP_Kelsey_20260402,Eo7scqEETcYxo6WH,98.95,12319,328,,,,,,,,,
2026-05-03,ANDROID,dhgate_product122_UK_ACT&Nopay 30D_purchase_IAP_Kelsey_20260304,JHYEUfnkThb8zpz3,45.0,11378,382,,,,,,,,,
2026-05-03,IOS,dhgate_product121_US_Purchase 30D_purchase_IAP_Kelsey_20260222,HGuWXrsF7XcJ6CCt,150.4,19551,454,,,,,,,,,
2026-05-03,ANDROID,dhgate_product288_GB_Purchase 30D_purchase_IAP_Kelsey_20260323,tTorwrrGQ78Qhfod,84.48,10147,617,,,,,,,,,
2026-05-03,IOS,dhgate_product142_US_Purchase 30D_purchase_IAP_Kelsey_20260408,OByuFwbGVpoMuwfU,50.34,10429,94,,,,,,,,,
2026-05-03,IOS,dhgate_product29_US_Purchase 30D_purchase_IAP_Kelsey_20251127,XycKBBI5ozAHScRp,100.19,11334,325,,,,,,,,,
2026-05-03,IOS,dhgate_product321_US_Purchase 30D_purchase_IAP_Kelsey_20260502,ihMCrglFMezOy59I,51.23,1041,499,,,,,,,,,
2026-05-03,IOS,dhgate_product301_US_ACT&Nopay 30D_purchase_IAP_Kelsey_20260422,OG6WHvKPBaUM1wDo,81.63,2326,1262,,,,,,,,,
2026-05-03,IOS,dhgate_product300_T1_Purchase 30D_purchase_IAP_Kelsey_20260421,wGMfDvBHm0s02IeZ,140.73,20164,566,,,,,,,,,
2026-05-03,ANDROID,dhgate_product321_US_Purchase 30D_purchase_IAP_Kelsey_20260502,REqYVaM8BdMh2U81,38.41,2470,456,,,,,,,,,
2026-05-03,ANDROID,dhgate_product320_T1_Purchase 30D_purchase_IAP_Kelsey_20260501,I0FYgQUkgayR4RnB,47.82,8777,507,,,,,,,,,
2026-05-03,IOS,dhgate_product320_T1_Purchase 30D_purchase_IAP_Kelsey_20260501,ccI1nnM89w2JRhWP,50.74,1766,606,,,,,,,,,
2026-05-03,IOS,dhgate_product319_US_Purchase 30D_purchase_IAP_Kelsey_20260429,SGOG7us7fBY7c5lH,49.06,2008,726,,,,,,,,,
2026-05-03,ANDROID,dhgate_product318_T1_Purchase 30D_purchase_IAP_Kelsey_20260428,aUijksHQ0ekK9VUo,46.48,11228,167,,,,,,,,,
2026-05-03,ANDROID,dhgate_product89_T1_Purchase 30D_purchase_IAP_Kelsey_20251128,gRWXwZW3t4m8CvZm,45.0,11441,347,,,,,,,,,
2026-05-03,IOS,dhgate_product317_UK_ACT&Nopay 30D_purchase_IAP_Kelsey_20260427,H9HAtL9q0yyc4Gdy,37.0,1120,633,,,,,,,,,
2026-05-03,ANDROID,dhgate_product317_UK_ACT&Nopay 30D_purchase_IAP_Kelsey_20260427,tDzMEZEldS4Kei0r,44.57,2810,1064,,,,,,,,,
2026-05-03,ANDROID,dhgate_product315_UK_ACT&Nopay 30D_purchase_IAP_Kelsey_20260425,bedUOEtGfoRFbmze,44.65,10354,330,,,,,,,,,
2026-05-03,IOS,dhgate_product314_UK_Purchase 30D_purchase_IAP_Kelsey_20260424,NmHyz3ZrSwNTmf0j,50.14,2416,327,,,,,,,,,
2026-05-03,ANDROID,dhgate_product301_US_ACT&Nopay 30D_purchase_IAP_Kelsey_20260422,uNF1ALuKQFoHzngn,40.53,2330,938,,,,,,,,,
2026-05-03,IOS,dhgate_product318_T1_Purchase 30D_purchase_IAP_Kelsey_20260428,mayu0PGeMJEYQhWJ,49.71,1679,728,,,,,,,,,
2026-05-04,ANDROID,dhgate_product288_GB_Purchase 30D_purchase_IAP_Kelsey_20260323,tTorwrrGQ78Qhfod,82.64,9395,709,,,,,,,,,
2026-05-04,IOS,dhgate_product284_Uk_Purchase 30D_purchase_IAP_Kelsey_20260309,osXglD67LewLYd0D,46.12,3643,228,,,,,,,,,
2026-05-04,IOS,dhgate_product278_US_ACT&Nopay 30D_purchase_IAP_Kelsey_20260301,bObaCa0m4gcS9tff,44.83,13591,436,,,,,,,,,
2026-05-04,ANDROID,dhgate_product148_T1_Purchase 30D_purchase_IAP_Kelsey_20260415,dVlitdxzfmXStKCR,149.75,9887,2255,,,,,,,,,
2026-05-04,IOS,dhgate_product148_T1_Purchase 30D_purchase_IAP_Kelsey_20260415,ylPYtz4zcz9zxv3w,95.5,13465,493,,,,,,,,,
2026-05-04,IOS,dhgate_product145_T1_Purchase 30D_purchase_IAP_Kelsey_20260410,R8hVJbziQOAEovBK,89.61,14537,434,,,,,,,,,
2026-05-04,IOS,dhgate_product137_US_Purchase 30D_purchase_IAP_Kelsey_20260402,Eo7scqEETcYxo6WH,100.08,12413,367,,,,,,,,,
2026-05-04,IOS,dhgate_product138_FR_ACT&Nopay 30D_purchase_IAP_Kelsey_20260403,zNcB24si9mbzBPed,100.84,27894,1247,,,,,,,,,
2026-05-04,IOS,dhgate_product128_US_Purchase 30D_purchase_IAP_Kelsey_20260330,AEbiybmyw1wzgg0r,50.04,8616,145,,,,,,,,,
2026-05-04,ANDROID,dhgate_product122_UK_ACT&Nopay 30D_purchase_IAP_Kelsey_20260304,JHYEUfnkThb8zpz3,44.91,10880,419,,,,,,,,,
2026-05-04,IOS,dhgate_product121_US_Purchase 30D_purchase_IAP_Kelsey_20260222,HGuWXrsF7XcJ6CCt,151.36,20791,527,,,,,,,,,
2026-05-04,IOS,dhgate_product29_US_Purchase 30D_purchase_IAP_Kelsey_20251127,XycKBBI5ozAHScRp,98.58,11140,371,,,,,,,,,
2026-05-04,IOS,dhgate_product142_US_Purchase 30D_purchase_IAP_Kelsey_20260408,OByuFwbGVpoMuwfU,45.14,9268,125,,,,,,,,,
2026-05-04,IOS,dhgate_product300_T1_Purchase 30D_purchase_IAP_Kelsey_20260421,wGMfDvBHm0s02IeZ,144.28,18600,602,,,,,,,,,
2026-05-04,ANDROID,dhgate_product89_T1_Purchase 30D_purchase_IAP_Kelsey_20251128,gRWXwZW3t4m8CvZm,46.47,11357,387,,,,,,,,,
2026-05-04,ANDROID,dhgate_product301_US_ACT&Nopay 30D_purchase_IAP_Kelsey_20260422,uNF1ALuKQFoHzngn,32.49,1709,760,,,,,,,,,
2026-05-04,IOS,dhgate_product322_US_Purchase 30D_purchase_IAP_Kelsey_20260504,zC1B1Tr19RA4eUdv,5.38,141,77,,,,,,,,,
2026-05-04,IOS,dhgate_product321_US_Purchase 30D_purchase_IAP_Kelsey_20260502,ihMCrglFMezOy59I,44.49,903,473,,,,,,,,,
2026-05-04,ANDROID,dhgate_product321_US_Purchase 30D_purchase_IAP_Kelsey_20260502,REqYVaM8BdMh2U81,50.16,3754,408,,,,,,,,,
2026-05-04,ANDROID,dhgate_product320_T1_Purchase 30D_purchase_IAP_Kelsey_20260501,I0FYgQUkgayR4RnB,50.09,8066,500,,,,,,,,,
2026-05-04,IOS,dhgate_product320_T1_Purchase 30D_purchase_IAP_Kelsey_20260501,ccI1nnM89w2JRhWP,47.97,1782,707,,,,,,,,,
2026-05-04,IOS,dhgate_product319_US_Purchase 30D_purchase_IAP_Kelsey_20260429,SGOG7us7fBY7c5lH,40.21,2243,699,,,,,,,,,
2026-05-04,ANDROID,dhgate_product322_US_Purchase 30D_purchase_IAP_Kelsey_20260504,UEOt0CeUKtYLfLaH,1.24,81,30,,,,,,,,,
2026-05-04,IOS,dhgate_product318_T1_Purchase 30D_purchase_IAP_Kelsey_20260428,mayu0PGeMJEYQhWJ,37.53,1539,648,,,,,,,,,
2026-05-04,ANDROID,dhgate_product318_T1_Purchase 30D_purchase_IAP_Kelsey_20260428,aUijksHQ0ekK9VUo,43.61,9878,254,,,,,,,,,
2026-05-04,IOS,dhgate_product314_UK_Purchase 30D_purchase_IAP_Kelsey_20260424,NmHyz3ZrSwNTmf0j,39.23,3877,147,,,,,,,,,
2026-05-04,IOS,dhgate_product301_US_ACT&Nopay 30D_purchase_IAP_Kelsey_20260422,OG6WHvKPBaUM1wDo,88.05,2477,1310,,,,,,,,,
2026-05-04,ANDROID,dhgate_product317_UK_ACT&Nopay 30D_purchase_IAP_Kelsey_20260427,tDzMEZEldS4Kei0r,39.7,2425,1053,,,,,,,,,
2026-05-04,IOS,dhgate_product317_UK_ACT&Nopay 30D_purchase_IAP_Kelsey_20260427,H9HAtL9q0yyc4Gdy,42.23,1384,766,,,,,,,,,
2026-05-04,ANDROID,dhgate_product315_UK_ACT&Nopay 30D_purchase_IAP_Kelsey_20260425,bedUOEtGfoRFbmze,46.19,10509,432,,,,,,,,,
2026-05-05,IOS,dhgate_product300_T1_Purchase 30D_purchase_IAP_Kelsey_20260421,wGMfDvBHm0s02IeZ,148.6,16411,618,,,,,,,,,
2026-05-05,IOS,dhgate_product121_US_Purchase 30D_purchase_IAP_Kelsey_20260222,HGuWXrsF7XcJ6CCt,150.38,19586,463,,,,,,,,,
2026-05-05,ANDROID,dhgate_product122_UK_ACT&Nopay 30D_purchase_IAP_Kelsey_20260304,JHYEUfnkThb8zpz3,45.61,10670,465,,,,,,,,,
2026-05-05,IOS,dhgate_product128_US_Purchase 30D_purchase_IAP_Kelsey_20260330,AEbiybmyw1wzgg0r,50.1,8991,134,,,,,,,,,
2026-05-05,IOS,dhgate_product138_FR_ACT&Nopay 30D_purchase_IAP_Kelsey_20260403,zNcB24si9mbzBPed,147.41,27820,1522,,,,,,,,,
2026-05-05,IOS,dhgate_product145_T1_Purchase 30D_purchase_IAP_Kelsey_20260410,R8hVJbziQOAEovBK,100.51,13719,477,,,,,,,,,
2026-05-05,IOS,dhgate_product148_T1_Purchase 30D_purchase_IAP_Kelsey_20260415,ylPYtz4zcz9zxv3w,100.52,12114,497,,,,,,,,,
2026-05-05,ANDROID,dhgate_product148_T1_Purchase 30D_purchase_IAP_Kelsey_20260415,dVlitdxzfmXStKCR,193.67,10484,2937,,,,,,,,,
2026-05-05,IOS,dhgate_product284_Uk_Purchase 30D_purchase_IAP_Kelsey_20260309,osXglD67LewLYd0D,46.84,3721,196,,,,,,,,,
2026-05-05,ANDROID,dhgate_product288_GB_Purchase 30D_purchase_IAP_Kelsey_20260323,tTorwrrGQ78Qhfod,91.86,9601,739,,,,,,,,,
2026-05-05,IOS,dhgate_product29_US_Purchase 30D_purchase_IAP_Kelsey_20251127,XycKBBI5ozAHScRp,50.11,8224,120,,,,,,,,,
2026-05-05,IOS,dhgate_product137_US_Purchase 30D_purchase_IAP_Kelsey_20260402,Eo7scqEETcYxo6WH,100.15,12457,311,,,,,,,,,
2026-05-05,ANDROID,dhgate_product301_US_ACT&Nopay 30D_purchase_IAP_Kelsey_20260422,uNF1ALuKQFoHzngn,42.76,2467,983,,,,,,,,,
2026-05-05,IOS,dhgate_product314_UK_Purchase 30D_purchase_IAP_Kelsey_20260424,NmHyz3ZrSwNTmf0j,46.38,3811,190,,,,,,,,,
2026-05-05,IOS,dhgate_product301_US_ACT&Nopay 30D_purchase_IAP_Kelsey_20260422,OG6WHvKPBaUM1wDo,112.22,3343,1732,,,,,,,,,
2026-05-05,ANDROID,dhgate_product89_T1_Purchase 30D_purchase_IAP_Kelsey_20251128,gRWXwZW3t4m8CvZm,48.97,11450,397,,,,,,,,,
2026-05-05,IOS,dhgate_product322_US_Purchase 30D_purchase_IAP_Kelsey_20260504,zC1B1Tr19RA4eUdv,43.27,1250,506,,,,,,,,,
2026-05-05,ANDROID,dhgate_product322_US_Purchase 30D_purchase_IAP_Kelsey_20260504,UEOt0CeUKtYLfLaH,35.53,1863,406,,,,,,,,,
2026-05-05,IOS,dhgate_product321_US_Purchase 30D_purchase_IAP_Kelsey_20260502,ihMCrglFMezOy59I,50.16,1127,499,,,,,,,,,
2026-05-05,ANDROID,dhgate_product321_US_Purchase 30D_purchase_IAP_Kelsey_20260502,REqYVaM8BdMh2U81,50.56,2522,462,,,,,,,,,
2026-05-05,ANDROID,dhgate_product318_T1_Purchase 30D_purchase_IAP_Kelsey_20260428,aUijksHQ0ekK9VUo,46.44,9874,279,,,,,,,,,
2026-05-05,IOS,dhgate_product318_T1_Purchase 30D_purchase_IAP_Kelsey_20260428,mayu0PGeMJEYQhWJ,81.43,2823,1187,,,,,,,,,
2026-05-05,IOS,dhgate_product317_UK_ACT&Nopay 30D_purchase_IAP_Kelsey_20260427,H9HAtL9q0yyc4Gdy,92.21,2530,1313,,,,,,,,,
2026-05-05,ANDROID,dhgate_product317_UK_ACT&Nopay 30D_purchase_IAP_Kelsey_20260427,tDzMEZEldS4Kei0r,33.12,2130,875,,,,,,,,,
2026-05-05,ANDROID,dhgate_product315_UK_ACT&Nopay 30D_purchase_IAP_Kelsey_20260425,bedUOEtGfoRFbmze,46.41,9901,569,,,,,,,,,
2026-05-05,IOS,dhgate_product319_US_Purchase 30D_purchase_IAP_Kelsey_20260429,SGOG7us7fBY7c5lH,46.87,2152,759,,,,,,,,,
2026-05-06,IOS,dhgate_product121_US_Purchase 30D_purchase_IAP_Kelsey_20260222,HGuWXrsF7XcJ6CCt,150.57,18393,464,,,,,,,,,
2026-05-06,IOS,dhgate_product300_T1_Purchase 30D_purchase_IAP_Kelsey_20260421,wGMfDvBHm0s02IeZ,148.29,16917,687,,,,,,,,,
2026-05-06,IOS,dhgate_product29_US_Purchase 30D_purchase_IAP_Kelsey_20251127,XycKBBI5ozAHScRp,50.03,8153,123,,,,,,,,,
2026-05-06,ANDROID,dhgate_product288_GB_Purchase 30D_purchase_IAP_Kelsey_20260323,tTorwrrGQ78Qhfod,99.64,8666,931,,,,,,,,,
2026-05-06,ANDROID,dhgate_product148_T1_Purchase 30D_purchase_IAP_Kelsey_20260415,dVlitdxzfmXStKCR,201.24,11418,3185,,,,,,,,,
2026-05-06,ANDROID,dhgate_product122_UK_ACT&Nopay 30D_purchase_IAP_Kelsey_20260304,JHYEUfnkThb8zpz3,50.31,10416,687,,,,,,,,,
2026-05-06,IOS,dhgate_product145_T1_Purchase 30D_purchase_IAP_Kelsey_20260410,R8hVJbziQOAEovBK,98.51,13374,496,,,,,,,,,
2026-05-06,IOS,dhgate_product301_US_ACT&Nopay 30D_purchase_IAP_Kelsey_20260422,OG6WHvKPBaUM1wDo,115.94,3112,1706,,,,,,,,,
2026-05-06,IOS,dhgate_product137_US_Purchase 30D_purchase_IAP_Kelsey_20260402,Eo7scqEETcYxo6WH,100.21,11239,318,,,,,,,,,
2026-05-06,IOS,dhgate_product128_US_Purchase 30D_purchase_IAP_Kelsey_20260330,AEbiybmyw1wzgg0r,50.12,8042,111,,,,,,,,,
2026-05-06,IOS,dhgate_product148_T1_Purchase 30D_purchase_IAP_Kelsey_20260415,ylPYtz4zcz9zxv3w,100.51,12442,525,,,,,,,,,
2026-05-06,ANDROID,dhgate_product301_US_ACT&Nopay 30D_purchase_IAP_Kelsey_20260422,uNF1ALuKQFoHzngn,39.62,2288,970,,,,,,,,,
2026-05-06,IOS,dhgate_product138_FR_ACT&Nopay 30D_purchase_IAP_Kelsey_20260403,zNcB24si9mbzBPed,149.5,28048,1563,,,,,,,,,
2026-05-06,ANDROID,dhgate_product315_UK_ACT&Nopay 30D_purchase_IAP_Kelsey_20260425,bedUOEtGfoRFbmze,49.42,9269,717,,,,,,,,,
2026-05-06,IOS,dhgate_product314_UK_Purchase 30D_purchase_IAP_Kelsey_20260424,NmHyz3ZrSwNTmf0j,43.63,3471,160,,,,,,,,,
2026-05-06,ANDROID,dhgate_product89_T1_Purchase 30D_purchase_IAP_Kelsey_20251128,gRWXwZW3t4m8CvZm,50.34,11431,374,,,,,,,,,
2026-05-06,ANDROID,dhgate_product326_US_ACT&Nopay 30D_purchase_IAP_Kelsey_20260506,AFWChgDyRQQd0Dw2,7.02,521,195,,,,,,,,,
2026-05-06,IOS,dhgate_product326_US_ACT&Nopay 30D_purchase_IAP_Kelsey_20260506,zMf9PKJzCf4uVI7T,4.82,256,125,,,,,,,,,
2026-05-06,IOS,dhgate_product322_US_Purchase 30D_purchase_IAP_Kelsey_20260504,zC1B1Tr19RA4eUdv,50.24,1407,556,,,,,,,,,
2026-05-06,ANDROID,dhgate_product322_US_Purchase 30D_purchase_IAP_Kelsey_20260504,UEOt0CeUKtYLfLaH,50.43,3076,416,,,,,,,,,
2026-05-06,IOS,dhgate_product284_Uk_Purchase 30D_purchase_IAP_Kelsey_20260309,osXglD67LewLYd0D,50.04,3810,201,,,,,,,,,
2026-05-06,IOS,dhgate_product321_US_Purchase 30D_purchase_IAP_Kelsey_20260502,ihMCrglFMezOy59I,50.52,1125,551,,,,,,,,,
2026-05-06,IOS,dhgate_product319_US_Purchase 30D_purchase_IAP_Kelsey_20260429,SGOG7us7fBY7c5lH,42.81,2089,728,,,,,,,,,
2026-05-06,ANDROID,dhgate_product318_T1_Purchase 30D_purchase_IAP_Kelsey_20260428,aUijksHQ0ekK9VUo,47.53,9680,290,,,,,,,,,
2026-05-06,IOS,dhgate_product318_T1_Purchase 30D_purchase_IAP_Kelsey_20260428,mayu0PGeMJEYQhWJ,73.32,2441,1106,,,,,,,,,
2026-05-06,IOS,dhgate_product317_UK_ACT&Nopay 30D_purchase_IAP_Kelsey_20260427,H9HAtL9q0yyc4Gdy,77.61,2176,1061,,,,,,,,,
2026-05-06,ANDROID,dhgate_product321_US_Purchase 30D_purchase_IAP_Kelsey_20260502,REqYVaM8BdMh2U81,46.53,3038,472,,,,,,,,,
2026-05-06,ANDROID,dhgate_product317_UK_ACT&Nopay 30D_purchase_IAP_Kelsey_20260427,tDzMEZEldS4Kei0r,44.86,3035,1148,,,,,,,,,
2026-05-07,IOS,dhgate_product301_US_ACT&Nopay 30D_purchase_IAP_Kelsey_20260422,OG6WHvKPBaUM1wDo,133.32,11789,1585,,,,,,,,,
2026-05-07,IOS,dhgate_product300_T1_Purchase 30D_purchase_IAP_Kelsey_20260421,wGMfDvBHm0s02IeZ,105.27,11210,491,,,,,,,,,
2026-05-07,ANDROID,dhgate_product288_GB_Purchase 30D_purchase_IAP_Kelsey_20260323,tTorwrrGQ78Qhfod,72.38,6547,584,,,,,,,,,
2026-05-07,IOS,dhgate_product284_Uk_Purchase 30D_purchase_IAP_Kelsey_20260309,osXglD67LewLYd0D,50.29,3101,213,,,,,,,,,
2026-05-07,ANDROID,dhgate_product148_T1_Purchase 30D_purchase_IAP_Kelsey_20260415,dVlitdxzfmXStKCR,201.6,10068,2804,,,,,,,,,
2026-05-07,IOS,dhgate_product148_T1_Purchase 30D_purchase_IAP_Kelsey_20260415,ylPYtz4zcz9zxv3w,77.11,9350,373,,,,,,,,,
2026-05-07,IOS,dhgate_product137_US_Purchase 30D_purchase_IAP_Kelsey_20260402,Eo7scqEETcYxo6WH,86.75,9105,329,,,,,,,,,
2026-05-07,IOS,dhgate_product138_FR_ACT&Nopay 30D_purchase_IAP_Kelsey_20260403,zNcB24si9mbzBPed,150.29,23290,1533,,,,,,,,,
2026-05-07,ANDROID,dhgate_product301_US_ACT&Nopay 30D_purchase_IAP_Kelsey_20260422,uNF1ALuKQFoHzngn,32.47,1789,840,,,,,,,,,
2026-05-07,IOS,dhgate_product128_US_Purchase 30D_purchase_IAP_Kelsey_20260330,AEbiybmyw1wzgg0r,50.15,7866,148,,,,,,,,,
2026-05-07,ANDROID,dhgate_product122_UK_ACT&Nopay 30D_purchase_IAP_Kelsey_20260304,JHYEUfnkThb8zpz3,38.56,8143,375,,,,,,,,,
2026-05-07,IOS,dhgate_product121_US_Purchase 30D_purchase_IAP_Kelsey_20260222,HGuWXrsF7XcJ6CCt,150.67,16652,564,,,,,,,,,
2026-05-07,IOS,dhgate_product145_T1_Purchase 30D_purchase_IAP_Kelsey_20260410,R8hVJbziQOAEovBK,100.37,12643,488,,,,,,,,,
2026-05-07,IOS,dhgate_product314_UK_Purchase 30D_purchase_IAP_Kelsey_20260424,NmHyz3ZrSwNTmf0j,46.44,3278,204,,,,,,,,,
2026-05-07,IOS,dhgate_product29_US_Purchase 30D_purchase_IAP_Kelsey_20251127,XycKBBI5ozAHScRp,48.78,7557,131,,,,,,,,,
2026-05-07,ANDROID,dhgate_product317_UK_ACT&Nopay 30D_purchase_IAP_Kelsey_20260427,tDzMEZEldS4Kei0r,54.02,3067,1179,,,,,,,,,
2026-05-07,ANDROID,dhgate_product315_UK_ACT&Nopay 30D_purchase_IAP_Kelsey_20260425,bedUOEtGfoRFbmze,47.9,9746,487,,,,,,,,,
2026-05-07,IOS,dhgate_product327_US_ACT&Nopay 30D_purchase_IAP_Kelsey_20260507,loizYGkgnMobjtqy,8.8,373,188,,,,,,,,,
2026-05-07,ANDROID,dhgate_product327_US_ACT&Nopay 30D_purchase_IAP_Kelsey_20260507,q2RaLOMfDQxn0n9B,7.59,650,234,,,,,,,,,
2026-05-07,ANDROID,dhgate_product326_US_ACT&Nopay 30D_purchase_IAP_Kelsey_20260506,AFWChgDyRQQd0Dw2,35.56,2132,885,,,,,,,,,
2026-05-07,IOS,dhgate_product326_US_ACT&Nopay 30D_purchase_IAP_Kelsey_20260506,zMf9PKJzCf4uVI7T,39.69,1507,712,,,,,,,,,
2026-05-07,IOS,dhgate_product322_US_Purchase 30D_purchase_IAP_Kelsey_20260504,zC1B1Tr19RA4eUdv,47.53,1234,468,,,,,,,,,
2026-05-07,ANDROID,dhgate_product322_US_Purchase 30D_purchase_IAP_Kelsey_20260504,UEOt0CeUKtYLfLaH,50.65,2660,458,,,,,,,,,
2026-05-07,ANDROID,dhgate_product89_T1_Purchase 30D_purchase_IAP_Kelsey_20251128,gRWXwZW3t4m8CvZm,50.1,11929,401,,,,,,,,,
2026-05-07,IOS,dhgate_product321_US_Purchase 30D_purchase_IAP_Kelsey_20260502,ihMCrglFMezOy59I,50.21,1007,470,,,,,,,,,
2026-05-07,IOS,dhgate_product319_US_Purchase 30D_purchase_IAP_Kelsey_20260429,SGOG7us7fBY7c5lH,36.12,1583,605,,,,,,,,,
2026-05-07,ANDROID,dhgate_product318_T1_Purchase 30D_purchase_IAP_Kelsey_20260428,aUijksHQ0ekK9VUo,35.49,7522,179,,,,,,,,,
2026-05-07,IOS,dhgate_product318_T1_Purchase 30D_purchase_IAP_Kelsey_20260428,mayu0PGeMJEYQhWJ,75.05,2375,1067,,,,,,,,,
2026-05-07,IOS,dhgate_product317_UK_ACT&Nopay 30D_purchase_IAP_Kelsey_20260427,H9HAtL9q0yyc4Gdy,76.04,1947,1037,,,,,,,,,
2026-05-07,ANDROID,dhgate_product321_US_Purchase 30D_purchase_IAP_Kelsey_20260502,REqYVaM8BdMh2U81,55.13,2576,518,,,,,,,,,
2026-05-08,IOS,dhgate_product301_US_ACT&Nopay 30D_purchase_IAP_Kelsey_20260422,OG6WHvKPBaUM1wDo,150.44,42108,827,,,,,,,,,
2026-05-08,IOS,dhgate_product300_T1_Purchase 30D_purchase_IAP_Kelsey_20260421,wGMfDvBHm0s02IeZ,50.18,7550,225,,,,,,,,,
2026-05-08,IOS,dhgate_product29_US_Purchase 30D_purchase_IAP_Kelsey_20251127,XycKBBI5ozAHScRp,50.15,6825,193,,,,,,,,,
2026-05-08,ANDROID,dhgate_product288_GB_Purchase 30D_purchase_IAP_Kelsey_20260323,tTorwrrGQ78Qhfod,50.18,6373,338,,,,,,,,,
2026-05-08,IOS,dhgate_product284_Uk_Purchase 30D_purchase_IAP_Kelsey_20260309,osXglD67LewLYd0D,46.76,3326,205,,,,,,,,,
2026-05-08,ANDROID,dhgate_product148_T1_Purchase 30D_purchase_IAP_Kelsey_20260415,dVlitdxzfmXStKCR,199.17,11545,2923,,,,,,,,,
2026-05-08,IOS,dhgate_product138_FR_ACT&Nopay 30D_purchase_IAP_Kelsey_20260403,zNcB24si9mbzBPed,148.77,25874,1620,,,,,,,,,
2026-05-08,IOS,dhgate_product145_T1_Purchase 30D_purchase_IAP_Kelsey_20260410,R8hVJbziQOAEovBK,100.34,14336,510,,,,,,,,,
2026-05-08,IOS,dhgate_product137_US_Purchase 30D_purchase_IAP_Kelsey_20260402,Eo7scqEETcYxo6WH,50.15,6792,203,,,,,,,,,
2026-05-08,IOS,dhgate_product128_US_Purchase 30D_purchase_IAP_Kelsey_20260330,AEbiybmyw1wzgg0r,50.06,6759,197,,,,,,,,,
2026-05-08,IOS,dhgate_product121_US_Purchase 30D_purchase_IAP_Kelsey_20260222,HGuWXrsF7XcJ6CCt,150.66,16295,636,,,,,,,,,
2026-05-08,ANDROID,dhgate_product301_US_ACT&Nopay 30D_purchase_IAP_Kelsey_20260422,uNF1ALuKQFoHzngn,43.99,2332,986,,,,,,,,,
2026-05-08,IOS,dhgate_product148_T1_Purchase 30D_purchase_IAP_Kelsey_20260415,ylPYtz4zcz9zxv3w,50.08,8661,251,,,,,,,,,
2026-05-08,IOS,dhgate_product314_UK_Purchase 30D_purchase_IAP_Kelsey_20260424,NmHyz3ZrSwNTmf0j,45.43,3395,200,,,,,,,,,
2026-05-08,IOS,dhgate_product327_US_ACT&Nopay 30D_purchase_IAP_Kelsey_20260507,loizYGkgnMobjtqy,39.35,1485,764,,,,,,,,,
2026-05-08,ANDROID,dhgate_product317_UK_ACT&Nopay 30D_purchase_IAP_Kelsey_20260427,tDzMEZEldS4Kei0r,89.98,4675,1711,,,,,,,,,
2026-05-08,IOS,dhgate_product317_UK_ACT&Nopay 30D_purchase_IAP_Kelsey_20260427,H9HAtL9q0yyc4Gdy,70.32,1833,944,,,,,,,,,
2026-05-08,IOS,dhgate_product318_T1_Purchase 30D_purchase_IAP_Kelsey_20260428,mayu0PGeMJEYQhWJ,80.03,2270,1024,,,,,,,,,
2026-05-08,IOS,dhgate_product319_US_Purchase 30D_purchase_IAP_Kelsey_20260429,SGOG7us7fBY7c5lH,44.49,1615,724,,,,,,,,,
2026-05-08,IOS,dhgate_product321_US_Purchase 30D_purchase_IAP_Kelsey_20260502,ihMCrglFMezOy59I,51.9,1046,510,,,,,,,,,
2026-05-08,ANDROID,dhgate_product321_US_Purchase 30D_purchase_IAP_Kelsey_20260502,REqYVaM8BdMh2U81,100.99,4369,764,,,,,,,,,
2026-05-08,ANDROID,dhgate_product322_US_Purchase 30D_purchase_IAP_Kelsey_20260504,UEOt0CeUKtYLfLaH,50.12,2332,436,,,,,,,,,
2026-05-08,ANDROID,dhgate_product326_US_ACT&Nopay 30D_purchase_IAP_Kelsey_20260506,AFWChgDyRQQd0Dw2,33.37,1622,657,,,,,,,,,
2026-05-08,IOS,dhgate_product326_US_ACT&Nopay 30D_purchase_IAP_Kelsey_20260506,zMf9PKJzCf4uVI7T,41.92,1425,716,,,,,,,,,
2026-05-08,ANDROID,dhgate_product89_T1_Purchase 30D_purchase_IAP_Kelsey_20251128,gRWXwZW3t4m8CvZm,48.4,11759,427,,,,,,,,,
2026-05-08,ANDROID,dhgate_product327_US_ACT&Nopay 30D_purchase_IAP_Kelsey_20260507,q2RaLOMfDQxn0n9B,50.47,4262,1260,,,,,,,,,
2026-05-08,ANDROID,dhgate_product330_UK_Purchase 30D_purchase_IAP_Kelsey_20260508,pTeLoS8cKTEvw3bW,10.08,475,193,,,,,,,,,
2026-05-08,IOS,dhgate_product330_UK_Purchase 30D_purchase_IAP_Kelsey_20260508,OwXxTo4r8v7fId6K,18.26,458,228,,,,,,,,,
2026-05-08,ANDROID,dhgate_product315_UK_ACT&Nopay 30D_purchase_IAP_Kelsey_20260425,bedUOEtGfoRFbmze,45.76,9667,504,,,,,,,,,
2026-05-09,IOS,dhgate_product121_US_Purchase 30D_purchase_IAP_Kelsey_20260222,HGuWXrsF7XcJ6CCt,150.42,14247,674,,,,,,,,,
2026-05-09,IOS,dhgate_product29_US_Purchase 30D_purchase_IAP_Kelsey_20251127,XycKBBI5ozAHScRp,50.2,6037,203,,,,,,,,,
2026-05-09,ANDROID,dhgate_product301_US_ACT&Nopay 30D_purchase_IAP_Kelsey_20260422,uNF1ALuKQFoHzngn,41.06,2105,886,,,,,,,,,
2026-05-09,IOS,dhgate_product301_US_ACT&Nopay 30D_purchase_IAP_Kelsey_20260422,OG6WHvKPBaUM1wDo,146.96,38169,871,,,,,,,,,
2026-05-09,IOS,dhgate_product300_T1_Purchase 30D_purchase_IAP_Kelsey_20260421,wGMfDvBHm0s02IeZ,50.2,7899,262,,,,,,,,,
2026-05-09,ANDROID,dhgate_product288_GB_Purchase 30D_purchase_IAP_Kelsey_20260323,tTorwrrGQ78Qhfod,50.09,6008,436,,,,,,,,,
2026-05-09,IOS,dhgate_product137_US_Purchase 30D_purchase_IAP_Kelsey_20260402,Eo7scqEETcYxo6WH,50.17,5990,217,,,,,,,,,
2026-05-09,ANDROID,dhgate_product148_T1_Purchase 30D_purchase_IAP_Kelsey_20260415,dVlitdxzfmXStKCR,199.72,11332,2513,,,,,,,,,
2026-05-09,IOS,dhgate_product148_T1_Purchase 30D_purchase_IAP_Kelsey_20260415,ylPYtz4zcz9zxv3w,50.05,8622,272,,,,,,,,,
2026-05-09,IOS,dhgate_product145_T1_Purchase 30D_purchase_IAP_Kelsey_20260410,R8hVJbziQOAEovBK,100.28,13260,528,,,,,,,,,
2026-05-09,IOS,dhgate_product138_FR_ACT&Nopay 30D_purchase_IAP_Kelsey_20260403,zNcB24si9mbzBPed,147.83,25223,1732,,,,,,,,,
2026-05-09,IOS,dhgate_product128_US_Purchase 30D_purchase_IAP_Kelsey_20260330,AEbiybmyw1wzgg0r,50.08,6368,223,,,,,,,,,
2026-05-09,IOS,dhgate_product314_UK_Purchase 30D_purchase_IAP_Kelsey_20260424,NmHyz3ZrSwNTmf0j,48.59,3504,228,,,,,,,,,
2026-05-09,IOS,dhgate_product284_Uk_Purchase 30D_purchase_IAP_Kelsey_20260309,osXglD67LewLYd0D,46.77,3572,211,,,,,,,,,
2026-05-09,ANDROID,dhgate_product315_UK_ACT&Nopay 30D_purchase_IAP_Kelsey_20260425,bedUOEtGfoRFbmze,48.16,9321,530,,,,,,,,,
2026-05-09,ANDROID,dhgate_product322_US_Purchase 30D_purchase_IAP_Kelsey_20260504,UEOt0CeUKtYLfLaH,50.17,3792,446,,,,,,,,,
2026-05-09,IOS,dhgate_product317_UK_ACT&Nopay 30D_purchase_IAP_Kelsey_20260427,H9HAtL9q0yyc4Gdy,77.27,1830,990,,,,,,,,,
2026-05-09,ANDROID,dhgate_product317_UK_ACT&Nopay 30D_purchase_IAP_Kelsey_20260427,tDzMEZEldS4Kei0r,89.35,4394,1658,,,,,,,,,
2026-05-09,ANDROID,dhgate_product89_T1_Purchase 30D_purchase_IAP_Kelsey_20251128,gRWXwZW3t4m8CvZm,50.05,10992,425,,,,,,,,,
2026-05-09,ANDROID,dhgate_product331_UK_Purchase 30D_purchase_IAP_Kelsey_20260509,Z9cAbRxXQkZAuc42,10.91,549,177,,,,,,,,,
2026-05-09,IOS,dhgate_product331_UK_Purchase 30D_purchase_IAP_Kelsey_20260509,DjzpSyBdm4gYG0FS,22.82,473,261,,,,,,,,,
2026-05-09,IOS,dhgate_product330_UK_Purchase 30D_purchase_IAP_Kelsey_20260508,OwXxTo4r8v7fId6K,33.77,970,376,,,,,,,,,
2026-05-09,ANDROID,dhgate_product330_UK_Purchase 30D_purchase_IAP_Kelsey_20260508,pTeLoS8cKTEvw3bW,35.95,2685,578,,,,,,,,,
2026-05-09,ANDROID,dhgate_product327_US_ACT&Nopay 30D_purchase_IAP_Kelsey_20260507,q2RaLOMfDQxn0n9B,41.91,2280,1003,,,,,,,,,
2026-05-09,IOS,dhgate_product326_US_ACT&Nopay 30D_purchase_IAP_Kelsey_20260506,zMf9PKJzCf4uVI7T,49.92,1623,858,,,,,,,,,
2026-05-09,ANDROID,dhgate_product326_US_ACT&Nopay 30D_purchase_IAP_Kelsey_20260506,AFWChgDyRQQd0Dw2,43.25,2021,858,,,,,,,,,
2026-05-09,ANDROID,dhgate_product321_US_Purchase 30D_purchase_IAP_Kelsey_20260502,REqYVaM8BdMh2U81,100.28,4674,739,,,,,,,,,
2026-05-09,IOS,dhgate_product321_US_Purchase 30D_purchase_IAP_Kelsey_20260502,ihMCrglFMezOy59I,45.36,861,402,,,,,,,,,
2026-05-09,IOS,dhgate_product319_US_Purchase 30D_purchase_IAP_Kelsey_20260429,SGOG7us7fBY7c5lH,44.19,1764,627,,,,,,,,,
2026-05-09,IOS,dhgate_product318_T1_Purchase 30D_purchase_IAP_Kelsey_20260428,mayu0PGeMJEYQhWJ,78.35,2158,942,,,,,,,,,
2026-05-09,IOS,dhgate_product327_US_ACT&Nopay 30D_purchase_IAP_Kelsey_20260507,loizYGkgnMobjtqy,46.67,1496,749,,,,,,,,,
2026-05-10,IOS,dhgate_product314_UK_Purchase 30D_purchase_IAP_Kelsey_20260424,NmHyz3ZrSwNTmf0j,50.15,3663,267,,,,,,,,,
2026-05-10,ANDROID,dhgate_product301_US_ACT&Nopay 30D_purchase_IAP_Kelsey_20260422,uNF1ALuKQFoHzngn,36.92,1587,730,,,,,,,,,
2026-05-10,IOS,dhgate_product300_T1_Purchase 30D_purchase_IAP_Kelsey_20260421,wGMfDvBHm0s02IeZ,50.13,7744,272,,,,,,,,,
2026-05-10,IOS,dhgate_product29_US_Purchase 30D_purchase_IAP_Kelsey_20251127,XycKBBI5ozAHScRp,50.12,6489,210,,,,,,,,,
2026-05-10,ANDROID,dhgate_product288_GB_Purchase 30D_purchase_IAP_Kelsey_20260323,tTorwrrGQ78Qhfod,45.46,5976,238,,,,,,,,,
2026-05-10,IOS,dhgate_product148_T1_Purchase 30D_purchase_IAP_Kelsey_20260415,ylPYtz4zcz9zxv3w,50.05,8921,322,,,,,,,,,
2026-05-10,ANDROID,dhgate_product315_UK_ACT&Nopay 30D_purchase_IAP_Kelsey_20260425,bedUOEtGfoRFbmze,46.03,8839,577,,,,,,,,,
2026-05-10,IOS,dhgate_product145_T1_Purchase 30D_purchase_IAP_Kelsey_20260410,R8hVJbziQOAEovBK,100.11,14978,576,,,,,,,,,
2026-05-10,IOS,dhgate_product138_FR_ACT&Nopay 30D_purchase_IAP_Kelsey_20260403,zNcB24si9mbzBPed,151.05,28555,1800,,,,,,,,,
2026-05-10,IOS,dhgate_product137_US_Purchase 30D_purchase_IAP_Kelsey_20260402,Eo7scqEETcYxo6WH,50.18,6202,194,,,,,,,,,
2026-05-10,IOS,dhgate_product128_US_Purchase 30D_purchase_IAP_Kelsey_20260330,AEbiybmyw1wzgg0r,50.15,6568,184,,,,,,,,,
2026-05-10,IOS,dhgate_product121_US_Purchase 30D_purchase_IAP_Kelsey_20260222,HGuWXrsF7XcJ6CCt,150.18,15093,673,,,,,,,,,
2026-05-10,ANDROID,dhgate_product148_T1_Purchase 30D_purchase_IAP_Kelsey_20260415,dVlitdxzfmXStKCR,201.24,11328,2471,,,,,,,,,
2026-05-10,ANDROID,dhgate_product317_UK_ACT&Nopay 30D_purchase_IAP_Kelsey_20260427,tDzMEZEldS4Kei0r,93.89,4492,1764,,,,,,,,,
2026-05-10,IOS,dhgate_product284_Uk_Purchase 30D_purchase_IAP_Kelsey_20260309,osXglD67LewLYd0D,50.06,3550,241,,,,,,,,,
2026-05-10,IOS,dhgate_product318_T1_Purchase 30D_purchase_IAP_Kelsey_20260428,mayu0PGeMJEYQhWJ,90.15,8489,830,,,,,,,,,
2026-05-10,IOS,dhgate_product317_UK_ACT&Nopay 30D_purchase_IAP_Kelsey_20260427,H9HAtL9q0yyc4Gdy,73.36,1828,1001,,,,,,,,,
2026-05-10,ANDROID,dhgate_product89_T1_Purchase 30D_purchase_IAP_Kelsey_20251128,gRWXwZW3t4m8CvZm,50.09,10366,455,,,,,,,,,
2026-05-10,ANDROID,dhgate_product331_UK_Purchase 30D_purchase_IAP_Kelsey_20260509,Z9cAbRxXQkZAuc42,33.85,2122,362,,,,,,,,,
2026-05-10,IOS,dhgate_product331_UK_Purchase 30D_purchase_IAP_Kelsey_20260509,DjzpSyBdm4gYG0FS,50.31,1098,511,,,,,,,,,
2026-05-10,IOS,dhgate_product330_UK_Purchase 30D_purchase_IAP_Kelsey_20260508,OwXxTo4r8v7fId6K,34.19,1096,341,,,,,,,,,
2026-05-10,ANDROID,dhgate_product330_UK_Purchase 30D_purchase_IAP_Kelsey_20260508,pTeLoS8cKTEvw3bW,42.47,2258,507,,,,,,,,,
2026-05-10,ANDROID,dhgate_product327_US_ACT&Nopay 30D_purchase_IAP_Kelsey_20260507,q2RaLOMfDQxn0n9B,25.97,1493,695,,,,,,,,,
2026-05-10,IOS,dhgate_product301_US_ACT&Nopay 30D_purchase_IAP_Kelsey_20260422,OG6WHvKPBaUM1wDo,150.3,39423,1007,,,,,,,,,
2026-05-10,IOS,dhgate_product326_US_ACT&Nopay 30D_purchase_IAP_Kelsey_20260506,zMf9PKJzCf4uVI7T,46.93,1480,812,,,,,,,,,
2026-05-10,ANDROID,dhgate_product326_US_ACT&Nopay 30D_purchase_IAP_Kelsey_20260506,AFWChgDyRQQd0Dw2,36.06,1452,667,,,,,,,,,
2026-05-10,ANDROID,dhgate_product322_US_Purchase 30D_purchase_IAP_Kelsey_20260504,UEOt0CeUKtYLfLaH,50.15,3032,351,,,,,,,,,
2026-05-10,ANDROID,dhgate_product321_US_Purchase 30D_purchase_IAP_Kelsey_20260502,REqYVaM8BdMh2U81,100.31,3943,650,,,,,,,,,
2026-05-10,IOS,dhgate_product321_US_Purchase 30D_purchase_IAP_Kelsey_20260502,ihMCrglFMezOy59I,50.18,884,427,,,,,,,,,
2026-05-10,IOS,dhgate_product327_US_ACT&Nopay 30D_purchase_IAP_Kelsey_20260507,loizYGkgnMobjtqy,48.05,1605,837,,,,,,,,,
2026-05-10,IOS,dhgate_product319_US_Purchase 30D_purchase_IAP_Kelsey_20260429,SGOG7us7fBY7c5lH,47.72,2058,755,,,,,,,,,
2026-05-11,IOS,dhgate_product319_US_Purchase 30D_purchase_IAP_Kelsey_20260429,SGOG7us7fBY7c5lH,37.17,1425,604,,,,,,,,,
2026-05-11,IOS,dhgate_product318_T1_Purchase 30D_purchase_IAP_Kelsey_20260428,mayu0PGeMJEYQhWJ,96.74,12040,559,,,,,,,,,
2026-05-11,IOS,dhgate_product317_UK_ACT&Nopay 30D_purchase_IAP_Kelsey_20260427,H9HAtL9q0yyc4Gdy,72.56,1994,1065,,,,,,,,,
2026-05-11,ANDROID,dhgate_product315_UK_ACT&Nopay 30D_purchase_IAP_Kelsey_20260425,bedUOEtGfoRFbmze,43.75,7909,576,,,,,,,,,
2026-05-11,IOS,dhgate_product321_US_Purchase 30D_purchase_IAP_Kelsey_20260502,ihMCrglFMezOy59I,36.15,792,367,,,,,,,,,
2026-05-11,IOS,dhgate_product314_UK_Purchase 30D_purchase_IAP_Kelsey_20260424,NmHyz3ZrSwNTmf0j,50.35,3253,262,,,,,,,,,
2026-05-11,ANDROID,dhgate_product301_US_ACT&Nopay 30D_purchase_IAP_Kelsey_20260422,uNF1ALuKQFoHzngn,39.23,1903,867,,,,,,,,,
2026-05-11,IOS,dhgate_product301_US_ACT&Nopay 30D_purchase_IAP_Kelsey_20260422,OG6WHvKPBaUM1wDo,150.12,41338,994,,,,,,,,,
2026-05-11,ANDROID,dhgate_product317_UK_ACT&Nopay 30D_purchase_IAP_Kelsey_20260427,tDzMEZEldS4Kei0r,83.22,4059,1571,,,,,,,,,
2026-05-11,ANDROID,dhgate_product321_US_Purchase 30D_purchase_IAP_Kelsey_20260502,REqYVaM8BdMh2U81,100.4,3682,704,,,,,,,,,
2026-05-11,IOS,dhgate_product326_US_ACT&Nopay 30D_purchase_IAP_Kelsey_20260506,zMf9PKJzCf4uVI7T,36.02,1217,660,,,,,,,,,
2026-05-11,ANDROID,dhgate_product326_US_ACT&Nopay 30D_purchase_IAP_Kelsey_20260506,AFWChgDyRQQd0Dw2,34.65,1404,594,,,,,,,,,
2026-05-11,IOS,dhgate_product327_US_ACT&Nopay 30D_purchase_IAP_Kelsey_20260507,loizYGkgnMobjtqy,21.56,853,462,,,,,,,,,
2026-05-11,ANDROID,dhgate_product327_US_ACT&Nopay 30D_purchase_IAP_Kelsey_20260507,q2RaLOMfDQxn0n9B,25.76,1356,636,,,,,,,,,
2026-05-11,ANDROID,dhgate_product330_UK_Purchase 30D_purchase_IAP_Kelsey_20260508,pTeLoS8cKTEvw3bW,35.27,1865,388,,,,,,,,,
2026-05-11,IOS,dhgate_product330_UK_Purchase 30D_purchase_IAP_Kelsey_20260508,OwXxTo4r8v7fId6K,42.36,2126,412,,,,,,,,,
2026-05-11,ANDROID,dhgate_product331_UK_Purchase 30D_purchase_IAP_Kelsey_20260509,Z9cAbRxXQkZAuc42,41.72,2789,439,,,,,,,,,
2026-05-11,ANDROID,dhgate_product332_T1_Purchase 30D_purchase_IAP_Kelsey_20260511,xRPnz3ozCwa6ycwg,9.96,855,288,,,,,,,,,
2026-05-11,ANDROID,dhgate_product89_T1_Purchase 30D_purchase_IAP_Kelsey_20251128,gRWXwZW3t4m8CvZm,50.15,10227,532,,,,,,,,,
2026-05-11,IOS,dhgate_product300_T1_Purchase 30D_purchase_IAP_Kelsey_20260421,wGMfDvBHm0s02IeZ,50.66,7304,348,,,,,,,,,
2026-05-11,ANDROID,dhgate_product322_US_Purchase 30D_purchase_IAP_Kelsey_20260504,UEOt0CeUKtYLfLaH,46.71,3199,383,,,,,,,,,
2026-05-11,IOS,dhgate_product331_UK_Purchase 30D_purchase_IAP_Kelsey_20260509,DjzpSyBdm4gYG0FS,50.39,1208,605,,,,,,,,,
2026-05-11,IOS,dhgate_product29_US_Purchase 30D_purchase_IAP_Kelsey_20251127,XycKBBI5ozAHScRp,50.05,7357,197,,,,,,,,,
2026-05-11,IOS,dhgate_product284_Uk_Purchase 30D_purchase_IAP_Kelsey_20260309,osXglD67LewLYd0D,42.54,2874,235,,,,,,,,,
2026-05-11,IOS,dhgate_product121_US_Purchase 30D_purchase_IAP_Kelsey_20260222,HGuWXrsF7XcJ6CCt,150.37,17048,726,,,,,,,,,
2026-05-11,IOS,dhgate_product128_US_Purchase 30D_purchase_IAP_Kelsey_20260330,AEbiybmyw1wzgg0r,34.39,5179,153,,,,,,,,,
2026-05-11,IOS,dhgate_product137_US_Purchase 30D_purchase_IAP_Kelsey_20260402,Eo7scqEETcYxo6WH,50.09,6857,249,,,,,,,,,
2026-05-11,ANDROID,dhgate_product288_GB_Purchase 30D_purchase_IAP_Kelsey_20260323,tTorwrrGQ78Qhfod,39.7,4612,314,,,,,,,,,
2026-05-11,IOS,dhgate_product145_T1_Purchase 30D_purchase_IAP_Kelsey_20260410,R8hVJbziQOAEovBK,95.58,12368,635,,,,,,,,,
2026-05-11,IOS,dhgate_product148_T1_Purchase 30D_purchase_IAP_Kelsey_20260415,ylPYtz4zcz9zxv3w,48.53,7394,312,,,,,,,,,
2026-05-11,ANDROID,dhgate_product148_T1_Purchase 30D_purchase_IAP_Kelsey_20260415,dVlitdxzfmXStKCR,200.8,11968,2553,,,,,,,,,
2026-05-11,IOS,dhgate_product138_FR_ACT&Nopay 30D_purchase_IAP_Kelsey_20260403,zNcB24si9mbzBPed,150.43,25373,1928,,,,,,,,,
2026-05-12,ANDROID,dhgate_product301_US_ACT&Nopay 30D_purchase_IAP_Kelsey_20260422,uNF1ALuKQFoHzngn,40.08,1767,874,,,,,,,,,
2026-05-12,IOS,dhgate_product301_US_ACT&Nopay 30D_purchase_IAP_Kelsey_20260422,OG6WHvKPBaUM1wDo,150.22,35922,1121,,,,,,,,,
2026-05-12,IOS,dhgate_product300_T1_Purchase 30D_purchase_IAP_Kelsey_20260421,wGMfDvBHm0s02IeZ,50.4,5715,314,,,,,,,,,
2026-05-12,IOS,dhgate_product29_US_Purchase 30D_purchase_IAP_Kelsey_20251127,XycKBBI5ozAHScRp,50.16,7993,190,,,,,,,,,
2026-05-12,IOS,dhgate_product284_Uk_Purchase 30D_purchase_IAP_Kelsey_20260309,osXglD67LewLYd0D,50.22,3201,245,,,,,,,,,
2026-05-12,ANDROID,dhgate_product148_T1_Purchase 30D_purchase_IAP_Kelsey_20260415,dVlitdxzfmXStKCR,201.27,10452,2345,,,,,,,,,
2026-05-12,IOS,dhgate_product145_T1_Purchase 30D_purchase_IAP_Kelsey_20260410,R8hVJbziQOAEovBK,100.17,10424,603,,,,,,,,,
2026-05-12,IOS,dhgate_product314_UK_Purchase 30D_purchase_IAP_Kelsey_20260424,NmHyz3ZrSwNTmf0j,50.22,3041,241,,,,,,,,,
2026-05-12,IOS,dhgate_product138_FR_ACT&Nopay 30D_purchase_IAP_Kelsey_20260403,zNcB24si9mbzBPed,150.33,21321,1903,,,,,,,,,
2026-05-12,IOS,dhgate_product137_US_Purchase 30D_purchase_IAP_Kelsey_20260402,Eo7scqEETcYxo6WH,50.14,6865,250,,,,,,,,,
2026-05-12,IOS,dhgate_product121_US_Purchase 30D_purchase_IAP_Kelsey_20260222,HGuWXrsF7XcJ6CCt,150.82,15209,713,,,,,,,,,
2026-05-12,ANDROID,dhgate_dpa-and_US_ACT&Nopay 30D_purchase_IAP_Kelsey_20260511,M0ZXR7rklCeN7J9o,85.88,57018,2189,,,,,,,,,
2026-05-12,IOS,dhgate_product148_T1_Purchase 30D_purchase_IAP_Kelsey_20260415,ylPYtz4zcz9zxv3w,50.07,5945,321,,,,,,,,,
2026-05-12,ANDROID,dhgate_product315_UK_ACT&Nopay 30D_purchase_IAP_Kelsey_20260425,bedUOEtGfoRFbmze,50.13,8964,739,,,,,,,,,
2026-05-12,ANDROID,dhgate_product288_GB_Purchase 30D_purchase_IAP_Kelsey_20260323,tTorwrrGQ78Qhfod,48.92,5160,459,,,,,,,,,
2026-05-12,IOS,dhgate_product317_UK_ACT&Nopay 30D_purchase_IAP_Kelsey_20260427,H9HAtL9q0yyc4Gdy,81.97,2261,1146,,,,,,,,,
2026-05-12,ANDROID,dhgate_product317_UK_ACT&Nopay 30D_purchase_IAP_Kelsey_20260427,tDzMEZEldS4Kei0r,79.58,4356,1566,,,,,,,,,
2026-05-12,IOS,dhgate_product336_T1_Purchase 30D_purchase_IAP_Kelsey_20260512,IbA1O59ht1JcwImf,40.87,1630,789,,,,,,,,,
2026-05-12,ANDROID,dhgate_product336_T1_Purchase 30D_purchase_IAP_Kelsey_20260512,yj73zyz4GXIWaPsP,30.76,2261,599,,,,,,,,,
2026-05-12,ANDROID,dhgate_product332_T1_Purchase 30D_purchase_IAP_Kelsey_20260511,xRPnz3ozCwa6ycwg,46.77,3974,892,,,,,,,,,
2026-05-12,IOS,dhgate_product331_UK_Purchase 30D_purchase_IAP_Kelsey_20260509,DjzpSyBdm4gYG0FS,47.14,1083,518,,,,,,,,,
2026-05-12,ANDROID,dhgate_product331_UK_Purchase 30D_purchase_IAP_Kelsey_20260509,Z9cAbRxXQkZAuc42,44.43,3010,431,,,,,,,,,
2026-05-12,ANDROID,dhgate_product330_UK_Purchase 30D_purchase_IAP_Kelsey_20260508,pTeLoS8cKTEvw3bW,50.15,2424,552,,,,,,,,,
2026-05-12,ANDROID,dhgate_product89_T1_Purchase 30D_purchase_IAP_Kelsey_20251128,gRWXwZW3t4m8CvZm,49.59,9752,604,,,,,,,,,
2026-05-12,IOS,dhgate_product326_US_ACT&Nopay 30D_purchase_IAP_Kelsey_20260506,zMf9PKJzCf4uVI7T,37.91,1435,727,,,,,,,,,
2026-05-12,ANDROID,dhgate_product322_US_Purchase 30D_purchase_IAP_Kelsey_20260504,UEOt0CeUKtYLfLaH,50.22,3956,290,,,,,,,,,
2026-05-12,ANDROID,dhgate_product321_US_Purchase 30D_purchase_IAP_Kelsey_20260502,REqYVaM8BdMh2U81,100.58,4391,758,,,,,,,,,
2026-05-12,IOS,dhgate_product321_US_Purchase 30D_purchase_IAP_Kelsey_20260502,ihMCrglFMezOy59I,39.37,1165,398,,,,,,,,,
2026-05-12,IOS,dhgate_product319_US_Purchase 30D_purchase_IAP_Kelsey_20260429,SGOG7us7fBY7c5lH,43.98,1842,697,,,,,,,,,
2026-05-12,IOS,dhgate_product318_T1_Purchase 30D_purchase_IAP_Kelsey_20260428,mayu0PGeMJEYQhWJ,100.32,9467,611,,,,,,,,,
2026-05-12,IOS,dhgate_product330_UK_Purchase 30D_purchase_IAP_Kelsey_20260508,OwXxTo4r8v7fId6K,50.3,3498,270,,,,,,,,,
2026-05-13,IOS,dhgate_product314_UK_Purchase 30D_purchase_IAP_Kelsey_20260424,NmHyz3ZrSwNTmf0j,43.56,2772,219,,,,,,,,,
2026-05-13,ANDROID,dhgate_product301_US_ACT&Nopay 30D_purchase_IAP_Kelsey_20260422,uNF1ALuKQFoHzngn,34.09,1607,788,,,,,,,,,
2026-05-13,IOS,dhgate_product301_US_ACT&Nopay 30D_purchase_IAP_Kelsey_20260422,OG6WHvKPBaUM1wDo,146.81,40547,857,,,,,,,,,
2026-05-13,IOS,dhgate_product300_T1_Purchase 30D_purchase_IAP_Kelsey_20260421,wGMfDvBHm0s02IeZ,49.91,7266,279,,,,,,,,,
2026-05-13,IOS,dhgate_product29_US_Purchase 30D_purchase_IAP_Kelsey_20251127,XycKBBI5ozAHScRp,43.11,7396,154,,,,,,,,,
2026-05-13,ANDROID,dhgate_product288_GB_Purchase 30D_purchase_IAP_Kelsey_20260323,tTorwrrGQ78Qhfod,52.83,5691,482,,,,,,,,,
2026-05-13,IOS,dhgate_product284_Uk_Purchase 30D_purchase_IAP_Kelsey_20260309,osXglD67LewLYd0D,35.26,2027,183,,,,,,,,,
2026-05-13,IOS,dhgate_product145_T1_Purchase 30D_purchase_IAP_Kelsey_20260410,R8hVJbziQOAEovBK,71.64,8445,436,,,,,,,,,
2026-05-13,IOS,dhgate_product148_T1_Purchase 30D_purchase_IAP_Kelsey_20260415,ylPYtz4zcz9zxv3w,59.37,8850,356,,,,,,,,,
2026-05-13,IOS,dhgate_product138_FR_ACT&Nopay 30D_purchase_IAP_Kelsey_20260403,zNcB24si9mbzBPed,149.53,22124,1816,,,,,,,,,
2026-05-13,IOS,dhgate_product137_US_Purchase 30D_purchase_IAP_Kelsey_20260402,Eo7scqEETcYxo6WH,49.81,8453,176,,,,,,,,,
2026-05-13,IOS,dhgate_product121_US_Purchase 30D_purchase_IAP_Kelsey_20260222,HGuWXrsF7XcJ6CCt,149.49,15740,665,,,,,,,,,
2026-05-13,ANDROID,dhgate_dpa-and_US_ACT&Nopay 30D_purchase_IAP_Kelsey_20260511,M0ZXR7rklCeN7J9o,100.16,51709,1667,,,,,,,,,
2026-05-13,ANDROID,dhgate_product315_UK_ACT&Nopay 30D_purchase_IAP_Kelsey_20260425,bedUOEtGfoRFbmze,48.31,8419,760,,,,,,,,,
2026-05-13,ANDROID,dhgate_product148_T1_Purchase 30D_purchase_IAP_Kelsey_20260415,dVlitdxzfmXStKCR,195.26,8854,2309,,,,,,,,,
2026-05-13,ANDROID,dhgate_product317_UK_ACT&Nopay 30D_purchase_IAP_Kelsey_20260427,tDzMEZEldS4Kei0r,99.12,4524,1845,,,,,,,,,
2026-05-13,ANDROID,dhgate_product332_T1_Purchase 30D_purchase_IAP_Kelsey_20260511,xRPnz3ozCwa6ycwg,46.99,4306,847,,,,,,,,,
2026-05-13,IOS,dhgate_product318_T1_Purchase 30D_purchase_IAP_Kelsey_20260428,mayu0PGeMJEYQhWJ,99.86,10384,584,,,,,,,,,
2026-05-13,ANDROID,dhgate_product89_T1_Purchase 30D_purchase_IAP_Kelsey_20251128,gRWXwZW3t4m8CvZm,49.85,9677,504,,,,,,,,,
2026-05-13,ANDROID,dhgate_product337_T1_ACT&Nopay 30D_purchase_IAP_Kelsey_20260513,Hi3okRpzvLX7H2oQ,7.7,1401,625,,,,,,,,,
2026-05-13,IOS,dhgate_product317_UK_ACT&Nopay 30D_purchase_IAP_Kelsey_20260427,H9HAtL9q0yyc4Gdy,96.29,2415,1272,,,,,,,,,
2026-05-13,IOS,dhgate_product336_T1_Purchase 30D_purchase_IAP_Kelsey_20260512,IbA1O59ht1JcwImf,38.66,1698,675,,,,,,,,,
2026-05-13,ANDROID,dhgate_product336_T1_Purchase 30D_purchase_IAP_Kelsey_20260512,yj73zyz4GXIWaPsP,50.11,3994,609,,,,,,,,,
2026-05-13,IOS,dhgate_product331_UK_Purchase 30D_purchase_IAP_Kelsey_20260509,DjzpSyBdm4gYG0FS,29.51,687,346,,,,,,,,,
2026-05-13,ANDROID,dhgate_product331_UK_Purchase 30D_purchase_IAP_Kelsey_20260509,Z9cAbRxXQkZAuc42,32.99,2338,253,,,,,,,,,
2026-05-13,IOS,dhgate_product337_T1_ACT&Nopay 30D_purchase_IAP_Kelsey_20260513,pMbmqjxpXWy9uySH,6.94,635,373,,,,,,,,,
2026-05-13,IOS,dhgate_product330_UK_Purchase 30D_purchase_IAP_Kelsey_20260508,OwXxTo4r8v7fId6K,34.35,2310,191,,,,,,,,,
2026-05-13,IOS,dhgate_product326_US_ACT&Nopay 30D_purchase_IAP_Kelsey_20260506,zMf9PKJzCf4uVI7T,37.86,1346,727,,,,,,,,,
2026-05-13,ANDROID,dhgate_product322_US_Purchase 30D_purchase_IAP_Kelsey_20260504,UEOt0CeUKtYLfLaH,50.06,4779,364,,,,,,,,,
2026-05-13,ANDROID,dhgate_product321_US_Purchase 30D_purchase_IAP_Kelsey_20260502,REqYVaM8BdMh2U81,95.35,3006,754,,,,,,,,,
2026-05-13,IOS,dhgate_product321_US_Purchase 30D_purchase_IAP_Kelsey_20260502,ihMCrglFMezOy59I,65.2,11162,251,,,,,,,,,
2026-05-13,IOS,dhgate_product319_US_Purchase 30D_purchase_IAP_Kelsey_20260429,SGOG7us7fBY7c5lH,51.73,1863,756,,,,,,,,,
2026-05-13,ANDROID,dhgate_product330_UK_Purchase 30D_purchase_IAP_Kelsey_20260508,pTeLoS8cKTEvw3bW,28.98,1229,325,,,,,,,,,
2026-05-14,ANDROID,dhgate_product301_US_ACT&Nopay 30D_purchase_IAP_Kelsey_20260422,uNF1ALuKQFoHzngn,25.22,1075,582,,,,,,,,,
2026-05-14,IOS,dhgate_product301_US_ACT&Nopay 30D_purchase_IAP_Kelsey_20260422,OG6WHvKPBaUM1wDo,148.44,38375,983,,,,,,,,,
2026-05-14,IOS,dhgate_product300_T1_Purchase 30D_purchase_IAP_Kelsey_20260421,wGMfDvBHm0s02IeZ,50.26,7326,252,,,,,,,,,
2026-05-14,ANDROID,dhgate_product288_GB_Purchase 30D_purchase_IAP_Kelsey_20260323,tTorwrrGQ78Qhfod,97.43,9563,923,,,,,,,,,
2026-05-14,IOS,dhgate_product148_T1_Purchase 30D_purchase_IAP_Kelsey_20260415,ylPYtz4zcz9zxv3w,100.67,13778,637,,,,,,,,,
2026-05-14,IOS,dhgate_product137_US_Purchase 30D_purchase_IAP_Kelsey_20260402,Eo7scqEETcYxo6WH,49.28,8299,184,,,,,,,,,
2026-05-14,IOS,dhgate_product138_FR_ACT&Nopay 30D_purchase_IAP_Kelsey_20260403,zNcB24si9mbzBPed,150.26,22240,1738,,,,,,,,,
2026-05-14,IOS,dhgate_product121_US_Purchase 30D_purchase_IAP_Kelsey_20260222,HGuWXrsF7XcJ6CCt,150.67,16302,703,,,,,,,,,
2026-05-14,ANDROID,dhgate_dpa-and_US_ACT&Nopay 30D_purchase_IAP_Kelsey_20260511,M0ZXR7rklCeN7J9o,100.48,47536,1570,,,,,,,,,
2026-05-14,IOS,dhgate_product314_UK_Purchase 30D_purchase_IAP_Kelsey_20260424,NmHyz3ZrSwNTmf0j,50.2,3551,289,,,,,,,,,
2026-05-14,ANDROID,dhgate_product148_T1_Purchase 30D_purchase_IAP_Kelsey_20260415,dVlitdxzfmXStKCR,200.99,9253,2215,,,,,,,,,
2026-05-14,ANDROID,dhgate_product315_UK_ACT&Nopay 30D_purchase_IAP_Kelsey_20260425,bedUOEtGfoRFbmze,49.09,8351,833,,,,,,,,,
2026-05-14,ANDROID,dhgate_product89_T1_Purchase 30D_purchase_IAP_Kelsey_20251128,gRWXwZW3t4m8CvZm,49.91,11110,487,,,,,,,,,
2026-05-14,IOS,dhgate_product317_UK_ACT&Nopay 30D_purchase_IAP_Kelsey_20260427,H9HAtL9q0yyc4Gdy,111.81,2567,1327,,,,,,,,,
2026-05-14,ANDROID,dhgate_product337_T1_ACT&Nopay 30D_purchase_IAP_Kelsey_20260513,Hi3okRpzvLX7H2oQ,35.58,4694,2044,,,,,,,,,
2026-05-14,IOS,dhgate_product337_T1_ACT&Nopay 30D_purchase_IAP_Kelsey_20260513,pMbmqjxpXWy9uySH,34.18,2441,1369,,,,,,,,,
2026-05-14,IOS,dhgate_product336_T1_Purchase 30D_purchase_IAP_Kelsey_20260512,IbA1O59ht1JcwImf,39.28,1603,687,,,,,,,,,
2026-05-14,ANDROID,dhgate_product336_T1_Purchase 30D_purchase_IAP_Kelsey_20260512,yj73zyz4GXIWaPsP,50.15,3050,593,,,,,,,,,
2026-05-14,ANDROID,dhgate_product332_T1_Purchase 30D_purchase_IAP_Kelsey_20260511,xRPnz3ozCwa6ycwg,50.29,5417,911,,,,,,,,,
2026-05-14,ANDROID,dhgate_product317_UK_ACT&Nopay 30D_purchase_IAP_Kelsey_20260427,tDzMEZEldS4Kei0r,131.67,5344,2162,,,,,,,,,
2026-05-14,ANDROID,dhgate_product322_US_Purchase 30D_purchase_IAP_Kelsey_20260504,UEOt0CeUKtYLfLaH,50.29,2411,312,,,,,,,,,
2026-05-14,ANDROID,dhgate_product321_US_Purchase 30D_purchase_IAP_Kelsey_20260502,REqYVaM8BdMh2U81,85.21,1999,683,,,,,,,,,
2026-05-14,IOS,dhgate_product321_US_Purchase 30D_purchase_IAP_Kelsey_20260502,ihMCrglFMezOy59I,95.16,15741,341,,,,,,,,,
2026-05-14,IOS,dhgate_product319_US_Purchase 30D_purchase_IAP_Kelsey_20260429,SGOG7us7fBY7c5lH,74.7,2389,1021,,,,,,,,,
2026-05-14,IOS,dhgate_product318_T1_Purchase 30D_purchase_IAP_Kelsey_20260428,mayu0PGeMJEYQhWJ,100.55,11786,568,,,,,,,,,
2026-05-14,IOS,dhgate_product326_US_ACT&Nopay 30D_purchase_IAP_Kelsey_20260506,zMf9PKJzCf4uVI7T,38.26,1279,693,,,,,,,,,
2026-05-15,IOS,dhgate_product314_UK_Purchase 30D_purchase_IAP_Kelsey_20260424,NmHyz3ZrSwNTmf0j,50.31,2994,290,,,,,,,,,
2026-05-15,ANDROID,dhgate_product301_US_ACT&Nopay 30D_purchase_IAP_Kelsey_20260422,uNF1ALuKQFoHzngn,33.52,1437,750,,,,,,,,,
2026-05-15,IOS,dhgate_product301_US_ACT&Nopay 30D_purchase_IAP_Kelsey_20260422,OG6WHvKPBaUM1wDo,124.65,26730,847,,,,,,,,,
2026-05-15,IOS,dhgate_product300_T1_Purchase 30D_purchase_IAP_Kelsey_20260421,wGMfDvBHm0s02IeZ,66.79,7881,426,,,,,,,,,
2026-05-15,ANDROID,dhgate_product288_GB_Purchase 30D_purchase_IAP_Kelsey_20260323,tTorwrrGQ78Qhfod,64.82,5015,668,,,,,,,,,
2026-05-15,IOS,dhgate_product138_FR_ACT&Nopay 30D_purchase_IAP_Kelsey_20260403,zNcB24si9mbzBPed,182.54,20783,2329,,,,,,,,,
2026-05-15,IOS,dhgate_product148_T1_Purchase 30D_purchase_IAP_Kelsey_20260415,ylPYtz4zcz9zxv3w,100.25,11141,687,,,,,,,,,
2026-05-15,IOS,dhgate_product137_US_Purchase 30D_purchase_IAP_Kelsey_20260402,Eo7scqEETcYxo6WH,50.01,6141,273,,,,,,,,,
2026-05-15,IOS,dhgate_product121_US_Purchase 30D_purchase_IAP_Kelsey_20260222,HGuWXrsF7XcJ6CCt,126.52,11407,596,,,,,,,,,
2026-05-15,IOS,dhgate_dpa-ios_US_ACT&Nopay 30D_purchase_IAP_Kelsey_20260515,y55faIMh7doL5RvO,17.25,19199,564,,,,,,,,,
2026-05-15,ANDROID,dhgate_product315_UK_ACT&Nopay 30D_purchase_IAP_Kelsey_20260425,bedUOEtGfoRFbmze,48.76,7207,806,,,,,,,,,
2026-05-15,ANDROID,dhgate_product148_T1_Purchase 30D_purchase_IAP_Kelsey_20260415,dVlitdxzfmXStKCR,131.34,6445,1526,,,,,,,,,
2026-05-15,ANDROID,dhgate_dpa-and_US_ACT&Nopay 30D_purchase_IAP_Kelsey_20260511,M0ZXR7rklCeN7J9o,100.57,23048,1449,,,,,,,,,
2026-05-15,ANDROID,dhgate_product317_UK_ACT&Nopay 30D_purchase_IAP_Kelsey_20260427,tDzMEZEldS4Kei0r,127.51,4695,1904,,,,,,,,,
2026-05-15,IOS,dhgate_product318_T1_Purchase 30D_purchase_IAP_Kelsey_20260428,mayu0PGeMJEYQhWJ,122.95,11852,764,,,,,,,,,
2026-05-15,IOS,dhgate_product317_UK_ACT&Nopay 30D_purchase_IAP_Kelsey_20260427,H9HAtL9q0yyc4Gdy,124.11,2889,1529,,,,,,,,,
2026-05-15,IOS,dhgate_product338_T1_ACT&Nopay 30D_purchase_IAP_Kelsey_20260515,aiZBaGOKYFBuq0Ps,7.81,686,362,,,,,,,,,
2026-05-15,ANDROID,dhgate_product338_T1_ACT&Nopay 30D_purchase_IAP_Kelsey_20260515,RL8fejA9DCWgohwi,7.05,2200,859,,,,,,,,,
2026-05-15,ANDROID,dhgate_product337_T1_ACT&Nopay 30D_purchase_IAP_Kelsey_20260513,Hi3okRpzvLX7H2oQ,35.27,4827,1977,,,,,,,,,
2026-05-15,IOS,dhgate_product337_T1_ACT&Nopay 30D_purchase_IAP_Kelsey_20260513,pMbmqjxpXWy9uySH,33.43,2330,1324,,,,,,,,,
2026-05-15,IOS,dhgate_product336_T1_Purchase 30D_purchase_IAP_Kelsey_20260512,IbA1O59ht1JcwImf,41.33,1564,647,,,,,,,,,
2026-05-15,ANDROID,dhgate_product89_T1_Purchase 30D_purchase_IAP_Kelsey_20251128,gRWXwZW3t4m8CvZm,50.34,10697,573,,,,,,,,,
2026-05-15,ANDROID,dhgate_product332_T1_Purchase 30D_purchase_IAP_Kelsey_20260511,xRPnz3ozCwa6ycwg,50.36,4973,1053,,,,,,,,,
2026-05-15,IOS,dhgate_product326_US_ACT&Nopay 30D_purchase_IAP_Kelsey_20260506,zMf9PKJzCf4uVI7T,29.5,1065,607,,,,,,,,,
2026-05-15,ANDROID,dhgate_product322_US_Purchase 30D_purchase_IAP_Kelsey_20260504,UEOt0CeUKtYLfLaH,43.73,1124,350,,,,,,,,,
2026-05-15,ANDROID,dhgate_product321_US_Purchase 30D_purchase_IAP_Kelsey_20260502,REqYVaM8BdMh2U81,91.27,2500,616,,,,,,,,,
2026-05-15,IOS,dhgate_product321_US_Purchase 30D_purchase_IAP_Kelsey_20260502,ihMCrglFMezOy59I,80.73,9179,317,,,,,,,,,
2026-05-15,IOS,dhgate_product319_US_Purchase 30D_purchase_IAP_Kelsey_20260429,SGOG7us7fBY7c5lH,78.98,2187,1021,,,,,,,,,
2026-05-15,ANDROID,dhgate_product336_T1_Purchase 30D_purchase_IAP_Kelsey_20260512,yj73zyz4GXIWaPsP,38.71,2572,536,,,,,,,,,
2026-05-16,ANDROID,dhgate_product315_UK_ACT&Nopay 30D_purchase_IAP_Kelsey_20260425,bedUOEtGfoRFbmze,48.46,7670,751,,,,,,,,,
2026-05-16,IOS,dhgate_product314_UK_Purchase 30D_purchase_IAP_Kelsey_20260424,NmHyz3ZrSwNTmf0j,47.79,3194,264,,,,,,,,,
2026-05-16,ANDROID,dhgate_product301_US_ACT&Nopay 30D_purchase_IAP_Kelsey_20260422,uNF1ALuKQFoHzngn,69.14,2194,1128,,,,,,,,,
2026-05-16,IOS,dhgate_product301_US_ACT&Nopay 30D_purchase_IAP_Kelsey_20260422,OG6WHvKPBaUM1wDo,100.44,29875,605,,,,,,,,,
2026-05-16,IOS,dhgate_product300_T1_Purchase 30D_purchase_IAP_Kelsey_20260421,wGMfDvBHm0s02IeZ,100.2,10772,534,,,,,,,,,
2026-05-16,IOS,dhgate_product137_US_Purchase 30D_purchase_IAP_Kelsey_20260402,Eo7scqEETcYxo6WH,50.13,7695,242,,,,,,,,,
2026-05-16,IOS,dhgate_product148_T1_Purchase 30D_purchase_IAP_Kelsey_20260415,ylPYtz4zcz9zxv3w,100.69,12139,592,,,,,,,,,
2026-05-16,IOS,dhgate_product138_FR_ACT&Nopay 30D_purchase_IAP_Kelsey_20260403,zNcB24si9mbzBPed,200.59,25465,2404,,,,,,,,,
2026-05-16,IOS,dhgate_product121_US_Purchase 30D_purchase_IAP_Kelsey_20260222,HGuWXrsF7XcJ6CCt,100.25,12157,483,,,,,,,,,
2026-05-16,ANDROID,dhgate_product317_UK_ACT&Nopay 30D_purchase_IAP_Kelsey_20260427,tDzMEZEldS4Kei0r,124.84,4006,1631,,,,,,,,,
2026-05-16,ANDROID,dhgate_dpa-and_US_ACT&Nopay 30D_purchase_IAP_Kelsey_20260511,M0ZXR7rklCeN7J9o,100.56,19592,1371,,,,,,,,,
2026-05-16,ANDROID,dhgate_product148_T1_Purchase 30D_purchase_IAP_Kelsey_20260415,dVlitdxzfmXStKCR,100.69,5190,1255,,,,,,,,,
2026-05-16,IOS,dhgate_product317_UK_ACT&Nopay 30D_purchase_IAP_Kelsey_20260427,H9HAtL9q0yyc4Gdy,116.59,2560,1352,,,,,,,,,
2026-05-16,IOS,dhgate_dpa-ios_US_ACT&Nopay 30D_purchase_IAP_Kelsey_20260515,y55faIMh7doL5RvO,100.06,98955,1602,,,,,,,,,
2026-05-16,IOS,dhgate_product319_US_Purchase 30D_purchase_IAP_Kelsey_20260429,SGOG7us7fBY7c5lH,97.98,5994,858,,,,,,,,,
2026-05-16,ANDROID,dhgate_product89_T1_Purchase 30D_purchase_IAP_Kelsey_20251128,gRWXwZW3t4m8CvZm,50.93,11398,555,,,,,,,,,
2026-05-16,ANDROID,dhgate_product340_US_Purchase 30D_purchase_IAP_Kelsey_20260516,JDfMzVyzzqU4r0qr,40.93,1082,395,,,,,,,,,
2026-05-16,IOS,dhgate_product340_US_Purchase 30D_purchase_IAP_Kelsey_20260516,yznk4uz7IRlNu5TH,42.8,1073,559,,,,,,,,,
2026-05-16,IOS,dhgate_product338_T1_ACT&Nopay 30D_purchase_IAP_Kelsey_20260515,aiZBaGOKYFBuq0Ps,33.08,2198,1079,,,,,,,,,
2026-05-16,ANDROID,dhgate_product338_T1_ACT&Nopay 30D_purchase_IAP_Kelsey_20260515,RL8fejA9DCWgohwi,39.85,7206,2799,,,,,,,,,
2026-05-16,ANDROID,dhgate_product337_T1_ACT&Nopay 30D_purchase_IAP_Kelsey_20260513,Hi3okRpzvLX7H2oQ,39.28,4228,1798,,,,,,,,,
2026-05-16,IOS,dhgate_product318_T1_Purchase 30D_purchase_IAP_Kelsey_20260428,mayu0PGeMJEYQhWJ,149.55,14313,764,,,,,,,,,
2026-05-16,IOS,dhgate_product336_T1_Purchase 30D_purchase_IAP_Kelsey_20260512,IbA1O59ht1JcwImf,43.38,1559,646,,,,,,,,,
2026-05-16,ANDROID,dhgate_product332_T1_Purchase 30D_purchase_IAP_Kelsey_20260511,xRPnz3ozCwa6ycwg,50.31,4332,974,,,,,,,,,
2026-05-16,IOS,dhgate_product326_US_ACT&Nopay 30D_purchase_IAP_Kelsey_20260506,zMf9PKJzCf4uVI7T,33.42,1048,587,,,,,,,,,
2026-05-16,ANDROID,dhgate_product322_US_Purchase 30D_purchase_IAP_Kelsey_20260504,UEOt0CeUKtYLfLaH,44.44,1859,320,,,,,,,,,
2026-05-16,ANDROID,dhgate_product321_US_Purchase 30D_purchase_IAP_Kelsey_20260502,REqYVaM8BdMh2U81,98.82,2652,649,,,,,,,,,
2026-05-16,IOS,dhgate_product321_US_Purchase 30D_purchase_IAP_Kelsey_20260502,ihMCrglFMezOy59I,50.07,10868,140,,,,,,,,,
2026-05-16,IOS,dhgate_product337_T1_ACT&Nopay 30D_purchase_IAP_Kelsey_20260513,pMbmqjxpXWy9uySH,34.2,2186,1152,,,,,,,,,
2026-05-17,ANDROID,dhgate_product315_UK_ACT&Nopay 30D_purchase_IAP_Kelsey_20260425,bedUOEtGfoRFbmze,46.76,8461,764,,,,,,,,,
2026-05-17,IOS,dhgate_product314_UK_Purchase 30D_purchase_IAP_Kelsey_20260424,NmHyz3ZrSwNTmf0j,46.63,3149,264,,,,,,,,,
2026-05-17,ANDROID,dhgate_product301_US_ACT&Nopay 30D_purchase_IAP_Kelsey_20260422,uNF1ALuKQFoHzngn,73.22,2227,1193,,,,,,,,,
2026-05-17,IOS,dhgate_product301_US_ACT&Nopay 30D_purchase_IAP_Kelsey_20260422,OG6WHvKPBaUM1wDo,100.2,30965,639,,,,,,,,,
2026-05-17,IOS,dhgate_product300_T1_Purchase 30D_purchase_IAP_Kelsey_20260421,wGMfDvBHm0s02IeZ,100.09,10860,616,,,,,,,,,
2026-05-17,ANDROID,dhgate_product148_T1_Purchase 30D_purchase_IAP_Kelsey_20260415,dVlitdxzfmXStKCR,100.46,5098,1206,,,,,,,,,
2026-05-17,IOS,dhgate_product137_US_Purchase 30D_purchase_IAP_Kelsey_20260402,Eo7scqEETcYxo6WH,50.37,7392,222,,,,,,,,,
2026-05-17,IOS,dhgate_product138_FR_ACT&Nopay 30D_purchase_IAP_Kelsey_20260403,zNcB24si9mbzBPed,200.92,24803,2337,,,,,,,,,
2026-05-17,IOS,dhgate_product121_US_Purchase 30D_purchase_IAP_Kelsey_20260222,HGuWXrsF7XcJ6CCt,100.45,12342,502,,,,,,,,,
2026-05-17,IOS,dhgate_dpa-ios_US_ACT&Nopay 30D_purchase_IAP_Kelsey_20260515,y55faIMh7doL5RvO,100.39,50940,1286,,,,,,,,,
2026-05-17,ANDROID,dhgate_dpa-and_US_ACT&Nopay 30D_purchase_IAP_Kelsey_20260511,M0ZXR7rklCeN7J9o,101.34,18254,1391,,,,,,,,,
2026-05-17,ANDROID,dhgate_product317_UK_ACT&Nopay 30D_purchase_IAP_Kelsey_20260427,tDzMEZEldS4Kei0r,132.22,4368,1839,,,,,,,,,
2026-05-17,IOS,dhgate_product148_T1_Purchase 30D_purchase_IAP_Kelsey_20260415,ylPYtz4zcz9zxv3w,100.18,10799,587,,,,,,,,,
2026-05-17,IOS,dhgate_product317_UK_ACT&Nopay 30D_purchase_IAP_Kelsey_20260427,H9HAtL9q0yyc4Gdy,136.31,2956,1482,,,,,,,,,
2026-05-17,IOS,dhgate_product318_T1_Purchase 30D_purchase_IAP_Kelsey_20260428,mayu0PGeMJEYQhWJ,150.3,12953,916,,,,,,,,,
2026-05-17,ANDROID,dhgate_product89_T1_Purchase 30D_purchase_IAP_Kelsey_20251128,gRWXwZW3t4m8CvZm,49.39,10984,732,,,,,,,,,
2026-05-17,IOS,dhgate_product319_US_Purchase 30D_purchase_IAP_Kelsey_20260429,SGOG7us7fBY7c5lH,98.64,10024,538,,,,,,,,,
2026-05-17,IOS,dhgate_product350_US_Purchase 30D_purchase_IAP_Kelsey_20260517,eZwoS7yMwcYqxbzm,0.98,35,19,,,,,,,,,
2026-05-17,ANDROID,dhgate_product350_US_Purchase 30D_purchase_IAP_Kelsey_20260517,DuYJIpPYmlWOLdfy,0.51,19,10,,,,,,,,,
2026-05-17,ANDROID,dhgate_product340_US_Purchase 30D_purchase_IAP_Kelsey_20260516,JDfMzVyzzqU4r0qr,50.07,1948,305,,,,,,,,,
2026-05-17,IOS,dhgate_product338_T1_ACT&Nopay 30D_purchase_IAP_Kelsey_20260515,aiZBaGOKYFBuq0Ps,40.2,2600,1235,,,,,,,,,
2026-05-17,ANDROID,dhgate_product338_T1_ACT&Nopay 30D_purchase_IAP_Kelsey_20260515,RL8fejA9DCWgohwi,44.27,6674,2628,,,,,,,,,
2026-05-17,ANDROID,dhgate_product337_T1_ACT&Nopay 30D_purchase_IAP_Kelsey_20260513,Hi3okRpzvLX7H2oQ,43.55,4689,1910,,,,,,,,,
2026-05-17,IOS,dhgate_product340_US_Purchase 30D_purchase_IAP_Kelsey_20260516,yznk4uz7IRlNu5TH,50.32,993,515,,,,,,,,,
2026-05-17,IOS,dhgate_product336_T1_Purchase 30D_purchase_IAP_Kelsey_20260512,IbA1O59ht1JcwImf,41.13,1291,598,,,,,,,,,
2026-05-17,ANDROID,dhgate_product332_T1_Purchase 30D_purchase_IAP_Kelsey_20260511,xRPnz3ozCwa6ycwg,48.78,3759,964,,,,,,,,,
2026-05-17,IOS,dhgate_product326_US_ACT&Nopay 30D_purchase_IAP_Kelsey_20260506,zMf9PKJzCf4uVI7T,45.7,1315,725,,,,,,,,,
2026-05-17,ANDROID,dhgate_product322_US_Purchase 30D_purchase_IAP_Kelsey_20260504,UEOt0CeUKtYLfLaH,50.49,1577,352,,,,,,,,,
2026-05-17,ANDROID,dhgate_product321_US_Purchase 30D_purchase_IAP_Kelsey_20260502,REqYVaM8BdMh2U81,59.32,1083,449,,,,,,,,,
2026-05-17,IOS,dhgate_product321_US_Purchase 30D_purchase_IAP_Kelsey_20260502,ihMCrglFMezOy59I,50.06,10597,158,,,,,,,,,
2026-05-17,IOS,dhgate_product337_T1_ACT&Nopay 30D_purchase_IAP_Kelsey_20260513,pMbmqjxpXWy9uySH,41.78,2461,1240,,,,,,,,,
2026-05-18,IOS,dhgate_product301_US_ACT&Nopay 30D_purchase_IAP_Kelsey_20260422,OG6WHvKPBaUM1wDo,65.87,20220,398,,,,,,,,,
2026-05-18,IOS,dhgate_product317_UK_ACT&Nopay 30D_purchase_IAP_Kelsey_20260427,H9HAtL9q0yyc4Gdy,98.62,2304,1162,,,,,,,,,
2026-05-18,ANDROID,dhgate_product317_UK_ACT&Nopay 30D_purchase_IAP_Kelsey_20260427,tDzMEZEldS4Kei0r,138.37,4508,1809,,,,,,,,,
2026-05-18,ANDROID,dhgate_product315_UK_ACT&Nopay 30D_purchase_IAP_Kelsey_20260425,bedUOEtGfoRFbmze,44.47,7526,906,,,,,,,,,
2026-05-18,IOS,dhgate_product314_UK_Purchase 30D_purchase_IAP_Kelsey_20260424,NmHyz3ZrSwNTmf0j,49.29,3683,312,,,,,,,,,
2026-05-18,ANDROID,dhgate_product301_US_ACT&Nopay 30D_purchase_IAP_Kelsey_20260422,uNF1ALuKQFoHzngn,66.63,2186,1183,,,,,,,,,
2026-05-18,IOS,dhgate_product300_T1_Purchase 30D_purchase_IAP_Kelsey_20260421,wGMfDvBHm0s02IeZ,95.3,11502,571,,,,,,,,,
2026-05-18,IOS,dhgate_product318_T1_Purchase 30D_purchase_IAP_Kelsey_20260428,mayu0PGeMJEYQhWJ,100.29,11124,621,,,,,,,,,
2026-05-18,IOS,dhgate_product148_T1_Purchase 30D_purchase_IAP_Kelsey_20260415,ylPYtz4zcz9zxv3w,58.22,8247,357,,,,,,,,,
2026-05-18,IOS,dhgate_product138_FR_ACT&Nopay 30D_purchase_IAP_Kelsey_20260403,zNcB24si9mbzBPed,120.72,18096,1381,,,,,,,,,
2026-05-18,IOS,dhgate_product137_US_Purchase 30D_purchase_IAP_Kelsey_20260402,Eo7scqEETcYxo6WH,48.94,8302,204,,,,,,,,,
2026-05-18,IOS,dhgate_product121_US_Purchase 30D_purchase_IAP_Kelsey_20260222,HGuWXrsF7XcJ6CCt,99.17,14692,457,,,,,,,,,
2026-05-18,IOS,dhgate_dpa-ios_US_ACT&Nopay 30D_purchase_IAP_Kelsey_20260515,y55faIMh7doL5RvO,100.64,28526,1101,,,,,,,,,
2026-05-18,ANDROID,dhgate_dpa-and_US_ACT&Nopay 30D_purchase_IAP_Kelsey_20260511,M0ZXR7rklCeN7J9o,100.46,22672,1268,,,,,,,,,
2026-05-18,ANDROID,dhgate_product148_T1_Purchase 30D_purchase_IAP_Kelsey_20260415,dVlitdxzfmXStKCR,100.84,5380,1177,,,,,,,,,
2026-05-18,IOS,dhgate_product319_US_Purchase 30D_purchase_IAP_Kelsey_20260429,SGOG7us7fBY7c5lH,96.89,11318,617,,,,,,,,,
2026-05-18,IOS,dhgate_product351_US_Purchase 30D_purchase_IAP_Kelsey_20260518,sWzbHZZhr57PrHl3,15.47,393,162,,,,,,,,,
2026-05-18,ANDROID,dhgate_product321_US_Purchase 30D_purchase_IAP_Kelsey_20260502,REqYVaM8BdMh2U81,102.56,1972,610,,,,,,,,,
2026-05-18,ANDROID,dhgate_product89_T1_Purchase 30D_purchase_IAP_Kelsey_20251128,gRWXwZW3t4m8CvZm,26.34,6363,369,,,,,,,,,
2026-05-18,IOS,dhgate_product321_US_Purchase 30D_purchase_IAP_Kelsey_20260502,ihMCrglFMezOy59I,63.82,12168,249,,,,,,,,,
2026-05-18,ANDROID,dhgate_product351_US_Purchase 30D_purchase_IAP_Kelsey_20260518,QTLyTb1PbE3fo5hj,18.0,379,153,,,,,,,,,
2026-05-18,IOS,dhgate_product350_US_Purchase 30D_purchase_IAP_Kelsey_20260517,eZwoS7yMwcYqxbzm,44.73,1057,543,,,,,,,,,
2026-05-18,ANDROID,dhgate_product340_US_Purchase 30D_purchase_IAP_Kelsey_20260516,JDfMzVyzzqU4r0qr,38.31,1228,200,,,,,,,,,
2026-05-18,IOS,dhgate_product340_US_Purchase 30D_purchase_IAP_Kelsey_20260516,yznk4uz7IRlNu5TH,50.63,1018,517,,,,,,,,,
2026-05-18,IOS,dhgate_product338_T1_ACT&Nopay 30D_purchase_IAP_Kelsey_20260515,aiZBaGOKYFBuq0Ps,36.78,2544,1182,,,,,,,,,
2026-05-18,ANDROID,dhgate_product350_US_Purchase 30D_purchase_IAP_Kelsey_20260517,DuYJIpPYmlWOLdfy,47.23,1047,446,,,,,,,,,
2026-05-18,ANDROID,dhgate_product337_T1_ACT&Nopay 30D_purchase_IAP_Kelsey_20260513,Hi3okRpzvLX7H2oQ,37.06,3802,1665,,,,,,,,,
2026-05-18,IOS,dhgate_product337_T1_ACT&Nopay 30D_purchase_IAP_Kelsey_20260513,pMbmqjxpXWy9uySH,36.93,2243,1140,,,,,,,,,
2026-05-18,IOS,dhgate_product336_T1_Purchase 30D_purchase_IAP_Kelsey_20260512,IbA1O59ht1JcwImf,38.59,1376,698,,,,,,,,,
2026-05-18,ANDROID,dhgate_product332_T1_Purchase 30D_purchase_IAP_Kelsey_20260511,xRPnz3ozCwa6ycwg,50.34,4186,950,,,,,,,,,
2026-05-18,IOS,dhgate_product326_US_ACT&Nopay 30D_purchase_IAP_Kelsey_20260506,zMf9PKJzCf4uVI7T,37.52,1201,661,,,,,,,,,
2026-05-18,ANDROID,dhgate_product322_US_Purchase 30D_purchase_IAP_Kelsey_20260504,UEOt0CeUKtYLfLaH,47.45,1505,319,,,,,,,,,
2026-05-18,ANDROID,dhgate_product338_T1_ACT&Nopay 30D_purchase_IAP_Kelsey_20260515,RL8fejA9DCWgohwi,43.87,5329,2259,,,,,,,,,
2026-05-19,IOS,dhgate_product301_US_ACT&Nopay 30D_purchase_IAP_Kelsey_20260422,OG6WHvKPBaUM1wDo,50.09,18907,330,,,,,,,,,
2026-05-19,IOS,dhgate_product317_UK_ACT&Nopay 30D_purchase_IAP_Kelsey_20260427,H9HAtL9q0yyc4Gdy,76.43,3455,899,,,,,,,,,
2026-05-19,ANDROID,dhgate_product317_UK_ACT&Nopay 30D_purchase_IAP_Kelsey_20260427,tDzMEZEldS4Kei0r,119.0,4145,1695,,,,,,,,,
2026-05-19,ANDROID,dhgate_product315_UK_ACT&Nopay 30D_purchase_IAP_Kelsey_20260425,bedUOEtGfoRFbmze,47.59,7174,1047,,,,,,,,,
2026-05-19,IOS,dhgate_product314_UK_Purchase 30D_purchase_IAP_Kelsey_20260424,NmHyz3ZrSwNTmf0j,43.84,2589,309,,,,,,,,,
2026-05-19,ANDROID,dhgate_product301_US_ACT&Nopay 30D_purchase_IAP_Kelsey_20260422,uNF1ALuKQFoHzngn,68.71,2480,1312,,,,,,,,,
2026-05-19,IOS,dhgate_product300_T1_Purchase 30D_purchase_IAP_Kelsey_20260421,wGMfDvBHm0s02IeZ,100.34,9691,666,,,,,,,,,
2026-05-19,ANDROID,dhgate_dpa-and_US_ACT&Nopay 30D_purchase_IAP_Kelsey_20260511,M0ZXR7rklCeN7J9o,100.57,24935,1568,,,,,,,,,
2026-05-19,IOS,dhgate_product148_T1_Purchase 30D_purchase_IAP_Kelsey_20260415,ylPYtz4zcz9zxv3w,50.21,6472,374,,,,,,,,,
2026-05-19,IOS,dhgate_product138_FR_ACT&Nopay 30D_purchase_IAP_Kelsey_20260403,zNcB24si9mbzBPed,100.38,11476,1370,,,,,,,,,
2026-05-19,IOS,dhgate_product137_US_Purchase 30D_purchase_IAP_Kelsey_20260402,Eo7scqEETcYxo6WH,50.91,7392,169,,,,,,,,,
2026-05-19,IOS,dhgate_product121_US_Purchase 30D_purchase_IAP_Kelsey_20260222,HGuWXrsF7XcJ6CCt,100.2,14121,414,,,,,,,,,
2026-05-19,IOS,dhgate_dpa-ios_US_ACT&Nopay 30D_purchase_IAP_Kelsey_20260515,y55faIMh7doL5RvO,100.46,25110,1286,,,,,,,,,
2026-05-19,IOS,dhgate_product318_T1_Purchase 30D_purchase_IAP_Kelsey_20260428,mayu0PGeMJEYQhWJ,99.27,9017,701,,,,,,,,,
2026-05-19,ANDROID,dhgate_product148_T1_Purchase 30D_purchase_IAP_Kelsey_20260415,dVlitdxzfmXStKCR,94.32,4497,1150,,,,,,,,,
2026-05-19,IOS,dhgate_product319_US_Purchase 30D_purchase_IAP_Kelsey_20260429,SGOG7us7fBY7c5lH,100.76,8729,733,,,,,,,,,
2026-05-19,IOS,dhgate_product351_US_Purchase 30D_purchase_IAP_Kelsey_20260518,sWzbHZZhr57PrHl3,45.63,1064,443,,,,,,,,,
2026-05-19,ANDROID,dhgate_product321_US_Purchase 30D_purchase_IAP_Kelsey_20260502,REqYVaM8BdMh2U81,121.34,2847,777,,,,,,,,,
2026-05-19,ANDROID,dhgate_product352_US_Purchase 30D_purchase_IAP_Kelsey_20260519,y5Yzlzsvt7LZ74Z7,14.12,294,138,,,,,,,,,
2026-05-19,IOS,dhgate_product352_US_Purchase 30D_purchase_IAP_Kelsey_20260519,iAzaihqvKexmreSd,22.89,480,229,,,,,,,,,
2026-05-19,ANDROID,dhgate_product351_US_Purchase 30D_purchase_IAP_Kelsey_20260518,QTLyTb1PbE3fo5hj,40.24,962,310,,,,,,,,,
2026-05-19,ANDROID,dhgate_product350_US_Purchase 30D_purchase_IAP_Kelsey_20260517,DuYJIpPYmlWOLdfy,50.51,2356,279,,,,,,,,,
2026-05-19,IOS,dhgate_product350_US_Purchase 30D_purchase_IAP_Kelsey_20260517,eZwoS7yMwcYqxbzm,50.21,1062,545,,,,,,,,,
2026-05-19,IOS,dhgate_product340_US_Purchase 30D_purchase_IAP_Kelsey_20260516,yznk4uz7IRlNu5TH,50.69,1031,519,,,,,,,,,
2026-05-19,IOS,dhgate_product338_T1_ACT&Nopay 30D_purchase_IAP_Kelsey_20260515,aiZBaGOKYFBuq0Ps,35.66,2621,1189,,,,,,,,,
2026-05-19,IOS,dhgate_product321_US_Purchase 30D_purchase_IAP_Kelsey_20260502,ihMCrglFMezOy59I,102.24,14080,369,,,,,,,,,
2026-05-19,ANDROID,dhgate_product337_T1_ACT&Nopay 30D_purchase_IAP_Kelsey_20260513,Hi3okRpzvLX7H2oQ,33.51,3735,1512,,,,,,,,,
2026-05-19,IOS,dhgate_product337_T1_ACT&Nopay 30D_purchase_IAP_Kelsey_20260513,pMbmqjxpXWy9uySH,39.03,2375,1231,,,,,,,,,
2026-05-19,IOS,dhgate_product336_T1_Purchase 30D_purchase_IAP_Kelsey_20260512,IbA1O59ht1JcwImf,32.34,1174,586,,,,,,,,,
2026-05-19,ANDROID,dhgate_product332_T1_Purchase 30D_purchase_IAP_Kelsey_20260511,xRPnz3ozCwa6ycwg,47.36,3792,931,,,,,,,,,
2026-05-19,IOS,dhgate_product326_US_ACT&Nopay 30D_purchase_IAP_Kelsey_20260506,zMf9PKJzCf4uVI7T,44.31,1424,818,,,,,,,,,
2026-05-19,ANDROID,dhgate_product322_US_Purchase 30D_purchase_IAP_Kelsey_20260504,UEOt0CeUKtYLfLaH,41.99,1651,302,,,,,,,,,
2026-05-19,ANDROID,dhgate_product338_T1_ACT&Nopay 30D_purchase_IAP_Kelsey_20260515,RL8fejA9DCWgohwi,37.32,4907,1966,,,,,,,,,
2026-05-20,IOS,dhgate_product318_T1_Purchase 30D_purchase_IAP_Kelsey_20260428,mayu0PGeMJEYQhWJ,100.69,7734,802,,,,,,,,,
2026-05-20,IOS,dhgate_product317_UK_ACT&Nopay 30D_purchase_IAP_Kelsey_20260427,H9HAtL9q0yyc4Gdy,93.62,5633,929,,,,,,,,,
2026-05-20,ANDROID,dhgate_product317_UK_ACT&Nopay 30D_purchase_IAP_Kelsey_20260427,tDzMEZEldS4Kei0r,129.6,4848,2116,,,,,,,,,
2026-05-20,ANDROID,dhgate_product315_UK_ACT&Nopay 30D_purchase_IAP_Kelsey_20260425,bedUOEtGfoRFbmze,50.33,6709,996,,,,,,,,,
2026-05-20,IOS,dhgate_product314_UK_Purchase 30D_purchase_IAP_Kelsey_20260424,NmHyz3ZrSwNTmf0j,49.18,2217,354,,,,,,,,,
2026-05-20,ANDROID,dhgate_product301_US_ACT&Nopay 30D_purchase_IAP_Kelsey_20260422,uNF1ALuKQFoHzngn,59.93,2266,1208,,,,,,,,,
2026-05-20,IOS,dhgate_product301_US_ACT&Nopay 30D_purchase_IAP_Kelsey_20260422,OG6WHvKPBaUM1wDo,49.5,13240,399,,,,,,,,,
2026-05-20,IOS,dhgate_product148_T1_Purchase 30D_purchase_IAP_Kelsey_20260415,ylPYtz4zcz9zxv3w,51.07,6125,453,,,,,,,,,
2026-05-20,ANDROID,dhgate_product148_T1_Purchase 30D_purchase_IAP_Kelsey_20260415,dVlitdxzfmXStKCR,100.22,8047,1164,,,,,,,,,
2026-05-20,IOS,dhgate_product138_FR_ACT&Nopay 30D_purchase_IAP_Kelsey_20260403,zNcB24si9mbzBPed,100.56,13833,1336,,,,,,,,,
2026-05-20,IOS,dhgate_product137_US_Purchase 30D_purchase_IAP_Kelsey_20260402,Eo7scqEETcYxo6WH,50.54,5602,231,,,,,,,,,
2026-05-20,IOS,dhgate_product121_US_Purchase 30D_purchase_IAP_Kelsey_20260222,HGuWXrsF7XcJ6CCt,100.16,10685,468,,,,,,,,,
2026-05-20,IOS,dhgate_dpa-ios_US_ACT&Nopay 30D_purchase_IAP_Kelsey_20260515,y55faIMh7doL5RvO,100.08,43845,1121,,,,,,,,,
2026-05-20,IOS,dhgate_product319_US_Purchase 30D_purchase_IAP_Kelsey_20260429,SGOG7us7fBY7c5lH,100.4,7624,785,,,,,,,,,
2026-05-20,IOS,dhgate_product300_T1_Purchase 30D_purchase_IAP_Kelsey_20260421,wGMfDvBHm0s02IeZ,100.7,9204,799,,,,,,,,,
2026-05-20,ANDROID,dhgate_dpa-and_US_ACT&Nopay 30D_purchase_IAP_Kelsey_20260511,M0ZXR7rklCeN7J9o,100.68,21118,1543,,,,,,,,,
2026-05-20,IOS,dhgate_product321_US_Purchase 30D_purchase_IAP_Kelsey_20260502,ihMCrglFMezOy59I,100.09,11032,475,,,,,,,,,
2026-05-20,ANDROID,dhgate_product322_US_Purchase 30D_purchase_IAP_Kelsey_20260504,UEOt0CeUKtYLfLaH,50.08,1548,300,,,,,,,,,
2026-05-20,ANDROID,dhgate_product321_US_Purchase 30D_purchase_IAP_Kelsey_20260502,REqYVaM8BdMh2U81,150.89,4847,791,,,,,,,,,
2026-05-20,IOS,dhgate_product355_US_Purchase 30D_purchase_IAP_Kelsey_20260520,nhzOokHyfXGAkuWU,9.88,335,171,,,,,,,,,
2026-05-20,ANDROID,dhgate_product352_US_Purchase 30D_purchase_IAP_Kelsey_20260519,y5Yzlzsvt7LZ74Z7,50.25,1319,350,,,,,,,,,
2026-05-20,IOS,dhgate_product352_US_Purchase 30D_purchase_IAP_Kelsey_20260519,iAzaihqvKexmreSd,49.33,1057,526,,,,,,,,,
2026-05-20,IOS,dhgate_product351_US_Purchase 30D_purchase_IAP_Kelsey_20260518,sWzbHZZhr57PrHl3,43.84,951,392,,,,,,,,,
2026-05-20,ANDROID,dhgate_product350_US_Purchase 30D_purchase_IAP_Kelsey_20260517,DuYJIpPYmlWOLdfy,50.34,5284,270,,,,,,,,,
2026-05-20,IOS,dhgate_product350_US_Purchase 30D_purchase_IAP_Kelsey_20260517,eZwoS7yMwcYqxbzm,50.85,928,482,,,,,,,,,
2026-05-20,ANDROID,dhgate_product351_US_Purchase 30D_purchase_IAP_Kelsey_20260518,QTLyTb1PbE3fo5hj,51.1,2281,273,,,,,,,,,
2026-05-20,IOS,dhgate_product338_T1_ACT&Nopay 30D_purchase_IAP_Kelsey_20260515,aiZBaGOKYFBuq0Ps,41.86,2770,1308,,,,,,,,,
2026-05-20,ANDROID,dhgate_product338_T1_ACT&Nopay 30D_purchase_IAP_Kelsey_20260515,RL8fejA9DCWgohwi,39.82,5034,2098,,,,,,,,,
2026-05-20,ANDROID,dhgate_product337_T1_ACT&Nopay 30D_purchase_IAP_Kelsey_20260513,Hi3okRpzvLX7H2oQ,40.31,4424,1782,,,,,,,,,
2026-05-20,IOS,dhgate_product337_T1_ACT&Nopay 30D_purchase_IAP_Kelsey_20260513,pMbmqjxpXWy9uySH,41.32,7603,894,,,,,,,,,
2026-05-20,IOS,dhgate_product336_T1_Purchase 30D_purchase_IAP_Kelsey_20260512,IbA1O59ht1JcwImf,50.05,4432,568,,,,,,,,,
2026-05-20,ANDROID,dhgate_product332_T1_Purchase 30D_purchase_IAP_Kelsey_20260511,xRPnz3ozCwa6ycwg,46.92,4030,894,,,,,,,,,
2026-05-20,IOS,dhgate_product326_US_ACT&Nopay 30D_purchase_IAP_Kelsey_20260506,zMf9PKJzCf4uVI7T,37.01,1266,691,,,,,,,,,
2026-05-20,IOS,dhgate_product340_US_Purchase 30D_purchase_IAP_Kelsey_20260516,yznk4uz7IRlNu5TH,50.1,1021,506,,,,,,,,,
2026-05-21,ANDROID,dhgate_product301_US_ACT&Nopay 30D_purchase_IAP_Kelsey_20260422,uNF1ALuKQFoHzngn,68.05,2370,1223,,,,,,,,,
2026-05-21,IOS,dhgate_product318_T1_Purchase 30D_purchase_IAP_Kelsey_20260428,mayu0PGeMJEYQhWJ,98.24,7525,730,,,,,,,,,
2026-05-21,IOS,dhgate_product317_UK_ACT&Nopay 30D_purchase_IAP_Kelsey_20260427,H9HAtL9q0yyc4Gdy,93.3,4963,893,,,,,,,,,
2026-05-21,ANDROID,dhgate_product317_UK_ACT&Nopay 30D_purchase_IAP_Kelsey_20260427,tDzMEZEldS4Kei0r,137.69,5461,2231,,,,,,,,,
2026-05-21,ANDROID,dhgate_product315_UK_ACT&Nopay 30D_purchase_IAP_Kelsey_20260425,bedUOEtGfoRFbmze,48.81,6400,943,,,,,,,,,
2026-05-21,IOS,dhgate_product314_UK_Purchase 30D_purchase_IAP_Kelsey_20260424,NmHyz3ZrSwNTmf0j,47.36,1806,337,,,,,,,,,
2026-05-21,IOS,dhgate_product301_US_ACT&Nopay 30D_purchase_IAP_Kelsey_20260422,OG6WHvKPBaUM1wDo,46.85,11011,426,,,,,,,,,
2026-05-21,ANDROID,dhgate_dpa-and_US_ACT&Nopay 30D_purchase_IAP_Kelsey_20260511,M0ZXR7rklCeN7J9o,100.71,26099,1669,,,,,,,,,
2026-05-21,ANDROID,dhgate_product148_T1_Purchase 30D_purchase_IAP_Kelsey_20260415,dVlitdxzfmXStKCR,97.21,9996,1009,,,,,,,,,
2026-05-21,IOS,dhgate_product148_T1_Purchase 30D_purchase_IAP_Kelsey_20260415,ylPYtz4zcz9zxv3w,50.57,5439,370,,,,,,,,,
2026-05-21,IOS,dhgate_product138_FR_ACT&Nopay 30D_purchase_IAP_Kelsey_20260403,zNcB24si9mbzBPed,100.59,13189,1408,,,,,,,,,
2026-05-21,IOS,dhgate_product137_US_Purchase 30D_purchase_IAP_Kelsey_20260402,Eo7scqEETcYxo6WH,50.53,4501,200,,,,,,,,,
2026-05-21,IOS,dhgate_product121_US_Purchase 30D_purchase_IAP_Kelsey_20260222,HGuWXrsF7XcJ6CCt,100.34,10254,388,,,,,,,,,
2026-05-21,IOS,dhgate_dpa-ios_US_ACT&Nopay 30D_purchase_IAP_Kelsey_20260515,y55faIMh7doL5RvO,100.11,151468,509,,,,,,,,,
2026-05-21,IOS,dhgate_product300_T1_Purchase 30D_purchase_IAP_Kelsey_20260421,wGMfDvBHm0s02IeZ,100.21,7743,676,,,,,,,,,
2026-05-21,IOS,dhgate_product321_US_Purchase 30D_purchase_IAP_Kelsey_20260502,ihMCrglFMezOy59I,100.3,9930,390,,,,,,,,,
2026-05-21,IOS,dhgate_product319_US_Purchase 30D_purchase_IAP_Kelsey_20260429,SGOG7us7fBY7c5lH,100.06,6632,812,,,,,,,,,
2026-05-21,ANDROID,dhgate_product321_US_Purchase 30D_purchase_IAP_Kelsey_20260502,REqYVaM8BdMh2U81,151.47,3894,893,,,,,,,,,
2026-05-21,ANDROID,dhgate_product357_US_ACT&Nopay 30D_purchase_IAP_Kelsey_20260521,U5E0h6zuui3q5GK7,6.48,303,152,,,,,,,,,
2026-05-21,IOS,dhgate_product357_UK_ACT&Nopay 30D_purchase_IAP_Kelsey_20260521,secYrwGRxGvE22kr,11.15,433,227,,,,,,,,,
2026-05-21,IOS,dhgate_product355_US_Purchase 30D_purchase_IAP_Kelsey_20260520,nhzOokHyfXGAkuWU,34.38,1150,440,,,,,,,,,
2026-05-21,ANDROID,dhgate_product352_US_Purchase 30D_purchase_IAP_Kelsey_20260519,y5Yzlzsvt7LZ74Z7,51.07,1644,333,,,,,,,,,
2026-05-21,IOS,dhgate_product352_US_Purchase 30D_purchase_IAP_Kelsey_20260519,iAzaihqvKexmreSd,50.19,1019,477,,,,,,,,,
2026-05-21,IOS,dhgate_product351_US_Purchase 30D_purchase_IAP_Kelsey_20260518,sWzbHZZhr57PrHl3,50.54,983,390,,,,,,,,,
2026-05-21,ANDROID,dhgate_product351_US_Purchase 30D_purchase_IAP_Kelsey_20260518,QTLyTb1PbE3fo5hj,50.05,2044,285,,,,,,,,,
2026-05-21,ANDROID,dhgate_product350_US_Purchase 30D_purchase_IAP_Kelsey_20260517,DuYJIpPYmlWOLdfy,50.48,5184,255,,,,,,,,,
2026-05-21,ANDROID,dhgate_product322_US_Purchase 30D_purchase_IAP_Kelsey_20260504,UEOt0CeUKtYLfLaH,50.48,1921,332,,,,,,,,,
2026-05-21,IOS,dhgate_product340_US_Purchase 30D_purchase_IAP_Kelsey_20260516,yznk4uz7IRlNu5TH,50.19,1022,522,,,,,,,,,
2026-05-21,IOS,dhgate_product338_T1_ACT&Nopay 30D_purchase_IAP_Kelsey_20260515,aiZBaGOKYFBuq0Ps,39.2,2554,1224,,,,,,,,,
2026-05-21,ANDROID,dhgate_product338_T1_ACT&Nopay 30D_purchase_IAP_Kelsey_20260515,RL8fejA9DCWgohwi,45.33,6047,2594,,,,,,,,,
2026-05-21,ANDROID,dhgate_product337_T1_ACT&Nopay 30D_purchase_IAP_Kelsey_20260513,Hi3okRpzvLX7H2oQ,43.7,4765,1932,,,,,,,,,
2026-05-21,IOS,dhgate_product337_T1_ACT&Nopay 30D_purchase_IAP_Kelsey_20260513,pMbmqjxpXWy9uySH,45.55,10808,627,,,,,,,,,
2026-05-21,IOS,dhgate_product336_T1_Purchase 30D_purchase_IAP_Kelsey_20260512,IbA1O59ht1JcwImf,50.09,5781,407,,,,,,,,,
2026-05-21,ANDROID,dhgate_product332_T1_Purchase 30D_purchase_IAP_Kelsey_20260511,xRPnz3ozCwa6ycwg,50.24,4831,899,,,,,,,,,
2026-05-21,IOS,dhgate_product326_US_ACT&Nopay 30D_purchase_IAP_Kelsey_20260506,zMf9PKJzCf4uVI7T,38.37,1281,726,,,,,,,,,
2026-05-21,IOS,dhgate_product350_US_Purchase 30D_purchase_IAP_Kelsey_20260517,eZwoS7yMwcYqxbzm,50.28,924,456,,,,,,,,,
2026-05-22,IOS,dhgate_product314_UK_Purchase 30D_purchase_IAP_Kelsey_20260424,NmHyz3ZrSwNTmf0j,50.51,2479,324,,,,,,,,,
2026-05-22,ANDROID,dhgate_product315_UK_ACT&Nopay 30D_purchase_IAP_Kelsey_20260425,bedUOEtGfoRFbmze,67.17,7821,1171,,,,,,,,,
2026-05-22,IOS,dhgate_product319_US_Purchase 30D_purchase_IAP_Kelsey_20260429,SGOG7us7fBY7c5lH,100.54,7430,682,,,,,,,,,
2026-05-22,IOS,dhgate_product317_UK_ACT&Nopay 30D_purchase_IAP_Kelsey_20260427,H9HAtL9q0yyc4Gdy,100.08,4794,776,,,,,,,,,
2026-05-22,IOS,dhgate_product318_T1_Purchase 30D_purchase_IAP_Kelsey_20260428,mayu0PGeMJEYQhWJ,100.25,8203,639,,,,,,,,,
2026-05-22,ANDROID,dhgate_product301_US_ACT&Nopay 30D_purchase_IAP_Kelsey_20260422,uNF1ALuKQFoHzngn,70.08,2412,1261,,,,,,,,,
2026-05-22,ANDROID,dhgate_product317_UK_ACT&Nopay 30D_purchase_IAP_Kelsey_20260427,tDzMEZEldS4Kei0r,100.78,4537,1753,,,,,,,,,
2026-05-22,IOS,dhgate_product301_US_ACT&Nopay 30D_purchase_IAP_Kelsey_20260422,OG6WHvKPBaUM1wDo,49.56,11017,377,,,,,,,,,
2026-05-22,IOS,dhgate_product138_FR_ACT&Nopay 30D_purchase_IAP_Kelsey_20260403,zNcB24si9mbzBPed,99.46,13280,1227,,,,,,,,,
2026-05-22,IOS,dhgate_product148_T1_Purchase 30D_purchase_IAP_Kelsey_20260415,ylPYtz4zcz9zxv3w,50.34,6397,350,,,,,,,,,
2026-05-22,ANDROID,dhgate_product148_T1_Purchase 30D_purchase_IAP_Kelsey_20260415,dVlitdxzfmXStKCR,100.27,9498,1053,,,,,,,,,
2026-05-22,IOS,dhgate_product137_US_Purchase 30D_purchase_IAP_Kelsey_20260402,Eo7scqEETcYxo6WH,50.08,4380,197,,,,,,,,,
2026-05-22,IOS,dhgate_product121_US_Purchase 30D_purchase_IAP_Kelsey_20260222,HGuWXrsF7XcJ6CCt,100.31,8295,426,,,,,,,,,
2026-05-22,IOS,dhgate_dpa-ios_US_ACT&Nopay 30D_purchase_IAP_Kelsey_20260515,y55faIMh7doL5RvO,96.59,125720,367,,,,,,,,,
2026-05-22,ANDROID,dhgate_dpa-and_US_ACT&Nopay 30D_purchase_IAP_Kelsey_20260511,M0ZXR7rklCeN7J9o,100.49,30195,1614,,,,,,,,,
2026-05-22,IOS,dhgate_product321_US_Purchase 30D_purchase_IAP_Kelsey_20260502,ihMCrglFMezOy59I,62.23,6042,236,,,,,,,,,
2026-05-22,IOS,dhgate_product300_T1_Purchase 30D_purchase_IAP_Kelsey_20260421,wGMfDvBHm0s02IeZ,60.5,5413,401,,,,,,,,,
2026-05-22,ANDROID,dhgate_product321_US_Purchase 30D_purchase_IAP_Kelsey_20260502,REqYVaM8BdMh2U81,84.04,1992,538,,,,,,,,,
2026-05-22,IOS,dhgate_product326_US_ACT&Nopay 30D_purchase_IAP_Kelsey_20260506,zMf9PKJzCf4uVI7T,36.1,1194,712,,,,,,,,,
2026-05-22,ANDROID,dhgate_product358_UK_ACT&Nopay 30D_purchase_IAP_Kelsey_20260522,qYt7YnArChshI6vq,14.79,1013,422,,,,,,,,,
2026-05-22,IOS,dhgate_product358_UK_ACT&Nopay 30D_purchase_IAP_Kelsey_20260522,MugSMB2LkDnpbNx2,22.39,672,364,,,,,,,,,
2026-05-22,ANDROID,dhgate_product322_US_Purchase 30D_purchase_IAP_Kelsey_20260504,UEOt0CeUKtYLfLaH,50.0,1947,355,,,,,,,,,
2026-05-22,ANDROID,dhgate_product357_US_ACT&Nopay 30D_purchase_IAP_Kelsey_20260521,U5E0h6zuui3q5GK7,35.92,1320,633,,,,,,,,,
2026-05-22,IOS,dhgate_product357_UK_ACT&Nopay 30D_purchase_IAP_Kelsey_20260521,secYrwGRxGvE22kr,50.28,1503,748,,,,,,,,,
2026-05-22,IOS,dhgate_product355_US_Purchase 30D_purchase_IAP_Kelsey_20260520,nhzOokHyfXGAkuWU,31.41,1174,404,,,,,,,,,
2026-05-22,ANDROID,dhgate_product352_US_Purchase 30D_purchase_IAP_Kelsey_20260519,y5Yzlzsvt7LZ74Z7,39.4,962,241,,,,,,,,,
2026-05-22,IOS,dhgate_product351_US_Purchase 30D_purchase_IAP_Kelsey_20260518,sWzbHZZhr57PrHl3,49.34,855,357,,,,,,,,,
2026-05-22,ANDROID,dhgate_product351_US_Purchase 30D_purchase_IAP_Kelsey_20260518,QTLyTb1PbE3fo5hj,50.46,1541,298,,,,,,,,,
2026-05-22,IOS,dhgate_product352_US_Purchase 30D_purchase_IAP_Kelsey_20260519,iAzaihqvKexmreSd,41.79,779,332,,,,,,,,,
2026-05-22,IOS,dhgate_product350_US_Purchase 30D_purchase_IAP_Kelsey_20260517,eZwoS7yMwcYqxbzm,50.62,941,489,,,,,,,,,
2026-05-22,IOS,dhgate_product340_US_Purchase 30D_purchase_IAP_Kelsey_20260516,yznk4uz7IRlNu5TH,50.24,1041,516,,,,,,,,,
2026-05-22,ANDROID,dhgate_product338_T1_ACT&Nopay 30D_purchase_IAP_Kelsey_20260515,RL8fejA9DCWgohwi,41.52,5665,2225,,,,,,,,,
2026-05-22,IOS,dhgate_product338_T1_ACT&Nopay 30D_purchase_IAP_Kelsey_20260515,aiZBaGOKYFBuq0Ps,34.59,2271,1159,,,,,,,,,
2026-05-22,IOS,dhgate_product337_T1_ACT&Nopay 30D_purchase_IAP_Kelsey_20260513,pMbmqjxpXWy9uySH,69.41,15168,836,,,,,,,,,
2026-05-22,ANDROID,dhgate_product337_T1_ACT&Nopay 30D_purchase_IAP_Kelsey_20260513,Hi3okRpzvLX7H2oQ,35.74,3714,1584,,,,,,,,,
2026-05-22,IOS,dhgate_product336_T1_Purchase 30D_purchase_IAP_Kelsey_20260512,IbA1O59ht1JcwImf,50.09,5698,352,,,,,,,,,
2026-05-22,ANDROID,dhgate_product332_T1_Purchase 30D_purchase_IAP_Kelsey_20260511,xRPnz3ozCwa6ycwg,67.66,8982,821,,,,,,,,,
2026-05-22,ANDROID,dhgate_product350_US_Purchase 30D_purchase_IAP_Kelsey_20260517,DuYJIpPYmlWOLdfy,38.57,2338,225,,,,,,,,,
2026-05-23,ANDROID,dhgate_product301_US_ACT&Nopay 30D_purchase_IAP_Kelsey_20260422,uNF1ALuKQFoHzngn,75.29,2502,1284,,,,,,,,,
2026-05-23,IOS,dhgate_product318_T1_Purchase 30D_purchase_IAP_Kelsey_20260428,mayu0PGeMJEYQhWJ,100.91,6197,654,,,,,,,,,
2026-05-23,IOS,dhgate_product317_UK_ACT&Nopay 30D_purchase_IAP_Kelsey_20260427,H9HAtL9q0yyc4Gdy,96.69,4487,854,,,,,,,,,
2026-05-23,ANDROID,dhgate_product317_UK_ACT&Nopay 30D_purchase_IAP_Kelsey_20260427,tDzMEZEldS4Kei0r,100.24,4046,1677,,,,,,,,,
2026-05-23,ANDROID,dhgate_product315_UK_ACT&Nopay 30D_purchase_IAP_Kelsey_20260425,bedUOEtGfoRFbmze,100.94,10238,1581,,,,,,,,,
2026-05-23,IOS,dhgate_product314_UK_Purchase 30D_purchase_IAP_Kelsey_20260424,NmHyz3ZrSwNTmf0j,45.49,1610,292,,,,,,,,,
2026-05-23,IOS,dhgate_product301_US_ACT&Nopay 30D_purchase_IAP_Kelsey_20260422,OG6WHvKPBaUM1wDo,50.1,7310,459,,,,,,,,,
2026-05-23,IOS,dhgate_product319_US_Purchase 30D_purchase_IAP_Kelsey_20260429,SGOG7us7fBY7c5lH,100.23,5915,746,,,,,,,,,
2026-05-23,IOS,dhgate_product148_T1_Purchase 30D_purchase_IAP_Kelsey_20260415,ylPYtz4zcz9zxv3w,50.13,5830,370,,,,,,,,,
2026-05-23,ANDROID,dhgate_product148_T1_Purchase 30D_purchase_IAP_Kelsey_20260415,dVlitdxzfmXStKCR,97.55,8999,955,,,,,,,,,
2026-05-23,IOS,dhgate_product138_FR_ACT&Nopay 30D_purchase_IAP_Kelsey_20260403,zNcB24si9mbzBPed,100.49,14046,1172,,,,,,,,,
2026-05-23,IOS,dhgate_product137_US_Purchase 30D_purchase_IAP_Kelsey_20260402,Eo7scqEETcYxo6WH,50.1,2929,203,,,,,,,,,
2026-05-23,IOS,dhgate_product121_US_Purchase 30D_purchase_IAP_Kelsey_20260222,HGuWXrsF7XcJ6CCt,100.31,5217,419,,,,,,,,,
2026-05-23,IOS,dhgate_dpa-ios_US_ACT&Nopay 30D_purchase_IAP_Kelsey_20260515,y55faIMh7doL5RvO,99.97,142547,402,,,,,,,,,
2026-05-23,ANDROID,dhgate_dpa-and_US_ACT&Nopay 30D_purchase_IAP_Kelsey_20260511,M0ZXR7rklCeN7J9o,100.41,35196,1607,,,,,,,,,
2026-05-23,IOS,dhgate_product300_T1_Purchase 30D_purchase_IAP_Kelsey_20260421,wGMfDvBHm0s02IeZ,50.61,5126,323,,,,,,,,,
2026-05-23,IOS,dhgate_product321_US_Purchase 30D_purchase_IAP_Kelsey_20260502,ihMCrglFMezOy59I,50.13,3723,193,,,,,,,,,
2026-05-23,ANDROID,dhgate_product322_US_Purchase 30D_purchase_IAP_Kelsey_20260504,UEOt0CeUKtYLfLaH,50.41,2629,323,,,,,,,,,
2026-05-23,IOS,dhgate_product359_US_ACT&Nopay 30D_purchase_IAP_Kelsey_20260523,cOsim8duwN3gp5wF,2.15,98,47,,,,,,,,,
2026-05-23,ANDROID,dhgate_product359_UK_ACT&Nopay 30D_purchase_IAP_Kelsey_20260523,RWeVcrW8HneV8sUj,0.03,6,2,,,,,,,,,
2026-05-23,IOS,dhgate_product358_UK_ACT&Nopay 30D_purchase_IAP_Kelsey_20260522,MugSMB2LkDnpbNx2,42.79,1453,746,,,,,,,,,
2026-05-23,ANDROID,dhgate_product358_UK_ACT&Nopay 30D_purchase_IAP_Kelsey_20260522,qYt7YnArChshI6vq,41.9,2217,871,,,,,,,,,
2026-05-23,ANDROID,dhgate_product357_US_ACT&Nopay 30D_purchase_IAP_Kelsey_20260521,U5E0h6zuui3q5GK7,49.24,1499,742,,,,,,,,,
2026-05-23,IOS,dhgate_product357_UK_ACT&Nopay 30D_purchase_IAP_Kelsey_20260521,secYrwGRxGvE22kr,45.32,1201,634,,,,,,,,,
2026-05-23,IOS,dhgate_product355_US_Purchase 30D_purchase_IAP_Kelsey_20260520,nhzOokHyfXGAkuWU,36.92,1088,431,,,,,,,,,
2026-05-23,ANDROID,dhgate_product351_US_Purchase 30D_purchase_IAP_Kelsey_20260518,QTLyTb1PbE3fo5hj,50.76,1153,337,,,,,,,,,
2026-05-23,IOS,dhgate_product350_US_Purchase 30D_purchase_IAP_Kelsey_20260517,eZwoS7yMwcYqxbzm,50.51,948,487,,,,,,,,,
2026-05-23,ANDROID,dhgate_product321_US_Purchase 30D_purchase_IAP_Kelsey_20260502,REqYVaM8BdMh2U81,50.46,1301,419,,,,,,,,,
2026-05-23,ANDROID,dhgate_product338_T1_ACT&Nopay 30D_purchase_IAP_Kelsey_20260515,RL8fejA9DCWgohwi,43.06,5351,2149,,,,,,,,,
2026-05-23,IOS,dhgate_product338_T1_ACT&Nopay 30D_purchase_IAP_Kelsey_20260515,aiZBaGOKYFBuq0Ps,35.22,2225,1135,,,,,,,,,
2026-05-23,IOS,dhgate_product337_T1_ACT&Nopay 30D_purchase_IAP_Kelsey_20260513,pMbmqjxpXWy9uySH,100.27,14574,1463,,,,,,,,,
2026-05-23,ANDROID,dhgate_product337_T1_ACT&Nopay 30D_purchase_IAP_Kelsey_20260513,Hi3okRpzvLX7H2oQ,45.03,3796,1570,,,,,,,,,
2026-05-23,IOS,dhgate_product336_T1_Purchase 30D_purchase_IAP_Kelsey_20260512,IbA1O59ht1JcwImf,50.6,3844,363,,,,,,,,,
2026-05-23,ANDROID,dhgate_product332_T1_Purchase 30D_purchase_IAP_Kelsey_20260511,xRPnz3ozCwa6ycwg,100.44,10208,1070,,,,,,,,,
2026-05-23,IOS,dhgate_product326_US_ACT&Nopay 30D_purchase_IAP_Kelsey_20260506,zMf9PKJzCf4uVI7T,41.56,1204,716,,,,,,,,,
2026-05-23,IOS,dhgate_product340_US_Purchase 30D_purchase_IAP_Kelsey_20260516,yznk4uz7IRlNu5TH,50.81,1001,508,,,,,,,,,
2026-05-24,IOS,dhgate_product319_US_Purchase 30D_purchase_IAP_Kelsey_20260429,SGOG7us7fBY7c5lH,100.96,6093,728,,,,,,,,,
2026-05-24,IOS,dhgate_product318_T1_Purchase 30D_purchase_IAP_Kelsey_20260428,mayu0PGeMJEYQhWJ,100.36,6559,672,,,,,,,,,
2026-05-24,IOS,dhgate_product317_UK_ACT&Nopay 30D_purchase_IAP_Kelsey_20260427,H9HAtL9q0yyc4Gdy,100.37,4089,838,,,,,,,,,
2026-05-24,ANDROID,dhgate_product317_UK_ACT&Nopay 30D_purchase_IAP_Kelsey_20260427,tDzMEZEldS4Kei0r,92.61,3533,1309,,,,,,,,,
2026-05-24,ANDROID,dhgate_product315_UK_ACT&Nopay 30D_purchase_IAP_Kelsey_20260425,bedUOEtGfoRFbmze,101.09,9816,1543,,,,,,,,,
2026-05-24,IOS,dhgate_product314_UK_Purchase 30D_purchase_IAP_Kelsey_20260424,NmHyz3ZrSwNTmf0j,50.52,2024,327,,,,,,,,,
2026-05-24,ANDROID,dhgate_product301_US_ACT&Nopay 30D_purchase_IAP_Kelsey_20260422,uNF1ALuKQFoHzngn,59.0,2055,1067,,,,,,,,,
2026-05-24,IOS,dhgate_product301_US_ACT&Nopay 30D_purchase_IAP_Kelsey_20260422,OG6WHvKPBaUM1wDo,45.92,5275,446,,,,,,,,,
2026-05-24,IOS,dhgate_product138_FR_ACT&Nopay 30D_purchase_IAP_Kelsey_20260403,zNcB24si9mbzBPed,100.27,14017,1351,,,,,,,,,
2026-05-24,IOS,dhgate_product148_T1_Purchase 30D_purchase_IAP_Kelsey_20260415,ylPYtz4zcz9zxv3w,51.1,6762,380,,,,,,,,,
2026-05-24,ANDROID,dhgate_product148_T1_Purchase 30D_purchase_IAP_Kelsey_20260415,dVlitdxzfmXStKCR,100.38,10738,941,,,,,,,,,
2026-05-24,IOS,dhgate_product137_US_Purchase 30D_purchase_IAP_Kelsey_20260402,Eo7scqEETcYxo6WH,50.04,2341,201,,,,,,,,,
2026-05-24,IOS,dhgate_product121_US_Purchase 30D_purchase_IAP_Kelsey_20260222,HGuWXrsF7XcJ6CCt,100.25,4088,490,,,,,,,,,
2026-05-24,IOS,dhgate_dpa-ios_US_ACT&Nopay 30D_purchase_IAP_Kelsey_20260515,y55faIMh7doL5RvO,100.1,157114,517,,,,,,,,,
2026-05-24,ANDROID,dhgate_dpa-and_US_ACT&Nopay 30D_purchase_IAP_Kelsey_20260511,M0ZXR7rklCeN7J9o,100.71,64368,1908,,,,,,,,,
2026-05-24,IOS,dhgate_product321_US_Purchase 30D_purchase_IAP_Kelsey_20260502,ihMCrglFMezOy59I,50.25,3085,233,,,,,,,,,
2026-05-24,IOS,dhgate_product300_T1_Purchase 30D_purchase_IAP_Kelsey_20260421,wGMfDvBHm0s02IeZ,50.31,5371,329,,,,,,,,,
2026-05-24,ANDROID,dhgate_product321_US_Purchase 30D_purchase_IAP_Kelsey_20260502,REqYVaM8BdMh2U81,50.3,1447,399,,,,,,,,,
2026-05-24,ANDROID,dhgate_product337_T1_ACT&Nopay 30D_purchase_IAP_Kelsey_20260513,Hi3okRpzvLX7H2oQ,43.83,4160,1740,,,,,,,,,
2026-05-24,IOS,dhgate_product326_US_ACT&Nopay 30D_purchase_IAP_Kelsey_20260506,zMf9PKJzCf4uVI7T,50.55,1242,746,,,,,,,,,
2026-05-24,IOS,dhgate_product359_US_ACT&Nopay 30D_purchase_IAP_Kelsey_20260523,cOsim8duwN3gp5wF,44.68,1666,868,,,,,,,,,
2026-05-24,ANDROID,dhgate_product359_UK_ACT&Nopay 30D_purchase_IAP_Kelsey_20260523,RWeVcrW8HneV8sUj,27.67,2113,889,,,,,,,,,
2026-05-24,IOS,dhgate_product358_UK_ACT&Nopay 30D_purchase_IAP_Kelsey_20260522,MugSMB2LkDnpbNx2,46.18,1491,711,,,,,,,,,
2026-05-24,ANDROID,dhgate_product358_UK_ACT&Nopay 30D_purchase_IAP_Kelsey_20260522,qYt7YnArChshI6vq,39.46,2129,814,,,,,,,,,
2026-05-24,ANDROID,dhgate_product357_US_ACT&Nopay 30D_purchase_IAP_Kelsey_20260521,U5E0h6zuui3q5GK7,37.35,1253,647,,,,,,,,,
2026-05-24,ANDROID,dhgate_product322_US_Purchase 30D_purchase_IAP_Kelsey_20260504,UEOt0CeUKtYLfLaH,50.57,2561,268,,,,,,,,,
2026-05-24,IOS,dhgate_product355_US_Purchase 30D_purchase_IAP_Kelsey_20260520,nhzOokHyfXGAkuWU,36.17,1010,396,,,,,,,,,
2026-05-24,ANDROID,dhgate_product351_US_Purchase 30D_purchase_IAP_Kelsey_20260518,QTLyTb1PbE3fo5hj,47.9,1162,346,,,,,,,,,
2026-05-24,IOS,dhgate_product357_UK_ACT&Nopay 30D_purchase_IAP_Kelsey_20260521,secYrwGRxGvE22kr,50.08,1308,644,,,,,,,,,
2026-05-24,IOS,dhgate_product340_US_Purchase 30D_purchase_IAP_Kelsey_20260516,yznk4uz7IRlNu5TH,50.69,1037,500,,,,,,,,,
2026-05-24,ANDROID,dhgate_product338_T1_ACT&Nopay 30D_purchase_IAP_Kelsey_20260515,RL8fejA9DCWgohwi,46.87,5267,2083,,,,,,,,,
2026-05-24,IOS,dhgate_product338_T1_ACT&Nopay 30D_purchase_IAP_Kelsey_20260515,aiZBaGOKYFBuq0Ps,37.5,2376,1195,,,,,,,,,
2026-05-24,IOS,dhgate_product337_T1_ACT&Nopay 30D_purchase_IAP_Kelsey_20260513,pMbmqjxpXWy9uySH,100.33,12232,1522,,,,,,,,,
2026-05-24,IOS,dhgate_product336_T1_Purchase 30D_purchase_IAP_Kelsey_20260512,IbA1O59ht1JcwImf,50.73,3579,420,,,,,,,,,
2026-05-24,ANDROID,dhgate_product332_T1_Purchase 30D_purchase_IAP_Kelsey_20260511,xRPnz3ozCwa6ycwg,100.43,11641,1159,,,,,,,,,
2026-05-24,IOS,dhgate_product350_US_Purchase 30D_purchase_IAP_Kelsey_20260517,eZwoS7yMwcYqxbzm,51.09,933,444,,,,,,,,,
2026-05-25,IOS,dhgate_product314_UK_Purchase 30D_purchase_IAP_Kelsey_20260424,NmHyz3ZrSwNTmf0j,50.14,2358,393,,,,,,,,,
2026-05-25,IOS,dhgate_product321_US_Purchase 30D_purchase_IAP_Kelsey_20260502,ihMCrglFMezOy59I,50.38,4240,233,,,,,,,,,
2026-05-25,IOS,dhgate_product319_US_Purchase 30D_purchase_IAP_Kelsey_20260429,SGOG7us7fBY7c5lH,86.16,7921,631,,,,,,,,,
2026-05-25,IOS,dhgate_product318_T1_Purchase 30D_purchase_IAP_Kelsey_20260428,mayu0PGeMJEYQhWJ,100.68,9130,744,,,,,,,,,
2026-05-25,ANDROID,dhgate_product317_UK_ACT&Nopay 30D_purchase_IAP_Kelsey_20260427,tDzMEZEldS4Kei0r,94.49,3398,1327,,,,,,,,,
2026-05-25,ANDROID,dhgate_product315_UK_ACT&Nopay 30D_purchase_IAP_Kelsey_20260425,bedUOEtGfoRFbmze,100.76,10247,1627,,,,,,,,,
2026-05-25,ANDROID,dhgate_product301_US_ACT&Nopay 30D_purchase_IAP_Kelsey_20260422,uNF1ALuKQFoHzngn,78.19,2716,1345,,,,,,,,,
2026-05-25,ANDROID,dhgate_product321_US_Purchase 30D_purchase_IAP_Kelsey_20260502,REqYVaM8BdMh2U81,51.82,2399,385,,,,,,,,,
2026-05-25,IOS,dhgate_product300_T1_Purchase 30D_purchase_IAP_Kelsey_20260421,wGMfDvBHm0s02IeZ,50.43,7383,352,,,,,,,,,
2026-05-25,IOS,dhgate_product148_T1_Purchase 30D_purchase_IAP_Kelsey_20260415,ylPYtz4zcz9zxv3w,50.36,8011,352,,,,,,,,,
2026-05-25,ANDROID,dhgate_product148_T1_Purchase 30D_purchase_IAP_Kelsey_20260415,dVlitdxzfmXStKCR,99.97,11335,1028,,,,,,,,,
2026-05-25,IOS,dhgate_product138_FR_ACT&Nopay 30D_purchase_IAP_Kelsey_20260403,zNcB24si9mbzBPed,78.19,12047,1128,,,,,,,,,
2026-05-25,IOS,dhgate_product137_US_Purchase 30D_purchase_IAP_Kelsey_20260402,Eo7scqEETcYxo6WH,50.0,3103,222,,,,,,,,,
2026-05-25,IOS,dhgate_product121_US_Purchase 30D_purchase_IAP_Kelsey_20260222,HGuWXrsF7XcJ6CCt,100.27,6019,499,,,,,,,,,
2026-05-25,IOS,dhgate_dpa-ios_US_ACT&Nopay 30D_purchase_IAP_Kelsey_20260515,y55faIMh7doL5RvO,100.12,175861,456,,,,,,,,,
2026-05-25,ANDROID,dhgate_dpa-and_US_ACT&Nopay 30D_purchase_IAP_Kelsey_20260511,M0ZXR7rklCeN7J9o,100.46,68334,1525,,,,,,,,,
2026-05-25,IOS,dhgate_product301_US_ACT&Nopay 30D_purchase_IAP_Kelsey_20260422,OG6WHvKPBaUM1wDo,48.81,7223,490,,,,,,,,,
2026-05-25,ANDROID,dhgate_product322_US_Purchase 30D_purchase_IAP_Kelsey_20260504,UEOt0CeUKtYLfLaH,77.76,3347,403,,,,,,,,,
2026-05-25,IOS,dhgate_product317_UK_ACT&Nopay 30D_purchase_IAP_Kelsey_20260427,H9HAtL9q0yyc4Gdy,101.2,4381,863,,,,,,,,,
2026-05-25,ANDROID,dhgate_product332_T1_Purchase 30D_purchase_IAP_Kelsey_20260511,xRPnz3ozCwa6ycwg,100.24,13112,1298,,,,,,,,,
2026-05-25,ANDROID,dhgate_product360_US_ACT&Nopay 30D_purchase_IAP_Kelsey_20260525,m17T8pTyB6GzP1EB,4.13,271,139,,,,,,,,,
2026-05-25,IOS,dhgate_product360_US_ACT&Nopay 30D_purchase_IAP_Kelsey_20260525,Je1czjNPO2ezVlga,5.28,234,102,,,,,,,,,
2026-05-25,IOS,dhgate_product359_US_ACT&Nopay 30D_purchase_IAP_Kelsey_20260523,cOsim8duwN3gp5wF,39.87,1484,787,,,,,,,,,
2026-05-25,ANDROID,dhgate_product359_UK_ACT&Nopay 30D_purchase_IAP_Kelsey_20260523,RWeVcrW8HneV8sUj,42.19,2794,1055,,,,,,,,,
2026-05-25,IOS,dhgate_product358_UK_ACT&Nopay 30D_purchase_IAP_Kelsey_20260522,MugSMB2LkDnpbNx2,41.56,1232,592,,,,,,,,,
2026-05-25,ANDROID,dhgate_product358_UK_ACT&Nopay 30D_purchase_IAP_Kelsey_20260522,qYt7YnArChshI6vq,32.23,2042,746,,,,,,,,,
2026-05-25,ANDROID,dhgate_product357_US_ACT&Nopay 30D_purchase_IAP_Kelsey_20260521,U5E0h6zuui3q5GK7,26.47,1003,450,,,,,,,,,
2026-05-25,IOS,dhgate_product357_UK_ACT&Nopay 30D_purchase_IAP_Kelsey_20260521,secYrwGRxGvE22kr,50.27,1218,631,,,,,,,,,
2026-05-25,IOS,dhgate_product326_US_ACT&Nopay 30D_purchase_IAP_Kelsey_20260506,zMf9PKJzCf4uVI7T,50.09,1318,826,,,,,,,,,
2026-05-25,ANDROID,dhgate_product351_US_Purchase 30D_purchase_IAP_Kelsey_20260518,QTLyTb1PbE3fo5hj,41.48,1194,244,,,,,,,,,
2026-05-25,IOS,dhgate_product350_US_Purchase 30D_purchase_IAP_Kelsey_20260517,eZwoS7yMwcYqxbzm,50.68,963,476,,,,,,,,,
2026-05-25,IOS,dhgate_product340_US_Purchase 30D_purchase_IAP_Kelsey_20260516,yznk4uz7IRlNu5TH,49.81,1052,532,,,,,,,,,
2026-05-25,ANDROID,dhgate_product338_T1_ACT&Nopay 30D_purchase_IAP_Kelsey_20260515,RL8fejA9DCWgohwi,46.05,6174,2317,,,,,,,,,
2026-05-25,IOS,dhgate_product338_T1_ACT&Nopay 30D_purchase_IAP_Kelsey_20260515,aiZBaGOKYFBuq0Ps,39.08,2386,1210,,,,,,,,,
2026-05-25,IOS,dhgate_product337_T1_ACT&Nopay 30D_purchase_IAP_Kelsey_20260513,pMbmqjxpXWy9uySH,77.63,12448,1127,,,,,,,,,
2026-05-25,ANDROID,dhgate_product337_T1_ACT&Nopay 30D_purchase_IAP_Kelsey_20260513,Hi3okRpzvLX7H2oQ,36.25,3804,1536,,,,,,,,,
2026-05-25,IOS,dhgate_product336_T1_Purchase 30D_purchase_IAP_Kelsey_20260512,IbA1O59ht1JcwImf,50.15,4534,435,,,,,,,,,
2026-05-25,IOS,dhgate_product355_US_Purchase 30D_purchase_IAP_Kelsey_20260520,nhzOokHyfXGAkuWU,39.67,1224,475,,,,,,,,,
2026-05-26,IOS,dhgate_product317_CA_ACT&Nopay 30D_purchase_IAP_Kelsey_20260526,cvR7ymoBxgm2d26z,0.42,23,9,,,,,,,,,
2026-05-26,ANDROID,dhgate_product317_FR_ACT&Nopay 30D_purchase_IAP_Kelsey_20260526,zbor8ujPF081oChW,2.07,482,175,,,,,,,,,
2026-05-26,IOS,dhgate_product319_US_Purchase 30D_purchase_IAP_Kelsey_20260429,SGOG7us7fBY7c5lH,50.46,3547,492,,,,,,,,,
2026-05-26,IOS,dhgate_product317_UK_ACT&Nopay 30D_purchase_IAP_Kelsey_20260427,H9HAtL9q0yyc4Gdy,88.24,3772,859,,,,,,,,,
2026-05-26,IOS,dhgate_product318_T1_Purchase 30D_purchase_IAP_Kelsey_20260428,mayu0PGeMJEYQhWJ,94.08,7054,831,,,,,,,,,
2026-05-26,ANDROID,dhgate_product315_UK_ACT&Nopay 30D_purchase_IAP_Kelsey_20260425,bedUOEtGfoRFbmze,100.42,9529,1625,,,,,,,,,
2026-05-26,ANDROID,dhgate_product317_UK_ACT&Nopay 30D_purchase_IAP_Kelsey_20260427,tDzMEZEldS4Kei0r,86.43,3332,1364,,,,,,,,,
2026-05-26,IOS,dhgate_product314_UK_Purchase 30D_purchase_IAP_Kelsey_20260424,NmHyz3ZrSwNTmf0j,50.25,1983,380,,,,,,,,,
2026-05-26,ANDROID,dhgate_product148_T1_Purchase 30D_purchase_IAP_Kelsey_20260415,dVlitdxzfmXStKCR,100.31,9461,1143,,,,,,,,,
2026-05-26,IOS,dhgate_product301_US_ACT&Nopay 30D_purchase_IAP_Kelsey_20260422,OG6WHvKPBaUM1wDo,50.34,6731,526,,,,,,,,,
2026-05-26,IOS,dhgate_product300_T1_Purchase 30D_purchase_IAP_Kelsey_20260421,wGMfDvBHm0s02IeZ,50.16,5809,462,,,,,,,,,
2026-05-26,IOS,dhgate_product148_T1_Purchase 30D_purchase_IAP_Kelsey_20260415,ylPYtz4zcz9zxv3w,47.73,4749,473,,,,,,,,,
2026-05-26,IOS,dhgate_product138_FR_ACT&Nopay 30D_purchase_IAP_Kelsey_20260403,zNcB24si9mbzBPed,48.06,7281,729,,,,,,,,,
2026-05-26,IOS,dhgate_product137_US_Purchase 30D_purchase_IAP_Kelsey_20260402,Eo7scqEETcYxo6WH,50.09,2834,251,,,,,,,,,
2026-05-26,IOS,dhgate_product121_US_Purchase 30D_purchase_IAP_Kelsey_20260222,HGuWXrsF7XcJ6CCt,100.23,5252,511,,,,,,,,,
2026-05-26,IOS,dhgate_dpa-ios_US_ACT&Nopay 30D_purchase_IAP_Kelsey_20260515,y55faIMh7doL5RvO,100.06,173975,590,,,,,,,,,
2026-05-26,IOS,dhgate_product321_US_Purchase 30D_purchase_IAP_Kelsey_20260502,ihMCrglFMezOy59I,50.24,3710,223,,,,,,,,,
2026-05-26,ANDROID,dhgate_product301_US_ACT&Nopay 30D_purchase_IAP_Kelsey_20260422,uNF1ALuKQFoHzngn,64.06,2200,1112,,,,,,,,,
2026-05-26,ANDROID,dhgate_dpa-and_US_ACT&Nopay 30D_purchase_IAP_Kelsey_20260511,M0ZXR7rklCeN7J9o,101.37,43935,1623,,,,,,,,,
2026-05-26,ANDROID,dhgate_product321_US_Purchase 30D_purchase_IAP_Kelsey_20260502,REqYVaM8BdMh2U81,100.5,4415,625,,,,,,,,,
2026-05-26,IOS,dhgate_product326_US_ACT&Nopay 30D_purchase_IAP_Kelsey_20260506,zMf9PKJzCf4uVI7T,50.09,1453,818,,,,,,,,,
2026-05-26,ANDROID,dhgate_product322_US_Purchase 30D_purchase_IAP_Kelsey_20260504,UEOt0CeUKtYLfLaH,100.12,4225,565,,,,,,,,,
2026-05-26,IOS,dhgate_product362_US_ACT&Nopay 30D_purchase_IAP_Kelsey_20260526,UjhQ9arBCXmdrGgJ,9.64,357,162,,,,,,,,,
2026-05-26,ANDROID,dhgate_product362_US_ACT&Nopay 30D_purchase_IAP_Kelsey_20260526,AGzKnEIIhLRP9cQD,4.31,318,132,,,,,,,,,
2026-05-26,ANDROID,dhgate_product360_US_ACT&Nopay 30D_purchase_IAP_Kelsey_20260525,m17T8pTyB6GzP1EB,40.14,1816,811,,,,,,,,,
2026-05-26,IOS,dhgate_product360_US_ACT&Nopay 30D_purchase_IAP_Kelsey_20260525,Je1czjNPO2ezVlga,47.65,1713,800,,,,,,,,,
2026-05-26,ANDROID,dhgate_product359_UK_ACT&Nopay 30D_purchase_IAP_Kelsey_20260523,RWeVcrW8HneV8sUj,38.1,2285,892,,,,,,,,,
2026-05-26,IOS,dhgate_product357_UK_ACT&Nopay 30D_purchase_IAP_Kelsey_20260521,secYrwGRxGvE22kr,44.6,1234,642,,,,,,,,,
2026-05-26,IOS,dhgate_product355_US_Purchase 30D_purchase_IAP_Kelsey_20260520,nhzOokHyfXGAkuWU,25.87,886,340,,,,,,,,,
2026-05-26,IOS,dhgate_product359_US_ACT&Nopay 30D_purchase_IAP_Kelsey_20260523,cOsim8duwN3gp5wF,46.75,1686,858,,,,,,,,,
2026-05-26,IOS,dhgate_product350_US_Purchase 30D_purchase_IAP_Kelsey_20260517,eZwoS7yMwcYqxbzm,50.2,929,423,,,,,,,,,
2026-05-26,ANDROID,dhgate_product351_US_Purchase 30D_purchase_IAP_Kelsey_20260518,QTLyTb1PbE3fo5hj,50.54,1597,338,,,,,,,,,
2026-05-26,IOS,dhgate_product336_T1_Purchase 30D_purchase_IAP_Kelsey_20260512,IbA1O59ht1JcwImf,50.01,3368,458,,,,,,,,,
2026-05-26,IOS,dhgate_product337_T1_ACT&Nopay 30D_purchase_IAP_Kelsey_20260513,pMbmqjxpXWy9uySH,47.55,8104,734,,,,,,,,,
2026-05-26,ANDROID,dhgate_product337_T1_ACT&Nopay 30D_purchase_IAP_Kelsey_20260513,Hi3okRpzvLX7H2oQ,40.49,3429,1438,,,,,,,,,
2026-05-26,ANDROID,dhgate_product332_T1_Purchase 30D_purchase_IAP_Kelsey_20260511,xRPnz3ozCwa6ycwg,82.56,8412,919,,,,,,,,,
2026-05-26,IOS,dhgate_product338_T1_ACT&Nopay 30D_purchase_IAP_Kelsey_20260515,aiZBaGOKYFBuq0Ps,31.22,2124,1049,,,,,,,,,
2026-05-26,IOS,dhgate_product340_US_Purchase 30D_purchase_IAP_Kelsey_20260516,yznk4uz7IRlNu5TH,50.37,1161,513,,,,,,,,,
2026-05-26,ANDROID,dhgate_product338_T1_ACT&Nopay 30D_purchase_IAP_Kelsey_20260515,RL8fejA9DCWgohwi,47.16,6657,2510,,,,,,,,,
2026-05-27,ANDROID,dhgate_product315_UK_ACT&Nopay 30D_purchase_IAP_Kelsey_20260425,bedUOEtGfoRFbmze,100.57,10387,1633,,,,,,,,,
2026-05-27,IOS,dhgate_product319_US_Purchase 30D_purchase_IAP_Kelsey_20260429,SGOG7us7fBY7c5lH,50.56,4525,458,,,,,,,,,
2026-05-27,IOS,dhgate_product318_T1_Purchase 30D_purchase_IAP_Kelsey_20260428,mayu0PGeMJEYQhWJ,101.0,9146,812,,,,,,,,,
2026-05-27,IOS,dhgate_product317_UK_ACT&Nopay 30D_purchase_IAP_Kelsey_20260427,H9HAtL9q0yyc4Gdy,100.36,4228,960,,,,,,,,,
2026-05-27,ANDROID,dhgate_product317_UK_ACT&Nopay 30D_purchase_IAP_Kelsey_20260427,tDzMEZEldS4Kei0r,90.22,3661,1438,,,,,,,,,
2026-05-27,ANDROID,dhgate_product317_FR_ACT&Nopay 30D_purchase_IAP_Kelsey_20260526,zbor8ujPF081oChW,42.9,5575,2101,,,,,,,,,
2026-05-27,IOS,dhgate_product317_CA_ACT&Nopay 30D_purchase_IAP_Kelsey_20260526,cvR7ymoBxgm2d26z,26.8,868,440,,,,,,,,,
2026-05-27,IOS,dhgate_product314_UK_Purchase 30D_purchase_IAP_Kelsey_20260424,NmHyz3ZrSwNTmf0j,50.22,2137,390,,,,,,,,,
2026-05-27,ANDROID,dhgate_dpa-and_US_ACT&Nopay 30D_purchase_IAP_Kelsey_20260511,M0ZXR7rklCeN7J9o,100.55,33411,1410,,,,,,,,,
2026-05-27,IOS,dhgate_product301_US_ACT&Nopay 30D_purchase_IAP_Kelsey_20260422,OG6WHvKPBaUM1wDo,50.42,7057,480,,,,,,,,,
2026-05-27,IOS,dhgate_product300_T1_Purchase 30D_purchase_IAP_Kelsey_20260421,wGMfDvBHm0s02IeZ,50.28,8480,404,,,,,,,,,
2026-05-27,ANDROID,dhgate_product148_T1_Purchase 30D_purchase_IAP_Kelsey_20260415,dVlitdxzfmXStKCR,100.2,10443,1068,,,,,,,,,
2026-05-27,IOS,dhgate_product138_FR_ACT&Nopay 30D_purchase_IAP_Kelsey_20260403,zNcB24si9mbzBPed,50.22,8807,769,,,,,,,,,
2026-05-27,IOS,dhgate_product137_US_Purchase 30D_purchase_IAP_Kelsey_20260402,Eo7scqEETcYxo6WH,49.97,3429,207,,,,,,,,,
2026-05-27,IOS,dhgate_product121_US_Purchase 30D_purchase_IAP_Kelsey_20260222,HGuWXrsF7XcJ6CCt,100.09,5658,508,,,,,,,,,
2026-05-27,IOS,dhgate_dpa-ios_US_ACT&Nopay 30D_purchase_IAP_Kelsey_20260515,y55faIMh7doL5RvO,99.58,183317,476,,,,,,,,,
2026-05-27,ANDROID,dhgate_product301_US_ACT&Nopay 30D_purchase_IAP_Kelsey_20260422,uNF1ALuKQFoHzngn,72.23,2494,1216,,,,,,,,,
2026-05-27,ANDROID,dhgate_product321_US_Purchase 30D_purchase_IAP_Kelsey_20260502,REqYVaM8BdMh2U81,101.24,3579,656,,,,,,,,,
2026-05-27,IOS,dhgate_product321_US_Purchase 30D_purchase_IAP_Kelsey_20260502,ihMCrglFMezOy59I,50.25,4230,236,,,,,,,,,
2026-05-27,IOS,dhgate_product326_US_ACT&Nopay 30D_purchase_IAP_Kelsey_20260506,zMf9PKJzCf4uVI7T,48.17,1268,783,,,,,,,,,
2026-05-27,ANDROID,dhgate_product364_US_Purchase 30D_purchase_IAP_Kelsey_20260527,QXrf4REyep7GNYPS,14.53,384,140,,,,,,,,,
2026-05-27,IOS,dhgate_product364_US_Purchase 30D_purchase_IAP_Kelsey_20260527,qX4oco28gDbrpBri,20.99,448,208,,,,,,,,,
2026-05-27,IOS,dhgate_product362_US_ACT&Nopay 30D_purchase_IAP_Kelsey_20260526,UjhQ9arBCXmdrGgJ,47.34,1528,731,,,,,,,,,
2026-05-27,ANDROID,dhgate_product362_US_ACT&Nopay 30D_purchase_IAP_Kelsey_20260526,AGzKnEIIhLRP9cQD,47.35,2633,1151,,,,,,,,,
2026-05-27,ANDROID,dhgate_product360_US_ACT&Nopay 30D_purchase_IAP_Kelsey_20260525,m17T8pTyB6GzP1EB,43.28,1672,793,,,,,,,,,
2026-05-27,IOS,dhgate_product360_US_ACT&Nopay 30D_purchase_IAP_Kelsey_20260525,Je1czjNPO2ezVlga,50.24,1507,786,,,,,,,,,
2026-05-27,IOS,dhgate_product359_US_ACT&Nopay 30D_purchase_IAP_Kelsey_20260523,cOsim8duwN3gp5wF,50.27,1464,769,,,,,,,,,
2026-05-27,ANDROID,dhgate_product359_UK_ACT&Nopay 30D_purchase_IAP_Kelsey_20260523,RWeVcrW8HneV8sUj,47.81,2282,940,,,,,,,,,
2026-05-27,IOS,dhgate_product357_UK_ACT&Nopay 30D_purchase_IAP_Kelsey_20260521,secYrwGRxGvE22kr,41.35,1098,550,,,,,,,,,
2026-05-27,ANDROID,dhgate_product322_US_Purchase 30D_purchase_IAP_Kelsey_20260504,UEOt0CeUKtYLfLaH,95.58,3535,672,,,,,,,,,
2026-05-27,IOS,dhgate_product350_US_Purchase 30D_purchase_IAP_Kelsey_20260517,eZwoS7yMwcYqxbzm,50.29,943,423,,,,,,,,,
2026-05-27,IOS,dhgate_product340_US_Purchase 30D_purchase_IAP_Kelsey_20260516,yznk4uz7IRlNu5TH,44.86,1081,471,,,,,,,,,
2026-05-27,IOS,dhgate_product338_T1_ACT&Nopay 30D_purchase_IAP_Kelsey_20260515,aiZBaGOKYFBuq0Ps,38.29,2760,1329,,,,,,,,,
2026-05-27,ANDROID,dhgate_product338_T1_ACT&Nopay 30D_purchase_IAP_Kelsey_20260515,RL8fejA9DCWgohwi,43.04,6357,2395,,,,,,,,,
2026-05-27,ANDROID,dhgate_product337_T1_ACT&Nopay 30D_purchase_IAP_Kelsey_20260513,Hi3okRpzvLX7H2oQ,48.62,3975,1652,,,,,,,,,
2026-05-27,IOS,dhgate_product337_T1_ACT&Nopay 30D_purchase_IAP_Kelsey_20260513,pMbmqjxpXWy9uySH,50.08,8458,757,,,,,,,,,
2026-05-27,IOS,dhgate_product336_T1_Purchase 30D_purchase_IAP_Kelsey_20260512,IbA1O59ht1JcwImf,50.23,3225,445,,,,,,,,,
2026-05-27,ANDROID,dhgate_product332_T1_Purchase 30D_purchase_IAP_Kelsey_20260511,xRPnz3ozCwa6ycwg,50.05,7971,747,,,,,,,,,
2026-05-27,ANDROID,dhgate_product351_US_Purchase 30D_purchase_IAP_Kelsey_20260518,QTLyTb1PbE3fo5hj,50.76,1549,362,,,,,,,,,
2026-05-28,ANDROID,dhgate_product317_FR_ACT&Nopay 30D_purchase_IAP_Kelsey_20260526,zbor8ujPF081oChW,40.39,4419,1673,,,,,,,,,
2026-05-28,ANDROID,dhgate_product317_UK_ACT&Nopay 30D_purchase_IAP_Kelsey_20260427,tDzMEZEldS4Kei0r,93.74,4015,1417,,,,,,,,,
2026-05-28,ANDROID,dhgate_product321_US_Purchase 30D_purchase_IAP_Kelsey_20260502,REqYVaM8BdMh2U81,100.47,3789,644,,,,,,,,,
2026-05-28,IOS,dhgate_product318_T1_Purchase 30D_purchase_IAP_Kelsey_20260428,mayu0PGeMJEYQhWJ,100.27,7311,826,,,,,,,,,
2026-05-28,IOS,dhgate_product319_US_Purchase 30D_purchase_IAP_Kelsey_20260429,SGOG7us7fBY7c5lH,50.22,3552,438,,,,,,,,,
2026-05-28,IOS,dhgate_product317_CA_ACT&Nopay 30D_purchase_IAP_Kelsey_20260526,cvR7ymoBxgm2d26z,31.16,922,443,,,,,,,,,
2026-05-28,IOS,dhgate_product317_UK_ACT&Nopay 30D_purchase_IAP_Kelsey_20260427,H9HAtL9q0yyc4Gdy,95.82,3864,893,,,,,,,,,
2026-05-28,ANDROID,dhgate_product315_UK_ACT&Nopay 30D_purchase_IAP_Kelsey_20260425,bedUOEtGfoRFbmze,100.76,9928,1310,,,,,,,,,
2026-05-28,ANDROID,dhgate_product148_T1_Purchase 30D_purchase_IAP_Kelsey_20260415,dVlitdxzfmXStKCR,100.37,10290,916,,,,,,,,,
2026-05-28,ANDROID,dhgate_product301_US_ACT&Nopay 30D_purchase_IAP_Kelsey_20260422,uNF1ALuKQFoHzngn,72.22,2434,1227,,,,,,,,,
2026-05-28,IOS,dhgate_product301_US_ACT&Nopay 30D_purchase_IAP_Kelsey_20260422,OG6WHvKPBaUM1wDo,48.81,6920,486,,,,,,,,,
2026-05-28,IOS,dhgate_product300_T1_Purchase 30D_purchase_IAP_Kelsey_20260421,wGMfDvBHm0s02IeZ,50.46,6226,371,,,,,,,,,
2026-05-28,IOS,dhgate_product138_FR_ACT&Nopay 30D_purchase_IAP_Kelsey_20260403,zNcB24si9mbzBPed,50.19,5490,728,,,,,,,,,
2026-05-28,IOS,dhgate_product137_US_Purchase 30D_purchase_IAP_Kelsey_20260402,Eo7scqEETcYxo6WH,50.09,3617,234,,,,,,,,,
2026-05-28,IOS,dhgate_product121_US_Purchase 30D_purchase_IAP_Kelsey_20260222,HGuWXrsF7XcJ6CCt,100.24,5291,477,,,,,,,,,
2026-05-28,IOS,dhgate_dpa-ios_US_ACT&Nopay 30D_purchase_IAP_Kelsey_20260515,y55faIMh7doL5RvO,100.1,162687,672,,,,,,,,,
2026-05-28,IOS,dhgate_product321_US_Purchase 30D_purchase_IAP_Kelsey_20260502,ihMCrglFMezOy59I,50.06,4242,233,,,,,,,,,
2026-05-28,IOS,dhgate_product314_UK_Purchase 30D_purchase_IAP_Kelsey_20260424,NmHyz3ZrSwNTmf0j,50.61,1853,351,,,,,,,,,
2026-05-28,ANDROID,dhgate_dpa-and_US_ACT&Nopay 30D_purchase_IAP_Kelsey_20260511,M0ZXR7rklCeN7J9o,100.52,54509,1465,,,,,,,,,
2026-05-28,ANDROID,dhgate_product322_US_Purchase 30D_purchase_IAP_Kelsey_20260504,UEOt0CeUKtYLfLaH,100.34,3517,609,,,,,,,,,
2026-05-28,ANDROID,dhgate_product332_T1_Purchase 30D_purchase_IAP_Kelsey_20260511,xRPnz3ozCwa6ycwg,48.67,8511,665,,,,,,,,,
2026-05-28,IOS,dhgate_product326_US_ACT&Nopay 30D_purchase_IAP_Kelsey_20260506,zMf9PKJzCf4uVI7T,50.39,1295,790,,,,,,,,,
2026-05-28,IOS,dhgate_product365_US_Purchase 30D_purchase_IAP_Kelsey_20260528,gisdp4kMGc6WK5GP,4.96,116,50,,,,,,,,,
2026-05-28,ANDROID,dhgate_product365_US_Purchase 30D_purchase_IAP_Kelsey_20260528,WNhjy86kVGDJDol3,1.5,87,29,,,,,,,,,
2026-05-28,ANDROID,dhgate_product364_US_Purchase 30D_purchase_IAP_Kelsey_20260527,QXrf4REyep7GNYPS,50.35,1688,403,,,,,,,,,
2026-05-28,IOS,dhgate_product364_US_Purchase 30D_purchase_IAP_Kelsey_20260527,qX4oco28gDbrpBri,39.66,872,386,,,,,,,,,
2026-05-28,IOS,dhgate_product362_US_ACT&Nopay 30D_purchase_IAP_Kelsey_20260526,UjhQ9arBCXmdrGgJ,51.33,1407,713,,,,,,,,,
2026-05-28,ANDROID,dhgate_product360_US_ACT&Nopay 30D_purchase_IAP_Kelsey_20260525,m17T8pTyB6GzP1EB,42.02,1617,744,,,,,,,,,
2026-05-28,IOS,dhgate_product360_US_ACT&Nopay 30D_purchase_IAP_Kelsey_20260525,Je1czjNPO2ezVlga,50.14,1509,806,,,,,,,,,
2026-05-28,IOS,dhgate_product359_US_ACT&Nopay 30D_purchase_IAP_Kelsey_20260523,cOsim8duwN3gp5wF,46.97,1399,671,,,,,,,,,
2026-05-28,ANDROID,dhgate_product362_US_ACT&Nopay 30D_purchase_IAP_Kelsey_20260526,AGzKnEIIhLRP9cQD,45.95,2860,1003,,,,,,,,,
2026-05-28,IOS,dhgate_product357_UK_ACT&Nopay 30D_purchase_IAP_Kelsey_20260521,secYrwGRxGvE22kr,40.85,1131,579,,,,,,,,,
2026-05-28,ANDROID,dhgate_product359_UK_ACT&Nopay 30D_purchase_IAP_Kelsey_20260523,RWeVcrW8HneV8sUj,42.17,2414,805,,,,,,,,,
2026-05-28,IOS,dhgate_product337_T1_ACT&Nopay 30D_purchase_IAP_Kelsey_20260513,pMbmqjxpXWy9uySH,50.47,7740,695,,,,,,,,,
2026-05-28,ANDROID,dhgate_product337_T1_ACT&Nopay 30D_purchase_IAP_Kelsey_20260513,Hi3okRpzvLX7H2oQ,44.91,3862,1496,,,,,,,,,
2026-05-28,ANDROID,dhgate_product338_T1_ACT&Nopay 30D_purchase_IAP_Kelsey_20260515,RL8fejA9DCWgohwi,46.36,8077,2369,,,,,,,,,
2026-05-28,IOS,dhgate_product336_T1_Purchase 30D_purchase_IAP_Kelsey_20260512,IbA1O59ht1JcwImf,50.39,3060,471,,,,,,,,,
2026-05-28,IOS,dhgate_product340_US_Purchase 30D_purchase_IAP_Kelsey_20260516,yznk4uz7IRlNu5TH,49.91,1284,530,,,,,,,,,
2026-05-28,IOS,dhgate_product350_US_Purchase 30D_purchase_IAP_Kelsey_20260517,eZwoS7yMwcYqxbzm,50.29,863,414,,,,,,,,,
2026-05-28,ANDROID,dhgate_product351_US_Purchase 30D_purchase_IAP_Kelsey_20260518,QTLyTb1PbE3fo5hj,50.58,1962,322,,,,,,,,,
2026-05-28,IOS,dhgate_product338_T1_ACT&Nopay 30D_purchase_IAP_Kelsey_20260515,aiZBaGOKYFBuq0Ps,34.16,2087,1059,,,,,,,,,
2026-05-29,IOS,dhgate_product317_CA_ACT&Nopay 30D_purchase_IAP_Kelsey_20260526,cvR7ymoBxgm2d26z,32.85,940,464,,,,,,,,,
2026-05-29,ANDROID,dhgate_product321_US_Purchase 30D_purchase_IAP_Kelsey_20260502,REqYVaM8BdMh2U81,90.25,3608,576,,,,,,,,,
2026-05-29,IOS,dhgate_product321_US_Purchase 30D_purchase_IAP_Kelsey_20260502,ihMCrglFMezOy59I,50.3,4793,222,,,,,,,,,
2026-05-29,IOS,dhgate_product319_US_Purchase 30D_purchase_IAP_Kelsey_20260429,SGOG7us7fBY7c5lH,50.93,3488,471,,,,,,,,,
2026-05-29,IOS,dhgate_product318_T1_Purchase 30D_purchase_IAP_Kelsey_20260428,mayu0PGeMJEYQhWJ,100.37,7323,806,,,,,,,,,
2026-05-29,IOS,dhgate_product317_UK_ACT&Nopay 30D_purchase_IAP_Kelsey_20260427,H9HAtL9q0yyc4Gdy,99.27,3700,1005,,,,,,,,,
2026-05-29,ANDROID,dhgate_product317_UK_ACT&Nopay 30D_purchase_IAP_Kelsey_20260427,tDzMEZEldS4Kei0r,59.23,2503,926,,,,,,,,,
2026-05-29,ANDROID,dhgate_product317_FR_ACT&Nopay 30D_purchase_IAP_Kelsey_20260526,zbor8ujPF081oChW,42.5,4421,1566,,,,,,,,,
2026-05-29,ANDROID,dhgate_product315_UK_ACT&Nopay 30D_purchase_IAP_Kelsey_20260425,bedUOEtGfoRFbmze,69.27,5851,1047,,,,,,,,,
2026-05-29,ANDROID,dhgate_dpa-and_US_ACT&Nopay 30D_purchase_IAP_Kelsey_20260511,M0ZXR7rklCeN7J9o,72.47,43904,1166,,,,,,,,,
2026-05-29,ANDROID,dhgate_product301_US_ACT&Nopay 30D_purchase_IAP_Kelsey_20260422,uNF1ALuKQFoHzngn,84.13,3124,1405,,,,,,,,,
2026-05-29,IOS,dhgate_product301_US_ACT&Nopay 30D_purchase_IAP_Kelsey_20260422,OG6WHvKPBaUM1wDo,50.3,6582,464,,,,,,,,,
2026-05-29,IOS,dhgate_product300_T1_Purchase 30D_purchase_IAP_Kelsey_20260421,wGMfDvBHm0s02IeZ,50.14,6573,448,,,,,,,,,
2026-05-29,ANDROID,dhgate_product148_T1_Purchase 30D_purchase_IAP_Kelsey_20260415,dVlitdxzfmXStKCR,100.4,9637,1092,,,,,,,,,
2026-05-29,IOS,dhgate_product138_FR_ACT&Nopay 30D_purchase_IAP_Kelsey_20260403,zNcB24si9mbzBPed,67.89,5773,1022,,,,,,,,,
2026-05-29,IOS,dhgate_product137_US_Purchase 30D_purchase_IAP_Kelsey_20260402,Eo7scqEETcYxo6WH,50.09,3739,249,,,,,,,,,
2026-05-29,IOS,dhgate_product121_US_Purchase 30D_purchase_IAP_Kelsey_20260222,HGuWXrsF7XcJ6CCt,80.04,4867,354,,,,,,,,,
2026-05-29,IOS,dhgate_dpa-ios_US_ACT&Nopay 30D_purchase_IAP_Kelsey_20260515,y55faIMh7doL5RvO,100.1,155816,665,,,,,,,,,
2026-05-29,IOS,dhgate_product314_UK_Purchase 30D_purchase_IAP_Kelsey_20260424,NmHyz3ZrSwNTmf0j,46.64,1731,338,,,,,,,,,
2026-05-29,ANDROID,dhgate_product322_US_Purchase 30D_purchase_IAP_Kelsey_20260504,UEOt0CeUKtYLfLaH,82.4,3954,575,,,,,,,,,
2026-05-29,IOS,dhgate_product326_US_ACT&Nopay 30D_purchase_IAP_Kelsey_20260506,zMf9PKJzCf4uVI7T,50.36,1224,777,,,,,,,,,
2026-05-29,IOS,dhgate_product336_T1_Purchase 30D_purchase_IAP_Kelsey_20260512,IbA1O59ht1JcwImf,50.14,3026,475,,,,,,,,,
2026-05-29,ANDROID,dhgate_product332_T1_Purchase 30D_purchase_IAP_Kelsey_20260511,xRPnz3ozCwa6ycwg,49.52,8083,770,,,,,,,,,
2026-05-29,ANDROID,dhgate_product366_UK_Purchase 30D_purchase_IAP_Kelsey_20260529,tlDSznDFDWyzbPVr,12.78,492,190,,,,,,,,,
2026-05-29,IOS,dhgate_product365_US_Purchase 30D_purchase_IAP_Kelsey_20260528,gisdp4kMGc6WK5GP,50.29,1048,452,,,,,,,,,
2026-05-29,ANDROID,dhgate_product365_US_Purchase 30D_purchase_IAP_Kelsey_20260528,WNhjy86kVGDJDol3,36.84,2150,386,,,,,,,,,
2026-05-29,ANDROID,dhgate_product364_US_Purchase 30D_purchase_IAP_Kelsey_20260527,QXrf4REyep7GNYPS,48.88,1916,366,,,,,,,,,
2026-05-29,IOS,dhgate_product364_US_Purchase 30D_purchase_IAP_Kelsey_20260527,qX4oco28gDbrpBri,50.05,1013,460,,,,,,,,,
2026-05-29,IOS,dhgate_product362_US_ACT&Nopay 30D_purchase_IAP_Kelsey_20260526,UjhQ9arBCXmdrGgJ,46.3,1232,698,,,,,,,,,
2026-05-29,ANDROID,dhgate_product362_US_ACT&Nopay 30D_purchase_IAP_Kelsey_20260526,AGzKnEIIhLRP9cQD,34.46,2366,758,,,,,,,,,
2026-05-29,ANDROID,dhgate_product360_US_ACT&Nopay 30D_purchase_IAP_Kelsey_20260525,m17T8pTyB6GzP1EB,37.15,1467,592,,,,,,,,,
2026-05-29,IOS,dhgate_product360_US_ACT&Nopay 30D_purchase_IAP_Kelsey_20260525,Je1czjNPO2ezVlga,29.12,950,474,,,,,,,,,
2026-05-29,IOS,dhgate_product366_UK_Purchase 30D_purchase_IAP_Kelsey_20260529,AuNEgf9zqO65aSdr,17.26,433,229,,,,,,,,,
2026-05-29,ANDROID,dhgate_product359_UK_ACT&Nopay 30D_purchase_IAP_Kelsey_20260523,RWeVcrW8HneV8sUj,41.15,2308,911,,,,,,,,,
2026-05-29,IOS,dhgate_product359_US_ACT&Nopay 30D_purchase_IAP_Kelsey_20260523,cOsim8duwN3gp5wF,34.73,1074,498,,,,,,,,,
2026-05-29,IOS,dhgate_product337_T1_ACT&Nopay 30D_purchase_IAP_Kelsey_20260513,pMbmqjxpXWy9uySH,50.33,7160,731,,,,,,,,,
2026-05-29,ANDROID,dhgate_product338_T1_ACT&Nopay 30D_purchase_IAP_Kelsey_20260515,RL8fejA9DCWgohwi,35.29,6422,1793,,,,,,,,,
2026-05-29,IOS,dhgate_product338_T1_ACT&Nopay 30D_purchase_IAP_Kelsey_20260515,aiZBaGOKYFBuq0Ps,43.7,2524,1321,,,,,,,,,
2026-05-29,ANDROID,dhgate_product337_T1_ACT&Nopay 30D_purchase_IAP_Kelsey_20260513,Hi3okRpzvLX7H2oQ,49.75,5619,1796,,,,,,,,,
2026-05-29,IOS,dhgate_product350_US_Purchase 30D_purchase_IAP_Kelsey_20260517,eZwoS7yMwcYqxbzm,50.07,838,405,,,,,,,,,
2026-05-29,ANDROID,dhgate_product351_US_Purchase 30D_purchase_IAP_Kelsey_20260518,QTLyTb1PbE3fo5hj,50.26,2332,353,,,,,,,,,
2026-05-29,IOS,dhgate_product357_UK_ACT&Nopay 30D_purchase_IAP_Kelsey_20260521,secYrwGRxGvE22kr,50.37,1229,674,,,,,,,,,
2026-05-29,IOS,dhgate_product340_US_Purchase 30D_purchase_IAP_Kelsey_20260516,yznk4uz7IRlNu5TH,50.23,1074,454,,,,,,,,,
2026-05-30,IOS,dhgate_product318_T1_Purchase 30D_purchase_IAP_Kelsey_20260428,mayu0PGeMJEYQhWJ,100.65,7193,753,,,,,,,,,
2026-05-30,IOS,dhgate_product314_UK_Purchase 30D_purchase_IAP_Kelsey_20260424,NmHyz3ZrSwNTmf0j,50.19,2015,356,,,,,,,,,
2026-05-30,IOS,dhgate_product317_UK_ACT&Nopay 30D_purchase_IAP_Kelsey_20260427,H9HAtL9q0yyc4Gdy,85.51,3614,832,,,,,,,,,
2026-05-30,ANDROID,dhgate_product317_UK_ACT&Nopay 30D_purchase_IAP_Kelsey_20260427,tDzMEZEldS4Kei0r,48.38,2267,831,,,,,,,,,
2026-05-30,ANDROID,dhgate_product317_FR_ACT&Nopay 30D_purchase_IAP_Kelsey_20260526,zbor8ujPF081oChW,46.03,4538,1498,,,,,,,,,
2026-05-30,IOS,dhgate_product317_CA_ACT&Nopay 30D_purchase_IAP_Kelsey_20260526,cvR7ymoBxgm2d26z,32.16,990,430,,,,,,,,,
2026-05-30,ANDROID,dhgate_product315_UK_ACT&Nopay 30D_purchase_IAP_Kelsey_20260425,bedUOEtGfoRFbmze,50.35,5808,651,,,,,,,,,
2026-05-30,IOS,dhgate_product301_US_ACT&Nopay 30D_purchase_IAP_Kelsey_20260422,OG6WHvKPBaUM1wDo,50.16,6177,495,,,,,,,,,
2026-05-30,IOS,dhgate_product137_US_Purchase 30D_purchase_IAP_Kelsey_20260402,Eo7scqEETcYxo6WH,50.17,3221,235,,,,,,,,,
2026-05-30,IOS,dhgate_product300_T1_Purchase 30D_purchase_IAP_Kelsey_20260421,wGMfDvBHm0s02IeZ,50.57,6439,402,,,,,,,,,
2026-05-30,ANDROID,dhgate_product148_T1_Purchase 30D_purchase_IAP_Kelsey_20260415,dVlitdxzfmXStKCR,97.8,10357,961,,,,,,,,,
2026-05-30,IOS,dhgate_product138_FR_ACT&Nopay 30D_purchase_IAP_Kelsey_20260403,zNcB24si9mbzBPed,92.14,9742,1215,,,,,,,,,
2026-05-30,IOS,dhgate_product121_US_Purchase 30D_purchase_IAP_Kelsey_20260222,HGuWXrsF7XcJ6CCt,50.13,3415,251,,,,,,,,,
2026-05-30,IOS,dhgate_dpa-ios_US_ACT&Nopay 30D_purchase_IAP_Kelsey_20260515,y55faIMh7doL5RvO,100.12,146234,819,,,,,,,,,
2026-05-30,ANDROID,dhgate_dpa-and_US_ACT&Nopay 30D_purchase_IAP_Kelsey_20260511,M0ZXR7rklCeN7J9o,50.5,24689,1106,,,,,,,,,
2026-05-30,IOS,dhgate_product319_US_Purchase 30D_purchase_IAP_Kelsey_20260429,SGOG7us7fBY7c5lH,50.19,3509,446,,,,,,,,,
2026-05-30,ANDROID,dhgate_product301_US_ACT&Nopay 30D_purchase_IAP_Kelsey_20260422,uNF1ALuKQFoHzngn,92.81,3414,1536,,,,,,,,,
2026-05-30,ANDROID,dhgate_product321_US_Purchase 30D_purchase_IAP_Kelsey_20260502,REqYVaM8BdMh2U81,42.25,1760,311,,,,,,,,,
2026-05-30,ANDROID,dhgate_product322_US_Purchase 30D_purchase_IAP_Kelsey_20260504,UEOt0CeUKtYLfLaH,50.36,2601,330,,,,,,,,,
2026-05-30,IOS,dhgate_product367_UK_Purchase 30D_purchase_IAP_Kelsey_20260530,B6nfe2NZpKCjpgca,0.06,4,3,,,,,,,,,
2026-05-30,IOS,dhgate_product321_US_Purchase 30D_purchase_IAP_Kelsey_20260502,ihMCrglFMezOy59I,50.11,4143,234,,,,,,,,,
2026-05-30,ANDROID,dhgate_product366_UK_Purchase 30D_purchase_IAP_Kelsey_20260529,tlDSznDFDWyzbPVr,33.49,1261,457,,,,,,,,,
2026-05-30,IOS,dhgate_product366_UK_Purchase 30D_purchase_IAP_Kelsey_20260529,AuNEgf9zqO65aSdr,39.32,879,455,,,,,,,,,
2026-05-30,IOS,dhgate_product365_US_Purchase 30D_purchase_IAP_Kelsey_20260528,gisdp4kMGc6WK5GP,50.13,1039,466,,,,,,,,,
2026-05-30,ANDROID,dhgate_product365_US_Purchase 30D_purchase_IAP_Kelsey_20260528,WNhjy86kVGDJDol3,43.58,2061,349,,,,,,,,,
2026-05-30,IOS,dhgate_product364_US_Purchase 30D_purchase_IAP_Kelsey_20260527,qX4oco28gDbrpBri,50.18,1005,443,,,,,,,,,
2026-05-30,ANDROID,dhgate_product359_UK_ACT&Nopay 30D_purchase_IAP_Kelsey_20260523,RWeVcrW8HneV8sUj,41.95,2410,814,,,,,,,,,
2026-05-30,IOS,dhgate_product357_UK_ACT&Nopay 30D_purchase_IAP_Kelsey_20260521,secYrwGRxGvE22kr,42.68,1157,649,,,,,,,,,
2026-05-30,ANDROID,dhgate_product364_US_Purchase 30D_purchase_IAP_Kelsey_20260527,QXrf4REyep7GNYPS,44.07,1330,314,,,,,,,,,
2026-05-30,IOS,dhgate_product350_US_Purchase 30D_purchase_IAP_Kelsey_20260517,eZwoS7yMwcYqxbzm,50.58,903,451,,,,,,,,,
2026-05-30,ANDROID,dhgate_product351_US_Purchase 30D_purchase_IAP_Kelsey_20260518,QTLyTb1PbE3fo5hj,50.73,1844,329,,,,,,,,,
2026-05-30,ANDROID,dhgate_product332_T1_Purchase 30D_purchase_IAP_Kelsey_20260511,xRPnz3ozCwa6ycwg,50.16,7831,718,,,,,,,,,
2026-05-30,IOS,dhgate_product336_T1_Purchase 30D_purchase_IAP_Kelsey_20260512,IbA1O59ht1JcwImf,50.22,3162,469,,,,,,,,,
2026-05-30,IOS,dhgate_product337_T1_ACT&Nopay 30D_purchase_IAP_Kelsey_20260513,pMbmqjxpXWy9uySH,50.16,6638,709,,,,,,,,,
2026-05-30,IOS,dhgate_product326_US_ACT&Nopay 30D_purchase_IAP_Kelsey_20260506,zMf9PKJzCf4uVI7T,49.39,1319,726,,,,,,,,,
2026-05-30,IOS,dhgate_product338_T1_ACT&Nopay 30D_purchase_IAP_Kelsey_20260515,aiZBaGOKYFBuq0Ps,39.42,2392,1211,,,,,,,,,
2026-05-30,IOS,dhgate_product340_US_Purchase 30D_purchase_IAP_Kelsey_20260516,yznk4uz7IRlNu5TH,50.22,1072,453,,,,,,,,,
2026-05-30,ANDROID,dhgate_product337_T1_ACT&Nopay 30D_purchase_IAP_Kelsey_20260513,Hi3okRpzvLX7H2oQ,50.29,5362,1753,,,,,,,,,
2026-05-31,ANDROID,dhgate_product315_UK_ACT&Nopay 30D_purchase_IAP_Kelsey_20260425,bedUOEtGfoRFbmze,50.23,6407,648,,,,,,,,,
2026-05-31,IOS,dhgate_product319_US_Purchase 30D_purchase_IAP_Kelsey_20260429,SGOG7us7fBY7c5lH,50.37,3795,396,,,,,,,,,
2026-05-31,IOS,dhgate_product318_T1_Purchase 30D_purchase_IAP_Kelsey_20260428,mayu0PGeMJEYQhWJ,100.33,8502,699,,,,,,,,,
2026-05-31,IOS,dhgate_product317_UK_ACT&Nopay 30D_purchase_IAP_Kelsey_20260427,H9HAtL9q0yyc4Gdy,100.3,3836,791,,,,,,,,,
2026-05-31,ANDROID,dhgate_product317_UK_ACT&Nopay 30D_purchase_IAP_Kelsey_20260427,tDzMEZEldS4Kei0r,50.38,2073,792,,,,,,,,,
2026-05-31,ANDROID,dhgate_product317_FR_ACT&Nopay 30D_purchase_IAP_Kelsey_20260526,zbor8ujPF081oChW,42.06,3667,1407,,,,,,,,,
2026-05-31,IOS,dhgate_product317_CA_ACT&Nopay 30D_purchase_IAP_Kelsey_20260526,cvR7ymoBxgm2d26z,34.21,889,425,,,,,,,,,
2026-05-31,IOS,dhgate_product314_UK_Purchase 30D_purchase_IAP_Kelsey_20260424,NmHyz3ZrSwNTmf0j,50.28,2127,334,,,,,,,,,
2026-05-31,IOS,dhgate_product321_US_Purchase 30D_purchase_IAP_Kelsey_20260502,ihMCrglFMezOy59I,50.54,4749,247,,,,,,,,,
2026-05-31,ANDROID,dhgate_product301_US_ACT&Nopay 30D_purchase_IAP_Kelsey_20260422,uNF1ALuKQFoHzngn,84.8,3338,1596,,,,,,,,,
2026-05-31,IOS,dhgate_product300_T1_Purchase 30D_purchase_IAP_Kelsey_20260421,wGMfDvBHm0s02IeZ,50.2,7302,363,,,,,,,,,
2026-05-31,ANDROID,dhgate_product148_T1_Purchase 30D_purchase_IAP_Kelsey_20260415,dVlitdxzfmXStKCR,96.53,10476,859,,,,,,,,,
2026-05-31,IOS,dhgate_product138_FR_ACT&Nopay 30D_purchase_IAP_Kelsey_20260403,zNcB24si9mbzBPed,100.56,11934,1267,,,,,,,,,
2026-05-31,IOS,dhgate_product137_US_Purchase 30D_purchase_IAP_Kelsey_20260402,Eo7scqEETcYxo6WH,50.46,4120,238,,,,,,,,,
2026-05-31,IOS,dhgate_product121_US_Purchase 30D_purchase_IAP_Kelsey_20260222,HGuWXrsF7XcJ6CCt,50.27,3785,234,,,,,,,,,
2026-05-31,IOS,dhgate_dpa-ios_US_ACT&Nopay 30D_purchase_IAP_Kelsey_20260515,y55faIMh7doL5RvO,100.13,167652,672,,,,,,,,,
2026-05-31,ANDROID,dhgate_dpa-and_US_ACT&Nopay 30D_purchase_IAP_Kelsey_20260511,M0ZXR7rklCeN7J9o,50.19,31984,1358,,,,,,,,,
2026-05-31,IOS,dhgate_product301_US_ACT&Nopay 30D_purchase_IAP_Kelsey_20260422,OG6WHvKPBaUM1wDo,50.25,7085,501,,,,,,,,,
2026-05-31,ANDROID,dhgate_product322_US_Purchase 30D_purchase_IAP_Kelsey_20260504,UEOt0CeUKtYLfLaH,50.79,3276,329,,,,,,,,,
2026-05-31,ANDROID,dhgate_product321_US_Purchase 30D_purchase_IAP_Kelsey_20260502,REqYVaM8BdMh2U81,50.19,4124,339,,,,,,,,,
2026-05-31,ANDROID,dhgate_product332_T1_Purchase 30D_purchase_IAP_Kelsey_20260511,xRPnz3ozCwa6ycwg,50.17,7745,562,,,,,,,,,
2026-05-31,IOS,dhgate_product368_T1_Purchase 30D_purchase_IAP_Kelsey_20260531,Ta2k2BeVyS7dWN4n,16.45,679,342,,,,,,,,,
2026-05-31,ANDROID,dhgate_product367_UK_Purchase 30D_purchase_IAP_Kelsey_20260530,AsUotp8z2P369W1o,27.74,1429,523,,,,,,,,,
2026-05-31,IOS,dhgate_product367_UK_Purchase 30D_purchase_IAP_Kelsey_20260530,B6nfe2NZpKCjpgca,49.65,1156,577,,,,,,,,,
2026-05-31,IOS,dhgate_product366_UK_Purchase 30D_purchase_IAP_Kelsey_20260529,AuNEgf9zqO65aSdr,48.36,950,442,,,,,,,,,
2026-05-31,ANDROID,dhgate_product366_UK_Purchase 30D_purchase_IAP_Kelsey_20260529,tlDSznDFDWyzbPVr,30.97,1180,366,,,,,,,,,
2026-05-31,ANDROID,dhgate_product365_US_Purchase 30D_purchase_IAP_Kelsey_20260528,WNhjy86kVGDJDol3,50.06,1309,407,,,,,,,,,
2026-05-31,IOS,dhgate_product365_US_Purchase 30D_purchase_IAP_Kelsey_20260528,gisdp4kMGc6WK5GP,50.92,1122,442,,,,,,,,,
2026-05-31,IOS,dhgate_product364_US_Purchase 30D_purchase_IAP_Kelsey_20260527,qX4oco28gDbrpBri,50.12,1101,441,,,,,,,,,
2026-05-31,ANDROID,dhgate_product364_US_Purchase 30D_purchase_IAP_Kelsey_20260527,QXrf4REyep7GNYPS,50.36,1723,370,,,,,,,,,
2026-05-31,IOS,dhgate_product326_US_ACT&Nopay 30D_purchase_IAP_Kelsey_20260506,zMf9PKJzCf4uVI7T,39.36,1069,633,,,,,,,,,
2026-05-31,IOS,dhgate_product357_UK_ACT&Nopay 30D_purchase_IAP_Kelsey_20260521,secYrwGRxGvE22kr,50.32,1198,675,,,,,,,,,
2026-05-31,ANDROID,dhgate_product351_US_Purchase 30D_purchase_IAP_Kelsey_20260518,QTLyTb1PbE3fo5hj,50.07,1041,333,,,,,,,,,
2026-05-31,IOS,dhgate_product350_US_Purchase 30D_purchase_IAP_Kelsey_20260517,eZwoS7yMwcYqxbzm,50.38,853,400,,,,,,,,,
2026-05-31,IOS,dhgate_product340_US_Purchase 30D_purchase_IAP_Kelsey_20260516,yznk4uz7IRlNu5TH,50.06,1089,506,,,,,,,,,
2026-05-31,IOS,dhgate_product338_T1_ACT&Nopay 30D_purchase_IAP_Kelsey_20260515,aiZBaGOKYFBuq0Ps,33.72,2571,920,,,,,,,,,
2026-05-31,ANDROID,dhgate_product337_T1_ACT&Nopay 30D_purchase_IAP_Kelsey_20260513,Hi3okRpzvLX7H2oQ,42.28,4283,1685,,,,,,,,,
2026-05-31,IOS,dhgate_product337_T1_ACT&Nopay 30D_purchase_IAP_Kelsey_20260513,pMbmqjxpXWy9uySH,50.17,8572,683,,,,,,,,,
2026-05-31,ANDROID,dhgate_product368_T1_Purchase 30D_purchase_IAP_Kelsey_20260531,b3s2CGS3sMxfFWgV,11.3,680,261,,,,,,,,,
2026-05-31,IOS,dhgate_product336_T1_Purchase 30D_purchase_IAP_Kelsey_20260512,IbA1O59ht1JcwImf,50.18,3142,419,,,,,,,,,
2026-05-31,ANDROID,dhgate_product359_UK_ACT&Nopay 30D_purchase_IAP_Kelsey_20260523,RWeVcrW8HneV8sUj,46.57,2706,944,,,,,,,,,
2026-06-01,ANDROID,dhgate_product317_FR_ACT&Nopay 30D_purchase_IAP_Kelsey_20260526,zbor8ujPF081oChW,45.44,4496,1684,,,,,,,,,
2026-06-01,ANDROID,dhgate_product317_UK_ACT&Nopay 30D_purchase_IAP_Kelsey_20260427,tDzMEZEldS4Kei0r,42.27,1753,670,,,,,,,,,
2026-06-01,IOS,dhgate_product317_UK_ACT&Nopay 30D_purchase_IAP_Kelsey_20260427,H9HAtL9q0yyc4Gdy,100.58,3621,867,,,,,,,,,
2026-06-01,IOS,dhgate_product321_US_Purchase 30D_purchase_IAP_Kelsey_20260502,ihMCrglFMezOy59I,50.03,4521,218,,,,,,,,,
2026-06-01,IOS,dhgate_product319_US_Purchase 30D_purchase_IAP_Kelsey_20260429,SGOG7us7fBY7c5lH,50.66,3131,432,,,,,,,,,
2026-06-01,ANDROID,dhgate_product321_US_Purchase 30D_purchase_IAP_Kelsey_20260502,REqYVaM8BdMh2U81,50.1,2854,353,,,,,,,,,
2026-06-01,IOS,dhgate_product317_CA_ACT&Nopay 30D_purchase_IAP_Kelsey_20260526,cvR7ymoBxgm2d26z,22.91,708,308,,,,,,,,,
2026-06-01,IOS,dhgate_product318_T1_Purchase 30D_purchase_IAP_Kelsey_20260428,mayu0PGeMJEYQhWJ,100.57,6786,759,,,,,,,,,
2026-06-01,ANDROID,dhgate_product315_UK_ACT&Nopay 30D_purchase_IAP_Kelsey_20260425,bedUOEtGfoRFbmze,48.39,5659,705,,,,,,,,,
2026-06-01,ANDROID,dhgate_product148_T1_Purchase 30D_purchase_IAP_Kelsey_20260415,dVlitdxzfmXStKCR,100.5,11020,952,,,,,,,,,
2026-06-01,IOS,dhgate_product301_US_ACT&Nopay 30D_purchase_IAP_Kelsey_20260422,OG6WHvKPBaUM1wDo,50.08,6878,488,,,,,,,,,
2026-06-01,ANDROID,dhgate_product301_US_ACT&Nopay 30D_purchase_IAP_Kelsey_20260422,uNF1ALuKQFoHzngn,85.52,3482,1617,,,,,,,,,
2026-06-01,IOS,dhgate_product300_T1_Purchase 30D_purchase_IAP_Kelsey_20260421,wGMfDvBHm0s02IeZ,50.27,4903,358,,,,,,,,,
2026-06-01,IOS,dhgate_product138_FR_ACT&Nopay 30D_purchase_IAP_Kelsey_20260403,zNcB24si9mbzBPed,100.27,8512,1320,,,,,,,,,
2026-06-01,IOS,dhgate_product137_US_Purchase 30D_purchase_IAP_Kelsey_20260402,Eo7scqEETcYxo6WH,50.11,3741,226,,,,,,,,,
2026-06-01,IOS,dhgate_product121_US_Purchase 30D_purchase_IAP_Kelsey_20260222,HGuWXrsF7XcJ6CCt,50.1,3628,231,,,,,,,,,
2026-06-01,IOS,dhgate_dpa-ios_US_ACT&Nopay 30D_purchase_IAP_Kelsey_20260515,y55faIMh7doL5RvO,100.14,160734,1111,,,,,,,,,
2026-06-01,ANDROID,dhgate_product322_US_Purchase 30D_purchase_IAP_Kelsey_20260504,UEOt0CeUKtYLfLaH,50.29,2356,339,,,,,,,,,
2026-06-01,IOS,dhgate_product314_UK_Purchase 30D_purchase_IAP_Kelsey_20260424,NmHyz3ZrSwNTmf0j,50.34,2015,353,,,,,,,,,
2026-06-01,ANDROID,dhgate_dpa-and_US_ACT&Nopay 30D_purchase_IAP_Kelsey_20260511,M0ZXR7rklCeN7J9o,50.25,41874,1134,,,,,,,,,
2026-06-01,IOS,dhgate_product326_US_ACT&Nopay 30D_purchase_IAP_Kelsey_20260506,zMf9PKJzCf4uVI7T,44.05,1236,742,,,,,,,,,
2026-06-01,IOS,dhgate_product336_T1_Purchase 30D_purchase_IAP_Kelsey_20260512,IbA1O59ht1JcwImf,50.2,2842,492,,,,,,,,,
2026-06-01,ANDROID,dhgate_product332_T1_Purchase 30D_purchase_IAP_Kelsey_20260511,xRPnz3ozCwa6ycwg,48.69,8093,740,,,,,,,,,
2026-06-01,ANDROID,dhgate_product369_US_ACT&Nopay 30D_purchase_IAP_Kelsey_20260601,n7f3WCGhTngQWJhC,4.5,417,214,,,,,,,,,
2026-06-01,IOS,dhgate_product369_US_ACT&Nopay 30D_purchase_IAP_Kelsey_20260601,c3VF4BRyeEfmmeHV,12.72,553,227,,,,,,,,,
2026-06-01,IOS,dhgate_product368_T1_Purchase 30D_purchase_IAP_Kelsey_20260531,Ta2k2BeVyS7dWN4n,26.57,1234,573,,,,,,,,,
2026-06-01,ANDROID,dhgate_product368_T1_Purchase 30D_purchase_IAP_Kelsey_20260531,b3s2CGS3sMxfFWgV,38.66,2410,707,,,,,,,,,
2026-06-01,ANDROID,dhgate_product367_UK_Purchase 30D_purchase_IAP_Kelsey_20260530,AsUotp8z2P369W1o,35.93,1855,586,,,,,,,,,
2026-06-01,IOS,dhgate_product366_UK_Purchase 30D_purchase_IAP_Kelsey_20260529,AuNEgf9zqO65aSdr,48.81,1487,444,,,,,,,,,
2026-06-01,ANDROID,dhgate_product366_UK_Purchase 30D_purchase_IAP_Kelsey_20260529,tlDSznDFDWyzbPVr,40.22,1338,502,,,,,,,,,
2026-06-01,ANDROID,dhgate_product365_US_Purchase 30D_purchase_IAP_Kelsey_20260528,WNhjy86kVGDJDol3,48.44,1810,402,,,,,,,,,
2026-06-01,IOS,dhgate_product365_US_Purchase 30D_purchase_IAP_Kelsey_20260528,gisdp4kMGc6WK5GP,50.74,986,482,,,,,,,,,
2026-06-01,IOS,dhgate_product367_UK_Purchase 30D_purchase_IAP_Kelsey_20260530,B6nfe2NZpKCjpgca,46.79,1169,456,,,,,,,,,
2026-06-01,ANDROID,dhgate_product364_US_Purchase 30D_purchase_IAP_Kelsey_20260527,QXrf4REyep7GNYPS,48.48,2025,385,,,,,,,,,
2026-06-01,IOS,dhgate_product364_US_Purchase 30D_purchase_IAP_Kelsey_20260527,qX4oco28gDbrpBri,50.15,1075,445,,,,,,,,,
2026-06-01,ANDROID,dhgate_product337_T1_ACT&Nopay 30D_purchase_IAP_Kelsey_20260513,Hi3okRpzvLX7H2oQ,44.08,5270,2062,,,,,,,,,
2026-06-01,IOS,dhgate_product338_T1_ACT&Nopay 30D_purchase_IAP_Kelsey_20260515,aiZBaGOKYFBuq0Ps,49.54,5829,766,,,,,,,,,
2026-06-01,IOS,dhgate_product340_US_Purchase 30D_purchase_IAP_Kelsey_20260516,yznk4uz7IRlNu5TH,48.64,1121,506,,,,,,,,,
2026-06-01,IOS,dhgate_product337_T1_ACT&Nopay 30D_purchase_IAP_Kelsey_20260513,pMbmqjxpXWy9uySH,50.17,8381,700,,,,,,,,,
2026-06-01,ANDROID,dhgate_product351_US_Purchase 30D_purchase_IAP_Kelsey_20260518,QTLyTb1PbE3fo5hj,50.23,1526,359,,,,,,,,,
2026-06-01,IOS,dhgate_product357_UK_ACT&Nopay 30D_purchase_IAP_Kelsey_20260521,secYrwGRxGvE22kr,47.84,1263,680,,,,,,,,,
2026-06-01,ANDROID,dhgate_product359_UK_ACT&Nopay 30D_purchase_IAP_Kelsey_20260523,RWeVcrW8HneV8sUj,50.08,2310,936,,,,,,,,,
2026-06-01,IOS,dhgate_product350_US_Purchase 30D_purchase_IAP_Kelsey_20260517,eZwoS7yMwcYqxbzm,50.86,1016,472,,,,,,,,,
2026-06-02,IOS,dhgate_product317_CA_ACT&Nopay 30D_purchase_IAP_Kelsey_20260526,cvR7ymoBxgm2d26z,23.33,654,307,,,,,,,,,
2026-06-02,ANDROID,dhgate_product322_US_Purchase 30D_purchase_IAP_Kelsey_20260504,UEOt0CeUKtYLfLaH,50.23,4795,269,,,,,,,,,
2026-06-02,IOS,dhgate_product321_US_Purchase 30D_purchase_IAP_Kelsey_20260502,ihMCrglFMezOy59I,50.0,4896,212,,,,,,,,,
2026-06-02,ANDROID,dhgate_product321_US_Purchase 30D_purchase_IAP_Kelsey_20260502,REqYVaM8BdMh2U81,50.34,4307,345,,,,,,,,,
2026-06-02,IOS,dhgate_product319_US_Purchase 30D_purchase_IAP_Kelsey_20260429,SGOG7us7fBY7c5lH,82.6,4426,685,,,,,,,,,
2026-06-02,IOS,dhgate_product318_T1_Purchase 30D_purchase_IAP_Kelsey_20260428,mayu0PGeMJEYQhWJ,135.29,7339,998,,,,,,,,,
2026-06-02,IOS,dhgate_product317_UK_ACT&Nopay 30D_purchase_IAP_Kelsey_20260427,H9HAtL9q0yyc4Gdy,100.31,3854,886,,,,,,,,,
2026-06-02,ANDROID,dhgate_product317_UK_ACT&Nopay 30D_purchase_IAP_Kelsey_20260427,tDzMEZEldS4Kei0r,63.22,2435,838,,,,,,,,,
2026-06-02,ANDROID,dhgate_product317_FR_ACT&Nopay 30D_purchase_IAP_Kelsey_20260526,zbor8ujPF081oChW,45.28,5071,1808,,,,,,,,,
2026-06-02,ANDROID,dhgate_product315_UK_ACT&Nopay 30D_purchase_IAP_Kelsey_20260425,bedUOEtGfoRFbmze,48.07,5364,682,,,,,,,,,
2026-06-02,IOS,dhgate_product326_US_ACT&Nopay 30D_purchase_IAP_Kelsey_20260506,zMf9PKJzCf4uVI7T,47.92,1380,826,,,,,,,,,
2026-06-02,IOS,dhgate_product301_US_ACT&Nopay 30D_purchase_IAP_Kelsey_20260422,OG6WHvKPBaUM1wDo,50.14,6480,497,,,,,,,,,
2026-06-02,ANDROID,dhgate_product301_US_ACT&Nopay 30D_purchase_IAP_Kelsey_20260422,uNF1ALuKQFoHzngn,63.68,2532,1142,,,,,,,,,
2026-06-02,IOS,dhgate_product300_T1_Purchase 30D_purchase_IAP_Kelsey_20260421,wGMfDvBHm0s02IeZ,50.22,4012,407,,,,,,,,,
2026-06-02,ANDROID,dhgate_product148_T1_Purchase 30D_purchase_IAP_Kelsey_20260415,dVlitdxzfmXStKCR,100.29,9352,894,,,,,,,,,
2026-06-02,IOS,dhgate_product138_FR_ACT&Nopay 30D_purchase_IAP_Kelsey_20260403,zNcB24si9mbzBPed,135.03,8666,1839,,,,,,,,,
2026-06-02,IOS,dhgate_product137_US_Purchase 30D_purchase_IAP_Kelsey_20260402,Eo7scqEETcYxo6WH,50.1,4177,237,,,,,,,,,
2026-06-02,IOS,dhgate_product121_US_Purchase 30D_purchase_IAP_Kelsey_20260222,HGuWXrsF7XcJ6CCt,50.03,3623,200,,,,,,,,,
2026-06-02,IOS,dhgate_dpa-ios_US_ACT&Nopay 30D_purchase_IAP_Kelsey_20260515,y55faIMh7doL5RvO,98.0,114389,1031,,,,,,,,,
2026-06-02,ANDROID,dhgate_dpa-and_US_ACT&Nopay 30D_purchase_IAP_Kelsey_20260511,M0ZXR7rklCeN7J9o,74.53,40405,2017,,,,,,,,,
2026-06-02,IOS,dhgate_product314_UK_Purchase 30D_purchase_IAP_Kelsey_20260424,NmHyz3ZrSwNTmf0j,50.34,1606,309,,,,,,,,,
2026-06-02,ANDROID,dhgate_product332_T1_Purchase 30D_purchase_IAP_Kelsey_20260511,xRPnz3ozCwa6ycwg,50.11,7689,586,,,,,,,,,
2026-06-02,ANDROID,dhgate_product359_UK_ACT&Nopay 30D_purchase_IAP_Kelsey_20260523,RWeVcrW8HneV8sUj,43.89,2214,821,,,,,,,,,
2026-06-02,IOS,dhgate_product337_T1_ACT&Nopay 30D_purchase_IAP_Kelsey_20260513,pMbmqjxpXWy9uySH,48.51,7784,713,,,,,,,,,
2026-06-02,IOS,dhgate_product336_T1_Purchase 30D_purchase_IAP_Kelsey_20260512,IbA1O59ht1JcwImf,50.16,2998,500,,,,,,,,,
2026-06-02,ANDROID,dhgate_product370_UK_ACT&Nopay 30D_purchase_IAP_Kelsey_20260602,FhZfCMsFGbjzmgDR,7.47,586,237,,,,,,,,,
2026-06-02,IOS,dhgate_product369_US_ACT&Nopay 30D_purchase_IAP_Kelsey_20260601,c3VF4BRyeEfmmeHV,43.02,1638,825,,,,,,,,,
2026-06-02,IOS,dhgate_product368_T1_Purchase 30D_purchase_IAP_Kelsey_20260531,Ta2k2BeVyS7dWN4n,36.07,1630,743,,,,,,,,,
2026-06-02,ANDROID,dhgate_product368_T1_Purchase 30D_purchase_IAP_Kelsey_20260531,b3s2CGS3sMxfFWgV,47.16,2815,876,,,,,,,,,
2026-06-02,ANDROID,dhgate_product367_UK_Purchase 30D_purchase_IAP_Kelsey_20260530,AsUotp8z2P369W1o,44.62,2669,707,,,,,,,,,
2026-06-02,IOS,dhgate_product367_UK_Purchase 30D_purchase_IAP_Kelsey_20260530,B6nfe2NZpKCjpgca,16.06,418,228,,,,,,,,,
2026-06-02,IOS,dhgate_product366_UK_Purchase 30D_purchase_IAP_Kelsey_20260529,AuNEgf9zqO65aSdr,32.53,1172,254,,,,,,,,,
2026-06-02,ANDROID,dhgate_product366_UK_Purchase 30D_purchase_IAP_Kelsey_20260529,tlDSznDFDWyzbPVr,48.87,1793,522,,,,,,,,,
2026-06-02,ANDROID,dhgate_product365_US_Purchase 30D_purchase_IAP_Kelsey_20260528,WNhjy86kVGDJDol3,33.86,1507,251,,,,,,,,,
2026-06-02,ANDROID,dhgate_product369_US_ACT&Nopay 30D_purchase_IAP_Kelsey_20260601,n7f3WCGhTngQWJhC,39.92,2904,1095,,,,,,,,,
2026-06-02,IOS,dhgate_product364_US_Purchase 30D_purchase_IAP_Kelsey_20260527,qX4oco28gDbrpBri,49.68,1291,491,,,,,,,,,
2026-06-02,IOS,dhgate_product365_US_Purchase 30D_purchase_IAP_Kelsey_20260528,gisdp4kMGc6WK5GP,46.9,982,454,,,,,,,,,
2026-06-02,ANDROID,dhgate_product337_T1_ACT&Nopay 30D_purchase_IAP_Kelsey_20260513,Hi3okRpzvLX7H2oQ,45.85,5221,1954,,,,,,,,,
2026-06-02,IOS,dhgate_product340_US_Purchase 30D_purchase_IAP_Kelsey_20260516,yznk4uz7IRlNu5TH,50.3,1124,550,,,,,,,,,
2026-06-02,IOS,dhgate_product350_US_Purchase 30D_purchase_IAP_Kelsey_20260517,eZwoS7yMwcYqxbzm,94.89,2946,661,,,,,,,,,
2026-06-02,IOS,dhgate_product338_T1_ACT&Nopay 30D_purchase_IAP_Kelsey_20260515,aiZBaGOKYFBuq0Ps,45.42,5208,712,,,,,,,,,
2026-06-02,IOS,dhgate_product357_UK_ACT&Nopay 30D_purchase_IAP_Kelsey_20260521,secYrwGRxGvE22kr,50.15,1334,740,,,,,,,,,
2026-06-02,IOS,dhgate_product370_UK_ACT&Nopay 30D_purchase_IAP_Kelsey_20260602,u2rFWDCBsR8FziTt,14.19,510,246,,,,,,,,,
2026-06-02,ANDROID,dhgate_product364_US_Purchase 30D_purchase_IAP_Kelsey_20260527,QXrf4REyep7GNYPS,30.82,1990,198,,,,,,,,,
2026-06-02,ANDROID,dhgate_product351_US_Purchase 30D_purchase_IAP_Kelsey_20260518,QTLyTb1PbE3fo5hj,43.41,2073,254,,,,,,,,,
2026-06-03,IOS,dhgate_product319_US_Purchase 30D_purchase_IAP_Kelsey_20260429,SGOG7us7fBY7c5lH,100.71,6640,799,,,,,,,,,
2026-06-03,IOS,dhgate_product314_UK_Purchase 30D_purchase_IAP_Kelsey_20260424,NmHyz3ZrSwNTmf0j,48.61,1791,328,,,,,,,,,
2026-06-03,IOS,dhgate_product318_T1_Purchase 30D_purchase_IAP_Kelsey_20260428,mayu0PGeMJEYQhWJ,150.47,9783,1113,,,,,,,,,
2026-06-03,IOS,dhgate_product317_UK_ACT&Nopay 30D_purchase_IAP_Kelsey_20260427,H9HAtL9q0yyc4Gdy,100.94,3969,829,,,,,,,,,
2026-06-03,ANDROID,dhgate_product317_UK_ACT&Nopay 30D_purchase_IAP_Kelsey_20260427,tDzMEZEldS4Kei0r,89.68,3632,1304,,,,,,,,,
2026-06-03,ANDROID,dhgate_product317_FR_ACT&Nopay 30D_purchase_IAP_Kelsey_20260526,zbor8ujPF081oChW,50.16,4928,1837,,,,,,,,,
2026-06-03,ANDROID,dhgate_product315_UK_ACT&Nopay 30D_purchase_IAP_Kelsey_20260425,bedUOEtGfoRFbmze,50.47,5923,793,,,,,,,,,
2026-06-03,IOS,dhgate_product301_US_ACT&Nopay 30D_purchase_IAP_Kelsey_20260422,OG6WHvKPBaUM1wDo,50.1,7568,424,,,,,,,,,
2026-06-03,IOS,dhgate_product137_US_Purchase 30D_purchase_IAP_Kelsey_20260402,Eo7scqEETcYxo6WH,50.0,4020,217,,,,,,,,,
2026-06-03,IOS,dhgate_product300_T1_Purchase 30D_purchase_IAP_Kelsey_20260421,wGMfDvBHm0s02IeZ,50.48,4802,388,,,,,,,,,
2026-06-03,ANDROID,dhgate_product148_T1_Purchase 30D_purchase_IAP_Kelsey_20260415,dVlitdxzfmXStKCR,95.11,10951,990,,,,,,,,,
2026-06-03,IOS,dhgate_product138_FR_ACT&Nopay 30D_purchase_IAP_Kelsey_20260403,zNcB24si9mbzBPed,150.72,12616,1886,,,,,,,,,
2026-06-03,IOS,dhgate_product121_US_Purchase 30D_purchase_IAP_Kelsey_20260222,HGuWXrsF7XcJ6CCt,50.08,4281,220,,,,,,,,,
2026-06-03,IOS,dhgate_dpa-ios_US_ACT&Nopay 30D_purchase_IAP_Kelsey_20260515,y55faIMh7doL5RvO,100.73,144767,653,,,,,,,,,
2026-06-03,ANDROID,dhgate_dpa-and_US_ACT&Nopay 30D_purchase_IAP_Kelsey_20260511,M0ZXR7rklCeN7J9o,97.03,45030,1521,,,,,,,,,
2026-06-03,ANDROID,dhgate_product321_US_Purchase 30D_purchase_IAP_Kelsey_20260502,REqYVaM8BdMh2U81,46.96,2767,346,,,,,,,,,
2026-06-03,ANDROID,dhgate_product301_US_ACT&Nopay 30D_purchase_IAP_Kelsey_20260422,uNF1ALuKQFoHzngn,36.14,1544,769,,,,,,,,,
2026-06-03,IOS,dhgate_product321_US_Purchase 30D_purchase_IAP_Kelsey_20260502,ihMCrglFMezOy59I,50.15,5352,197,,,,,,,,,
2026-06-03,ANDROID,dhgate_product332_T1_Purchase 30D_purchase_IAP_Kelsey_20260511,xRPnz3ozCwa6ycwg,33.33,5664,385,,,,,,,,,
2026-06-03,IOS,dhgate_product326_US_ACT&Nopay 30D_purchase_IAP_Kelsey_20260506,zMf9PKJzCf4uVI7T,50.21,1492,847,,,,,,,,,
2026-06-03,IOS,dhgate_product370_UK_ACT&Nopay 30D_purchase_IAP_Kelsey_20260602,u2rFWDCBsR8FziTt,49.46,1688,797,,,,,,,,,
2026-06-03,ANDROID,dhgate_product322_US_Purchase 30D_purchase_IAP_Kelsey_20260504,UEOt0CeUKtYLfLaH,50.41,3350,389,,,,,,,,,
2026-06-03,ANDROID,dhgate_product369_US_ACT&Nopay 30D_purchase_IAP_Kelsey_20260601,n7f3WCGhTngQWJhC,39.99,2330,956,,,,,,,,,
2026-06-03,IOS,dhgate_product369_US_ACT&Nopay 30D_purchase_IAP_Kelsey_20260601,c3VF4BRyeEfmmeHV,39.44,1497,742,,,,,,,,,
2026-06-03,IOS,dhgate_product368_T1_Purchase 30D_purchase_IAP_Kelsey_20260531,Ta2k2BeVyS7dWN4n,48.25,2800,780,,,,,,,,,
2026-06-03,ANDROID,dhgate_product368_T1_Purchase 30D_purchase_IAP_Kelsey_20260531,b3s2CGS3sMxfFWgV,36.5,2243,804,,,,,,,,,
2026-06-03,ANDROID,dhgate_product367_UK_Purchase 30D_purchase_IAP_Kelsey_20260530,AsUotp8z2P369W1o,40.47,1803,622,,,,,,,,,
2026-06-03,ANDROID,dhgate_product366_UK_Purchase 30D_purchase_IAP_Kelsey_20260529,tlDSznDFDWyzbPVr,31.04,1072,426,,,,,,,,,
2026-06-03,IOS,dhgate_product364_US_Purchase 30D_purchase_IAP_Kelsey_20260527,qX4oco28gDbrpBri,50.1,1217,529,,,,,,,,,
2026-06-03,ANDROID,dhgate_product370_UK_ACT&Nopay 30D_purchase_IAP_Kelsey_20260602,FhZfCMsFGbjzmgDR,40.28,2629,920,,,,,,,,,
2026-06-03,IOS,dhgate_product357_UK_ACT&Nopay 30D_purchase_IAP_Kelsey_20260521,secYrwGRxGvE22kr,50.17,1311,695,,,,,,,,,
2026-06-03,IOS,dhgate_product350_US_Purchase 30D_purchase_IAP_Kelsey_20260517,eZwoS7yMwcYqxbzm,100.38,6779,425,,,,,,,,,
2026-06-03,IOS,dhgate_product340_US_Purchase 30D_purchase_IAP_Kelsey_20260516,yznk4uz7IRlNu5TH,50.14,1086,530,,,,,,,,,
2026-06-03,IOS,dhgate_product338_T1_ACT&Nopay 30D_purchase_IAP_Kelsey_20260515,aiZBaGOKYFBuq0Ps,50.23,6103,758,,,,,,,,,
2026-06-03,ANDROID,dhgate_product337_T1_ACT&Nopay 30D_purchase_IAP_Kelsey_20260513,Hi3okRpzvLX7H2oQ,42.23,4716,1815,,,,,,,,,
2026-06-03,IOS,dhgate_product337_T1_ACT&Nopay 30D_purchase_IAP_Kelsey_20260513,pMbmqjxpXWy9uySH,50.26,8785,768,,,,,,,,,
2026-06-03,IOS,dhgate_product336_T1_Purchase 30D_purchase_IAP_Kelsey_20260512,IbA1O59ht1JcwImf,50.38,3920,492,,,,,,,,,
2026-06-03,ANDROID,dhgate_product359_UK_ACT&Nopay 30D_purchase_IAP_Kelsey_20260523,RWeVcrW8HneV8sUj,47.26,2297,905,,,,,,,,,
2026-06-04,IOS,dhgate_product319_US_Purchase 30D_purchase_IAP_Kelsey_20260429,SGOG7us7fBY7c5lH,100.32,6900,842,,,,,,,,,
2026-06-04,IOS,dhgate_product318_T1_Purchase 30D_purchase_IAP_Kelsey_20260428,mayu0PGeMJEYQhWJ,150.13,9182,1184,,,,,,,,,
2026-06-04,IOS,dhgate_product317_UK_ACT&Nopay 30D_purchase_IAP_Kelsey_20260427,H9HAtL9q0yyc4Gdy,93.09,4240,793,,,,,,,,,
2026-06-04,ANDROID,dhgate_product317_UK_ACT&Nopay 30D_purchase_IAP_Kelsey_20260427,tDzMEZEldS4Kei0r,92.9,3635,1326,,,,,,,,,
2026-06-04,ANDROID,dhgate_product317_FR_ACT&Nopay 30D_purchase_IAP_Kelsey_20260526,zbor8ujPF081oChW,46.69,5604,1960,,,,,,,,,
2026-06-04,ANDROID,dhgate_product315_UK_ACT&Nopay 30D_purchase_IAP_Kelsey_20260425,bedUOEtGfoRFbmze,50.17,6996,692,,,,,,,,,
2026-06-04,IOS,dhgate_product314_UK_Purchase 30D_purchase_IAP_Kelsey_20260424,NmHyz3ZrSwNTmf0j,45.0,1990,329,,,,,,,,,
2026-06-04,ANDROID,dhgate_product148_T1_Purchase 30D_purchase_IAP_Kelsey_20260415,dVlitdxzfmXStKCR,100.41,12796,941,,,,,,,,,
2026-06-04,ANDROID,dhgate_product301_US_ACT&Nopay 30D_purchase_IAP_Kelsey_20260422,uNF1ALuKQFoHzngn,42.95,1983,918,,,,,,,,,
2026-06-04,IOS,dhgate_product300_T1_Purchase 30D_purchase_IAP_Kelsey_20260421,wGMfDvBHm0s02IeZ,50.42,4599,443,,,,,,,,,
2026-06-04,IOS,dhgate_product138_FR_ACT&Nopay 30D_purchase_IAP_Kelsey_20260403,zNcB24si9mbzBPed,150.14,12811,1942,,,,,,,,,
2026-06-04,IOS,dhgate_product137_US_Purchase 30D_purchase_IAP_Kelsey_20260402,Eo7scqEETcYxo6WH,50.35,4093,228,,,,,,,,,
2026-06-04,IOS,dhgate_product121_US_Purchase 30D_purchase_IAP_Kelsey_20260222,HGuWXrsF7XcJ6CCt,50.15,3755,204,,,,,,,,,
2026-06-04,IOS,dhgate_dpa-ios_US_ACT&Nopay 30D_purchase_IAP_Kelsey_20260515,y55faIMh7doL5RvO,101.07,9073,390,,,,,,,,,
2026-06-04,ANDROID,dhgate_dpa-and_US_ACT&Nopay 30D_purchase_IAP_Kelsey_20260511,M0ZXR7rklCeN7J9o,100.69,8232,1267,,,,,,,,,
2026-06-04,IOS,dhgate_product301_US_ACT&Nopay 30D_purchase_IAP_Kelsey_20260422,OG6WHvKPBaUM1wDo,50.17,6981,385,,,,,,,,,
2026-06-04,IOS,dhgate_product321_US_Purchase 30D_purchase_IAP_Kelsey_20260502,ihMCrglFMezOy59I,50.18,4981,188,,,,,,,,,
2026-06-04,IOS,dhgate_product337_T1_ACT&Nopay 30D_purchase_IAP_Kelsey_20260513,pMbmqjxpXWy9uySH,49.68,8589,708,,,,,,,,,
2026-06-04,IOS,dhgate_product326_US_ACT&Nopay 30D_purchase_IAP_Kelsey_20260506,zMf9PKJzCf4uVI7T,50.91,1473,819,,,,,,,,,
2026-06-04,IOS,dhgate_product370_UK_ACT&Nopay 30D_purchase_IAP_Kelsey_20260602,u2rFWDCBsR8FziTt,51.59,1422,665,,,,,,,,,
2026-06-04,ANDROID,dhgate_product370_UK_ACT&Nopay 30D_purchase_IAP_Kelsey_20260602,FhZfCMsFGbjzmgDR,37.96,2513,883,,,,,,,,,
2026-06-04,ANDROID,dhgate_product369_US_ACT&Nopay 30D_purchase_IAP_Kelsey_20260601,n7f3WCGhTngQWJhC,33.75,2049,838,,,,,,,,,
2026-06-04,IOS,dhgate_product369_US_ACT&Nopay 30D_purchase_IAP_Kelsey_20260601,c3VF4BRyeEfmmeHV,45.74,1517,777,,,,,,,,,
2026-06-04,IOS,dhgate_product368_T1_Purchase 30D_purchase_IAP_Kelsey_20260531,Ta2k2BeVyS7dWN4n,45.46,3072,399,,,,,,,,,
2026-06-04,ANDROID,dhgate_product368_T1_Purchase 30D_purchase_IAP_Kelsey_20260531,b3s2CGS3sMxfFWgV,37.36,2764,782,,,,,,,,,
2026-06-04,ANDROID,dhgate_product367_UK_Purchase 30D_purchase_IAP_Kelsey_20260530,AsUotp8z2P369W1o,34.7,1934,565,,,,,,,,,
2026-06-04,ANDROID,dhgate_product366_UK_Purchase 30D_purchase_IAP_Kelsey_20260529,tlDSznDFDWyzbPVr,41.2,1760,545,,,,,,,,,
2026-06-04,ANDROID,dhgate_product322_US_Purchase 30D_purchase_IAP_Kelsey_20260504,UEOt0CeUKtYLfLaH,50.09,2814,444,,,,,,,,,
2026-06-04,ANDROID,dhgate_product359_UK_ACT&Nopay 30D_purchase_IAP_Kelsey_20260523,RWeVcrW8HneV8sUj,35.67,2191,730,,,,,,,,,
2026-06-04,IOS,dhgate_product357_UK_ACT&Nopay 30D_purchase_IAP_Kelsey_20260521,secYrwGRxGvE22kr,51.3,1280,668,,,,,,,,,
2026-06-04,IOS,dhgate_product350_US_Purchase 30D_purchase_IAP_Kelsey_20260517,eZwoS7yMwcYqxbzm,102.43,6188,414,,,,,,,,,
2026-06-04,IOS,dhgate_product340_US_Purchase 30D_purchase_IAP_Kelsey_20260516,yznk4uz7IRlNu5TH,51.55,1005,530,,,,,,,,,
2026-06-04,IOS,dhgate_product338_T1_ACT&Nopay 30D_purchase_IAP_Kelsey_20260515,aiZBaGOKYFBuq0Ps,49.36,6375,724,,,,,,,,,
2026-06-04,ANDROID,dhgate_product337_T1_ACT&Nopay 30D_purchase_IAP_Kelsey_20260513,Hi3okRpzvLX7H2oQ,40.17,5587,2113,,,,,,,,,
2026-06-04,IOS,dhgate_product336_T1_Purchase 30D_purchase_IAP_Kelsey_20260512,IbA1O59ht1JcwImf,51.47,3976,430,,,,,,,,,
2026-06-04,IOS,dhgate_product364_US_Purchase 30D_purchase_IAP_Kelsey_20260527,qX4oco28gDbrpBri,53.06,1093,456,,,,,,,,,
2026-06-05,IOS,dhgate_product321_US_Purchase 30D_purchase_IAP_Kelsey_20260502,ihMCrglFMezOy59I,50.2,4423,206,,,,,,,,,
2026-06-05,IOS,dhgate_product319_US_Purchase 30D_purchase_IAP_Kelsey_20260429,SGOG7us7fBY7c5lH,100.6,7343,801,,,,,,,,,
2026-06-05,IOS,dhgate_product318_T1_Purchase 30D_purchase_IAP_Kelsey_20260428,mayu0PGeMJEYQhWJ,150.82,9267,1040,,,,,,,,,
2026-06-05,IOS,dhgate_product317_UK_ACT&Nopay 30D_purchase_IAP_Kelsey_20260427,H9HAtL9q0yyc4Gdy,100.72,4373,790,,,,,,,,,
2026-06-05,ANDROID,dhgate_product317_UK_ACT&Nopay 30D_purchase_IAP_Kelsey_20260427,tDzMEZEldS4Kei0r,81.37,3503,1248,,,,,,,,,
2026-06-05,ANDROID,dhgate_product317_FR_ACT&Nopay 30D_purchase_IAP_Kelsey_20260526,zbor8ujPF081oChW,45.36,5441,2045,,,,,,,,,
2026-06-05,ANDROID,dhgate_product315_UK_ACT&Nopay 30D_purchase_IAP_Kelsey_20260425,bedUOEtGfoRFbmze,50.17,7225,720,,,,,,,,,
2026-06-05,IOS,dhgate_product314_UK_Purchase 30D_purchase_IAP_Kelsey_20260424,NmHyz3ZrSwNTmf0j,50.13,2120,290,,,,,,,,,
2026-06-05,ANDROID,dhgate_product148_T1_Purchase 30D_purchase_IAP_Kelsey_20260415,dVlitdxzfmXStKCR,98.51,13278,882,,,,,,,,,
2026-06-05,ANDROID,dhgate_product301_US_ACT&Nopay 30D_purchase_IAP_Kelsey_20260422,uNF1ALuKQFoHzngn,43.53,2186,1011,,,,,,,,,
2026-06-05,IOS,dhgate_product300_T1_Purchase 30D_purchase_IAP_Kelsey_20260421,wGMfDvBHm0s02IeZ,50.13,4790,380,,,,,,,,,
2026-06-05,IOS,dhgate_product138_FR_ACT&Nopay 30D_purchase_IAP_Kelsey_20260403,zNcB24si9mbzBPed,150.94,13395,1779,,,,,,,,,
2026-06-05,IOS,dhgate_product137_US_Purchase 30D_purchase_IAP_Kelsey_20260402,Eo7scqEETcYxo6WH,50.06,3411,209,,,,,,,,,
2026-06-05,IOS,dhgate_product121_US_Purchase 30D_purchase_IAP_Kelsey_20260222,HGuWXrsF7XcJ6CCt,50.03,3306,223,,,,,,,,,
2026-06-05,IOS,dhgate_dpa-ios_US_ACT&Nopay 30D_purchase_IAP_Kelsey_20260515,y55faIMh7doL5RvO,99.37,9113,377,,,,,,,,,
2026-06-05,ANDROID,dhgate_product322_US_Purchase 30D_purchase_IAP_Kelsey_20260504,UEOt0CeUKtYLfLaH,50.26,3240,419,,,,,,,,,
2026-06-05,IOS,dhgate_product301_US_ACT&Nopay 30D_purchase_IAP_Kelsey_20260422,OG6WHvKPBaUM1wDo,50.05,6908,408,,,,,,,,,
2026-06-05,ANDROID,dhgate_dpa-and_US_ACT&Nopay 30D_purchase_IAP_Kelsey_20260511,M0ZXR7rklCeN7J9o,97.05,6167,1249,,,,,,,,,
2026-06-05,IOS,dhgate_product336_T1_Purchase 30D_purchase_IAP_Kelsey_20260512,IbA1O59ht1JcwImf,50.47,3980,418,,,,,,,,,
2026-06-05,IOS,dhgate_product337_T1_ACT&Nopay 30D_purchase_IAP_Kelsey_20260513,pMbmqjxpXWy9uySH,50.27,8463,641,,,,,,,,,
2026-06-05,ANDROID,dhgate_product372_T1_ACT&Nopay 30D_purchase_IAP_Kelsey_20260605,dNCh4PR4zw9zLcA5,8.73,2836,1053,,,,,,,,,
2026-06-05,IOS,dhgate_product326_US_ACT&Nopay 30D_purchase_IAP_Kelsey_20260506,zMf9PKJzCf4uVI7T,50.38,1349,772,,,,,,,,,
2026-06-05,IOS,dhgate_product370_UK_ACT&Nopay 30D_purchase_IAP_Kelsey_20260602,u2rFWDCBsR8FziTt,37.76,956,493,,,,,,,,,
2026-06-05,ANDROID,dhgate_product370_UK_ACT&Nopay 30D_purchase_IAP_Kelsey_20260602,FhZfCMsFGbjzmgDR,27.98,2068,734,,,,,,,,,
2026-06-05,ANDROID,dhgate_product369_US_ACT&Nopay 30D_purchase_IAP_Kelsey_20260601,n7f3WCGhTngQWJhC,44.9,2923,1040,,,,,,,,,
2026-06-05,IOS,dhgate_product369_US_ACT&Nopay 30D_purchase_IAP_Kelsey_20260601,c3VF4BRyeEfmmeHV,23.45,849,446,,,,,,,,,
2026-06-05,IOS,dhgate_product368_T1_Purchase 30D_purchase_IAP_Kelsey_20260531,Ta2k2BeVyS7dWN4n,50.79,3651,464,,,,,,,,,
2026-06-05,ANDROID,dhgate_product368_T1_Purchase 30D_purchase_IAP_Kelsey_20260531,b3s2CGS3sMxfFWgV,45.05,3323,978,,,,,,,,,
2026-06-05,IOS,dhgate_product372_T1_ACT&Nopay 30D_purchase_IAP_Kelsey_20260605,U4gzqzcEnoe3yurD,8.25,683,398,,,,,,,,,
2026-06-05,ANDROID,dhgate_product366_UK_Purchase 30D_purchase_IAP_Kelsey_20260529,tlDSznDFDWyzbPVr,38.65,1779,519,,,,,,,,,
2026-06-05,IOS,dhgate_product364_US_Purchase 30D_purchase_IAP_Kelsey_20260527,qX4oco28gDbrpBri,50.25,916,477,,,,,,,,,
2026-06-05,ANDROID,dhgate_product359_UK_ACT&Nopay 30D_purchase_IAP_Kelsey_20260523,RWeVcrW8HneV8sUj,43.02,3606,1140,,,,,,,,,
2026-06-05,IOS,dhgate_product357_UK_ACT&Nopay 30D_purchase_IAP_Kelsey_20260521,secYrwGRxGvE22kr,50.6,1129,623,,,,,,,,,
2026-06-05,IOS,dhgate_product350_US_Purchase 30D_purchase_IAP_Kelsey_20260517,eZwoS7yMwcYqxbzm,100.16,5628,425,,,,,,,,,
2026-06-05,IOS,dhgate_product340_US_Purchase 30D_purchase_IAP_Kelsey_20260516,yznk4uz7IRlNu5TH,68.91,1236,680,,,,,,,,,
2026-06-05,IOS,dhgate_product338_T1_ACT&Nopay 30D_purchase_IAP_Kelsey_20260515,aiZBaGOKYFBuq0Ps,50.34,5899,703,,,,,,,,,
2026-06-05,ANDROID,dhgate_product337_T1_ACT&Nopay 30D_purchase_IAP_Kelsey_20260513,Hi3okRpzvLX7H2oQ,45.51,5988,2362,,,,,,,,,
2026-06-05,ANDROID,dhgate_product367_UK_Purchase 30D_purchase_IAP_Kelsey_20260530,AsUotp8z2P369W1o,38.13,1857,607,,,,,,,,,
2026-06-06,IOS,dhgate_product319_US_Purchase 30D_purchase_IAP_Kelsey_20260429,SGOG7us7fBY7c5lH,100.48,6475,744,,,,,,,,,
2026-06-06,IOS,dhgate_product318_T1_Purchase 30D_purchase_IAP_Kelsey_20260428,mayu0PGeMJEYQhWJ,151.57,7901,1048,,,,,,,,,
2026-06-06,IOS,dhgate_product317_UK_ACT&Nopay 30D_purchase_IAP_Kelsey_20260427,H9HAtL9q0yyc4Gdy,100.62,4486,746,,,,,,,,,
2026-06-06,ANDROID,dhgate_product317_UK_ACT&Nopay 30D_purchase_IAP_Kelsey_20260427,tDzMEZEldS4Kei0r,96.61,3833,1325,,,,,,,,,
2026-06-06,ANDROID,dhgate_product317_FR_ACT&Nopay 30D_purchase_IAP_Kelsey_20260526,zbor8ujPF081oChW,41.73,4359,1656,,,,,,,,,
2026-06-06,ANDROID,dhgate_product315_UK_ACT&Nopay 30D_purchase_IAP_Kelsey_20260425,bedUOEtGfoRFbmze,47.79,7549,533,,,,,,,,,
2026-06-06,IOS,dhgate_product300_T1_Purchase 30D_purchase_IAP_Kelsey_20260421,wGMfDvBHm0s02IeZ,50.4,3791,339,,,,,,,,,
2026-06-06,IOS,dhgate_product321_US_Purchase 30D_purchase_IAP_Kelsey_20260502,ihMCrglFMezOy59I,50.39,5453,225,,,,,,,,,
2026-06-06,ANDROID,dhgate_product301_US_ACT&Nopay 30D_purchase_IAP_Kelsey_20260422,uNF1ALuKQFoHzngn,77.92,2917,1319,,,,,,,,,
2026-06-06,IOS,dhgate_product301_US_ACT&Nopay 30D_purchase_IAP_Kelsey_20260422,OG6WHvKPBaUM1wDo,50.19,8042,392,,,,,,,,,
2026-06-06,ANDROID,dhgate_product148_T1_Purchase 30D_purchase_IAP_Kelsey_20260415,dVlitdxzfmXStKCR,96.76,12425,860,,,,,,,,,
2026-06-06,IOS,dhgate_product138_FR_ACT&Nopay 30D_purchase_IAP_Kelsey_20260403,zNcB24si9mbzBPed,150.61,10250,1745,,,,,,,,,
2026-06-06,IOS,dhgate_product137_US_Purchase 30D_purchase_IAP_Kelsey_20260402,Eo7scqEETcYxo6WH,50.72,4314,265,,,,,,,,,
2026-06-06,IOS,dhgate_product314_UK_Purchase 30D_purchase_IAP_Kelsey_20260424,NmHyz3ZrSwNTmf0j,50.13,1933,306,,,,,,,,,
2026-06-06,ANDROID,dhgate_product322_US_Purchase 30D_purchase_IAP_Kelsey_20260504,UEOt0CeUKtYLfLaH,50.3,2287,441,,,,,,,,,
2026-06-06,ANDROID,dhgate_product366_UK_Purchase 30D_purchase_IAP_Kelsey_20260529,tlDSznDFDWyzbPVr,33.96,1320,470,,,,,,,,,
2026-06-06,IOS,dhgate_product336_T1_Purchase 30D_purchase_IAP_Kelsey_20260512,IbA1O59ht1JcwImf,50.58,3999,422,,,,,,,,,
2026-06-06,IOS,dhgate_product372_T1_ACT&Nopay 30D_purchase_IAP_Kelsey_20260605,U4gzqzcEnoe3yurD,41.24,2489,1383,,,,,,,,,
2026-06-06,ANDROID,dhgate_product372_T1_ACT&Nopay 30D_purchase_IAP_Kelsey_20260605,dNCh4PR4zw9zLcA5,42.38,9390,3679,,,,,,,,,
2026-06-06,ANDROID,dhgate_product369_US_ACT&Nopay 30D_purchase_IAP_Kelsey_20260601,n7f3WCGhTngQWJhC,36.89,1897,847,,,,,,,,,
2026-06-06,IOS,dhgate_product368_T1_Purchase 30D_purchase_IAP_Kelsey_20260531,Ta2k2BeVyS7dWN4n,50.44,3108,416,,,,,,,,,
2026-06-06,ANDROID,dhgate_product368_T1_Purchase 30D_purchase_IAP_Kelsey_20260531,b3s2CGS3sMxfFWgV,45.27,2794,891,,,,,,,,,
2026-06-06,ANDROID,dhgate_product367_UK_Purchase 30D_purchase_IAP_Kelsey_20260530,AsUotp8z2P369W1o,41.87,1559,648,,,,,,,,,
2026-06-06,IOS,dhgate_product364_US_Purchase 30D_purchase_IAP_Kelsey_20260527,qX4oco28gDbrpBri,51.0,1001,504,,,,,,,,,
2026-06-06,IOS,dhgate_product326_US_ACT&Nopay 30D_purchase_IAP_Kelsey_20260506,zMf9PKJzCf4uVI7T,45.7,5688,355,,,,,,,,,
2026-06-06,IOS,dhgate_product357_UK_ACT&Nopay 30D_purchase_IAP_Kelsey_20260521,secYrwGRxGvE22kr,50.53,1088,621,,,,,,,,,
2026-06-06,IOS,dhgate_product350_US_Purchase 30D_purchase_IAP_Kelsey_20260517,eZwoS7yMwcYqxbzm,100.66,6793,448,,,,,,,,,
2026-06-06,IOS,dhgate_product340_US_Purchase 30D_purchase_IAP_Kelsey_20260516,yznk4uz7IRlNu5TH,82.41,1427,813,,,,,,,,,
2026-06-06,IOS,dhgate_product338_T1_ACT&Nopay 30D_purchase_IAP_Kelsey_20260515,aiZBaGOKYFBuq0Ps,49.21,6876,629,,,,,,,,,
2026-06-06,ANDROID,dhgate_product337_T1_ACT&Nopay 30D_purchase_IAP_Kelsey_20260513,Hi3okRpzvLX7H2oQ,44.64,5346,2157,,,,,,,,,
2026-06-06,IOS,dhgate_product337_T1_ACT&Nopay 30D_purchase_IAP_Kelsey_20260513,pMbmqjxpXWy9uySH,50.27,9113,618,,,,,,,,,
2026-06-06,ANDROID,dhgate_product359_UK_ACT&Nopay 30D_purchase_IAP_Kelsey_20260523,RWeVcrW8HneV8sUj,49.44,4008,1221,,,,,,,,,
2026-06-07,IOS,dhgate_product317_UK_ACT&Nopay 30D_purchase_IAP_Kelsey_20260427,H9HAtL9q0yyc4Gdy,91.37,3199,729,,,,,,,,,
2026-06-07,ANDROID,dhgate_product317_UK_ACT&Nopay 30D_purchase_IAP_Kelsey_20260427,tDzMEZEldS4Kei0r,92.9,3266,1354,,,,,,,,,
2026-06-07,ANDROID,dhgate_product317_FR_ACT&Nopay 30D_purchase_IAP_Kelsey_20260526,zbor8ujPF081oChW,35.38,3236,1328,,,,,,,,,
2026-06-07,ANDROID,dhgate_product315_UK_ACT&Nopay 30D_purchase_IAP_Kelsey_20260425,bedUOEtGfoRFbmze,49.49,6322,628,,,,,,,,,
2026-06-07,IOS,dhgate_product314_UK_Purchase 30D_purchase_IAP_Kelsey_20260424,NmHyz3ZrSwNTmf0j,49.34,1767,333,,,,,,,,,
2026-06-07,IOS,dhgate_product301_US_ACT&Nopay 30D_purchase_IAP_Kelsey_20260422,OG6WHvKPBaUM1wDo,50.14,4746,554,,,,,,,,,
2026-06-07,ANDROID,dhgate_product301_US_ACT&Nopay 30D_purchase_IAP_Kelsey_20260422,uNF1ALuKQFoHzngn,65.67,2340,1112,,,,,,,,,
2026-06-07,IOS,dhgate_product138_FR_ACT&Nopay 30D_purchase_IAP_Kelsey_20260403,zNcB24si9mbzBPed,150.63,7597,1856,,,,,,,,,
2026-06-07,ANDROID,dhgate_product148_T1_Purchase 30D_purchase_IAP_Kelsey_20260415,dVlitdxzfmXStKCR,91.39,12388,876,,,,,,,,,
2026-06-07,IOS,dhgate_product137_US_Purchase 30D_purchase_IAP_Kelsey_20260402,Eo7scqEETcYxo6WH,50.44,2761,305,,,,,,,,,
2026-06-07,IOS,dhgate_product121_US_Purchase 30D_purchase_IAP_Kelsey_20260222,HGuWXrsF7XcJ6CCt,48.84,2658,261,,,,,,,,,
2026-06-07,IOS,dhgate_dpa-ios_US_ACT&Nopay 30D_purchase_IAP_Kelsey_20260515,y55faIMh7doL5RvO,96.21,6118,420,,,,,,,,,
2026-06-07,ANDROID,dhgate_dpa-and_US_ACT&Nopay 30D_purchase_IAP_Kelsey_20260511,M0ZXR7rklCeN7J9o,100.03,4597,985,,,,,,,,,
2026-06-07,IOS,dhgate_product318_T1_Purchase 30D_purchase_IAP_Kelsey_20260428,mayu0PGeMJEYQhWJ,151.01,6412,1142,,,,,,,,,
2026-06-07,IOS,dhgate_product300_T1_Purchase 30D_purchase_IAP_Kelsey_20260421,wGMfDvBHm0s02IeZ,50.37,3232,396,,,,,,,,,
2026-06-07,IOS,dhgate_product319_US_Purchase 30D_purchase_IAP_Kelsey_20260429,SGOG7us7fBY7c5lH,100.53,5511,810,,,,,,,,,
2026-06-07,IOS,dhgate_product321_US_Purchase 30D_purchase_IAP_Kelsey_20260502,ihMCrglFMezOy59I,50.13,3196,277,,,,,,,,,
2026-06-07,IOS,dhgate_product372_T1_ACT&Nopay 30D_purchase_IAP_Kelsey_20260605,U4gzqzcEnoe3yurD,43.18,2227,1209,,,,,,,,,
2026-06-07,ANDROID,dhgate_product322_US_Purchase 30D_purchase_IAP_Kelsey_20260504,UEOt0CeUKtYLfLaH,44.25,1438,360,,,,,,,,,
2026-06-07,ANDROID,dhgate_product372_T1_ACT&Nopay 30D_purchase_IAP_Kelsey_20260605,dNCh4PR4zw9zLcA5,46.91,7182,2797,,,,,,,,,
2026-06-07,ANDROID,dhgate_product369_US_ACT&Nopay 30D_purchase_IAP_Kelsey_20260601,n7f3WCGhTngQWJhC,36.85,1715,849,,,,,,,,,
2026-06-07,IOS,dhgate_product368_T1_Purchase 30D_purchase_IAP_Kelsey_20260531,Ta2k2BeVyS7dWN4n,50.9,2271,460,,,,,,,,,
2026-06-07,ANDROID,dhgate_product368_T1_Purchase 30D_purchase_IAP_Kelsey_20260531,b3s2CGS3sMxfFWgV,40.18,2573,823,,,,,,,,,
2026-06-07,ANDROID,dhgate_product366_UK_Purchase 30D_purchase_IAP_Kelsey_20260529,tlDSznDFDWyzbPVr,33.98,1222,477,,,,,,,,,
2026-06-07,IOS,dhgate_product364_US_Purchase 30D_purchase_IAP_Kelsey_20260527,qX4oco28gDbrpBri,50.16,820,422,,,,,,,,,
2026-06-07,ANDROID,dhgate_product359_UK_ACT&Nopay 30D_purchase_IAP_Kelsey_20260523,RWeVcrW8HneV8sUj,42.22,3346,1058,,,,,,,,,
2026-06-07,ANDROID,dhgate_product367_UK_Purchase 30D_purchase_IAP_Kelsey_20260530,AsUotp8z2P369W1o,27.84,1043,448,,,,,,,,,
2026-06-07,IOS,dhgate_product350_US_Purchase 30D_purchase_IAP_Kelsey_20260517,eZwoS7yMwcYqxbzm,100.17,4388,518,,,,,,,,,
2026-06-07,IOS,dhgate_product340_US_Purchase 30D_purchase_IAP_Kelsey_20260516,yznk4uz7IRlNu5TH,81.89,1389,808,,,,,,,,,
2026-06-07,IOS,dhgate_product338_T1_ACT&Nopay 30D_purchase_IAP_Kelsey_20260515,aiZBaGOKYFBuq0Ps,50.25,4144,755,,,,,,,,,
2026-06-07,ANDROID,dhgate_product337_T1_ACT&Nopay 30D_purchase_IAP_Kelsey_20260513,Hi3okRpzvLX7H2oQ,40.12,4135,1722,,,,,,,,,
2026-06-07,IOS,dhgate_product337_T1_ACT&Nopay 30D_purchase_IAP_Kelsey_20260513,pMbmqjxpXWy9uySH,49.0,5494,702,,,,,,,,,
2026-06-07,IOS,dhgate_product336_T1_Purchase 30D_purchase_IAP_Kelsey_20260512,IbA1O59ht1JcwImf,50.35,3013,439,,,,,,,,,
2026-06-07,IOS,dhgate_product326_US_ACT&Nopay 30D_purchase_IAP_Kelsey_20260506,zMf9PKJzCf4uVI7T,48.33,3190,524,,,,,,,,,
2026-06-07,IOS,dhgate_product357_UK_ACT&Nopay 30D_purchase_IAP_Kelsey_20260521,secYrwGRxGvE22kr,50.26,1139,580,,,,,,,,,
2026-06-08,IOS,dhgate_product314_UK_Purchase 30D_purchase_IAP_Kelsey_20260424,NmHyz3ZrSwNTmf0j,49.23,1732,358,,,,,,,,,
2026-06-08,IOS,dhgate_product318_T1_Purchase 30D_purchase_IAP_Kelsey_20260428,mayu0PGeMJEYQhWJ,111.66,5064,858,,,,,,,,,
2026-06-08,IOS,dhgate_product317_UK_ACT&Nopay 30D_purchase_IAP_Kelsey_20260427,H9HAtL9q0yyc4Gdy,97.91,3075,828,,,,,,,,,
2026-06-08,ANDROID,dhgate_product317_UK_ACT&Nopay 30D_purchase_IAP_Kelsey_20260427,tDzMEZEldS4Kei0r,76.53,2745,1076,,,,,,,,,
2026-06-08,ANDROID,dhgate_product317_FR_ACT&Nopay 30D_purchase_IAP_Kelsey_20260526,zbor8ujPF081oChW,41.48,3562,1374,,,,,,,,,
2026-06-08,ANDROID,dhgate_product315_UK_ACT&Nopay 30D_purchase_IAP_Kelsey_20260425,bedUOEtGfoRFbmze,62.96,7097,927,,,,,,,,,
2026-06-08,ANDROID,dhgate_product301_US_ACT&Nopay 30D_purchase_IAP_Kelsey_20260422,uNF1ALuKQFoHzngn,84.17,2642,1315,,,,,,,,,
2026-06-08,IOS,dhgate_product319_US_Purchase 30D_purchase_IAP_Kelsey_20260429,SGOG7us7fBY7c5lH,100.65,6321,867,,,,,,,,,
2026-06-08,IOS,dhgate_product300_T1_Purchase 30D_purchase_IAP_Kelsey_20260421,wGMfDvBHm0s02IeZ,50.79,3547,426,,,,,,,,,
2026-06-08,ANDROID,dhgate_product148_T1_Purchase 30D_purchase_IAP_Kelsey_20260415,dVlitdxzfmXStKCR,99.81,13103,1101,,,,,,,,,
2026-06-08,IOS,dhgate_product138_FR_ACT&Nopay 30D_purchase_IAP_Kelsey_20260403,zNcB24si9mbzBPed,149.64,9454,1799,,,,,,,,,
2026-06-08,IOS,dhgate_product137_US_Purchase 30D_purchase_IAP_Kelsey_20260402,Eo7scqEETcYxo6WH,50.23,2397,301,,,,,,,,,
2026-06-08,IOS,dhgate_product121_US_Purchase 30D_purchase_IAP_Kelsey_20260222,HGuWXrsF7XcJ6CCt,50.1,2106,283,,,,,,,,,
2026-06-08,IOS,dhgate_dpa-ios_US_ACT&Nopay 30D_purchase_IAP_Kelsey_20260515,y55faIMh7doL5RvO,97.96,6098,455,,,,,,,,,
2026-06-08,ANDROID,dhgate_dpa-and_US_ACT&Nopay 30D_purchase_IAP_Kelsey_20260511,M0ZXR7rklCeN7J9o,99.16,5725,955,,,,,,,,,
2026-06-08,IOS,dhgate_product301_US_ACT&Nopay 30D_purchase_IAP_Kelsey_20260422,OG6WHvKPBaUM1wDo,50.18,3903,558,,,,,,,,,
2026-06-08,IOS,dhgate_product321_US_Purchase 30D_purchase_IAP_Kelsey_20260502,ihMCrglFMezOy59I,50.73,2814,273,,,,,,,,,
2026-06-08,ANDROID,dhgate_product322_US_Purchase 30D_purchase_IAP_Kelsey_20260504,UEOt0CeUKtYLfLaH,50.2,1721,454,,,,,,,,,
2026-06-08,IOS,dhgate_product373_T1_ACT&Nopay 30D_purchase_IAP_Kelsey_20260608,SOyFbWwwzNFEDvyp,8.08,632,323,,,,,,,,,
2026-06-08,ANDROID,dhgate_product373_T1_ACT&Nopay 30D_purchase_IAP_Kelsey_20260608,wFD7FFJteXnPqAV9,7.74,2616,999,,,,,,,,,
2026-06-08,IOS,dhgate_product326_US_ACT&Nopay 30D_purchase_IAP_Kelsey_20260506,zMf9PKJzCf4uVI7T,49.78,2749,609,,,,,,,,,
2026-06-08,IOS,dhgate_product372_T1_ACT&Nopay 30D_purchase_IAP_Kelsey_20260605,U4gzqzcEnoe3yurD,43.32,2300,1181,,,,,,,,,
2026-06-08,ANDROID,dhgate_product372_T1_ACT&Nopay 30D_purchase_IAP_Kelsey_20260605,dNCh4PR4zw9zLcA5,34.4,4001,1606,,,,,,,,,
2026-06-08,ANDROID,dhgate_product369_US_ACT&Nopay 30D_purchase_IAP_Kelsey_20260601,n7f3WCGhTngQWJhC,33.87,1593,746,,,,,,,,,
2026-06-08,IOS,dhgate_product368_T1_Purchase 30D_purchase_IAP_Kelsey_20260531,Ta2k2BeVyS7dWN4n,50.69,2274,486,,,,,,,,,
2026-06-08,ANDROID,dhgate_product367_UK_Purchase 30D_purchase_IAP_Kelsey_20260530,AsUotp8z2P369W1o,31.36,1360,500,,,,,,,,,
2026-06-08,ANDROID,dhgate_product366_UK_Purchase 30D_purchase_IAP_Kelsey_20260529,tlDSznDFDWyzbPVr,40.02,1429,556,,,,,,,,,
2026-06-08,ANDROID,dhgate_product368_T1_Purchase 30D_purchase_IAP_Kelsey_20260531,b3s2CGS3sMxfFWgV,42.93,2975,875,,,,,,,,,
2026-06-08,ANDROID,dhgate_product359_UK_ACT&Nopay 30D_purchase_IAP_Kelsey_20260523,RWeVcrW8HneV8sUj,47.08,3987,1178,,,,,,,,,
2026-06-08,IOS,dhgate_product357_UK_ACT&Nopay 30D_purchase_IAP_Kelsey_20260521,secYrwGRxGvE22kr,50.6,1150,616,,,,,,,,,
2026-06-08,IOS,dhgate_product350_US_Purchase 30D_purchase_IAP_Kelsey_20260517,eZwoS7yMwcYqxbzm,87.19,3504,488,,,,,,,,,
2026-06-08,IOS,dhgate_product340_US_Purchase 30D_purchase_IAP_Kelsey_20260516,yznk4uz7IRlNu5TH,98.0,2377,751,,,,,,,,,
2026-06-08,IOS,dhgate_product338_T1_ACT&Nopay 30D_purchase_IAP_Kelsey_20260515,aiZBaGOKYFBuq0Ps,45.85,3535,751,,,,,,,,,
2026-06-08,ANDROID,dhgate_product337_T1_ACT&Nopay 30D_purchase_IAP_Kelsey_20260513,Hi3okRpzvLX7H2oQ,40.03,3841,1483,,,,,,,,,
2026-06-08,IOS,dhgate_product337_T1_ACT&Nopay 30D_purchase_IAP_Kelsey_20260513,pMbmqjxpXWy9uySH,50.18,4603,725,,,,,,,,,
2026-06-08,IOS,dhgate_product336_T1_Purchase 30D_purchase_IAP_Kelsey_20260512,IbA1O59ht1JcwImf,50.91,3436,471,,,,,,,,,
2026-06-08,IOS,dhgate_product364_US_Purchase 30D_purchase_IAP_Kelsey_20260527,qX4oco28gDbrpBri,46.49,1010,519,,,,,,,,,
2026-06-09,ANDROID,dhgate_product315_UK_ACT&Nopay 30D_purchase_IAP_Kelsey_20260425,bedUOEtGfoRFbmze,100.45,10793,1530,,,,,,,,,
2026-06-09,IOS,dhgate_product319_US_Purchase 30D_purchase_IAP_Kelsey_20260429,SGOG7us7fBY7c5lH,100.75,6467,986,,,,,,,,,
2026-06-09,IOS,dhgate_product318_T1_Purchase 30D_purchase_IAP_Kelsey_20260428,mayu0PGeMJEYQhWJ,100.4,4597,820,,,,,,,,,
2026-06-09,IOS,dhgate_product317_UK_ACT&Nopay 30D_purchase_IAP_Kelsey_20260427,H9HAtL9q0yyc4Gdy,97.74,3263,804,,,,,,,,,
2026-06-09,ANDROID,dhgate_product317_UK_ACT&Nopay 30D_purchase_IAP_Kelsey_20260427,tDzMEZEldS4Kei0r,84.2,3127,1162,,,,,,,,,
2026-06-09,ANDROID,dhgate_product317_FR_ACT&Nopay 30D_purchase_IAP_Kelsey_20260526,zbor8ujPF081oChW,44.75,3632,1353,,,,,,,,,
2026-06-09,IOS,dhgate_product314_UK_Purchase 30D_purchase_IAP_Kelsey_20260424,NmHyz3ZrSwNTmf0j,50.12,1815,400,,,,,,,,,
2026-06-09,IOS,dhgate_product326_US_ACT&Nopay 30D_purchase_IAP_Kelsey_20260506,zMf9PKJzCf4uVI7T,89.83,4418,908,,,,,,,,,
2026-06-09,IOS,dhgate_product301_US_ACT&Nopay 30D_purchase_IAP_Kelsey_20260422,OG6WHvKPBaUM1wDo,50.1,4490,535,,,,,,,,,
2026-06-09,IOS,dhgate_product300_T1_Purchase 30D_purchase_IAP_Kelsey_20260421,wGMfDvBHm0s02IeZ,50.18,3950,426,,,,,,,,,
2026-06-09,ANDROID,dhgate_product148_T1_Purchase 30D_purchase_IAP_Kelsey_20260415,dVlitdxzfmXStKCR,95.53,12500,1060,,,,,,,,,
2026-06-09,IOS,dhgate_product138_FR_ACT&Nopay 30D_purchase_IAP_Kelsey_20260403,zNcB24si9mbzBPed,150.13,10524,1784,,,,,,,,,
2026-06-09,IOS,dhgate_product137_US_Purchase 30D_purchase_IAP_Kelsey_20260402,Eo7scqEETcYxo6WH,50.09,3116,268,,,,,,,,,
2026-06-09,IOS,dhgate_dpa-ios_US_ACT&Nopay 30D_purchase_IAP_Kelsey_20260515,y55faIMh7doL5RvO,88.84,5572,409,,,,,,,,,
2026-06-09,ANDROID,dhgate_dpa-and_US_ACT&Nopay 30D_purchase_IAP_Kelsey_20260511,M0ZXR7rklCeN7J9o,100.6,6906,932,,,,,,,,,
2026-06-09,ANDROID,dhgate_product301_US_ACT&Nopay 30D_purchase_IAP_Kelsey_20260422,uNF1ALuKQFoHzngn,69.75,2462,1177,,,,,,,,,
2026-06-09,IOS,dhgate_product321_US_Purchase 30D_purchase_IAP_Kelsey_20260502,ihMCrglFMezOy59I,50.12,4128,263,,,,,,,,,
2026-06-09,IOS,dhgate_product340_US_Purchase 30D_purchase_IAP_Kelsey_20260516,yznk4uz7IRlNu5TH,100.5,4565,491,,,,,,,,,
2026-06-09,IOS,dhgate_product336_T1_Purchase 30D_purchase_IAP_Kelsey_20260512,IbA1O59ht1JcwImf,50.63,3493,479,,,,,,,,,
2026-06-09,ANDROID,dhgate_product373_T1_ACT&Nopay 30D_purchase_IAP_Kelsey_20260608,wFD7FFJteXnPqAV9,35.13,6723,2530,,,,,,,,,
2026-06-09,IOS,dhgate_product373_T1_ACT&Nopay 30D_purchase_IAP_Kelsey_20260608,SOyFbWwwzNFEDvyp,41.6,2588,1195,,,,,,,,,
2026-06-09,IOS,dhgate_product372_T1_ACT&Nopay 30D_purchase_IAP_Kelsey_20260605,U4gzqzcEnoe3yurD,39.69,2114,1090,,,,,,,,,
2026-06-09,ANDROID,dhgate_product322_US_Purchase 30D_purchase_IAP_Kelsey_20260504,UEOt0CeUKtYLfLaH,48.23,2528,527,,,,,,,,,
2026-06-09,ANDROID,dhgate_product368_T1_Purchase 30D_purchase_IAP_Kelsey_20260531,b3s2CGS3sMxfFWgV,40.81,2874,919,,,,,,,,,
2026-06-09,ANDROID,dhgate_product367_UK_Purchase 30D_purchase_IAP_Kelsey_20260530,AsUotp8z2P369W1o,36.55,1810,639,,,,,,,,,
2026-06-09,ANDROID,dhgate_product366_UK_Purchase 30D_purchase_IAP_Kelsey_20260529,tlDSznDFDWyzbPVr,35.73,1494,532,,,,,,,,,
2026-06-09,IOS,dhgate_product368_T1_Purchase 30D_purchase_IAP_Kelsey_20260531,Ta2k2BeVyS7dWN4n,50.35,2297,484,,,,,,,,,
2026-06-09,ANDROID,dhgate_product359_UK_ACT&Nopay 30D_purchase_IAP_Kelsey_20260523,RWeVcrW8HneV8sUj,50.87,4718,1409,,,,,,,,,
2026-06-09,IOS,dhgate_product357_UK_ACT&Nopay 30D_purchase_IAP_Kelsey_20260521,secYrwGRxGvE22kr,50.43,1146,631,,,,,,,,,
2026-06-09,IOS,dhgate_product350_US_Purchase 30D_purchase_IAP_Kelsey_20260517,eZwoS7yMwcYqxbzm,100.49,4616,518,,,,,,,,,
2026-06-09,IOS,dhgate_product338_T1_ACT&Nopay 30D_purchase_IAP_Kelsey_20260515,aiZBaGOKYFBuq0Ps,50.33,4098,763,,,,,,,,,
2026-06-09,ANDROID,dhgate_product337_T1_ACT&Nopay 30D_purchase_IAP_Kelsey_20260513,Hi3okRpzvLX7H2oQ,37.01,3324,1309,,,,,,,,,
2026-06-09,IOS,dhgate_product337_T1_ACT&Nopay 30D_purchase_IAP_Kelsey_20260513,pMbmqjxpXWy9uySH,47.95,5620,673,,,,,,,,,
2026-06-09,IOS,dhgate_product364_US_Purchase 30D_purchase_IAP_Kelsey_20260527,qX4oco28gDbrpBri,47.49,1021,498,,,,,,,,,
2026-06-10,IOS,dhgate_product321_US_Purchase 30D_purchase_IAP_Kelsey_20260502,ihMCrglFMezOy59I,50.13,5671,254,,,,,,,,,
2026-06-10,IOS,dhgate_product319_US_Purchase 30D_purchase_IAP_Kelsey_20260429,SGOG7us7fBY7c5lH,100.36,8453,865,,,,,,,,,
2026-06-10,IOS,dhgate_product318_T1_Purchase 30D_purchase_IAP_Kelsey_20260428,mayu0PGeMJEYQhWJ,100.5,5353,836,,,,,,,,,
2026-06-10,ANDROID,dhgate_product317_UK_ACT&Nopay 30D_purchase_IAP_Kelsey_20260427,tDzMEZEldS4Kei0r,89.46,3027,1218,,,,,,,,,
2026-06-10,IOS,dhgate_product317_UK_ACT&Nopay 30D_purchase_IAP_Kelsey_20260427,H9HAtL9q0yyc4Gdy,91.06,3641,775,,,,,,,,,
2026-06-10,ANDROID,dhgate_product317_FR_ACT&Nopay 30D_purchase_IAP_Kelsey_20260526,zbor8ujPF081oChW,43.73,3847,1532,,,,,,,,,
2026-06-10,IOS,dhgate_product314_UK_Purchase 30D_purchase_IAP_Kelsey_20260424,NmHyz3ZrSwNTmf0j,50.38,1802,372,,,,,,,,,
2026-06-10,ANDROID,dhgate_product322_US_Purchase 30D_purchase_IAP_Kelsey_20260504,UEOt0CeUKtYLfLaH,47.06,1801,476,,,,,,,,,
2026-06-10,IOS,dhgate_product301_US_ACT&Nopay 30D_purchase_IAP_Kelsey_20260422,OG6WHvKPBaUM1wDo,50.02,7375,485,,,,,,,,,
2026-06-10,IOS,dhgate_product300_T1_Purchase 30D_purchase_IAP_Kelsey_20260421,wGMfDvBHm0s02IeZ,50.37,4683,441,,,,,,,,,
2026-06-10,ANDROID,dhgate_product148_T1_Purchase 30D_purchase_IAP_Kelsey_20260415,dVlitdxzfmXStKCR,96.4,12014,1005,,,,,,,,,
2026-06-10,IOS,dhgate_product138_FR_ACT&Nopay 30D_purchase_IAP_Kelsey_20260403,zNcB24si9mbzBPed,150.46,14202,1779,,,,,,,,,
2026-06-10,IOS,dhgate_product137_US_Purchase 30D_purchase_IAP_Kelsey_20260402,Eo7scqEETcYxo6WH,50.23,4760,296,,,,,,,,,
2026-06-10,IOS,dhgate_dpa-ios_US_ACT&Nopay 30D_purchase_IAP_Kelsey_20260515,y55faIMh7doL5RvO,95.37,6700,349,,,,,,,,,
2026-06-10,ANDROID,dhgate_dpa-and_US_ACT&Nopay 30D_purchase_IAP_Kelsey_20260511,M0ZXR7rklCeN7J9o,93.9,5014,706,,,,,,,,,
2026-06-10,ANDROID,dhgate_product301_US_ACT&Nopay 30D_purchase_IAP_Kelsey_20260422,uNF1ALuKQFoHzngn,65.67,2135,1075,,,,,,,,,
2026-06-10,IOS,dhgate_product326_US_ACT&Nopay 30D_purchase_IAP_Kelsey_20260506,zMf9PKJzCf4uVI7T,97.63,8386,926,,,,,,,,,
2026-06-10,ANDROID,dhgate_product315_UK_ACT&Nopay 30D_purchase_IAP_Kelsey_20260425,bedUOEtGfoRFbmze,100.8,11176,1717,,,,,,,,,
2026-06-10,IOS,dhgate_product337_T1_ACT&Nopay 30D_purchase_IAP_Kelsey_20260513,pMbmqjxpXWy9uySH,50.33,8983,664,,,,,,,,,
2026-06-10,IOS,dhgate_product374_US_ACT&Nopay 30D_purchase_IAP_Kelsey_20260610,cDaIJszp5MXFZLaj,8.54,347,190,,,,,,,,,
2026-06-10,ANDROID,dhgate_product374_US_ACT&Nopay 30D_purchase_IAP_Kelsey_20260610,lHtOeUxHZghwmdpM,7.91,558,269,,,,,,,,,
2026-06-10,ANDROID,dhgate_product373_T1_ACT&Nopay 30D_purchase_IAP_Kelsey_20260608,wFD7FFJteXnPqAV9,46.41,5955,2305,,,,,,,,,
2026-06-10,IOS,dhgate_product373_T1_ACT&Nopay 30D_purchase_IAP_Kelsey_20260608,SOyFbWwwzNFEDvyp,48.31,2612,1279,,,,,,,,,
2026-06-10,IOS,dhgate_product372_T1_ACT&Nopay 30D_purchase_IAP_Kelsey_20260605,U4gzqzcEnoe3yurD,45.42,2498,1300,,,,,,,,,
2026-06-10,IOS,dhgate_product368_T1_Purchase 30D_purchase_IAP_Kelsey_20260531,Ta2k2BeVyS7dWN4n,50.52,3103,466,,,,,,,,,
2026-06-10,ANDROID,dhgate_product368_T1_Purchase 30D_purchase_IAP_Kelsey_20260531,b3s2CGS3sMxfFWgV,55.48,3814,1260,,,,,,,,,
2026-06-10,ANDROID,dhgate_product367_UK_Purchase 30D_purchase_IAP_Kelsey_20260530,AsUotp8z2P369W1o,41.49,1828,715,,,,,,,,,
2026-06-10,IOS,dhgate_product336_T1_Purchase 30D_purchase_IAP_Kelsey_20260512,IbA1O59ht1JcwImf,50.14,4893,492,,,,,,,,,
2026-06-10,IOS,dhgate_product364_US_Purchase 30D_purchase_IAP_Kelsey_20260527,qX4oco28gDbrpBri,42.44,1028,484,,,,,,,,,
2026-06-10,ANDROID,dhgate_product359_UK_ACT&Nopay 30D_purchase_IAP_Kelsey_20260523,RWeVcrW8HneV8sUj,46.81,3139,1104,,,,,,,,,
2026-06-10,IOS,dhgate_product357_UK_ACT&Nopay 30D_purchase_IAP_Kelsey_20260521,secYrwGRxGvE22kr,50.31,1207,677,,,,,,,,,
2026-06-10,IOS,dhgate_product350_US_Purchase 30D_purchase_IAP_Kelsey_20260517,eZwoS7yMwcYqxbzm,100.73,6572,490,,,,,,,,,
2026-06-10,IOS,dhgate_product340_US_Purchase 30D_purchase_IAP_Kelsey_20260516,yznk4uz7IRlNu5TH,100.29,6934,515,,,,,,,,,
2026-06-10,IOS,dhgate_product338_T1_ACT&Nopay 30D_purchase_IAP_Kelsey_20260515,aiZBaGOKYFBuq0Ps,50.27,6686,682,,,,,,,,,
2026-06-10,ANDROID,dhgate_product337_T1_ACT&Nopay 30D_purchase_IAP_Kelsey_20260513,Hi3okRpzvLX7H2oQ,43.59,4112,1736,,,,,,,,,
2026-06-10,ANDROID,dhgate_product366_UK_Purchase 30D_purchase_IAP_Kelsey_20260529,tlDSznDFDWyzbPVr,44.97,1687,606,,,,,,,,,
2026-06-11,ANDROID,dhgate_product322_US_Purchase 30D_purchase_IAP_Kelsey_20260504,UEOt0CeUKtYLfLaH,47.15,1615,513,,,,,,,,,
2026-06-11,IOS,dhgate_product321_US_Purchase 30D_purchase_IAP_Kelsey_20260502,ihMCrglFMezOy59I,49.91,5658,313,,,,,,,,,
2026-06-11,IOS,dhgate_product319_US_Purchase 30D_purchase_IAP_Kelsey_20260429,SGOG7us7fBY7c5lH,100.51,7774,876,,,,,,,,,
2026-06-11,IOS,dhgate_product318_T1_Purchase 30D_purchase_IAP_Kelsey_20260428,mayu0PGeMJEYQhWJ,100.69,5114,876,,,,,,,,,
2026-06-11,IOS,dhgate_product317_UK_ACT&Nopay 30D_purchase_IAP_Kelsey_20260427,H9HAtL9q0yyc4Gdy,95.27,3124,817,,,,,,,,,
2026-06-11,ANDROID,dhgate_product317_UK_ACT&Nopay 30D_purchase_IAP_Kelsey_20260427,tDzMEZEldS4Kei0r,85.56,3117,1312,,,,,,,,,
2026-06-11,ANDROID,dhgate_product317_FR_ACT&Nopay 30D_purchase_IAP_Kelsey_20260526,zbor8ujPF081oChW,40.04,3361,1446,,,,,,,,,
2026-06-11,ANDROID,dhgate_product315_UK_ACT&Nopay 30D_purchase_IAP_Kelsey_20260425,bedUOEtGfoRFbmze,100.66,11764,2095,,,,,,,,,
2026-06-11,ANDROID,dhgate_product148_T1_Purchase 30D_purchase_IAP_Kelsey_20260415,dVlitdxzfmXStKCR,100.23,11752,986,,,,,,,,,
2026-06-11,IOS,dhgate_product301_US_ACT&Nopay 30D_purchase_IAP_Kelsey_20260422,OG6WHvKPBaUM1wDo,50.11,5748,646,,,,,,,,,
2026-06-11,IOS,dhgate_product300_T1_Purchase 30D_purchase_IAP_Kelsey_20260421,wGMfDvBHm0s02IeZ,50.5,4222,418,,,,,,,,,
2026-06-11,IOS,dhgate_product138_FR_ACT&Nopay 30D_purchase_IAP_Kelsey_20260403,zNcB24si9mbzBPed,150.44,13227,1777,,,,,,,,,
2026-06-11,IOS,dhgate_product137_US_Purchase 30D_purchase_IAP_Kelsey_20260402,Eo7scqEETcYxo6WH,50.32,4310,326,,,,,,,,,
2026-06-11,IOS,dhgate_dpa-ios_US_ACT&Nopay 30D_purchase_IAP_Kelsey_20260515,y55faIMh7doL5RvO,97.11,6891,380,,,,,,,,,
2026-06-11,ANDROID,dhgate_dpa-and_US_ACT&Nopay 30D_purchase_IAP_Kelsey_20260511,M0ZXR7rklCeN7J9o,96.27,6137,925,,,,,,,,,
2026-06-11,IOS,dhgate_product326_US_ACT&Nopay 30D_purchase_IAP_Kelsey_20260506,zMf9PKJzCf4uVI7T,99.57,6109,1199,,,,,,,,,
2026-06-11,IOS,dhgate_product314_UK_Purchase 30D_purchase_IAP_Kelsey_20260424,NmHyz3ZrSwNTmf0j,50.87,1777,393,,,,,,,,,
2026-06-11,IOS,dhgate_product336_T1_Purchase 30D_purchase_IAP_Kelsey_20260512,IbA1O59ht1JcwImf,50.35,4160,474,,,,,,,,,
2026-06-11,IOS,dhgate_product337_T1_ACT&Nopay 30D_purchase_IAP_Kelsey_20260513,pMbmqjxpXWy9uySH,50.2,6539,750,,,,,,,,,
2026-06-11,ANDROID,dhgate_product337_T1_ACT&Nopay 30D_purchase_IAP_Kelsey_20260513,Hi3okRpzvLX7H2oQ,38.59,3895,1649,,,,,,,,,
2026-06-11,ANDROID,dhgate_product375_US_Purchase 30D_purchase_IAP_Kelsey_20260611,ZmROz0lvQRxsi3uG,16.49,443,202,,,,,,,,,
2026-06-11,IOS,dhgate_product375_US_Purchase 30D_purchase_IAP_Kelsey_20260611,M84dXzdTmnAdI0a1,16.36,351,192,,,,,,,,,
2026-06-11,IOS,dhgate_product374_US_ACT&Nopay 30D_purchase_IAP_Kelsey_20260610,cDaIJszp5MXFZLaj,33.32,1266,739,,,,,,,,,
2026-06-11,ANDROID,dhgate_product374_US_ACT&Nopay 30D_purchase_IAP_Kelsey_20260610,lHtOeUxHZghwmdpM,42.86,2677,1287,,,,,,,,,
2026-06-11,ANDROID,dhgate_product373_T1_ACT&Nopay 30D_purchase_IAP_Kelsey_20260608,wFD7FFJteXnPqAV9,29.97,4131,1553,,,,,,,,,
2026-06-11,IOS,dhgate_product372_T1_ACT&Nopay 30D_purchase_IAP_Kelsey_20260605,U4gzqzcEnoe3yurD,39.92,2265,1090,,,,,,,,,
2026-06-11,IOS,dhgate_product368_T1_Purchase 30D_purchase_IAP_Kelsey_20260531,Ta2k2BeVyS7dWN4n,51.06,2464,454,,,,,,,,,
2026-06-11,ANDROID,dhgate_product368_T1_Purchase 30D_purchase_IAP_Kelsey_20260531,b3s2CGS3sMxfFWgV,86.0,5532,1817,,,,,,,,,
2026-06-11,IOS,dhgate_product373_T1_ACT&Nopay 30D_purchase_IAP_Kelsey_20260608,SOyFbWwwzNFEDvyp,28.03,1492,785,,,,,,,,,
2026-06-11,ANDROID,dhgate_product366_UK_Purchase 30D_purchase_IAP_Kelsey_20260529,tlDSznDFDWyzbPVr,35.68,1345,515,,,,,,,,,
2026-06-11,IOS,dhgate_product364_US_Purchase 30D_purchase_IAP_Kelsey_20260527,qX4oco28gDbrpBri,50.4,953,481,,,,,,,,,
2026-06-11,ANDROID,dhgate_product359_UK_ACT&Nopay 30D_purchase_IAP_Kelsey_20260523,RWeVcrW8HneV8sUj,39.67,2439,929,,,,,,,,,
2026-06-11,IOS,dhgate_product357_UK_ACT&Nopay 30D_purchase_IAP_Kelsey_20260521,secYrwGRxGvE22kr,50.64,1073,580,,,,,,,,,
2026-06-11,IOS,dhgate_product350_US_Purchase 30D_purchase_IAP_Kelsey_20260517,eZwoS7yMwcYqxbzm,100.3,5855,644,,,,,,,,,
2026-06-11,IOS,dhgate_product340_US_Purchase 30D_purchase_IAP_Kelsey_20260516,yznk4uz7IRlNu5TH,100.43,5274,621,,,,,,,,,
2026-06-11,IOS,dhgate_product338_T1_ACT&Nopay 30D_purchase_IAP_Kelsey_20260515,aiZBaGOKYFBuq0Ps,50.28,4579,821,,,,,,,,,
2026-06-11,ANDROID,dhgate_product367_UK_Purchase 30D_purchase_IAP_Kelsey_20260530,AsUotp8z2P369W1o,29.18,1455,554,,,,,,,,,
2026-06-12,ANDROID,dhgate_product317_FR_ACT&Nopay 30D_purchase_IAP_Kelsey_20260526,zbor8ujPF081oChW,38.66,3749,1553,,,,,,,,,
2026-06-12,ANDROID,dhgate_product322_US_Purchase 30D_purchase_IAP_Kelsey_20260504,UEOt0CeUKtYLfLaH,47.63,2414,497,,,,,,,,,
2026-06-12,IOS,dhgate_product321_US_Purchase 30D_purchase_IAP_Kelsey_20260502,ihMCrglFMezOy59I,50.14,5526,262,,,,,,,,,
2026-06-12,IOS,dhgate_product318_T1_Purchase 30D_purchase_IAP_Kelsey_20260428,mayu0PGeMJEYQhWJ,100.26,3221,869,,,,,,,,,
2026-06-12,IOS,dhgate_product317_UK_ACT&Nopay 30D_purchase_IAP_Kelsey_20260427,H9HAtL9q0yyc4Gdy,100.92,3226,850,,,,,,,,,
2026-06-12,ANDROID,dhgate_product317_UK_ACT&Nopay 30D_purchase_IAP_Kelsey_20260427,tDzMEZEldS4Kei0r,72.22,3994,1229,,,,,,,,,
2026-06-12,ANDROID,dhgate_product315_UK_ACT&Nopay 30D_purchase_IAP_Kelsey_20260425,bedUOEtGfoRFbmze,95.5,10463,1524,,,,,,,,,
2026-06-12,ANDROID,dhgate_dpa-and_US_ACT&Nopay 30D_purchase_IAP_Kelsey_20260511,M0ZXR7rklCeN7J9o,98.87,5663,1085,,,,,,,,,
2026-06-12,IOS,dhgate_product301_US_ACT&Nopay 30D_purchase_IAP_Kelsey_20260422,OG6WHvKPBaUM1wDo,47.99,6633,521,,,,,,,,,
2026-06-12,IOS,dhgate_product300_T1_Purchase 30D_purchase_IAP_Kelsey_20260421,wGMfDvBHm0s02IeZ,50.15,2595,419,,,,,,,,,
2026-06-12,ANDROID,dhgate_product148_T1_Purchase 30D_purchase_IAP_Kelsey_20260415,dVlitdxzfmXStKCR,98.56,11928,1094,,,,,,,,,
2026-06-12,IOS,dhgate_product138_FR_ACT&Nopay 30D_purchase_IAP_Kelsey_20260403,zNcB24si9mbzBPed,150.94,4839,1575,,,,,,,,,
2026-06-12,IOS,dhgate_product137_US_Purchase 30D_purchase_IAP_Kelsey_20260402,Eo7scqEETcYxo6WH,50.09,3829,271,,,,,,,,,
2026-06-12,IOS,dhgate_dpa-ios_US_ACT&Nopay 30D_purchase_IAP_Kelsey_20260515,y55faIMh7doL5RvO,100.2,7497,364,,,,,,,,,
2026-06-12,IOS,dhgate_product326_US_ACT&Nopay 30D_purchase_IAP_Kelsey_20260506,zMf9PKJzCf4uVI7T,99.56,6769,1052,,,,,,,,,
2026-06-12,IOS,dhgate_product314_UK_Purchase 30D_purchase_IAP_Kelsey_20260424,NmHyz3ZrSwNTmf0j,46.79,1646,340,,,,,,,,,
2026-06-12,IOS,dhgate_product336_T1_Purchase 30D_purchase_IAP_Kelsey_20260512,IbA1O59ht1JcwImf,50.14,2562,445,,,,,,,,,
2026-06-12,IOS,dhgate_product319_US_Purchase 30D_purchase_IAP_Kelsey_20260429,SGOG7us7fBY7c5lH,100.16,4496,925,,,,,,,,,
2026-06-12,ANDROID,dhgate_product337_T1_ACT&Nopay 30D_purchase_IAP_Kelsey_20260513,Hi3okRpzvLX7H2oQ,41.39,4682,2007,,,,,,,,,
2026-06-12,IOS,dhgate_product337_T1_ACT&Nopay 30D_purchase_IAP_Kelsey_20260513,pMbmqjxpXWy9uySH,50.1,4861,786,,,,,,,,,
2026-06-12,ANDROID,dhgate_product376_US_Purchase 30D_purchase_IAP_Kelsey_20260612,OGOAsivo1SSZARzD,0.0,1,1,,,,,,,,,
2026-06-12,IOS,dhgate_product376_US_Purchase 30D_purchase_IAP_Kelsey_20260612,H7z4zo3O0rZY5sM9,0.07,3,1,,,,,,,,,
2026-06-12,IOS,dhgate_product375_US_Purchase 30D_purchase_IAP_Kelsey_20260611,M84dXzdTmnAdI0a1,50.51,985,488,,,,,,,,,
2026-06-12,ANDROID,dhgate_product374_US_ACT&Nopay 30D_purchase_IAP_Kelsey_20260610,lHtOeUxHZghwmdpM,31.31,1753,880,,,,,,,,,
2026-06-12,IOS,dhgate_product374_US_ACT&Nopay 30D_purchase_IAP_Kelsey_20260610,cDaIJszp5MXFZLaj,33.16,1184,670,,,,,,,,,
2026-06-12,IOS,dhgate_product372_T1_ACT&Nopay 30D_purchase_IAP_Kelsey_20260605,U4gzqzcEnoe3yurD,30.3,1650,958,,,,,,,,,
2026-06-12,IOS,dhgate_product368_T1_Purchase 30D_purchase_IAP_Kelsey_20260531,Ta2k2BeVyS7dWN4n,50.17,1631,477,,,,,,,,,
2026-06-12,ANDROID,dhgate_product375_US_Purchase 30D_purchase_IAP_Kelsey_20260611,ZmROz0lvQRxsi3uG,35.99,1001,471,,,,,,,,,
2026-06-12,ANDROID,dhgate_product367_UK_Purchase 30D_purchase_IAP_Kelsey_20260530,AsUotp8z2P369W1o,37.31,1985,791,,,,,,,,,
2026-06-12,ANDROID,dhgate_product368_T1_Purchase 30D_purchase_IAP_Kelsey_20260531,b3s2CGS3sMxfFWgV,90.21,5677,1993,,,,,,,,,
2026-06-12,IOS,dhgate_product340_US_Purchase 30D_purchase_IAP_Kelsey_20260516,yznk4uz7IRlNu5TH,100.36,5223,493,,,,,,,,,
2026-06-12,IOS,dhgate_product350_US_Purchase 30D_purchase_IAP_Kelsey_20260517,eZwoS7yMwcYqxbzm,100.19,6135,537,,,,,,,,,
2026-06-12,IOS,dhgate_product357_UK_ACT&Nopay 30D_purchase_IAP_Kelsey_20260521,secYrwGRxGvE22kr,50.67,1172,617,,,,,,,,,
2026-06-12,IOS,dhgate_product338_T1_ACT&Nopay 30D_purchase_IAP_Kelsey_20260515,aiZBaGOKYFBuq0Ps,49.95,3791,774,,,,,,,,,
2026-06-12,ANDROID,dhgate_product359_UK_ACT&Nopay 30D_purchase_IAP_Kelsey_20260523,RWeVcrW8HneV8sUj,42.97,2666,1011,,,,,,,,,
2026-06-12,IOS,dhgate_product364_US_Purchase 30D_purchase_IAP_Kelsey_20260527,qX4oco28gDbrpBri,50.46,874,449,,,,,,,,,
2026-06-12,ANDROID,dhgate_product366_UK_Purchase 30D_purchase_IAP_Kelsey_20260529,tlDSznDFDWyzbPVr,29.62,1210,489,,,,,,,,,
2026-06-13,IOS,dhgate_product319_US_Purchase 30D_purchase_IAP_Kelsey_20260429,SGOG7us7fBY7c5lH,99.68,8090,1219,,,,,,,,,
2026-06-13,ANDROID,dhgate_product322_US_Purchase 30D_purchase_IAP_Kelsey_20260504,UEOt0CeUKtYLfLaH,50.08,1857,518,,,,,,,,,
2026-06-13,IOS,dhgate_product326_US_ACT&Nopay 30D_purchase_IAP_Kelsey_20260506,zMf9PKJzCf4uVI7T,96.78,7624,885,,,,,,,,,
2026-06-13,IOS,dhgate_product336_T1_Purchase 30D_purchase_IAP_Kelsey_20260512,IbA1O59ht1JcwImf,50.19,4201,574,,,,,,,,,
2026-06-13,IOS,dhgate_product337_T1_ACT&Nopay 30D_purchase_IAP_Kelsey_20260513,pMbmqjxpXWy9uySH,48.04,7563,713,,,,,,,,,
2026-06-13,ANDROID,dhgate_product337_T1_ACT&Nopay 30D_purchase_IAP_Kelsey_20260513,Hi3okRpzvLX7H2oQ,43.58,5514,2490,,,,,,,,,
2026-06-13,IOS,dhgate_product338_T1_ACT&Nopay 30D_purchase_IAP_Kelsey_20260515,aiZBaGOKYFBuq0Ps,49.12,5244,779,,,,,,,,,
2026-06-13,IOS,dhgate_product340_US_Purchase 30D_purchase_IAP_Kelsey_20260516,yznk4uz7IRlNu5TH,100.28,6211,466,,,,,,,,,
2026-06-13,IOS,dhgate_product350_US_Purchase 30D_purchase_IAP_Kelsey_20260517,eZwoS7yMwcYqxbzm,100.06,7578,508,,,,,,,,,
2026-06-13,IOS,dhgate_product357_UK_ACT&Nopay 30D_purchase_IAP_Kelsey_20260521,secYrwGRxGvE22kr,50.24,1060,609,,,,,,,,,
2026-06-13,ANDROID,dhgate_product359_UK_ACT&Nopay 30D_purchase_IAP_Kelsey_20260523,RWeVcrW8HneV8sUj,36.55,2015,918,,,,,,,,,
2026-06-13,IOS,dhgate_product321_US_Purchase 30D_purchase_IAP_Kelsey_20260502,ihMCrglFMezOy59I,50.16,7442,214,,,,,,,,,
2026-06-13,ANDROID,dhgate_product366_UK_Purchase 30D_purchase_IAP_Kelsey_20260529,tlDSznDFDWyzbPVr,48.47,1491,673,,,,,,,,,
2026-06-13,IOS,dhgate_product364_US_Purchase 30D_purchase_IAP_Kelsey_20260527,qX4oco28gDbrpBri,50.15,931,367,,,,,,,,,
2026-06-13,IOS,dhgate_product377_T1_Purchase 30D_purchase_IAP_Kelsey_20260613,ImdbSHRgpaEHQaDV,0.19,23,9,,,,,,,,,
2026-06-13,ANDROID,dhgate_product376_US_Purchase 30D_purchase_IAP_Kelsey_20260612,OGOAsivo1SSZARzD,28.87,865,381,,,,,,,,,
2026-06-13,IOS,dhgate_product375_US_Purchase 30D_purchase_IAP_Kelsey_20260611,M84dXzdTmnAdI0a1,50.39,824,404,,,,,,,,,
2026-06-13,ANDROID,dhgate_product375_US_Purchase 30D_purchase_IAP_Kelsey_20260611,ZmROz0lvQRxsi3uG,38.64,941,457,,,,,,,,,
2026-06-13,IOS,dhgate_product376_US_Purchase 30D_purchase_IAP_Kelsey_20260612,H7z4zo3O0rZY5sM9,50.33,945,485,,,,,,,,,
2026-06-13,IOS,dhgate_product374_US_ACT&Nopay 30D_purchase_IAP_Kelsey_20260610,cDaIJszp5MXFZLaj,41.86,1293,738,,,,,,,,,
2026-06-13,IOS,dhgate_product372_T1_ACT&Nopay 30D_purchase_IAP_Kelsey_20260605,U4gzqzcEnoe3yurD,31.96,2058,953,,,,,,,,,
2026-06-13,IOS,dhgate_product368_T1_Purchase 30D_purchase_IAP_Kelsey_20260531,Ta2k2BeVyS7dWN4n,44.44,1875,488,,,,,,,,,
2026-06-13,ANDROID,dhgate_product368_T1_Purchase 30D_purchase_IAP_Kelsey_20260531,b3s2CGS3sMxfFWgV,87.77,5161,2050,,,,,,,,,
2026-06-13,ANDROID,dhgate_product367_UK_Purchase 30D_purchase_IAP_Kelsey_20260530,AsUotp8z2P369W1o,41.52,2221,847,,,,,,,,,
2026-06-13,ANDROID,dhgate_product374_US_ACT&Nopay 30D_purchase_IAP_Kelsey_20260610,lHtOeUxHZghwmdpM,42.7,2304,1245,,,,,,,,,
2026-06-14,IOS,dhgate_product317_UK_ACT&Nopay 30D_purchase_IAP_Kelsey_20260427,H9HAtL9q0yyc4Gdy,100.48,3258,838,,,,,,,,,
2026-06-14,IOS,dhgate_product326_US_ACT&Nopay 30D_purchase_IAP_Kelsey_20260506,zMf9PKJzCf4uVI7T,100.57,7495,1055,,,,,,,,,
2026-06-14,ANDROID,dhgate_product322_US_Purchase 30D_purchase_IAP_Kelsey_20260504,UEOt0CeUKtYLfLaH,42.26,1279,403,,,,,,,,,
2026-06-14,IOS,dhgate_product321_US_Purchase 30D_purchase_IAP_Kelsey_20260502,ihMCrglFMezOy59I,50.02,7269,286,,,,,,,,,
2026-06-14,IOS,dhgate_product319_US_Purchase 30D_purchase_IAP_Kelsey_20260429,SGOG7us7fBY7c5lH,97.12,9065,1176,,,,,,,,,
2026-06-14,IOS,dhgate_product318_T1_Purchase 30D_purchase_IAP_Kelsey_20260428,mayu0PGeMJEYQhWJ,97.54,4695,1144,,,,,,,,,
2026-06-14,ANDROID,dhgate_product317_UK_ACT&Nopay 30D_purchase_IAP_Kelsey_20260427,tDzMEZEldS4Kei0r,94.16,8900,1612,,,,,,,,,
2026-06-14,ANDROID,dhgate_product148_T1_Purchase 30D_purchase_IAP_Kelsey_20260415,dVlitdxzfmXStKCR,100.38,11295,1413,,,,,,,,,
2026-06-14,ANDROID,dhgate_product315_UK_ACT&Nopay 30D_purchase_IAP_Kelsey_20260425,bedUOEtGfoRFbmze,97.5,12391,2195,,,,,,,,,
2026-06-14,IOS,dhgate_product314_UK_Purchase 30D_purchase_IAP_Kelsey_20260424,NmHyz3ZrSwNTmf0j,50.4,2732,356,,,,,,,,,
2026-06-14,IOS,dhgate_product301_US_ACT&Nopay 30D_purchase_IAP_Kelsey_20260422,OG6WHvKPBaUM1wDo,50.25,8182,500,,,,,,,,,
2026-06-14,IOS,dhgate_product300_T1_Purchase 30D_purchase_IAP_Kelsey_20260421,wGMfDvBHm0s02IeZ,50.25,4698,594,,,,,,,,,
2026-06-14,IOS,dhgate_product336_T1_Purchase 30D_purchase_IAP_Kelsey_20260512,IbA1O59ht1JcwImf,50.4,4843,628,,,,,,,,,
2026-06-14,IOS,dhgate_product138_FR_ACT&Nopay 30D_purchase_IAP_Kelsey_20260403,zNcB24si9mbzBPed,146.86,10668,2353,,,,,,,,,
2026-06-14,IOS,dhgate_product137_US_Purchase 30D_purchase_IAP_Kelsey_20260402,Eo7scqEETcYxo6WH,50.21,5032,293,,,,,,,,,
2026-06-14,IOS,dhgate_dpa-ios_US_ACT&Nopay 30D_purchase_IAP_Kelsey_20260515,y55faIMh7doL5RvO,100.51,8483,361,,,,,,,,,
2026-06-14,ANDROID,dhgate_product317_FR_ACT&Nopay 30D_purchase_IAP_Kelsey_20260526,zbor8ujPF081oChW,33.49,2522,1532,,,,,,,,,
2026-06-14,IOS,dhgate_product337_T1_ACT&Nopay 30D_purchase_IAP_Kelsey_20260513,pMbmqjxpXWy9uySH,50.12,7802,814,,,,,,,,,
2026-06-14,IOS,dhgate_product364_US_Purchase 30D_purchase_IAP_Kelsey_20260527,qX4oco28gDbrpBri,50.19,881,408,,,,,,,,,
2026-06-14,IOS,dhgate_product338_T1_ACT&Nopay 30D_purchase_IAP_Kelsey_20260515,aiZBaGOKYFBuq0Ps,50.34,5111,870,,,,,,,,,
2026-06-14,IOS,dhgate_product377_T1_Purchase 30D_purchase_IAP_Kelsey_20260613,ImdbSHRgpaEHQaDV,27.08,1332,786,,,,,,,,,
2026-06-14,ANDROID,dhgate_product377_T1_Purchase 30D_purchase_IAP_Kelsey_20260613,jQWebXWoq2Emp98e,28.34,1770,915,,,,,,,,,
2026-06-14,ANDROID,dhgate_product376_US_Purchase 30D_purchase_IAP_Kelsey_20260612,OGOAsivo1SSZARzD,50.26,1173,498,,,,,,,,,
2026-06-14,IOS,dhgate_product376_US_Purchase 30D_purchase_IAP_Kelsey_20260612,H7z4zo3O0rZY5sM9,50.18,773,390,,,,,,,,,
2026-06-14,IOS,dhgate_product375_US_Purchase 30D_purchase_IAP_Kelsey_20260611,M84dXzdTmnAdI0a1,50.1,806,411,,,,,,,,,
2026-06-14,ANDROID,dhgate_product375_US_Purchase 30D_purchase_IAP_Kelsey_20260611,ZmROz0lvQRxsi3uG,33.4,782,402,,,,,,,,,
2026-06-14,ANDROID,dhgate_product374_US_ACT&Nopay 30D_purchase_IAP_Kelsey_20260610,lHtOeUxHZghwmdpM,38.38,1717,1042,,,,,,,,,
2026-06-14,IOS,dhgate_product374_US_ACT&Nopay 30D_purchase_IAP_Kelsey_20260610,cDaIJszp5MXFZLaj,39.67,1116,624,,,,,,,,,
2026-06-14,IOS,dhgate_product372_T1_ACT&Nopay 30D_purchase_IAP_Kelsey_20260605,U4gzqzcEnoe3yurD,46.47,3652,890,,,,,,,,,
2026-06-14,IOS,dhgate_product368_T1_Purchase 30D_purchase_IAP_Kelsey_20260531,Ta2k2BeVyS7dWN4n,50.21,2462,598,,,,,,,,,
2026-06-14,ANDROID,dhgate_product368_T1_Purchase 30D_purchase_IAP_Kelsey_20260531,b3s2CGS3sMxfFWgV,80.88,4372,1934,,,,,,,,,
2026-06-14,ANDROID,dhgate_product367_UK_Purchase 30D_purchase_IAP_Kelsey_20260530,AsUotp8z2P369W1o,45.17,1959,810,,,,,,,,,
2026-06-14,ANDROID,dhgate_product366_UK_Purchase 30D_purchase_IAP_Kelsey_20260529,tlDSznDFDWyzbPVr,35.82,1147,534,,,,,,,,,
2026-06-14,ANDROID,dhgate_product359_UK_ACT&Nopay 30D_purchase_IAP_Kelsey_20260523,RWeVcrW8HneV8sUj,37.73,2037,919,,,,,,,,,
2026-06-14,IOS,dhgate_product357_UK_ACT&Nopay 30D_purchase_IAP_Kelsey_20260521,secYrwGRxGvE22kr,50.33,1073,582,,,,,,,,,
2026-06-14,IOS,dhgate_product350_US_Purchase 30D_purchase_IAP_Kelsey_20260517,eZwoS7yMwcYqxbzm,100.13,6946,545,,,,,,,,,
2026-06-14,IOS,dhgate_product340_US_Purchase 30D_purchase_IAP_Kelsey_20260516,yznk4uz7IRlNu5TH,100.48,6254,557,,,,,,,,,
2026-06-14,ANDROID,dhgate_product337_T1_ACT&Nopay 30D_purchase_IAP_Kelsey_20260513,Hi3okRpzvLX7H2oQ,39.9,4778,2303,,,,,,,,,
2026-06-14,ANDROID,dhgate_dpa-and_US_ACT&Nopay 30D_purchase_IAP_Kelsey_20260511,M0ZXR7rklCeN7J9o,74.6,3261,774,,,,,,,,,
