date,os_type,campaign_name,campaign_id,spend,impressions,clicks,backend_orders,backend_gmv,product,cpm,cpc,ctr,cpa_purchase,aov,backend_roi
2026-05-29,ANDROID,dhgate_dpa-and_US_ACT&Nopay 30D_purchase_IAP_Kelsey_20260511,M0ZXR7rklCeN7J9o,72.47,43904,1166,,,,,,,,,
2026-05-30,IOS,dhgate_product318_T1_Purchase 30D_purchase_IAP_Kelsey_20260428,mayu0PGeMJEYQhWJ,100.65,7193,753,,,,,,,,,
2026-05-30,IOS,dhgate_product317_UK_ACT&Nopay 30D_purchase_IAP_Kelsey_20260427,H9HAtL9q0yyc4Gdy,85.51,3614,832,,,,,,,,,
2026-05-30,ANDROID,dhgate_product317_UK_ACT&Nopay 30D_purchase_IAP_Kelsey_20260427,tDzMEZEldS4Kei0r,48.38,2267,831,,,,,,,,,
2026-05-30,ANDROID,dhgate_product317_FR_ACT&Nopay 30D_purchase_IAP_Kelsey_20260526,zbor8ujPF081oChW,46.03,4538,1498,,,,,,,,,
2026-05-30,IOS,dhgate_product317_CA_ACT&Nopay 30D_purchase_IAP_Kelsey_20260526,cvR7ymoBxgm2d26z,32.16,990,430,,,,,,,,,
2026-05-30,ANDROID,dhgate_product315_UK_ACT&Nopay 30D_purchase_IAP_Kelsey_20260425,bedUOEtGfoRFbmze,50.35,5808,651,,,,,,,,,
2026-05-30,IOS,dhgate_product314_UK_Purchase 30D_purchase_IAP_Kelsey_20260424,NmHyz3ZrSwNTmf0j,50.19,2015,356,,,,,,,,,
2026-05-30,IOS,dhgate_product319_US_Purchase 30D_purchase_IAP_Kelsey_20260429,SGOG7us7fBY7c5lH,50.19,3509,446,,,,,,,,,
2026-05-30,IOS,dhgate_product301_US_ACT&Nopay 30D_purchase_IAP_Kelsey_20260422,OG6WHvKPBaUM1wDo,50.16,6177,495,,,,,,,,,
2026-05-30,IOS,dhgate_product300_T1_Purchase 30D_purchase_IAP_Kelsey_20260421,wGMfDvBHm0s02IeZ,50.57,6439,402,,,,,,,,,
2026-05-30,ANDROID,dhgate_product148_T1_Purchase 30D_purchase_IAP_Kelsey_20260415,dVlitdxzfmXStKCR,97.8,10357,961,,,,,,,,,
2026-05-30,IOS,dhgate_product138_FR_ACT&Nopay 30D_purchase_IAP_Kelsey_20260403,zNcB24si9mbzBPed,92.14,9742,1215,,,,,,,,,
2026-05-30,IOS,dhgate_product137_US_Purchase 30D_purchase_IAP_Kelsey_20260402,Eo7scqEETcYxo6WH,50.17,3221,235,,,,,,,,,
2026-05-30,IOS,dhgate_product121_US_Purchase 30D_purchase_IAP_Kelsey_20260222,HGuWXrsF7XcJ6CCt,50.13,3415,251,,,,,,,,,
2026-05-30,IOS,dhgate_dpa-ios_US_ACT&Nopay 30D_purchase_IAP_Kelsey_20260515,y55faIMh7doL5RvO,100.12,146234,819,,,,,,,,,
2026-05-30,ANDROID,dhgate_dpa-and_US_ACT&Nopay 30D_purchase_IAP_Kelsey_20260511,M0ZXR7rklCeN7J9o,50.5,24689,1106,,,,,,,,,
2026-05-30,ANDROID,dhgate_product301_US_ACT&Nopay 30D_purchase_IAP_Kelsey_20260422,uNF1ALuKQFoHzngn,92.81,3414,1536,,,,,,,,,
2026-05-30,ANDROID,dhgate_product321_US_Purchase 30D_purchase_IAP_Kelsey_20260502,REqYVaM8BdMh2U81,42.25,1760,311,,,,,,,,,
2026-05-30,IOS,dhgate_product367_UK_Purchase 30D_purchase_IAP_Kelsey_20260530,B6nfe2NZpKCjpgca,0.06,4,3,,,,,,,,,
2026-05-30,ANDROID,dhgate_product322_US_Purchase 30D_purchase_IAP_Kelsey_20260504,UEOt0CeUKtYLfLaH,50.36,2601,330,,,,,,,,,
2026-05-30,ANDROID,dhgate_product366_UK_Purchase 30D_purchase_IAP_Kelsey_20260529,tlDSznDFDWyzbPVr,33.49,1261,457,,,,,,,,,
2026-05-30,IOS,dhgate_product366_UK_Purchase 30D_purchase_IAP_Kelsey_20260529,AuNEgf9zqO65aSdr,39.32,879,455,,,,,,,,,
2026-05-30,IOS,dhgate_product365_US_Purchase 30D_purchase_IAP_Kelsey_20260528,gisdp4kMGc6WK5GP,50.13,1039,466,,,,,,,,,
2026-05-30,ANDROID,dhgate_product365_US_Purchase 30D_purchase_IAP_Kelsey_20260528,WNhjy86kVGDJDol3,43.58,2061,349,,,,,,,,,
2026-05-30,ANDROID,dhgate_product364_US_Purchase 30D_purchase_IAP_Kelsey_20260527,QXrf4REyep7GNYPS,44.07,1330,314,,,,,,,,,
2026-05-30,IOS,dhgate_product364_US_Purchase 30D_purchase_IAP_Kelsey_20260527,qX4oco28gDbrpBri,50.18,1005,443,,,,,,,,,
2026-05-30,ANDROID,dhgate_product359_UK_ACT&Nopay 30D_purchase_IAP_Kelsey_20260523,RWeVcrW8HneV8sUj,41.95,2410,814,,,,,,,,,
2026-05-30,IOS,dhgate_product357_UK_ACT&Nopay 30D_purchase_IAP_Kelsey_20260521,secYrwGRxGvE22kr,42.68,1157,649,,,,,,,,,
2026-05-30,IOS,dhgate_product321_US_Purchase 30D_purchase_IAP_Kelsey_20260502,ihMCrglFMezOy59I,50.11,4143,234,,,,,,,,,
2026-05-30,IOS,dhgate_product350_US_Purchase 30D_purchase_IAP_Kelsey_20260517,eZwoS7yMwcYqxbzm,50.58,903,451,,,,,,,,,
2026-05-30,IOS,dhgate_product340_US_Purchase 30D_purchase_IAP_Kelsey_20260516,yznk4uz7IRlNu5TH,50.22,1072,453,,,,,,,,,
2026-05-30,IOS,dhgate_product338_T1_ACT&Nopay 30D_purchase_IAP_Kelsey_20260515,aiZBaGOKYFBuq0Ps,39.42,2392,1211,,,,,,,,,
2026-05-30,ANDROID,dhgate_product337_T1_ACT&Nopay 30D_purchase_IAP_Kelsey_20260513,Hi3okRpzvLX7H2oQ,50.29,5362,1753,,,,,,,,,
2026-05-30,IOS,dhgate_product337_T1_ACT&Nopay 30D_purchase_IAP_Kelsey_20260513,pMbmqjxpXWy9uySH,50.16,6638,709,,,,,,,,,
2026-05-30,IOS,dhgate_product336_T1_Purchase 30D_purchase_IAP_Kelsey_20260512,IbA1O59ht1JcwImf,50.22,3162,469,,,,,,,,,
2026-05-30,ANDROID,dhgate_product332_T1_Purchase 30D_purchase_IAP_Kelsey_20260511,xRPnz3ozCwa6ycwg,50.16,7831,718,,,,,,,,,
2026-05-30,IOS,dhgate_product326_US_ACT&Nopay 30D_purchase_IAP_Kelsey_20260506,zMf9PKJzCf4uVI7T,49.39,1319,726,,,,,,,,,
2026-05-30,ANDROID,dhgate_product351_US_Purchase 30D_purchase_IAP_Kelsey_20260518,QTLyTb1PbE3fo5hj,50.73,1844,329,,,,,,,,,
2026-05-31,IOS,dhgate_product317_CA_ACT&Nopay 30D_purchase_IAP_Kelsey_20260526,cvR7ymoBxgm2d26z,34.21,889,425,,,,,,,,,
2026-05-31,ANDROID,dhgate_product317_FR_ACT&Nopay 30D_purchase_IAP_Kelsey_20260526,zbor8ujPF081oChW,42.06,3667,1407,,,,,,,,,
2026-05-31,IOS,dhgate_product319_US_Purchase 30D_purchase_IAP_Kelsey_20260429,SGOG7us7fBY7c5lH,50.37,3795,396,,,,,,,,,
2026-05-31,IOS,dhgate_product317_UK_ACT&Nopay 30D_purchase_IAP_Kelsey_20260427,H9HAtL9q0yyc4Gdy,100.3,3836,791,,,,,,,,,
2026-05-31,IOS,dhgate_product318_T1_Purchase 30D_purchase_IAP_Kelsey_20260428,mayu0PGeMJEYQhWJ,100.33,8502,699,,,,,,,,,
2026-05-31,ANDROID,dhgate_product315_UK_ACT&Nopay 30D_purchase_IAP_Kelsey_20260425,bedUOEtGfoRFbmze,50.23,6407,648,,,,,,,,,
2026-05-31,ANDROID,dhgate_product317_UK_ACT&Nopay 30D_purchase_IAP_Kelsey_20260427,tDzMEZEldS4Kei0r,50.38,2073,792,,,,,,,,,
2026-05-31,IOS,dhgate_product314_UK_Purchase 30D_purchase_IAP_Kelsey_20260424,NmHyz3ZrSwNTmf0j,50.28,2127,334,,,,,,,,,
2026-05-31,IOS,dhgate_product138_FR_ACT&Nopay 30D_purchase_IAP_Kelsey_20260403,zNcB24si9mbzBPed,100.56,11934,1267,,,,,,,,,
2026-05-31,ANDROID,dhgate_product301_US_ACT&Nopay 30D_purchase_IAP_Kelsey_20260422,uNF1ALuKQFoHzngn,84.8,3338,1596,,,,,,,,,
2026-05-31,IOS,dhgate_product300_T1_Purchase 30D_purchase_IAP_Kelsey_20260421,wGMfDvBHm0s02IeZ,50.2,7302,363,,,,,,,,,
2026-05-31,ANDROID,dhgate_product148_T1_Purchase 30D_purchase_IAP_Kelsey_20260415,dVlitdxzfmXStKCR,96.53,10476,859,,,,,,,,,
2026-05-31,IOS,dhgate_product137_US_Purchase 30D_purchase_IAP_Kelsey_20260402,Eo7scqEETcYxo6WH,50.46,4120,238,,,,,,,,,
2026-05-31,IOS,dhgate_product121_US_Purchase 30D_purchase_IAP_Kelsey_20260222,HGuWXrsF7XcJ6CCt,50.27,3785,234,,,,,,,,,
2026-05-31,IOS,dhgate_dpa-ios_US_ACT&Nopay 30D_purchase_IAP_Kelsey_20260515,y55faIMh7doL5RvO,100.13,167652,672,,,,,,,,,
2026-05-31,ANDROID,dhgate_dpa-and_US_ACT&Nopay 30D_purchase_IAP_Kelsey_20260511,M0ZXR7rklCeN7J9o,50.19,31984,1358,,,,,,,,,
2026-05-31,ANDROID,dhgate_product321_US_Purchase 30D_purchase_IAP_Kelsey_20260502,REqYVaM8BdMh2U81,50.19,4124,339,,,,,,,,,
2026-05-31,IOS,dhgate_product301_US_ACT&Nopay 30D_purchase_IAP_Kelsey_20260422,OG6WHvKPBaUM1wDo,50.25,7085,501,,,,,,,,,
2026-05-31,IOS,dhgate_product321_US_Purchase 30D_purchase_IAP_Kelsey_20260502,ihMCrglFMezOy59I,50.54,4749,247,,,,,,,,,
2026-05-31,ANDROID,dhgate_product322_US_Purchase 30D_purchase_IAP_Kelsey_20260504,UEOt0CeUKtYLfLaH,50.79,3276,329,,,,,,,,,
2026-05-31,ANDROID,dhgate_product368_T1_Purchase 30D_purchase_IAP_Kelsey_20260531,b3s2CGS3sMxfFWgV,11.3,680,261,,,,,,,,,
2026-05-31,IOS,dhgate_product326_US_ACT&Nopay 30D_purchase_IAP_Kelsey_20260506,zMf9PKJzCf4uVI7T,39.36,1069,633,,,,,,,,,
2026-05-31,IOS,dhgate_product368_T1_Purchase 30D_purchase_IAP_Kelsey_20260531,Ta2k2BeVyS7dWN4n,16.45,679,342,,,,,,,,,
2026-05-31,ANDROID,dhgate_product367_UK_Purchase 30D_purchase_IAP_Kelsey_20260530,AsUotp8z2P369W1o,27.74,1429,523,,,,,,,,,
2026-05-31,IOS,dhgate_product367_UK_Purchase 30D_purchase_IAP_Kelsey_20260530,B6nfe2NZpKCjpgca,49.65,1156,577,,,,,,,,,
2026-05-31,IOS,dhgate_product366_UK_Purchase 30D_purchase_IAP_Kelsey_20260529,AuNEgf9zqO65aSdr,48.36,950,442,,,,,,,,,
2026-05-31,ANDROID,dhgate_product366_UK_Purchase 30D_purchase_IAP_Kelsey_20260529,tlDSznDFDWyzbPVr,30.97,1180,366,,,,,,,,,
2026-05-31,IOS,dhgate_product365_US_Purchase 30D_purchase_IAP_Kelsey_20260528,gisdp4kMGc6WK5GP,50.92,1122,442,,,,,,,,,
2026-05-31,IOS,dhgate_product364_US_Purchase 30D_purchase_IAP_Kelsey_20260527,qX4oco28gDbrpBri,50.12,1101,441,,,,,,,,,
2026-05-31,ANDROID,dhgate_product364_US_Purchase 30D_purchase_IAP_Kelsey_20260527,QXrf4REyep7GNYPS,50.36,1723,370,,,,,,,,,
2026-05-31,ANDROID,dhgate_product365_US_Purchase 30D_purchase_IAP_Kelsey_20260528,WNhjy86kVGDJDol3,50.06,1309,407,,,,,,,,,
2026-05-31,IOS,dhgate_product357_UK_ACT&Nopay 30D_purchase_IAP_Kelsey_20260521,secYrwGRxGvE22kr,50.32,1198,675,,,,,,,,,
2026-05-31,ANDROID,dhgate_product359_UK_ACT&Nopay 30D_purchase_IAP_Kelsey_20260523,RWeVcrW8HneV8sUj,46.57,2706,944,,,,,,,,,
2026-05-31,IOS,dhgate_product336_T1_Purchase 30D_purchase_IAP_Kelsey_20260512,IbA1O59ht1JcwImf,50.18,3142,419,,,,,,,,,
2026-05-31,IOS,dhgate_product337_T1_ACT&Nopay 30D_purchase_IAP_Kelsey_20260513,pMbmqjxpXWy9uySH,50.17,8572,683,,,,,,,,,
2026-05-31,ANDROID,dhgate_product337_T1_ACT&Nopay 30D_purchase_IAP_Kelsey_20260513,Hi3okRpzvLX7H2oQ,42.28,4283,1685,,,,,,,,,
2026-05-31,ANDROID,dhgate_product332_T1_Purchase 30D_purchase_IAP_Kelsey_20260511,xRPnz3ozCwa6ycwg,50.17,7745,562,,,,,,,,,
2026-05-31,IOS,dhgate_product340_US_Purchase 30D_purchase_IAP_Kelsey_20260516,yznk4uz7IRlNu5TH,50.06,1089,506,,,,,,,,,
2026-05-31,IOS,dhgate_product350_US_Purchase 30D_purchase_IAP_Kelsey_20260517,eZwoS7yMwcYqxbzm,50.38,853,400,,,,,,,,,
2026-05-31,ANDROID,dhgate_product351_US_Purchase 30D_purchase_IAP_Kelsey_20260518,QTLyTb1PbE3fo5hj,50.07,1041,333,,,,,,,,,
2026-05-31,IOS,dhgate_product338_T1_ACT&Nopay 30D_purchase_IAP_Kelsey_20260515,aiZBaGOKYFBuq0Ps,33.72,2571,920,,,,,,,,,
2026-06-01,ANDROID,dhgate_product315_UK_ACT&Nopay 30D_purchase_IAP_Kelsey_20260425,bedUOEtGfoRFbmze,48.39,5659,705,,,,,,,,,
2026-06-01,ANDROID,dhgate_product321_US_Purchase 30D_purchase_IAP_Kelsey_20260502,REqYVaM8BdMh2U81,50.1,2854,353,,,,,,,,,
2026-06-01,IOS,dhgate_product319_US_Purchase 30D_purchase_IAP_Kelsey_20260429,SGOG7us7fBY7c5lH,50.66,3131,432,,,,,,,,,
2026-06-01,IOS,dhgate_product318_T1_Purchase 30D_purchase_IAP_Kelsey_20260428,mayu0PGeMJEYQhWJ,100.57,6786,759,,,,,,,,,
2026-06-01,IOS,dhgate_product317_UK_ACT&Nopay 30D_purchase_IAP_Kelsey_20260427,H9HAtL9q0yyc4Gdy,100.58,3621,867,,,,,,,,,
2026-06-01,ANDROID,dhgate_product317_UK_ACT&Nopay 30D_purchase_IAP_Kelsey_20260427,tDzMEZEldS4Kei0r,42.27,1753,670,,,,,,,,,
2026-06-01,ANDROID,dhgate_product317_FR_ACT&Nopay 30D_purchase_IAP_Kelsey_20260526,zbor8ujPF081oChW,45.44,4496,1684,,,,,,,,,
2026-06-01,IOS,dhgate_product317_CA_ACT&Nopay 30D_purchase_IAP_Kelsey_20260526,cvR7ymoBxgm2d26z,22.91,708,308,,,,,,,,,
2026-06-01,IOS,dhgate_product314_UK_Purchase 30D_purchase_IAP_Kelsey_20260424,NmHyz3ZrSwNTmf0j,50.34,2015,353,,,,,,,,,
2026-06-01,IOS,dhgate_product321_US_Purchase 30D_purchase_IAP_Kelsey_20260502,ihMCrglFMezOy59I,50.03,4521,218,,,,,,,,,
2026-06-01,ANDROID,dhgate_product301_US_ACT&Nopay 30D_purchase_IAP_Kelsey_20260422,uNF1ALuKQFoHzngn,85.52,3482,1617,,,,,,,,,
2026-06-01,IOS,dhgate_product300_T1_Purchase 30D_purchase_IAP_Kelsey_20260421,wGMfDvBHm0s02IeZ,50.27,4903,358,,,,,,,,,
2026-06-01,ANDROID,dhgate_product148_T1_Purchase 30D_purchase_IAP_Kelsey_20260415,dVlitdxzfmXStKCR,100.5,11020,952,,,,,,,,,
2026-06-01,IOS,dhgate_product138_FR_ACT&Nopay 30D_purchase_IAP_Kelsey_20260403,zNcB24si9mbzBPed,100.27,8512,1320,,,,,,,,,
2026-06-01,IOS,dhgate_product137_US_Purchase 30D_purchase_IAP_Kelsey_20260402,Eo7scqEETcYxo6WH,50.11,3741,226,,,,,,,,,
2026-06-01,IOS,dhgate_product121_US_Purchase 30D_purchase_IAP_Kelsey_20260222,HGuWXrsF7XcJ6CCt,50.1,3628,231,,,,,,,,,
2026-06-01,IOS,dhgate_dpa-ios_US_ACT&Nopay 30D_purchase_IAP_Kelsey_20260515,y55faIMh7doL5RvO,100.14,160734,1111,,,,,,,,,
2026-06-01,ANDROID,dhgate_dpa-and_US_ACT&Nopay 30D_purchase_IAP_Kelsey_20260511,M0ZXR7rklCeN7J9o,50.25,41874,1134,,,,,,,,,
2026-06-01,IOS,dhgate_product301_US_ACT&Nopay 30D_purchase_IAP_Kelsey_20260422,OG6WHvKPBaUM1wDo,50.08,6878,488,,,,,,,,,
2026-06-01,IOS,dhgate_product326_US_ACT&Nopay 30D_purchase_IAP_Kelsey_20260506,zMf9PKJzCf4uVI7T,44.05,1236,742,,,,,,,,,
2026-06-01,ANDROID,dhgate_product322_US_Purchase 30D_purchase_IAP_Kelsey_20260504,UEOt0CeUKtYLfLaH,50.29,2356,339,,,,,,,,,
2026-06-01,IOS,dhgate_product336_T1_Purchase 30D_purchase_IAP_Kelsey_20260512,IbA1O59ht1JcwImf,50.2,2842,492,,,,,,,,,
2026-06-01,ANDROID,dhgate_product332_T1_Purchase 30D_purchase_IAP_Kelsey_20260511,xRPnz3ozCwa6ycwg,48.69,8093,740,,,,,,,,,
2026-06-01,IOS,dhgate_product369_US_ACT&Nopay 30D_purchase_IAP_Kelsey_20260601,c3VF4BRyeEfmmeHV,12.72,553,227,,,,,,,,,
2026-06-01,IOS,dhgate_product368_T1_Purchase 30D_purchase_IAP_Kelsey_20260531,Ta2k2BeVyS7dWN4n,26.57,1234,573,,,,,,,,,
2026-06-01,ANDROID,dhgate_product368_T1_Purchase 30D_purchase_IAP_Kelsey_20260531,b3s2CGS3sMxfFWgV,38.66,2410,707,,,,,,,,,
2026-06-01,ANDROID,dhgate_product367_UK_Purchase 30D_purchase_IAP_Kelsey_20260530,AsUotp8z2P369W1o,35.93,1855,586,,,,,,,,,
2026-06-01,IOS,dhgate_product367_UK_Purchase 30D_purchase_IAP_Kelsey_20260530,B6nfe2NZpKCjpgca,46.79,1169,456,,,,,,,,,
2026-06-01,ANDROID,dhgate_product366_UK_Purchase 30D_purchase_IAP_Kelsey_20260529,tlDSznDFDWyzbPVr,40.22,1338,502,,,,,,,,,
2026-06-01,ANDROID,dhgate_product365_US_Purchase 30D_purchase_IAP_Kelsey_20260528,WNhjy86kVGDJDol3,48.44,1810,402,,,,,,,,,
2026-06-01,IOS,dhgate_product365_US_Purchase 30D_purchase_IAP_Kelsey_20260528,gisdp4kMGc6WK5GP,50.74,986,482,,,,,,,,,
2026-06-01,IOS,dhgate_product364_US_Purchase 30D_purchase_IAP_Kelsey_20260527,qX4oco28gDbrpBri,50.15,1075,445,,,,,,,,,
2026-06-01,IOS,dhgate_product366_UK_Purchase 30D_purchase_IAP_Kelsey_20260529,AuNEgf9zqO65aSdr,48.81,1487,444,,,,,,,,,
2026-06-01,ANDROID,dhgate_product359_UK_ACT&Nopay 30D_purchase_IAP_Kelsey_20260523,RWeVcrW8HneV8sUj,50.08,2310,936,,,,,,,,,
2026-06-01,ANDROID,dhgate_product364_US_Purchase 30D_purchase_IAP_Kelsey_20260527,QXrf4REyep7GNYPS,48.48,2025,385,,,,,,,,,
2026-06-01,IOS,dhgate_product337_T1_ACT&Nopay 30D_purchase_IAP_Kelsey_20260513,pMbmqjxpXWy9uySH,50.17,8381,700,,,,,,,,,
2026-06-01,ANDROID,dhgate_product337_T1_ACT&Nopay 30D_purchase_IAP_Kelsey_20260513,Hi3okRpzvLX7H2oQ,44.08,5270,2062,,,,,,,,,
2026-06-01,IOS,dhgate_product338_T1_ACT&Nopay 30D_purchase_IAP_Kelsey_20260515,aiZBaGOKYFBuq0Ps,49.54,5829,766,,,,,,,,,
2026-06-01,ANDROID,dhgate_product369_US_ACT&Nopay 30D_purchase_IAP_Kelsey_20260601,n7f3WCGhTngQWJhC,4.5,417,214,,,,,,,,,
2026-06-01,IOS,dhgate_product350_US_Purchase 30D_purchase_IAP_Kelsey_20260517,eZwoS7yMwcYqxbzm,50.86,1016,472,,,,,,,,,
2026-06-01,ANDROID,dhgate_product351_US_Purchase 30D_purchase_IAP_Kelsey_20260518,QTLyTb1PbE3fo5hj,50.23,1526,359,,,,,,,,,
2026-06-01,IOS,dhgate_product357_UK_ACT&Nopay 30D_purchase_IAP_Kelsey_20260521,secYrwGRxGvE22kr,47.84,1263,680,,,,,,,,,
2026-06-01,IOS,dhgate_product340_US_Purchase 30D_purchase_IAP_Kelsey_20260516,yznk4uz7IRlNu5TH,48.64,1121,506,,,,,,,,,
2026-06-02,ANDROID,dhgate_product317_FR_ACT&Nopay 30D_purchase_IAP_Kelsey_20260526,zbor8ujPF081oChW,45.28,5071,1808,,,,,,,,,
2026-06-02,IOS,dhgate_product326_US_ACT&Nopay 30D_purchase_IAP_Kelsey_20260506,zMf9PKJzCf4uVI7T,47.92,1380,826,,,,,,,,,
2026-06-02,ANDROID,dhgate_product322_US_Purchase 30D_purchase_IAP_Kelsey_20260504,UEOt0CeUKtYLfLaH,50.23,4795,269,,,,,,,,,
2026-06-02,IOS,dhgate_product321_US_Purchase 30D_purchase_IAP_Kelsey_20260502,ihMCrglFMezOy59I,50.0,4896,212,,,,,,,,,
2026-06-02,ANDROID,dhgate_product321_US_Purchase 30D_purchase_IAP_Kelsey_20260502,REqYVaM8BdMh2U81,50.34,4307,345,,,,,,,,,
2026-06-02,IOS,dhgate_product319_US_Purchase 30D_purchase_IAP_Kelsey_20260429,SGOG7us7fBY7c5lH,82.6,4426,685,,,,,,,,,
2026-06-02,IOS,dhgate_product318_T1_Purchase 30D_purchase_IAP_Kelsey_20260428,mayu0PGeMJEYQhWJ,135.29,7339,998,,,,,,,,,
2026-06-02,IOS,dhgate_product317_UK_ACT&Nopay 30D_purchase_IAP_Kelsey_20260427,H9HAtL9q0yyc4Gdy,100.31,3854,886,,,,,,,,,
2026-06-02,ANDROID,dhgate_product317_UK_ACT&Nopay 30D_purchase_IAP_Kelsey_20260427,tDzMEZEldS4Kei0r,63.22,2435,838,,,,,,,,,
2026-06-02,IOS,dhgate_product317_CA_ACT&Nopay 30D_purchase_IAP_Kelsey_20260526,cvR7ymoBxgm2d26z,23.33,654,307,,,,,,,,,
2026-06-02,ANDROID,dhgate_dpa-and_US_ACT&Nopay 30D_purchase_IAP_Kelsey_20260511,M0ZXR7rklCeN7J9o,74.53,40405,2017,,,,,,,,,
2026-06-02,IOS,dhgate_product314_UK_Purchase 30D_purchase_IAP_Kelsey_20260424,NmHyz3ZrSwNTmf0j,50.34,1606,309,,,,,,,,,
2026-06-02,IOS,dhgate_product301_US_ACT&Nopay 30D_purchase_IAP_Kelsey_20260422,OG6WHvKPBaUM1wDo,50.14,6480,497,,,,,,,,,
2026-06-02,ANDROID,dhgate_product301_US_ACT&Nopay 30D_purchase_IAP_Kelsey_20260422,uNF1ALuKQFoHzngn,63.68,2532,1142,,,,,,,,,
2026-06-02,IOS,dhgate_product300_T1_Purchase 30D_purchase_IAP_Kelsey_20260421,wGMfDvBHm0s02IeZ,50.22,4012,407,,,,,,,,,
2026-06-02,ANDROID,dhgate_product148_T1_Purchase 30D_purchase_IAP_Kelsey_20260415,dVlitdxzfmXStKCR,100.29,9352,894,,,,,,,,,
2026-06-02,IOS,dhgate_product138_FR_ACT&Nopay 30D_purchase_IAP_Kelsey_20260403,zNcB24si9mbzBPed,135.03,8666,1839,,,,,,,,,
2026-06-02,IOS,dhgate_product137_US_Purchase 30D_purchase_IAP_Kelsey_20260402,Eo7scqEETcYxo6WH,50.1,4177,237,,,,,,,,,
2026-06-02,IOS,dhgate_product121_US_Purchase 30D_purchase_IAP_Kelsey_20260222,HGuWXrsF7XcJ6CCt,50.03,3623,200,,,,,,,,,
2026-06-02,IOS,dhgate_dpa-ios_US_ACT&Nopay 30D_purchase_IAP_Kelsey_20260515,y55faIMh7doL5RvO,98.0,114389,1031,,,,,,,,,
2026-06-02,ANDROID,dhgate_product315_UK_ACT&Nopay 30D_purchase_IAP_Kelsey_20260425,bedUOEtGfoRFbmze,48.07,5364,682,,,,,,,,,
2026-06-02,ANDROID,dhgate_product332_T1_Purchase 30D_purchase_IAP_Kelsey_20260511,xRPnz3ozCwa6ycwg,50.11,7689,586,,,,,,,,,
2026-06-02,IOS,dhgate_product337_T1_ACT&Nopay 30D_purchase_IAP_Kelsey_20260513,pMbmqjxpXWy9uySH,48.51,7784,713,,,,,,,,,
2026-06-02,ANDROID,dhgate_product337_T1_ACT&Nopay 30D_purchase_IAP_Kelsey_20260513,Hi3okRpzvLX7H2oQ,45.85,5221,1954,,,,,,,,,
2026-06-02,IOS,dhgate_product370_UK_ACT&Nopay 30D_purchase_IAP_Kelsey_20260602,u2rFWDCBsR8FziTt,14.19,510,246,,,,,,,,,
2026-06-02,IOS,dhgate_product336_T1_Purchase 30D_purchase_IAP_Kelsey_20260512,IbA1O59ht1JcwImf,50.16,2998,500,,,,,,,,,
2026-06-02,ANDROID,dhgate_product369_US_ACT&Nopay 30D_purchase_IAP_Kelsey_20260601,n7f3WCGhTngQWJhC,39.92,2904,1095,,,,,,,,,
2026-06-02,IOS,dhgate_product369_US_ACT&Nopay 30D_purchase_IAP_Kelsey_20260601,c3VF4BRyeEfmmeHV,43.02,1638,825,,,,,,,,,
2026-06-02,IOS,dhgate_product368_T1_Purchase 30D_purchase_IAP_Kelsey_20260531,Ta2k2BeVyS7dWN4n,36.07,1630,743,,,,,,,,,
2026-06-02,ANDROID,dhgate_product368_T1_Purchase 30D_purchase_IAP_Kelsey_20260531,b3s2CGS3sMxfFWgV,47.16,2815,876,,,,,,,,,
2026-06-02,ANDROID,dhgate_product367_UK_Purchase 30D_purchase_IAP_Kelsey_20260530,AsUotp8z2P369W1o,44.62,2669,707,,,,,,,,,
2026-06-02,IOS,dhgate_product367_UK_Purchase 30D_purchase_IAP_Kelsey_20260530,B6nfe2NZpKCjpgca,16.06,418,228,,,,,,,,,
2026-06-02,IOS,dhgate_product366_UK_Purchase 30D_purchase_IAP_Kelsey_20260529,AuNEgf9zqO65aSdr,32.53,1172,254,,,,,,,,,
2026-06-02,ANDROID,dhgate_product366_UK_Purchase 30D_purchase_IAP_Kelsey_20260529,tlDSznDFDWyzbPVr,48.87,1793,522,,,,,,,,,
2026-06-02,ANDROID,dhgate_product370_UK_ACT&Nopay 30D_purchase_IAP_Kelsey_20260602,FhZfCMsFGbjzmgDR,7.47,586,237,,,,,,,,,
2026-06-02,IOS,dhgate_product365_US_Purchase 30D_purchase_IAP_Kelsey_20260528,gisdp4kMGc6WK5GP,46.9,982,454,,,,,,,,,
2026-06-02,ANDROID,dhgate_product365_US_Purchase 30D_purchase_IAP_Kelsey_20260528,WNhjy86kVGDJDol3,33.86,1507,251,,,,,,,,,
2026-06-02,IOS,dhgate_product340_US_Purchase 30D_purchase_IAP_Kelsey_20260516,yznk4uz7IRlNu5TH,50.3,1124,550,,,,,,,,,
2026-06-02,IOS,dhgate_product350_US_Purchase 30D_purchase_IAP_Kelsey_20260517,eZwoS7yMwcYqxbzm,94.89,2946,661,,,,,,,,,
2026-06-02,ANDROID,dhgate_product351_US_Purchase 30D_purchase_IAP_Kelsey_20260518,QTLyTb1PbE3fo5hj,43.41,2073,254,,,,,,,,,
2026-06-02,IOS,dhgate_product338_T1_ACT&Nopay 30D_purchase_IAP_Kelsey_20260515,aiZBaGOKYFBuq0Ps,45.42,5208,712,,,,,,,,,
2026-06-02,ANDROID,dhgate_product359_UK_ACT&Nopay 30D_purchase_IAP_Kelsey_20260523,RWeVcrW8HneV8sUj,43.89,2214,821,,,,,,,,,
2026-06-02,ANDROID,dhgate_product364_US_Purchase 30D_purchase_IAP_Kelsey_20260527,QXrf4REyep7GNYPS,30.82,1990,198,,,,,,,,,
2026-06-02,IOS,dhgate_product364_US_Purchase 30D_purchase_IAP_Kelsey_20260527,qX4oco28gDbrpBri,49.68,1291,491,,,,,,,,,
2026-06-02,IOS,dhgate_product357_UK_ACT&Nopay 30D_purchase_IAP_Kelsey_20260521,secYrwGRxGvE22kr,50.15,1334,740,,,,,,,,,
2026-06-03,IOS,dhgate_product314_UK_Purchase 30D_purchase_IAP_Kelsey_20260424,NmHyz3ZrSwNTmf0j,48.61,1791,328,,,,,,,,,
2026-06-03,ANDROID,dhgate_product321_US_Purchase 30D_purchase_IAP_Kelsey_20260502,REqYVaM8BdMh2U81,46.96,2767,346,,,,,,,,,
2026-06-03,IOS,dhgate_product319_US_Purchase 30D_purchase_IAP_Kelsey_20260429,SGOG7us7fBY7c5lH,100.71,6640,799,,,,,,,,,
2026-06-03,IOS,dhgate_product318_T1_Purchase 30D_purchase_IAP_Kelsey_20260428,mayu0PGeMJEYQhWJ,150.47,9783,1113,,,,,,,,,
2026-06-03,IOS,dhgate_product317_UK_ACT&Nopay 30D_purchase_IAP_Kelsey_20260427,H9HAtL9q0yyc4Gdy,100.94,3969,829,,,,,,,,,
2026-06-03,ANDROID,dhgate_product317_FR_ACT&Nopay 30D_purchase_IAP_Kelsey_20260526,zbor8ujPF081oChW,50.16,4928,1837,,,,,,,,,
2026-06-03,ANDROID,dhgate_product315_UK_ACT&Nopay 30D_purchase_IAP_Kelsey_20260425,bedUOEtGfoRFbmze,50.47,5923,793,,,,,,,,,
2026-06-03,IOS,dhgate_product301_US_ACT&Nopay 30D_purchase_IAP_Kelsey_20260422,OG6WHvKPBaUM1wDo,50.1,7568,424,,,,,,,,,
2026-06-03,IOS,dhgate_product137_US_Purchase 30D_purchase_IAP_Kelsey_20260402,Eo7scqEETcYxo6WH,50.0,4020,217,,,,,,,,,
2026-06-03,IOS,dhgate_product300_T1_Purchase 30D_purchase_IAP_Kelsey_20260421,wGMfDvBHm0s02IeZ,50.48,4802,388,,,,,,,,,
2026-06-03,ANDROID,dhgate_product148_T1_Purchase 30D_purchase_IAP_Kelsey_20260415,dVlitdxzfmXStKCR,95.11,10951,990,,,,,,,,,
2026-06-03,IOS,dhgate_product138_FR_ACT&Nopay 30D_purchase_IAP_Kelsey_20260403,zNcB24si9mbzBPed,150.72,12616,1886,,,,,,,,,
2026-06-03,IOS,dhgate_product121_US_Purchase 30D_purchase_IAP_Kelsey_20260222,HGuWXrsF7XcJ6CCt,50.08,4281,220,,,,,,,,,
2026-06-03,IOS,dhgate_dpa-ios_US_ACT&Nopay 30D_purchase_IAP_Kelsey_20260515,y55faIMh7doL5RvO,100.73,144767,653,,,,,,,,,
2026-06-03,ANDROID,dhgate_dpa-and_US_ACT&Nopay 30D_purchase_IAP_Kelsey_20260511,M0ZXR7rklCeN7J9o,97.03,45030,1521,,,,,,,,,
2026-06-03,IOS,dhgate_product321_US_Purchase 30D_purchase_IAP_Kelsey_20260502,ihMCrglFMezOy59I,50.15,5352,197,,,,,,,,,
2026-06-03,ANDROID,dhgate_product301_US_ACT&Nopay 30D_purchase_IAP_Kelsey_20260422,uNF1ALuKQFoHzngn,36.14,1544,769,,,,,,,,,
2026-06-03,ANDROID,dhgate_product322_US_Purchase 30D_purchase_IAP_Kelsey_20260504,UEOt0CeUKtYLfLaH,50.41,3350,389,,,,,,,,,
2026-06-03,ANDROID,dhgate_product317_UK_ACT&Nopay 30D_purchase_IAP_Kelsey_20260427,tDzMEZEldS4Kei0r,89.68,3632,1304,,,,,,,,,
2026-06-03,ANDROID,dhgate_product332_T1_Purchase 30D_purchase_IAP_Kelsey_20260511,xRPnz3ozCwa6ycwg,33.33,5664,385,,,,,,,,,
2026-06-03,IOS,dhgate_product326_US_ACT&Nopay 30D_purchase_IAP_Kelsey_20260506,zMf9PKJzCf4uVI7T,50.21,1492,847,,,,,,,,,
2026-06-03,ANDROID,dhgate_product369_US_ACT&Nopay 30D_purchase_IAP_Kelsey_20260601,n7f3WCGhTngQWJhC,39.99,2330,956,,,,,,,,,
2026-06-03,IOS,dhgate_product369_US_ACT&Nopay 30D_purchase_IAP_Kelsey_20260601,c3VF4BRyeEfmmeHV,39.44,1497,742,,,,,,,,,
2026-06-03,IOS,dhgate_product368_T1_Purchase 30D_purchase_IAP_Kelsey_20260531,Ta2k2BeVyS7dWN4n,48.25,2800,780,,,,,,,,,
2026-06-03,ANDROID,dhgate_product368_T1_Purchase 30D_purchase_IAP_Kelsey_20260531,b3s2CGS3sMxfFWgV,36.5,2243,804,,,,,,,,,
2026-06-03,ANDROID,dhgate_product367_UK_Purchase 30D_purchase_IAP_Kelsey_20260530,AsUotp8z2P369W1o,40.47,1803,622,,,,,,,,,
2026-06-03,ANDROID,dhgate_product366_UK_Purchase 30D_purchase_IAP_Kelsey_20260529,tlDSznDFDWyzbPVr,31.04,1072,426,,,,,,,,,
2026-06-03,IOS,dhgate_product364_US_Purchase 30D_purchase_IAP_Kelsey_20260527,qX4oco28gDbrpBri,50.1,1217,529,,,,,,,,,
2026-06-03,ANDROID,dhgate_product370_UK_ACT&Nopay 30D_purchase_IAP_Kelsey_20260602,FhZfCMsFGbjzmgDR,40.28,2629,920,,,,,,,,,
2026-06-03,IOS,dhgate_product357_UK_ACT&Nopay 30D_purchase_IAP_Kelsey_20260521,secYrwGRxGvE22kr,50.17,1311,695,,,,,,,,,
2026-06-03,IOS,dhgate_product350_US_Purchase 30D_purchase_IAP_Kelsey_20260517,eZwoS7yMwcYqxbzm,100.38,6779,425,,,,,,,,,
2026-06-03,IOS,dhgate_product340_US_Purchase 30D_purchase_IAP_Kelsey_20260516,yznk4uz7IRlNu5TH,50.14,1086,530,,,,,,,,,
2026-06-03,IOS,dhgate_product370_UK_ACT&Nopay 30D_purchase_IAP_Kelsey_20260602,u2rFWDCBsR8FziTt,49.46,1688,797,,,,,,,,,
2026-06-03,IOS,dhgate_product338_T1_ACT&Nopay 30D_purchase_IAP_Kelsey_20260515,aiZBaGOKYFBuq0Ps,50.23,6103,758,,,,,,,,,
2026-06-03,ANDROID,dhgate_product337_T1_ACT&Nopay 30D_purchase_IAP_Kelsey_20260513,Hi3okRpzvLX7H2oQ,42.23,4716,1815,,,,,,,,,
2026-06-03,IOS,dhgate_product337_T1_ACT&Nopay 30D_purchase_IAP_Kelsey_20260513,pMbmqjxpXWy9uySH,50.26,8785,768,,,,,,,,,
2026-06-03,IOS,dhgate_product336_T1_Purchase 30D_purchase_IAP_Kelsey_20260512,IbA1O59ht1JcwImf,50.38,3920,492,,,,,,,,,
2026-06-03,ANDROID,dhgate_product359_UK_ACT&Nopay 30D_purchase_IAP_Kelsey_20260523,RWeVcrW8HneV8sUj,47.26,2297,905,,,,,,,,,
2026-06-04,IOS,dhgate_product318_T1_Purchase 30D_purchase_IAP_Kelsey_20260428,mayu0PGeMJEYQhWJ,150.13,9182,1184,,,,,,,,,
2026-06-04,IOS,dhgate_product317_UK_ACT&Nopay 30D_purchase_IAP_Kelsey_20260427,H9HAtL9q0yyc4Gdy,93.09,4240,793,,,,,,,,,
2026-06-04,ANDROID,dhgate_product317_UK_ACT&Nopay 30D_purchase_IAP_Kelsey_20260427,tDzMEZEldS4Kei0r,92.9,3635,1326,,,,,,,,,
2026-06-04,ANDROID,dhgate_product317_FR_ACT&Nopay 30D_purchase_IAP_Kelsey_20260526,zbor8ujPF081oChW,46.69,5604,1960,,,,,,,,,
2026-06-04,ANDROID,dhgate_product315_UK_ACT&Nopay 30D_purchase_IAP_Kelsey_20260425,bedUOEtGfoRFbmze,50.17,6996,692,,,,,,,,,
2026-06-04,IOS,dhgate_product314_UK_Purchase 30D_purchase_IAP_Kelsey_20260424,NmHyz3ZrSwNTmf0j,45.0,1990,329,,,,,,,,,
2026-06-04,IOS,dhgate_product301_US_ACT&Nopay 30D_purchase_IAP_Kelsey_20260422,OG6WHvKPBaUM1wDo,50.17,6981,385,,,,,,,,,
2026-06-04,IOS,dhgate_product137_US_Purchase 30D_purchase_IAP_Kelsey_20260402,Eo7scqEETcYxo6WH,50.35,4093,228,,,,,,,,,
2026-06-04,IOS,dhgate_product300_T1_Purchase 30D_purchase_IAP_Kelsey_20260421,wGMfDvBHm0s02IeZ,50.42,4599,443,,,,,,,,,
2026-06-04,ANDROID,dhgate_product148_T1_Purchase 30D_purchase_IAP_Kelsey_20260415,dVlitdxzfmXStKCR,100.41,12796,941,,,,,,,,,
2026-06-04,IOS,dhgate_product138_FR_ACT&Nopay 30D_purchase_IAP_Kelsey_20260403,zNcB24si9mbzBPed,150.14,12811,1942,,,,,,,,,
2026-06-04,IOS,dhgate_product121_US_Purchase 30D_purchase_IAP_Kelsey_20260222,HGuWXrsF7XcJ6CCt,50.15,3755,204,,,,,,,,,
2026-06-04,IOS,dhgate_dpa-ios_US_ACT&Nopay 30D_purchase_IAP_Kelsey_20260515,y55faIMh7doL5RvO,101.07,9073,390,,,,,,,,,
2026-06-04,ANDROID,dhgate_dpa-and_US_ACT&Nopay 30D_purchase_IAP_Kelsey_20260511,M0ZXR7rklCeN7J9o,100.69,8232,1267,,,,,,,,,
2026-06-04,IOS,dhgate_product319_US_Purchase 30D_purchase_IAP_Kelsey_20260429,SGOG7us7fBY7c5lH,100.32,6900,842,,,,,,,,,
2026-06-04,ANDROID,dhgate_product301_US_ACT&Nopay 30D_purchase_IAP_Kelsey_20260422,uNF1ALuKQFoHzngn,42.95,1983,918,,,,,,,,,
2026-06-04,IOS,dhgate_product321_US_Purchase 30D_purchase_IAP_Kelsey_20260502,ihMCrglFMezOy59I,50.18,4981,188,,,,,,,,,
2026-06-04,ANDROID,dhgate_product322_US_Purchase 30D_purchase_IAP_Kelsey_20260504,UEOt0CeUKtYLfLaH,50.09,2814,444,,,,,,,,,
2026-06-04,IOS,dhgate_product326_US_ACT&Nopay 30D_purchase_IAP_Kelsey_20260506,zMf9PKJzCf4uVI7T,50.91,1473,819,,,,,,,,,
2026-06-04,IOS,dhgate_product370_UK_ACT&Nopay 30D_purchase_IAP_Kelsey_20260602,u2rFWDCBsR8FziTt,51.59,1422,665,,,,,,,,,
2026-06-04,ANDROID,dhgate_product370_UK_ACT&Nopay 30D_purchase_IAP_Kelsey_20260602,FhZfCMsFGbjzmgDR,37.96,2513,883,,,,,,,,,
2026-06-04,ANDROID,dhgate_product369_US_ACT&Nopay 30D_purchase_IAP_Kelsey_20260601,n7f3WCGhTngQWJhC,33.75,2049,838,,,,,,,,,
2026-06-04,IOS,dhgate_product369_US_ACT&Nopay 30D_purchase_IAP_Kelsey_20260601,c3VF4BRyeEfmmeHV,45.74,1517,777,,,,,,,,,
2026-06-04,IOS,dhgate_product368_T1_Purchase 30D_purchase_IAP_Kelsey_20260531,Ta2k2BeVyS7dWN4n,45.46,3072,399,,,,,,,,,
2026-06-04,ANDROID,dhgate_product367_UK_Purchase 30D_purchase_IAP_Kelsey_20260530,AsUotp8z2P369W1o,34.7,1934,565,,,,,,,,,
2026-06-04,ANDROID,dhgate_product366_UK_Purchase 30D_purchase_IAP_Kelsey_20260529,tlDSznDFDWyzbPVr,41.2,1760,545,,,,,,,,,
2026-06-04,IOS,dhgate_product364_US_Purchase 30D_purchase_IAP_Kelsey_20260527,qX4oco28gDbrpBri,53.06,1093,456,,,,,,,,,
2026-06-04,ANDROID,dhgate_product368_T1_Purchase 30D_purchase_IAP_Kelsey_20260531,b3s2CGS3sMxfFWgV,37.36,2764,782,,,,,,,,,
2026-06-04,IOS,dhgate_product357_UK_ACT&Nopay 30D_purchase_IAP_Kelsey_20260521,secYrwGRxGvE22kr,51.3,1280,668,,,,,,,,,
2026-06-04,IOS,dhgate_product350_US_Purchase 30D_purchase_IAP_Kelsey_20260517,eZwoS7yMwcYqxbzm,102.43,6188,414,,,,,,,,,
2026-06-04,IOS,dhgate_product340_US_Purchase 30D_purchase_IAP_Kelsey_20260516,yznk4uz7IRlNu5TH,51.55,1005,530,,,,,,,,,
2026-06-04,IOS,dhgate_product338_T1_ACT&Nopay 30D_purchase_IAP_Kelsey_20260515,aiZBaGOKYFBuq0Ps,49.36,6375,724,,,,,,,,,
2026-06-04,ANDROID,dhgate_product337_T1_ACT&Nopay 30D_purchase_IAP_Kelsey_20260513,Hi3okRpzvLX7H2oQ,40.17,5587,2113,,,,,,,,,
2026-06-04,IOS,dhgate_product337_T1_ACT&Nopay 30D_purchase_IAP_Kelsey_20260513,pMbmqjxpXWy9uySH,49.68,8589,708,,,,,,,,,
2026-06-04,IOS,dhgate_product336_T1_Purchase 30D_purchase_IAP_Kelsey_20260512,IbA1O59ht1JcwImf,51.47,3976,430,,,,,,,,,
2026-06-04,ANDROID,dhgate_product359_UK_ACT&Nopay 30D_purchase_IAP_Kelsey_20260523,RWeVcrW8HneV8sUj,35.67,2191,730,,,,,,,,,
2026-06-05,ANDROID,dhgate_product315_UK_ACT&Nopay 30D_purchase_IAP_Kelsey_20260425,bedUOEtGfoRFbmze,50.17,7225,720,,,,,,,,,
2026-06-05,IOS,dhgate_product321_US_Purchase 30D_purchase_IAP_Kelsey_20260502,ihMCrglFMezOy59I,50.2,4423,206,,,,,,,,,
2026-06-05,IOS,dhgate_product319_US_Purchase 30D_purchase_IAP_Kelsey_20260429,SGOG7us7fBY7c5lH,100.6,7343,801,,,,,,,,,
2026-06-05,IOS,dhgate_product318_T1_Purchase 30D_purchase_IAP_Kelsey_20260428,mayu0PGeMJEYQhWJ,150.82,9267,1040,,,,,,,,,
2026-06-05,IOS,dhgate_product317_UK_ACT&Nopay 30D_purchase_IAP_Kelsey_20260427,H9HAtL9q0yyc4Gdy,100.72,4373,790,,,,,,,,,
2026-06-05,ANDROID,dhgate_product317_UK_ACT&Nopay 30D_purchase_IAP_Kelsey_20260427,tDzMEZEldS4Kei0r,81.37,3503,1248,,,,,,,,,
2026-06-05,ANDROID,dhgate_product317_FR_ACT&Nopay 30D_purchase_IAP_Kelsey_20260526,zbor8ujPF081oChW,45.36,5441,2045,,,,,,,,,
2026-06-05,IOS,dhgate_product314_UK_Purchase 30D_purchase_IAP_Kelsey_20260424,NmHyz3ZrSwNTmf0j,50.13,2120,290,,,,,,,,,
2026-06-05,ANDROID,dhgate_dpa-and_US_ACT&Nopay 30D_purchase_IAP_Kelsey_20260511,M0ZXR7rklCeN7J9o,97.05,6167,1249,,,,,,,,,
2026-06-05,ANDROID,dhgate_product301_US_ACT&Nopay 30D_purchase_IAP_Kelsey_20260422,uNF1ALuKQFoHzngn,43.53,2186,1011,,,,,,,,,
2026-06-05,IOS,dhgate_product300_T1_Purchase 30D_purchase_IAP_Kelsey_20260421,wGMfDvBHm0s02IeZ,50.13,4790,380,,,,,,,,,
2026-06-05,ANDROID,dhgate_product148_T1_Purchase 30D_purchase_IAP_Kelsey_20260415,dVlitdxzfmXStKCR,98.51,13278,882,,,,,,,,,
2026-06-05,IOS,dhgate_product138_FR_ACT&Nopay 30D_purchase_IAP_Kelsey_20260403,zNcB24si9mbzBPed,150.94,13395,1779,,,,,,,,,
2026-06-05,IOS,dhgate_product121_US_Purchase 30D_purchase_IAP_Kelsey_20260222,HGuWXrsF7XcJ6CCt,50.03,3306,223,,,,,,,,,
2026-06-05,IOS,dhgate_dpa-ios_US_ACT&Nopay 30D_purchase_IAP_Kelsey_20260515,y55faIMh7doL5RvO,99.37,9113,377,,,,,,,,,
2026-06-05,ANDROID,dhgate_product322_US_Purchase 30D_purchase_IAP_Kelsey_20260504,UEOt0CeUKtYLfLaH,50.26,3240,419,,,,,,,,,
2026-06-05,IOS,dhgate_product301_US_ACT&Nopay 30D_purchase_IAP_Kelsey_20260422,OG6WHvKPBaUM1wDo,50.05,6908,408,,,,,,,,,
2026-06-05,IOS,dhgate_product326_US_ACT&Nopay 30D_purchase_IAP_Kelsey_20260506,zMf9PKJzCf4uVI7T,50.38,1349,772,,,,,,,,,
2026-06-05,IOS,dhgate_product137_US_Purchase 30D_purchase_IAP_Kelsey_20260402,Eo7scqEETcYxo6WH,50.06,3411,209,,,,,,,,,
2026-06-05,IOS,dhgate_product337_T1_ACT&Nopay 30D_purchase_IAP_Kelsey_20260513,pMbmqjxpXWy9uySH,50.27,8463,641,,,,,,,,,
2026-06-05,IOS,dhgate_product336_T1_Purchase 30D_purchase_IAP_Kelsey_20260512,IbA1O59ht1JcwImf,50.47,3980,418,,,,,,,,,
2026-06-05,ANDROID,dhgate_product372_T1_ACT&Nopay 30D_purchase_IAP_Kelsey_20260605,dNCh4PR4zw9zLcA5,8.73,2836,1053,,,,,,,,,
2026-06-05,IOS,dhgate_product370_UK_ACT&Nopay 30D_purchase_IAP_Kelsey_20260602,u2rFWDCBsR8FziTt,37.76,956,493,,,,,,,,,
2026-06-05,ANDROID,dhgate_product370_UK_ACT&Nopay 30D_purchase_IAP_Kelsey_20260602,FhZfCMsFGbjzmgDR,27.98,2068,734,,,,,,,,,
2026-06-05,ANDROID,dhgate_product369_US_ACT&Nopay 30D_purchase_IAP_Kelsey_20260601,n7f3WCGhTngQWJhC,44.9,2923,1040,,,,,,,,,
2026-06-05,IOS,dhgate_product369_US_ACT&Nopay 30D_purchase_IAP_Kelsey_20260601,c3VF4BRyeEfmmeHV,23.45,849,446,,,,,,,,,
2026-06-05,IOS,dhgate_product368_T1_Purchase 30D_purchase_IAP_Kelsey_20260531,Ta2k2BeVyS7dWN4n,50.79,3651,464,,,,,,,,,
2026-06-05,ANDROID,dhgate_product368_T1_Purchase 30D_purchase_IAP_Kelsey_20260531,b3s2CGS3sMxfFWgV,45.05,3323,978,,,,,,,,,
2026-06-05,IOS,dhgate_product372_T1_ACT&Nopay 30D_purchase_IAP_Kelsey_20260605,U4gzqzcEnoe3yurD,8.25,683,398,,,,,,,,,
2026-06-05,ANDROID,dhgate_product366_UK_Purchase 30D_purchase_IAP_Kelsey_20260529,tlDSznDFDWyzbPVr,38.65,1779,519,,,,,,,,,
2026-06-05,IOS,dhgate_product364_US_Purchase 30D_purchase_IAP_Kelsey_20260527,qX4oco28gDbrpBri,50.25,916,477,,,,,,,,,
2026-06-05,ANDROID,dhgate_product359_UK_ACT&Nopay 30D_purchase_IAP_Kelsey_20260523,RWeVcrW8HneV8sUj,43.02,3606,1140,,,,,,,,,
2026-06-05,IOS,dhgate_product357_UK_ACT&Nopay 30D_purchase_IAP_Kelsey_20260521,secYrwGRxGvE22kr,50.6,1129,623,,,,,,,,,
2026-06-05,IOS,dhgate_product350_US_Purchase 30D_purchase_IAP_Kelsey_20260517,eZwoS7yMwcYqxbzm,100.16,5628,425,,,,,,,,,
2026-06-05,IOS,dhgate_product340_US_Purchase 30D_purchase_IAP_Kelsey_20260516,yznk4uz7IRlNu5TH,68.91,1236,680,,,,,,,,,
2026-06-05,IOS,dhgate_product338_T1_ACT&Nopay 30D_purchase_IAP_Kelsey_20260515,aiZBaGOKYFBuq0Ps,50.34,5899,703,,,,,,,,,
2026-06-05,ANDROID,dhgate_product337_T1_ACT&Nopay 30D_purchase_IAP_Kelsey_20260513,Hi3okRpzvLX7H2oQ,45.51,5988,2362,,,,,,,,,
2026-06-05,ANDROID,dhgate_product367_UK_Purchase 30D_purchase_IAP_Kelsey_20260530,AsUotp8z2P369W1o,38.13,1857,607,,,,,,,,,
2026-06-06,IOS,dhgate_product319_US_Purchase 30D_purchase_IAP_Kelsey_20260429,SGOG7us7fBY7c5lH,100.48,6475,744,,,,,,,,,
2026-06-06,IOS,dhgate_product318_T1_Purchase 30D_purchase_IAP_Kelsey_20260428,mayu0PGeMJEYQhWJ,151.57,7901,1048,,,,,,,,,
2026-06-06,IOS,dhgate_product317_UK_ACT&Nopay 30D_purchase_IAP_Kelsey_20260427,H9HAtL9q0yyc4Gdy,100.62,4486,746,,,,,,,,,
2026-06-06,ANDROID,dhgate_product317_UK_ACT&Nopay 30D_purchase_IAP_Kelsey_20260427,tDzMEZEldS4Kei0r,96.61,3833,1325,,,,,,,,,
2026-06-06,ANDROID,dhgate_product317_FR_ACT&Nopay 30D_purchase_IAP_Kelsey_20260526,zbor8ujPF081oChW,41.73,4359,1656,,,,,,,,,
2026-06-06,ANDROID,dhgate_product315_UK_ACT&Nopay 30D_purchase_IAP_Kelsey_20260425,bedUOEtGfoRFbmze,47.79,7549,533,,,,,,,,,
2026-06-06,ANDROID,dhgate_product148_T1_Purchase 30D_purchase_IAP_Kelsey_20260415,dVlitdxzfmXStKCR,96.76,12425,860,,,,,,,,,
2026-06-06,ANDROID,dhgate_product301_US_ACT&Nopay 30D_purchase_IAP_Kelsey_20260422,uNF1ALuKQFoHzngn,77.92,2917,1319,,,,,,,,,
2026-06-06,IOS,dhgate_product301_US_ACT&Nopay 30D_purchase_IAP_Kelsey_20260422,OG6WHvKPBaUM1wDo,50.19,8042,392,,,,,,,,,
2026-06-06,IOS,dhgate_product300_T1_Purchase 30D_purchase_IAP_Kelsey_20260421,wGMfDvBHm0s02IeZ,50.4,3791,339,,,,,,,,,
2026-06-06,IOS,dhgate_product138_FR_ACT&Nopay 30D_purchase_IAP_Kelsey_20260403,zNcB24si9mbzBPed,150.61,10250,1745,,,,,,,,,
2026-06-06,IOS,dhgate_product137_US_Purchase 30D_purchase_IAP_Kelsey_20260402,Eo7scqEETcYxo6WH,50.72,4314,265,,,,,,,,,
2026-06-06,IOS,dhgate_product321_US_Purchase 30D_purchase_IAP_Kelsey_20260502,ihMCrglFMezOy59I,50.39,5453,225,,,,,,,,,
2026-06-06,IOS,dhgate_product314_UK_Purchase 30D_purchase_IAP_Kelsey_20260424,NmHyz3ZrSwNTmf0j,50.13,1933,306,,,,,,,,,
2026-06-06,ANDROID,dhgate_product322_US_Purchase 30D_purchase_IAP_Kelsey_20260504,UEOt0CeUKtYLfLaH,50.3,2287,441,,,,,,,,,
2026-06-06,IOS,dhgate_product336_T1_Purchase 30D_purchase_IAP_Kelsey_20260512,IbA1O59ht1JcwImf,50.58,3999,422,,,,,,,,,
2026-06-06,IOS,dhgate_product372_T1_ACT&Nopay 30D_purchase_IAP_Kelsey_20260605,U4gzqzcEnoe3yurD,41.24,2489,1383,,,,,,,,,
2026-06-06,IOS,dhgate_product326_US_ACT&Nopay 30D_purchase_IAP_Kelsey_20260506,zMf9PKJzCf4uVI7T,45.7,5688,355,,,,,,,,,
2026-06-06,ANDROID,dhgate_product372_T1_ACT&Nopay 30D_purchase_IAP_Kelsey_20260605,dNCh4PR4zw9zLcA5,42.38,9390,3679,,,,,,,,,
2026-06-06,ANDROID,dhgate_product369_US_ACT&Nopay 30D_purchase_IAP_Kelsey_20260601,n7f3WCGhTngQWJhC,36.89,1897,847,,,,,,,,,
2026-06-06,IOS,dhgate_product368_T1_Purchase 30D_purchase_IAP_Kelsey_20260531,Ta2k2BeVyS7dWN4n,50.44,3108,416,,,,,,,,,
2026-06-06,ANDROID,dhgate_product367_UK_Purchase 30D_purchase_IAP_Kelsey_20260530,AsUotp8z2P369W1o,41.87,1559,648,,,,,,,,,
2026-06-06,ANDROID,dhgate_product366_UK_Purchase 30D_purchase_IAP_Kelsey_20260529,tlDSznDFDWyzbPVr,33.96,1320,470,,,,,,,,,
2026-06-06,IOS,dhgate_product364_US_Purchase 30D_purchase_IAP_Kelsey_20260527,qX4oco28gDbrpBri,51.0,1001,504,,,,,,,,,
2026-06-06,ANDROID,dhgate_product368_T1_Purchase 30D_purchase_IAP_Kelsey_20260531,b3s2CGS3sMxfFWgV,45.27,2794,891,,,,,,,,,
2026-06-06,IOS,dhgate_product357_UK_ACT&Nopay 30D_purchase_IAP_Kelsey_20260521,secYrwGRxGvE22kr,50.53,1088,621,,,,,,,,,
2026-06-06,IOS,dhgate_product350_US_Purchase 30D_purchase_IAP_Kelsey_20260517,eZwoS7yMwcYqxbzm,100.66,6793,448,,,,,,,,,
2026-06-06,IOS,dhgate_product340_US_Purchase 30D_purchase_IAP_Kelsey_20260516,yznk4uz7IRlNu5TH,82.41,1427,813,,,,,,,,,
2026-06-06,IOS,dhgate_product338_T1_ACT&Nopay 30D_purchase_IAP_Kelsey_20260515,aiZBaGOKYFBuq0Ps,49.21,6876,629,,,,,,,,,
2026-06-06,ANDROID,dhgate_product337_T1_ACT&Nopay 30D_purchase_IAP_Kelsey_20260513,Hi3okRpzvLX7H2oQ,44.64,5346,2157,,,,,,,,,
2026-06-06,IOS,dhgate_product337_T1_ACT&Nopay 30D_purchase_IAP_Kelsey_20260513,pMbmqjxpXWy9uySH,50.27,9113,618,,,,,,,,,
2026-06-06,ANDROID,dhgate_product359_UK_ACT&Nopay 30D_purchase_IAP_Kelsey_20260523,RWeVcrW8HneV8sUj,49.44,4008,1221,,,,,,,,,
2026-06-07,IOS,dhgate_product314_UK_Purchase 30D_purchase_IAP_Kelsey_20260424,NmHyz3ZrSwNTmf0j,49.34,1767,333,,,,,,,,,
2026-06-07,IOS,dhgate_product318_T1_Purchase 30D_purchase_IAP_Kelsey_20260428,mayu0PGeMJEYQhWJ,151.01,6412,1142,,,,,,,,,
2026-06-07,IOS,dhgate_product317_UK_ACT&Nopay 30D_purchase_IAP_Kelsey_20260427,H9HAtL9q0yyc4Gdy,91.37,3199,729,,,,,,,,,
2026-06-07,ANDROID,dhgate_product317_UK_ACT&Nopay 30D_purchase_IAP_Kelsey_20260427,tDzMEZEldS4Kei0r,92.9,3266,1354,,,,,,,,,
2026-06-07,ANDROID,dhgate_product317_FR_ACT&Nopay 30D_purchase_IAP_Kelsey_20260526,zbor8ujPF081oChW,35.38,3236,1328,,,,,,,,,
2026-06-07,ANDROID,dhgate_product315_UK_ACT&Nopay 30D_purchase_IAP_Kelsey_20260425,bedUOEtGfoRFbmze,49.49,6322,628,,,,,,,,,
2026-06-07,IOS,dhgate_product301_US_ACT&Nopay 30D_purchase_IAP_Kelsey_20260422,OG6WHvKPBaUM1wDo,50.14,4746,554,,,,,,,,,
2026-06-07,IOS,dhgate_product319_US_Purchase 30D_purchase_IAP_Kelsey_20260429,SGOG7us7fBY7c5lH,100.53,5511,810,,,,,,,,,
2026-06-07,IOS,dhgate_product300_T1_Purchase 30D_purchase_IAP_Kelsey_20260421,wGMfDvBHm0s02IeZ,50.37,3232,396,,,,,,,,,
2026-06-07,ANDROID,dhgate_product148_T1_Purchase 30D_purchase_IAP_Kelsey_20260415,dVlitdxzfmXStKCR,91.39,12388,876,,,,,,,,,
2026-06-07,IOS,dhgate_product138_FR_ACT&Nopay 30D_purchase_IAP_Kelsey_20260403,zNcB24si9mbzBPed,150.63,7597,1856,,,,,,,,,
2026-06-07,IOS,dhgate_product137_US_Purchase 30D_purchase_IAP_Kelsey_20260402,Eo7scqEETcYxo6WH,50.44,2761,305,,,,,,,,,
2026-06-07,IOS,dhgate_product121_US_Purchase 30D_purchase_IAP_Kelsey_20260222,HGuWXrsF7XcJ6CCt,48.84,2658,261,,,,,,,,,
2026-06-07,IOS,dhgate_dpa-ios_US_ACT&Nopay 30D_purchase_IAP_Kelsey_20260515,y55faIMh7doL5RvO,96.21,6118,420,,,,,,,,,
2026-06-07,ANDROID,dhgate_dpa-and_US_ACT&Nopay 30D_purchase_IAP_Kelsey_20260511,M0ZXR7rklCeN7J9o,100.03,4597,985,,,,,,,,,
2026-06-07,ANDROID,dhgate_product301_US_ACT&Nopay 30D_purchase_IAP_Kelsey_20260422,uNF1ALuKQFoHzngn,65.67,2340,1112,,,,,,,,,
2026-06-07,IOS,dhgate_product321_US_Purchase 30D_purchase_IAP_Kelsey_20260502,ihMCrglFMezOy59I,50.13,3196,277,,,,,,,,,
2026-06-07,ANDROID,dhgate_product372_T1_ACT&Nopay 30D_purchase_IAP_Kelsey_20260605,dNCh4PR4zw9zLcA5,46.91,7182,2797,,,,,,,,,
2026-06-07,IOS,dhgate_product326_US_ACT&Nopay 30D_purchase_IAP_Kelsey_20260506,zMf9PKJzCf4uVI7T,48.33,3190,524,,,,,,,,,
2026-06-07,ANDROID,dhgate_product322_US_Purchase 30D_purchase_IAP_Kelsey_20260504,UEOt0CeUKtYLfLaH,44.25,1438,360,,,,,,,,,
2026-06-07,IOS,dhgate_product372_T1_ACT&Nopay 30D_purchase_IAP_Kelsey_20260605,U4gzqzcEnoe3yurD,43.18,2227,1209,,,,,,,,,
2026-06-07,ANDROID,dhgate_product369_US_ACT&Nopay 30D_purchase_IAP_Kelsey_20260601,n7f3WCGhTngQWJhC,36.85,1715,849,,,,,,,,,
2026-06-07,IOS,dhgate_product368_T1_Purchase 30D_purchase_IAP_Kelsey_20260531,Ta2k2BeVyS7dWN4n,50.9,2271,460,,,,,,,,,
2026-06-07,ANDROID,dhgate_product367_UK_Purchase 30D_purchase_IAP_Kelsey_20260530,AsUotp8z2P369W1o,27.84,1043,448,,,,,,,,,
2026-06-07,ANDROID,dhgate_product366_UK_Purchase 30D_purchase_IAP_Kelsey_20260529,tlDSznDFDWyzbPVr,33.98,1222,477,,,,,,,,,
2026-06-07,IOS,dhgate_product364_US_Purchase 30D_purchase_IAP_Kelsey_20260527,qX4oco28gDbrpBri,50.16,820,422,,,,,,,,,
2026-06-07,ANDROID,dhgate_product368_T1_Purchase 30D_purchase_IAP_Kelsey_20260531,b3s2CGS3sMxfFWgV,40.18,2573,823,,,,,,,,,
2026-06-07,IOS,dhgate_product357_UK_ACT&Nopay 30D_purchase_IAP_Kelsey_20260521,secYrwGRxGvE22kr,50.26,1139,580,,,,,,,,,
2026-06-07,IOS,dhgate_product350_US_Purchase 30D_purchase_IAP_Kelsey_20260517,eZwoS7yMwcYqxbzm,100.17,4388,518,,,,,,,,,
2026-06-07,IOS,dhgate_product340_US_Purchase 30D_purchase_IAP_Kelsey_20260516,yznk4uz7IRlNu5TH,81.89,1389,808,,,,,,,,,
2026-06-07,IOS,dhgate_product338_T1_ACT&Nopay 30D_purchase_IAP_Kelsey_20260515,aiZBaGOKYFBuq0Ps,50.25,4144,755,,,,,,,,,
2026-06-07,ANDROID,dhgate_product337_T1_ACT&Nopay 30D_purchase_IAP_Kelsey_20260513,Hi3okRpzvLX7H2oQ,40.12,4135,1722,,,,,,,,,
2026-06-07,IOS,dhgate_product337_T1_ACT&Nopay 30D_purchase_IAP_Kelsey_20260513,pMbmqjxpXWy9uySH,49.0,5494,702,,,,,,,,,
2026-06-07,IOS,dhgate_product336_T1_Purchase 30D_purchase_IAP_Kelsey_20260512,IbA1O59ht1JcwImf,50.35,3013,439,,,,,,,,,
2026-06-07,ANDROID,dhgate_product359_UK_ACT&Nopay 30D_purchase_IAP_Kelsey_20260523,RWeVcrW8HneV8sUj,42.22,3346,1058,,,,,,,,,
2026-06-08,IOS,dhgate_product314_UK_Purchase 30D_purchase_IAP_Kelsey_20260424,NmHyz3ZrSwNTmf0j,49.23,1732,358,,,,,,,,,
2026-06-08,IOS,dhgate_product319_US_Purchase 30D_purchase_IAP_Kelsey_20260429,SGOG7us7fBY7c5lH,100.65,6321,867,,,,,,,,,
2026-06-08,IOS,dhgate_product318_T1_Purchase 30D_purchase_IAP_Kelsey_20260428,mayu0PGeMJEYQhWJ,111.66,5064,858,,,,,,,,,
2026-06-08,IOS,dhgate_product317_UK_ACT&Nopay 30D_purchase_IAP_Kelsey_20260427,H9HAtL9q0yyc4Gdy,97.91,3075,828,,,,,,,,,
2026-06-08,ANDROID,dhgate_product317_UK_ACT&Nopay 30D_purchase_IAP_Kelsey_20260427,tDzMEZEldS4Kei0r,76.53,2745,1076,,,,,,,,,
2026-06-08,ANDROID,dhgate_product317_FR_ACT&Nopay 30D_purchase_IAP_Kelsey_20260526,zbor8ujPF081oChW,41.48,3562,1374,,,,,,,,,
2026-06-08,ANDROID,dhgate_product315_UK_ACT&Nopay 30D_purchase_IAP_Kelsey_20260425,bedUOEtGfoRFbmze,62.96,7097,927,,,,,,,,,
2026-06-08,ANDROID,dhgate_product301_US_ACT&Nopay 30D_purchase_IAP_Kelsey_20260422,uNF1ALuKQFoHzngn,84.17,2642,1315,,,,,,,,,
2026-06-08,ANDROID,dhgate_dpa-and_US_ACT&Nopay 30D_purchase_IAP_Kelsey_20260511,M0ZXR7rklCeN7J9o,99.16,5725,955,,,,,,,,,
2026-06-08,IOS,dhgate_product300_T1_Purchase 30D_purchase_IAP_Kelsey_20260421,wGMfDvBHm0s02IeZ,50.79,3547,426,,,,,,,,,
2026-06-08,ANDROID,dhgate_product148_T1_Purchase 30D_purchase_IAP_Kelsey_20260415,dVlitdxzfmXStKCR,99.81,13103,1101,,,,,,,,,
2026-06-08,IOS,dhgate_product138_FR_ACT&Nopay 30D_purchase_IAP_Kelsey_20260403,zNcB24si9mbzBPed,149.64,9454,1799,,,,,,,,,
2026-06-08,IOS,dhgate_product137_US_Purchase 30D_purchase_IAP_Kelsey_20260402,Eo7scqEETcYxo6WH,50.23,2397,301,,,,,,,,,
2026-06-08,IOS,dhgate_product121_US_Purchase 30D_purchase_IAP_Kelsey_20260222,HGuWXrsF7XcJ6CCt,50.1,2106,283,,,,,,,,,
2026-06-08,IOS,dhgate_dpa-ios_US_ACT&Nopay 30D_purchase_IAP_Kelsey_20260515,y55faIMh7doL5RvO,97.96,6098,455,,,,,,,,,
2026-06-08,IOS,dhgate_product321_US_Purchase 30D_purchase_IAP_Kelsey_20260502,ihMCrglFMezOy59I,50.73,2814,273,,,,,,,,,
2026-06-08,IOS,dhgate_product301_US_ACT&Nopay 30D_purchase_IAP_Kelsey_20260422,OG6WHvKPBaUM1wDo,50.18,3903,558,,,,,,,,,
2026-06-08,ANDROID,dhgate_product322_US_Purchase 30D_purchase_IAP_Kelsey_20260504,UEOt0CeUKtYLfLaH,50.2,1721,454,,,,,,,,,
2026-06-08,ANDROID,dhgate_product367_UK_Purchase 30D_purchase_IAP_Kelsey_20260530,AsUotp8z2P369W1o,31.36,1360,500,,,,,,,,,
2026-06-08,IOS,dhgate_product336_T1_Purchase 30D_purchase_IAP_Kelsey_20260512,IbA1O59ht1JcwImf,50.91,3436,471,,,,,,,,,
2026-06-08,IOS,dhgate_product326_US_ACT&Nopay 30D_purchase_IAP_Kelsey_20260506,zMf9PKJzCf4uVI7T,49.78,2749,609,,,,,,,,,
2026-06-08,IOS,dhgate_product372_T1_ACT&Nopay 30D_purchase_IAP_Kelsey_20260605,U4gzqzcEnoe3yurD,43.32,2300,1181,,,,,,,,,
2026-06-08,ANDROID,dhgate_product372_T1_ACT&Nopay 30D_purchase_IAP_Kelsey_20260605,dNCh4PR4zw9zLcA5,34.4,4001,1606,,,,,,,,,
2026-06-08,ANDROID,dhgate_product369_US_ACT&Nopay 30D_purchase_IAP_Kelsey_20260601,n7f3WCGhTngQWJhC,33.87,1593,746,,,,,,,,,
2026-06-08,IOS,dhgate_product368_T1_Purchase 30D_purchase_IAP_Kelsey_20260531,Ta2k2BeVyS7dWN4n,50.69,2274,486,,,,,,,,,
2026-06-08,ANDROID,dhgate_product368_T1_Purchase 30D_purchase_IAP_Kelsey_20260531,b3s2CGS3sMxfFWgV,42.93,2975,875,,,,,,,,,
2026-06-08,ANDROID,dhgate_product373_T1_ACT&Nopay 30D_purchase_IAP_Kelsey_20260608,wFD7FFJteXnPqAV9,7.74,2616,999,,,,,,,,,
2026-06-08,ANDROID,dhgate_product366_UK_Purchase 30D_purchase_IAP_Kelsey_20260529,tlDSznDFDWyzbPVr,40.02,1429,556,,,,,,,,,
2026-06-08,IOS,dhgate_product373_T1_ACT&Nopay 30D_purchase_IAP_Kelsey_20260608,SOyFbWwwzNFEDvyp,8.08,632,323,,,,,,,,,
2026-06-08,ANDROID,dhgate_product359_UK_ACT&Nopay 30D_purchase_IAP_Kelsey_20260523,RWeVcrW8HneV8sUj,47.08,3987,1178,,,,,,,,,
2026-06-08,IOS,dhgate_product357_UK_ACT&Nopay 30D_purchase_IAP_Kelsey_20260521,secYrwGRxGvE22kr,50.6,1150,616,,,,,,,,,
2026-06-08,IOS,dhgate_product350_US_Purchase 30D_purchase_IAP_Kelsey_20260517,eZwoS7yMwcYqxbzm,87.19,3504,488,,,,,,,,,
2026-06-08,IOS,dhgate_product340_US_Purchase 30D_purchase_IAP_Kelsey_20260516,yznk4uz7IRlNu5TH,98.0,2377,751,,,,,,,,,
2026-06-08,IOS,dhgate_product338_T1_ACT&Nopay 30D_purchase_IAP_Kelsey_20260515,aiZBaGOKYFBuq0Ps,45.85,3535,751,,,,,,,,,
2026-06-08,ANDROID,dhgate_product337_T1_ACT&Nopay 30D_purchase_IAP_Kelsey_20260513,Hi3okRpzvLX7H2oQ,40.03,3841,1483,,,,,,,,,
2026-06-08,IOS,dhgate_product337_T1_ACT&Nopay 30D_purchase_IAP_Kelsey_20260513,pMbmqjxpXWy9uySH,50.18,4603,725,,,,,,,,,
2026-06-08,IOS,dhgate_product364_US_Purchase 30D_purchase_IAP_Kelsey_20260527,qX4oco28gDbrpBri,46.49,1010,519,,,,,,,,,
2026-06-09,IOS,dhgate_product318_T1_Purchase 30D_purchase_IAP_Kelsey_20260428,mayu0PGeMJEYQhWJ,100.4,4597,820,,,,,,,,,
2026-06-09,IOS,dhgate_product317_UK_ACT&Nopay 30D_purchase_IAP_Kelsey_20260427,H9HAtL9q0yyc4Gdy,97.74,3263,804,,,,,,,,,
2026-06-09,ANDROID,dhgate_product317_UK_ACT&Nopay 30D_purchase_IAP_Kelsey_20260427,tDzMEZEldS4Kei0r,84.2,3127,1162,,,,,,,,,
2026-06-09,ANDROID,dhgate_product317_FR_ACT&Nopay 30D_purchase_IAP_Kelsey_20260526,zbor8ujPF081oChW,44.75,3632,1353,,,,,,,,,
2026-06-09,ANDROID,dhgate_product315_UK_ACT&Nopay 30D_purchase_IAP_Kelsey_20260425,bedUOEtGfoRFbmze,100.45,10793,1530,,,,,,,,,
2026-06-09,IOS,dhgate_product314_UK_Purchase 30D_purchase_IAP_Kelsey_20260424,NmHyz3ZrSwNTmf0j,50.12,1815,400,,,,,,,,,
2026-06-09,ANDROID,dhgate_product301_US_ACT&Nopay 30D_purchase_IAP_Kelsey_20260422,uNF1ALuKQFoHzngn,69.75,2462,1177,,,,,,,,,
2026-06-09,IOS,dhgate_product138_FR_ACT&Nopay 30D_purchase_IAP_Kelsey_20260403,zNcB24si9mbzBPed,150.13,10524,1784,,,,,,,,,
2026-06-09,IOS,dhgate_product300_T1_Purchase 30D_purchase_IAP_Kelsey_20260421,wGMfDvBHm0s02IeZ,50.18,3950,426,,,,,,,,,
2026-06-09,ANDROID,dhgate_product148_T1_Purchase 30D_purchase_IAP_Kelsey_20260415,dVlitdxzfmXStKCR,95.53,12500,1060,,,,,,,,,
2026-06-09,IOS,dhgate_product137_US_Purchase 30D_purchase_IAP_Kelsey_20260402,Eo7scqEETcYxo6WH,50.09,3116,268,,,,,,,,,
2026-06-09,IOS,dhgate_dpa-ios_US_ACT&Nopay 30D_purchase_IAP_Kelsey_20260515,y55faIMh7doL5RvO,88.84,5572,409,,,,,,,,,
2026-06-09,ANDROID,dhgate_dpa-and_US_ACT&Nopay 30D_purchase_IAP_Kelsey_20260511,M0ZXR7rklCeN7J9o,100.6,6906,932,,,,,,,,,
2026-06-09,IOS,dhgate_product319_US_Purchase 30D_purchase_IAP_Kelsey_20260429,SGOG7us7fBY7c5lH,100.75,6467,986,,,,,,,,,
2026-06-09,IOS,dhgate_product301_US_ACT&Nopay 30D_purchase_IAP_Kelsey_20260422,OG6WHvKPBaUM1wDo,50.1,4490,535,,,,,,,,,
2026-06-09,IOS,dhgate_product321_US_Purchase 30D_purchase_IAP_Kelsey_20260502,ihMCrglFMezOy59I,50.12,4128,263,,,,,,,,,
2026-06-09,ANDROID,dhgate_product322_US_Purchase 30D_purchase_IAP_Kelsey_20260504,UEOt0CeUKtYLfLaH,48.23,2528,527,,,,,,,,,
2026-06-09,IOS,dhgate_product326_US_ACT&Nopay 30D_purchase_IAP_Kelsey_20260506,zMf9PKJzCf4uVI7T,89.83,4418,908,,,,,,,,,
2026-06-09,IOS,dhgate_product373_T1_ACT&Nopay 30D_purchase_IAP_Kelsey_20260608,SOyFbWwwzNFEDvyp,41.6,2588,1195,,,,,,,,,
2026-06-09,IOS,dhgate_product372_T1_ACT&Nopay 30D_purchase_IAP_Kelsey_20260605,U4gzqzcEnoe3yurD,39.69,2114,1090,,,,,,,,,
2026-06-09,IOS,dhgate_product368_T1_Purchase 30D_purchase_IAP_Kelsey_20260531,Ta2k2BeVyS7dWN4n,50.35,2297,484,,,,,,,,,
2026-06-09,ANDROID,dhgate_product368_T1_Purchase 30D_purchase_IAP_Kelsey_20260531,b3s2CGS3sMxfFWgV,40.81,2874,919,,,,,,,,,
2026-06-09,ANDROID,dhgate_product367_UK_Purchase 30D_purchase_IAP_Kelsey_20260530,AsUotp8z2P369W1o,36.55,1810,639,,,,,,,,,
2026-06-09,ANDROID,dhgate_product366_UK_Purchase 30D_purchase_IAP_Kelsey_20260529,tlDSznDFDWyzbPVr,35.73,1494,532,,,,,,,,,
2026-06-09,IOS,dhgate_product364_US_Purchase 30D_purchase_IAP_Kelsey_20260527,qX4oco28gDbrpBri,47.49,1021,498,,,,,,,,,
2026-06-09,ANDROID,dhgate_product373_T1_ACT&Nopay 30D_purchase_IAP_Kelsey_20260608,wFD7FFJteXnPqAV9,35.13,6723,2530,,,,,,,,,
2026-06-09,IOS,dhgate_product357_UK_ACT&Nopay 30D_purchase_IAP_Kelsey_20260521,secYrwGRxGvE22kr,50.43,1146,631,,,,,,,,,
2026-06-09,IOS,dhgate_product350_US_Purchase 30D_purchase_IAP_Kelsey_20260517,eZwoS7yMwcYqxbzm,100.49,4616,518,,,,,,,,,
2026-06-09,IOS,dhgate_product340_US_Purchase 30D_purchase_IAP_Kelsey_20260516,yznk4uz7IRlNu5TH,100.5,4565,491,,,,,,,,,
2026-06-09,IOS,dhgate_product338_T1_ACT&Nopay 30D_purchase_IAP_Kelsey_20260515,aiZBaGOKYFBuq0Ps,50.33,4098,763,,,,,,,,,
2026-06-09,ANDROID,dhgate_product337_T1_ACT&Nopay 30D_purchase_IAP_Kelsey_20260513,Hi3okRpzvLX7H2oQ,37.01,3324,1309,,,,,,,,,
2026-06-09,IOS,dhgate_product337_T1_ACT&Nopay 30D_purchase_IAP_Kelsey_20260513,pMbmqjxpXWy9uySH,47.95,5620,673,,,,,,,,,
2026-06-09,IOS,dhgate_product336_T1_Purchase 30D_purchase_IAP_Kelsey_20260512,IbA1O59ht1JcwImf,50.63,3493,479,,,,,,,,,
2026-06-09,ANDROID,dhgate_product359_UK_ACT&Nopay 30D_purchase_IAP_Kelsey_20260523,RWeVcrW8HneV8sUj,50.87,4718,1409,,,,,,,,,
2026-06-10,IOS,dhgate_product319_US_Purchase 30D_purchase_IAP_Kelsey_20260429,SGOG7us7fBY7c5lH,100.36,8453,865,,,,,,,,,
2026-06-10,IOS,dhgate_product318_T1_Purchase 30D_purchase_IAP_Kelsey_20260428,mayu0PGeMJEYQhWJ,100.5,5353,836,,,,,,,,,
2026-06-10,ANDROID,dhgate_product317_UK_ACT&Nopay 30D_purchase_IAP_Kelsey_20260427,tDzMEZEldS4Kei0r,89.46,3027,1218,,,,,,,,,
2026-06-10,IOS,dhgate_product317_UK_ACT&Nopay 30D_purchase_IAP_Kelsey_20260427,H9HAtL9q0yyc4Gdy,91.06,3641,775,,,,,,,,,
2026-06-10,ANDROID,dhgate_product317_FR_ACT&Nopay 30D_purchase_IAP_Kelsey_20260526,zbor8ujPF081oChW,43.73,3847,1532,,,,,,,,,
2026-06-10,ANDROID,dhgate_product315_UK_ACT&Nopay 30D_purchase_IAP_Kelsey_20260425,bedUOEtGfoRFbmze,100.8,11176,1717,,,,,,,,,
2026-06-10,IOS,dhgate_product314_UK_Purchase 30D_purchase_IAP_Kelsey_20260424,NmHyz3ZrSwNTmf0j,50.38,1802,372,,,,,,,,,
2026-06-10,ANDROID,dhgate_product148_T1_Purchase 30D_purchase_IAP_Kelsey_20260415,dVlitdxzfmXStKCR,96.4,12014,1005,,,,,,,,,
2026-06-10,IOS,dhgate_product301_US_ACT&Nopay 30D_purchase_IAP_Kelsey_20260422,OG6WHvKPBaUM1wDo,50.02,7375,485,,,,,,,,,
2026-06-10,IOS,dhgate_product300_T1_Purchase 30D_purchase_IAP_Kelsey_20260421,wGMfDvBHm0s02IeZ,50.37,4683,441,,,,,,,,,
2026-06-10,IOS,dhgate_product138_FR_ACT&Nopay 30D_purchase_IAP_Kelsey_20260403,zNcB24si9mbzBPed,150.46,14202,1779,,,,,,,,,
2026-06-10,IOS,dhgate_product137_US_Purchase 30D_purchase_IAP_Kelsey_20260402,Eo7scqEETcYxo6WH,50.23,4760,296,,,,,,,,,
2026-06-10,IOS,dhgate_dpa-ios_US_ACT&Nopay 30D_purchase_IAP_Kelsey_20260515,y55faIMh7doL5RvO,95.37,6700,349,,,,,,,,,
2026-06-10,ANDROID,dhgate_dpa-and_US_ACT&Nopay 30D_purchase_IAP_Kelsey_20260511,M0ZXR7rklCeN7J9o,93.9,5014,706,,,,,,,,,
2026-06-10,IOS,dhgate_product321_US_Purchase 30D_purchase_IAP_Kelsey_20260502,ihMCrglFMezOy59I,50.13,5671,254,,,,,,,,,
2026-06-10,ANDROID,dhgate_product301_US_ACT&Nopay 30D_purchase_IAP_Kelsey_20260422,uNF1ALuKQFoHzngn,65.67,2135,1075,,,,,,,,,
2026-06-10,IOS,dhgate_product326_US_ACT&Nopay 30D_purchase_IAP_Kelsey_20260506,zMf9PKJzCf4uVI7T,97.63,8386,926,,,,,,,,,
2026-06-10,ANDROID,dhgate_product322_US_Purchase 30D_purchase_IAP_Kelsey_20260504,UEOt0CeUKtYLfLaH,47.06,1801,476,,,,,,,,,
2026-06-10,IOS,dhgate_product374_US_ACT&Nopay 30D_purchase_IAP_Kelsey_20260610,cDaIJszp5MXFZLaj,8.54,347,190,,,,,,,,,
2026-06-10,ANDROID,dhgate_product374_US_ACT&Nopay 30D_purchase_IAP_Kelsey_20260610,lHtOeUxHZghwmdpM,7.91,558,269,,,,,,,,,
2026-06-10,ANDROID,dhgate_product373_T1_ACT&Nopay 30D_purchase_IAP_Kelsey_20260608,wFD7FFJteXnPqAV9,46.41,5955,2305,,,,,,,,,
2026-06-10,IOS,dhgate_product373_T1_ACT&Nopay 30D_purchase_IAP_Kelsey_20260608,SOyFbWwwzNFEDvyp,48.31,2612,1279,,,,,,,,,
2026-06-10,IOS,dhgate_product372_T1_ACT&Nopay 30D_purchase_IAP_Kelsey_20260605,U4gzqzcEnoe3yurD,45.42,2498,1300,,,,,,,,,
2026-06-10,IOS,dhgate_product368_T1_Purchase 30D_purchase_IAP_Kelsey_20260531,Ta2k2BeVyS7dWN4n,50.52,3103,466,,,,,,,,,
2026-06-10,ANDROID,dhgate_product368_T1_Purchase 30D_purchase_IAP_Kelsey_20260531,b3s2CGS3sMxfFWgV,55.48,3814,1260,,,,,,,,,
2026-06-10,ANDROID,dhgate_product367_UK_Purchase 30D_purchase_IAP_Kelsey_20260530,AsUotp8z2P369W1o,41.49,1828,715,,,,,,,,,
2026-06-10,ANDROID,dhgate_product366_UK_Purchase 30D_purchase_IAP_Kelsey_20260529,tlDSznDFDWyzbPVr,44.97,1687,606,,,,,,,,,
2026-06-10,IOS,dhgate_product336_T1_Purchase 30D_purchase_IAP_Kelsey_20260512,IbA1O59ht1JcwImf,50.14,4893,492,,,,,,,,,
2026-06-10,ANDROID,dhgate_product359_UK_ACT&Nopay 30D_purchase_IAP_Kelsey_20260523,RWeVcrW8HneV8sUj,46.81,3139,1104,,,,,,,,,
2026-06-10,IOS,dhgate_product357_UK_ACT&Nopay 30D_purchase_IAP_Kelsey_20260521,secYrwGRxGvE22kr,50.31,1207,677,,,,,,,,,
2026-06-10,IOS,dhgate_product350_US_Purchase 30D_purchase_IAP_Kelsey_20260517,eZwoS7yMwcYqxbzm,100.73,6572,490,,,,,,,,,
2026-06-10,IOS,dhgate_product340_US_Purchase 30D_purchase_IAP_Kelsey_20260516,yznk4uz7IRlNu5TH,100.29,6934,515,,,,,,,,,
2026-06-10,IOS,dhgate_product338_T1_ACT&Nopay 30D_purchase_IAP_Kelsey_20260515,aiZBaGOKYFBuq0Ps,50.27,6686,682,,,,,,,,,
2026-06-10,ANDROID,dhgate_product337_T1_ACT&Nopay 30D_purchase_IAP_Kelsey_20260513,Hi3okRpzvLX7H2oQ,43.59,4112,1736,,,,,,,,,
2026-06-10,IOS,dhgate_product337_T1_ACT&Nopay 30D_purchase_IAP_Kelsey_20260513,pMbmqjxpXWy9uySH,50.33,8983,664,,,,,,,,,
2026-06-10,IOS,dhgate_product364_US_Purchase 30D_purchase_IAP_Kelsey_20260527,qX4oco28gDbrpBri,42.44,1028,484,,,,,,,,,
2026-06-11,ANDROID,dhgate_product322_US_Purchase 30D_purchase_IAP_Kelsey_20260504,UEOt0CeUKtYLfLaH,47.15,1615,513,,,,,,,,,
2026-06-11,IOS,dhgate_product321_US_Purchase 30D_purchase_IAP_Kelsey_20260502,ihMCrglFMezOy59I,49.91,5658,313,,,,,,,,,
2026-06-11,IOS,dhgate_product319_US_Purchase 30D_purchase_IAP_Kelsey_20260429,SGOG7us7fBY7c5lH,100.51,7774,876,,,,,,,,,
2026-06-11,IOS,dhgate_product318_T1_Purchase 30D_purchase_IAP_Kelsey_20260428,mayu0PGeMJEYQhWJ,100.69,5114,876,,,,,,,,,
2026-06-11,IOS,dhgate_product317_UK_ACT&Nopay 30D_purchase_IAP_Kelsey_20260427,H9HAtL9q0yyc4Gdy,95.27,3124,817,,,,,,,,,
2026-06-11,ANDROID,dhgate_product317_UK_ACT&Nopay 30D_purchase_IAP_Kelsey_20260427,tDzMEZEldS4Kei0r,85.56,3117,1312,,,,,,,,,
2026-06-11,ANDROID,dhgate_product317_FR_ACT&Nopay 30D_purchase_IAP_Kelsey_20260526,zbor8ujPF081oChW,40.04,3361,1446,,,,,,,,,
2026-06-11,ANDROID,dhgate_product315_UK_ACT&Nopay 30D_purchase_IAP_Kelsey_20260425,bedUOEtGfoRFbmze,100.66,11764,2095,,,,,,,,,
2026-06-11,ANDROID,dhgate_product148_T1_Purchase 30D_purchase_IAP_Kelsey_20260415,dVlitdxzfmXStKCR,100.23,11752,986,,,,,,,,,
2026-06-11,IOS,dhgate_product301_US_ACT&Nopay 30D_purchase_IAP_Kelsey_20260422,OG6WHvKPBaUM1wDo,50.11,5748,646,,,,,,,,,
2026-06-11,IOS,dhgate_product300_T1_Purchase 30D_purchase_IAP_Kelsey_20260421,wGMfDvBHm0s02IeZ,50.5,4222,418,,,,,,,,,
2026-06-11,IOS,dhgate_product138_FR_ACT&Nopay 30D_purchase_IAP_Kelsey_20260403,zNcB24si9mbzBPed,150.44,13227,1777,,,,,,,,,
2026-06-11,IOS,dhgate_product137_US_Purchase 30D_purchase_IAP_Kelsey_20260402,Eo7scqEETcYxo6WH,50.32,4310,326,,,,,,,,,
2026-06-11,IOS,dhgate_dpa-ios_US_ACT&Nopay 30D_purchase_IAP_Kelsey_20260515,y55faIMh7doL5RvO,97.11,6891,380,,,,,,,,,
2026-06-11,ANDROID,dhgate_dpa-and_US_ACT&Nopay 30D_purchase_IAP_Kelsey_20260511,M0ZXR7rklCeN7J9o,96.27,6137,925,,,,,,,,,
2026-06-11,IOS,dhgate_product326_US_ACT&Nopay 30D_purchase_IAP_Kelsey_20260506,zMf9PKJzCf4uVI7T,99.57,6109,1199,,,,,,,,,
2026-06-11,IOS,dhgate_product314_UK_Purchase 30D_purchase_IAP_Kelsey_20260424,NmHyz3ZrSwNTmf0j,50.87,1777,393,,,,,,,,,
2026-06-11,IOS,dhgate_product337_T1_ACT&Nopay 30D_purchase_IAP_Kelsey_20260513,pMbmqjxpXWy9uySH,50.2,6539,750,,,,,,,,,
2026-06-11,IOS,dhgate_product357_UK_ACT&Nopay 30D_purchase_IAP_Kelsey_20260521,secYrwGRxGvE22kr,50.64,1073,580,,,,,,,,,
2026-06-11,ANDROID,dhgate_product337_T1_ACT&Nopay 30D_purchase_IAP_Kelsey_20260513,Hi3okRpzvLX7H2oQ,38.59,3895,1649,,,,,,,,,
2026-06-11,ANDROID,dhgate_product375_US_Purchase 30D_purchase_IAP_Kelsey_20260611,ZmROz0lvQRxsi3uG,16.49,443,202,,,,,,,,,
2026-06-11,IOS,dhgate_product375_US_Purchase 30D_purchase_IAP_Kelsey_20260611,M84dXzdTmnAdI0a1,16.36,351,192,,,,,,,,,
2026-06-11,IOS,dhgate_product374_US_ACT&Nopay 30D_purchase_IAP_Kelsey_20260610,cDaIJszp5MXFZLaj,33.32,1266,739,,,,,,,,,
2026-06-11,ANDROID,dhgate_product374_US_ACT&Nopay 30D_purchase_IAP_Kelsey_20260610,lHtOeUxHZghwmdpM,42.86,2677,1287,,,,,,,,,
2026-06-11,ANDROID,dhgate_product373_T1_ACT&Nopay 30D_purchase_IAP_Kelsey_20260608,wFD7FFJteXnPqAV9,29.97,4131,1553,,,,,,,,,
2026-06-11,IOS,dhgate_product336_T1_Purchase 30D_purchase_IAP_Kelsey_20260512,IbA1O59ht1JcwImf,50.35,4160,474,,,,,,,,,
2026-06-11,IOS,dhgate_product372_T1_ACT&Nopay 30D_purchase_IAP_Kelsey_20260605,U4gzqzcEnoe3yurD,39.92,2265,1090,,,,,,,,,
2026-06-11,IOS,dhgate_product368_T1_Purchase 30D_purchase_IAP_Kelsey_20260531,Ta2k2BeVyS7dWN4n,51.06,2464,454,,,,,,,,,
2026-06-11,IOS,dhgate_product373_T1_ACT&Nopay 30D_purchase_IAP_Kelsey_20260608,SOyFbWwwzNFEDvyp,28.03,1492,785,,,,,,,,,
2026-06-11,ANDROID,dhgate_product367_UK_Purchase 30D_purchase_IAP_Kelsey_20260530,AsUotp8z2P369W1o,29.18,1455,554,,,,,,,,,
2026-06-11,ANDROID,dhgate_product366_UK_Purchase 30D_purchase_IAP_Kelsey_20260529,tlDSznDFDWyzbPVr,35.68,1345,515,,,,,,,,,
2026-06-11,IOS,dhgate_product364_US_Purchase 30D_purchase_IAP_Kelsey_20260527,qX4oco28gDbrpBri,50.4,953,481,,,,,,,,,
2026-06-11,ANDROID,dhgate_product359_UK_ACT&Nopay 30D_purchase_IAP_Kelsey_20260523,RWeVcrW8HneV8sUj,39.67,2439,929,,,,,,,,,
2026-06-11,IOS,dhgate_product350_US_Purchase 30D_purchase_IAP_Kelsey_20260517,eZwoS7yMwcYqxbzm,100.3,5855,644,,,,,,,,,
2026-06-11,IOS,dhgate_product340_US_Purchase 30D_purchase_IAP_Kelsey_20260516,yznk4uz7IRlNu5TH,100.43,5274,621,,,,,,,,,
2026-06-11,IOS,dhgate_product338_T1_ACT&Nopay 30D_purchase_IAP_Kelsey_20260515,aiZBaGOKYFBuq0Ps,50.28,4579,821,,,,,,,,,
2026-06-11,ANDROID,dhgate_product368_T1_Purchase 30D_purchase_IAP_Kelsey_20260531,b3s2CGS3sMxfFWgV,86.0,5532,1817,,,,,,,,,
2026-06-12,ANDROID,dhgate_product317_UK_ACT&Nopay 30D_purchase_IAP_Kelsey_20260427,tDzMEZEldS4Kei0r,72.22,3994,1229,,,,,,,,,
2026-06-12,ANDROID,dhgate_product322_US_Purchase 30D_purchase_IAP_Kelsey_20260504,UEOt0CeUKtYLfLaH,47.63,2414,497,,,,,,,,,
2026-06-12,IOS,dhgate_product321_US_Purchase 30D_purchase_IAP_Kelsey_20260502,ihMCrglFMezOy59I,50.14,5526,262,,,,,,,,,
2026-06-12,IOS,dhgate_product319_US_Purchase 30D_purchase_IAP_Kelsey_20260429,SGOG7us7fBY7c5lH,100.16,4496,925,,,,,,,,,
2026-06-12,IOS,dhgate_product318_T1_Purchase 30D_purchase_IAP_Kelsey_20260428,mayu0PGeMJEYQhWJ,100.26,3221,869,,,,,,,,,
2026-06-12,IOS,dhgate_product317_UK_ACT&Nopay 30D_purchase_IAP_Kelsey_20260427,H9HAtL9q0yyc4Gdy,100.92,3226,850,,,,,,,,,
2026-06-12,ANDROID,dhgate_product317_FR_ACT&Nopay 30D_purchase_IAP_Kelsey_20260526,zbor8ujPF081oChW,38.66,3749,1553,,,,,,,,,
2026-06-12,IOS,dhgate_product326_US_ACT&Nopay 30D_purchase_IAP_Kelsey_20260506,zMf9PKJzCf4uVI7T,99.56,6769,1052,,,,,,,,,
2026-06-12,IOS,dhgate_product314_UK_Purchase 30D_purchase_IAP_Kelsey_20260424,NmHyz3ZrSwNTmf0j,46.79,1646,340,,,,,,,,,
2026-06-12,IOS,dhgate_product301_US_ACT&Nopay 30D_purchase_IAP_Kelsey_20260422,OG6WHvKPBaUM1wDo,47.99,6633,521,,,,,,,,,
2026-06-12,IOS,dhgate_product300_T1_Purchase 30D_purchase_IAP_Kelsey_20260421,wGMfDvBHm0s02IeZ,50.15,2595,419,,,,,,,,,
2026-06-12,ANDROID,dhgate_product148_T1_Purchase 30D_purchase_IAP_Kelsey_20260415,dVlitdxzfmXStKCR,98.56,11928,1094,,,,,,,,,
2026-06-12,IOS,dhgate_product138_FR_ACT&Nopay 30D_purchase_IAP_Kelsey_20260403,zNcB24si9mbzBPed,150.94,4839,1575,,,,,,,,,
2026-06-12,IOS,dhgate_product137_US_Purchase 30D_purchase_IAP_Kelsey_20260402,Eo7scqEETcYxo6WH,50.09,3829,271,,,,,,,,,
2026-06-12,IOS,dhgate_dpa-ios_US_ACT&Nopay 30D_purchase_IAP_Kelsey_20260515,y55faIMh7doL5RvO,100.2,7497,364,,,,,,,,,
2026-06-12,ANDROID,dhgate_product315_UK_ACT&Nopay 30D_purchase_IAP_Kelsey_20260425,bedUOEtGfoRFbmze,95.5,10463,1524,,,,,,,,,
2026-06-12,IOS,dhgate_product336_T1_Purchase 30D_purchase_IAP_Kelsey_20260512,IbA1O59ht1JcwImf,50.14,2562,445,,,,,,,,,
2026-06-12,ANDROID,dhgate_dpa-and_US_ACT&Nopay 30D_purchase_IAP_Kelsey_20260511,M0ZXR7rklCeN7J9o,98.87,5663,1085,,,,,,,,,
2026-06-12,ANDROID,dhgate_product337_T1_ACT&Nopay 30D_purchase_IAP_Kelsey_20260513,Hi3okRpzvLX7H2oQ,41.39,4682,2007,,,,,,,,,
2026-06-12,IOS,dhgate_product337_T1_ACT&Nopay 30D_purchase_IAP_Kelsey_20260513,pMbmqjxpXWy9uySH,50.1,4861,786,,,,,,,,,
2026-06-12,ANDROID,dhgate_product376_US_Purchase 30D_purchase_IAP_Kelsey_20260612,OGOAsivo1SSZARzD,0.0,1,1,,,,,,,,,
2026-06-12,IOS,dhgate_product376_US_Purchase 30D_purchase_IAP_Kelsey_20260612,H7z4zo3O0rZY5sM9,0.07,3,1,,,,,,,,,
2026-06-12,IOS,dhgate_product375_US_Purchase 30D_purchase_IAP_Kelsey_20260611,M84dXzdTmnAdI0a1,50.51,985,488,,,,,,,,,
2026-06-12,ANDROID,dhgate_product374_US_ACT&Nopay 30D_purchase_IAP_Kelsey_20260610,lHtOeUxHZghwmdpM,31.31,1753,880,,,,,,,,,
2026-06-12,IOS,dhgate_product374_US_ACT&Nopay 30D_purchase_IAP_Kelsey_20260610,cDaIJszp5MXFZLaj,33.16,1184,670,,,,,,,,,
2026-06-12,IOS,dhgate_product372_T1_ACT&Nopay 30D_purchase_IAP_Kelsey_20260605,U4gzqzcEnoe3yurD,30.3,1650,958,,,,,,,,,
2026-06-12,IOS,dhgate_product368_T1_Purchase 30D_purchase_IAP_Kelsey_20260531,Ta2k2BeVyS7dWN4n,50.17,1631,477,,,,,,,,,
2026-06-12,ANDROID,dhgate_product375_US_Purchase 30D_purchase_IAP_Kelsey_20260611,ZmROz0lvQRxsi3uG,35.99,1001,471,,,,,,,,,
2026-06-12,ANDROID,dhgate_product367_UK_Purchase 30D_purchase_IAP_Kelsey_20260530,AsUotp8z2P369W1o,37.31,1985,791,,,,,,,,,
2026-06-12,ANDROID,dhgate_product366_UK_Purchase 30D_purchase_IAP_Kelsey_20260529,tlDSznDFDWyzbPVr,29.62,1210,489,,,,,,,,,
2026-06-12,IOS,dhgate_product364_US_Purchase 30D_purchase_IAP_Kelsey_20260527,qX4oco28gDbrpBri,50.46,874,449,,,,,,,,,
2026-06-12,ANDROID,dhgate_product359_UK_ACT&Nopay 30D_purchase_IAP_Kelsey_20260523,RWeVcrW8HneV8sUj,42.97,2666,1011,,,,,,,,,
2026-06-12,IOS,dhgate_product357_UK_ACT&Nopay 30D_purchase_IAP_Kelsey_20260521,secYrwGRxGvE22kr,50.67,1172,617,,,,,,,,,
2026-06-12,IOS,dhgate_product350_US_Purchase 30D_purchase_IAP_Kelsey_20260517,eZwoS7yMwcYqxbzm,100.19,6135,537,,,,,,,,,
2026-06-12,IOS,dhgate_product340_US_Purchase 30D_purchase_IAP_Kelsey_20260516,yznk4uz7IRlNu5TH,100.36,5223,493,,,,,,,,,
2026-06-12,IOS,dhgate_product338_T1_ACT&Nopay 30D_purchase_IAP_Kelsey_20260515,aiZBaGOKYFBuq0Ps,49.95,3791,774,,,,,,,,,
2026-06-12,ANDROID,dhgate_product368_T1_Purchase 30D_purchase_IAP_Kelsey_20260531,b3s2CGS3sMxfFWgV,90.21,5677,1993,,,,,,,,,
2026-06-13,IOS,dhgate_product340_US_Purchase 30D_purchase_IAP_Kelsey_20260516,yznk4uz7IRlNu5TH,100.28,6211,466,,,,,,,,,
2026-06-13,IOS,dhgate_product338_T1_ACT&Nopay 30D_purchase_IAP_Kelsey_20260515,aiZBaGOKYFBuq0Ps,49.12,5244,779,,,,,,,,,
2026-06-13,ANDROID,dhgate_product337_T1_ACT&Nopay 30D_purchase_IAP_Kelsey_20260513,Hi3okRpzvLX7H2oQ,43.58,5514,2490,,,,,,,,,
2026-06-13,IOS,dhgate_product337_T1_ACT&Nopay 30D_purchase_IAP_Kelsey_20260513,pMbmqjxpXWy9uySH,48.04,7563,713,,,,,,,,,
2026-06-13,IOS,dhgate_product319_US_Purchase 30D_purchase_IAP_Kelsey_20260429,SGOG7us7fBY7c5lH,99.68,8090,1219,,,,,,,,,
2026-06-13,IOS,dhgate_product326_US_ACT&Nopay 30D_purchase_IAP_Kelsey_20260506,zMf9PKJzCf4uVI7T,96.78,7624,885,,,,,,,,,
2026-06-13,ANDROID,dhgate_product322_US_Purchase 30D_purchase_IAP_Kelsey_20260504,UEOt0CeUKtYLfLaH,50.08,1857,518,,,,,,,,,
2026-06-13,IOS,dhgate_product321_US_Purchase 30D_purchase_IAP_Kelsey_20260502,ihMCrglFMezOy59I,50.16,7442,214,,,,,,,,,
2026-06-13,IOS,dhgate_product350_US_Purchase 30D_purchase_IAP_Kelsey_20260517,eZwoS7yMwcYqxbzm,100.06,7578,508,,,,,,,,,
2026-06-13,IOS,dhgate_product336_T1_Purchase 30D_purchase_IAP_Kelsey_20260512,IbA1O59ht1JcwImf,50.19,4201,574,,,,,,,,,
2026-06-13,IOS,dhgate_product357_UK_ACT&Nopay 30D_purchase_IAP_Kelsey_20260521,secYrwGRxGvE22kr,50.24,1060,609,,,,,,,,,
2026-06-13,ANDROID,dhgate_product359_UK_ACT&Nopay 30D_purchase_IAP_Kelsey_20260523,RWeVcrW8HneV8sUj,36.55,2015,918,,,,,,,,,
2026-06-13,IOS,dhgate_product376_US_Purchase 30D_purchase_IAP_Kelsey_20260612,H7z4zo3O0rZY5sM9,50.33,945,485,,,,,,,,,
2026-06-13,ANDROID,dhgate_product366_UK_Purchase 30D_purchase_IAP_Kelsey_20260529,tlDSznDFDWyzbPVr,48.47,1491,673,,,,,,,,,
2026-06-13,ANDROID,dhgate_product367_UK_Purchase 30D_purchase_IAP_Kelsey_20260530,AsUotp8z2P369W1o,41.52,2221,847,,,,,,,,,
2026-06-13,ANDROID,dhgate_product368_T1_Purchase 30D_purchase_IAP_Kelsey_20260531,b3s2CGS3sMxfFWgV,87.77,5161,2050,,,,,,,,,
2026-06-13,IOS,dhgate_product368_T1_Purchase 30D_purchase_IAP_Kelsey_20260531,Ta2k2BeVyS7dWN4n,44.44,1875,488,,,,,,,,,
2026-06-13,IOS,dhgate_product372_T1_ACT&Nopay 30D_purchase_IAP_Kelsey_20260605,U4gzqzcEnoe3yurD,31.96,2058,953,,,,,,,,,
2026-06-13,IOS,dhgate_product374_US_ACT&Nopay 30D_purchase_IAP_Kelsey_20260610,cDaIJszp5MXFZLaj,41.86,1293,738,,,,,,,,,
2026-06-13,ANDROID,dhgate_product374_US_ACT&Nopay 30D_purchase_IAP_Kelsey_20260610,lHtOeUxHZghwmdpM,42.7,2304,1245,,,,,,,,,
2026-06-13,ANDROID,dhgate_product375_US_Purchase 30D_purchase_IAP_Kelsey_20260611,ZmROz0lvQRxsi3uG,38.64,941,457,,,,,,,,,
2026-06-13,IOS,dhgate_product375_US_Purchase 30D_purchase_IAP_Kelsey_20260611,M84dXzdTmnAdI0a1,50.39,824,404,,,,,,,,,
2026-06-13,ANDROID,dhgate_product376_US_Purchase 30D_purchase_IAP_Kelsey_20260612,OGOAsivo1SSZARzD,28.87,865,381,,,,,,,,,
2026-06-13,IOS,dhgate_product377_T1_Purchase 30D_purchase_IAP_Kelsey_20260613,ImdbSHRgpaEHQaDV,0.19,23,9,,,,,,,,,
2026-06-13,IOS,dhgate_product364_US_Purchase 30D_purchase_IAP_Kelsey_20260527,qX4oco28gDbrpBri,50.15,931,367,,,,,,,,,
2026-06-14,IOS,dhgate_product317_UK_ACT&Nopay 30D_purchase_IAP_Kelsey_20260427,H9HAtL9q0yyc4Gdy,100.48,3258,838,,,,,,,,,
2026-06-14,IOS,dhgate_product318_T1_Purchase 30D_purchase_IAP_Kelsey_20260428,mayu0PGeMJEYQhWJ,97.54,4695,1144,,,,,,,,,
2026-06-14,IOS,dhgate_product319_US_Purchase 30D_purchase_IAP_Kelsey_20260429,SGOG7us7fBY7c5lH,97.12,9065,1176,,,,,,,,,
2026-06-14,IOS,dhgate_product336_T1_Purchase 30D_purchase_IAP_Kelsey_20260512,IbA1O59ht1JcwImf,50.4,4843,628,,,,,,,,,
2026-06-14,ANDROID,dhgate_product322_US_Purchase 30D_purchase_IAP_Kelsey_20260504,UEOt0CeUKtYLfLaH,42.26,1279,403,,,,,,,,,
2026-06-14,IOS,dhgate_product326_US_ACT&Nopay 30D_purchase_IAP_Kelsey_20260506,zMf9PKJzCf4uVI7T,100.57,7495,1055,,,,,,,,,
2026-06-14,ANDROID,dhgate_product317_UK_ACT&Nopay 30D_purchase_IAP_Kelsey_20260427,tDzMEZEldS4Kei0r,94.16,8900,1612,,,,,,,,,
2026-06-14,IOS,dhgate_product321_US_Purchase 30D_purchase_IAP_Kelsey_20260502,ihMCrglFMezOy59I,50.02,7269,286,,,,,,,,,
2026-06-14,ANDROID,dhgate_product317_FR_ACT&Nopay 30D_purchase_IAP_Kelsey_20260526,zbor8ujPF081oChW,33.49,2522,1532,,,,,,,,,
2026-06-14,IOS,dhgate_product137_US_Purchase 30D_purchase_IAP_Kelsey_20260402,Eo7scqEETcYxo6WH,50.21,5032,293,,,,,,,,,
2026-06-14,IOS,dhgate_product314_UK_Purchase 30D_purchase_IAP_Kelsey_20260424,NmHyz3ZrSwNTmf0j,50.4,2732,356,,,,,,,,,
2026-06-14,IOS,dhgate_product301_US_ACT&Nopay 30D_purchase_IAP_Kelsey_20260422,OG6WHvKPBaUM1wDo,50.25,8182,500,,,,,,,,,
2026-06-14,IOS,dhgate_product300_T1_Purchase 30D_purchase_IAP_Kelsey_20260421,wGMfDvBHm0s02IeZ,50.25,4698,594,,,,,,,,,
2026-06-14,ANDROID,dhgate_product148_T1_Purchase 30D_purchase_IAP_Kelsey_20260415,dVlitdxzfmXStKCR,100.38,11295,1413,,,,,,,,,
2026-06-14,IOS,dhgate_product138_FR_ACT&Nopay 30D_purchase_IAP_Kelsey_20260403,zNcB24si9mbzBPed,146.86,10668,2353,,,,,,,,,
2026-06-14,IOS,dhgate_dpa-ios_US_ACT&Nopay 30D_purchase_IAP_Kelsey_20260515,y55faIMh7doL5RvO,100.51,8483,361,,,,,,,,,
2026-06-14,ANDROID,dhgate_dpa-and_US_ACT&Nopay 30D_purchase_IAP_Kelsey_20260511,M0ZXR7rklCeN7J9o,74.6,3261,774,,,,,,,,,
2026-06-14,ANDROID,dhgate_product315_UK_ACT&Nopay 30D_purchase_IAP_Kelsey_20260425,bedUOEtGfoRFbmze,97.5,12391,2195,,,,,,,,,
2026-06-14,IOS,dhgate_product337_T1_ACT&Nopay 30D_purchase_IAP_Kelsey_20260513,pMbmqjxpXWy9uySH,50.12,7802,814,,,,,,,,,
2026-06-14,IOS,dhgate_product374_US_ACT&Nopay 30D_purchase_IAP_Kelsey_20260610,cDaIJszp5MXFZLaj,39.67,1116,624,,,,,,,,,
2026-06-14,IOS,dhgate_product338_T1_ACT&Nopay 30D_purchase_IAP_Kelsey_20260515,aiZBaGOKYFBuq0Ps,50.34,5111,870,,,,,,,,,
2026-06-14,IOS,dhgate_product377_T1_Purchase 30D_purchase_IAP_Kelsey_20260613,ImdbSHRgpaEHQaDV,27.08,1332,786,,,,,,,,,
2026-06-14,ANDROID,dhgate_product337_T1_ACT&Nopay 30D_purchase_IAP_Kelsey_20260513,Hi3okRpzvLX7H2oQ,39.9,4778,2303,,,,,,,,,
2026-06-14,ANDROID,dhgate_product377_T1_Purchase 30D_purchase_IAP_Kelsey_20260613,jQWebXWoq2Emp98e,28.34,1770,915,,,,,,,,,
2026-06-14,ANDROID,dhgate_product376_US_Purchase 30D_purchase_IAP_Kelsey_20260612,OGOAsivo1SSZARzD,50.26,1173,498,,,,,,,,,
2026-06-14,IOS,dhgate_product376_US_Purchase 30D_purchase_IAP_Kelsey_20260612,H7z4zo3O0rZY5sM9,50.18,773,390,,,,,,,,,
2026-06-14,IOS,dhgate_product375_US_Purchase 30D_purchase_IAP_Kelsey_20260611,M84dXzdTmnAdI0a1,50.1,806,411,,,,,,,,,
2026-06-14,ANDROID,dhgate_product374_US_ACT&Nopay 30D_purchase_IAP_Kelsey_20260610,lHtOeUxHZghwmdpM,38.38,1717,1042,,,,,,,,,
2026-06-14,IOS,dhgate_product372_T1_ACT&Nopay 30D_purchase_IAP_Kelsey_20260605,U4gzqzcEnoe3yurD,46.47,3652,890,,,,,,,,,
2026-06-14,ANDROID,dhgate_product375_US_Purchase 30D_purchase_IAP_Kelsey_20260611,ZmROz0lvQRxsi3uG,33.4,782,402,,,,,,,,,
2026-06-14,ANDROID,dhgate_product368_T1_Purchase 30D_purchase_IAP_Kelsey_20260531,b3s2CGS3sMxfFWgV,80.88,4372,1934,,,,,,,,,
2026-06-14,IOS,dhgate_product340_US_Purchase 30D_purchase_IAP_Kelsey_20260516,yznk4uz7IRlNu5TH,100.48,6254,557,,,,,,,,,
2026-06-14,IOS,dhgate_product368_T1_Purchase 30D_purchase_IAP_Kelsey_20260531,Ta2k2BeVyS7dWN4n,50.21,2462,598,,,,,,,,,
2026-06-14,IOS,dhgate_product357_UK_ACT&Nopay 30D_purchase_IAP_Kelsey_20260521,secYrwGRxGvE22kr,50.33,1073,582,,,,,,,,,
2026-06-14,ANDROID,dhgate_product359_UK_ACT&Nopay 30D_purchase_IAP_Kelsey_20260523,RWeVcrW8HneV8sUj,37.73,2037,919,,,,,,,,,
2026-06-14,IOS,dhgate_product350_US_Purchase 30D_purchase_IAP_Kelsey_20260517,eZwoS7yMwcYqxbzm,100.13,6946,545,,,,,,,,,
2026-06-14,ANDROID,dhgate_product366_UK_Purchase 30D_purchase_IAP_Kelsey_20260529,tlDSznDFDWyzbPVr,35.82,1147,534,,,,,,,,,
2026-06-14,ANDROID,dhgate_product367_UK_Purchase 30D_purchase_IAP_Kelsey_20260530,AsUotp8z2P369W1o,45.17,1959,810,,,,,,,,,
2026-06-14,IOS,dhgate_product364_US_Purchase 30D_purchase_IAP_Kelsey_20260527,qX4oco28gDbrpBri,50.19,881,408,,,,,,,,,
2026-06-15,ANDROID,dhgate_product317_UK_ACT&Nopay 30D_purchase_IAP_Kelsey_20260427,tDzMEZEldS4Kei0r,100.42,9610,1630,,,,,,,,,
2026-06-15,ANDROID,dhgate_product322_US_Purchase 30D_purchase_IAP_Kelsey_20260504,UEOt0CeUKtYLfLaH,48.44,1612,492,,,,,,,,,
2026-06-15,IOS,dhgate_product321_US_Purchase 30D_purchase_IAP_Kelsey_20260502,ihMCrglFMezOy59I,50.14,8088,218,,,,,,,,,
2026-06-15,IOS,dhgate_product319_US_Purchase 30D_purchase_IAP_Kelsey_20260429,SGOG7us7fBY7c5lH,100.42,9502,1275,,,,,,,,,
2026-06-15,IOS,dhgate_product318_T1_Purchase 30D_purchase_IAP_Kelsey_20260428,mayu0PGeMJEYQhWJ,100.53,5125,1180,,,,,,,,,
2026-06-15,IOS,dhgate_product317_UK_ACT&Nopay 30D_purchase_IAP_Kelsey_20260427,H9HAtL9q0yyc4Gdy,100.34,3849,792,,,,,,,,,
2026-06-15,IOS,dhgate_product326_US_ACT&Nopay 30D_purchase_IAP_Kelsey_20260506,zMf9PKJzCf4uVI7T,100.59,9578,924,,,,,,,,,
2026-06-15,ANDROID,dhgate_product317_FR_ACT&Nopay 30D_purchase_IAP_Kelsey_20260526,zbor8ujPF081oChW,32.53,2632,1553,,,,,,,,,
2026-06-15,ANDROID,dhgate_dpa-and_US_ACT&Nopay 30D_purchase_IAP_Kelsey_20260511,M0ZXR7rklCeN7J9o,94.73,4126,1021,,,,,,,,,
2026-06-15,IOS,dhgate_product314_UK_Purchase 30D_purchase_IAP_Kelsey_20260424,NmHyz3ZrSwNTmf0j,50.36,2801,339,,,,,,,,,
2026-06-15,IOS,dhgate_product301_US_ACT&Nopay 30D_purchase_IAP_Kelsey_20260422,OG6WHvKPBaUM1wDo,50.13,9849,426,,,,,,,,,
2026-06-15,IOS,dhgate_product300_T1_Purchase 30D_purchase_IAP_Kelsey_20260421,wGMfDvBHm0s02IeZ,50.16,4810,558,,,,,,,,,
2026-06-15,ANDROID,dhgate_product148_T1_Purchase 30D_purchase_IAP_Kelsey_20260415,dVlitdxzfmXStKCR,100.64,10458,1410,,,,,,,,,
2026-06-15,IOS,dhgate_product138_FR_ACT&Nopay 30D_purchase_IAP_Kelsey_20260403,zNcB24si9mbzBPed,104.34,6951,1744,,,,,,,,,
2026-06-15,IOS,dhgate_product137_US_Purchase 30D_purchase_IAP_Kelsey_20260402,Eo7scqEETcYxo6WH,50.19,5058,256,,,,,,,,,
2026-06-15,IOS,dhgate_dpa-ios_US_ACT&Nopay 30D_purchase_IAP_Kelsey_20260515,y55faIMh7doL5RvO,100.19,9394,360,,,,,,,,,
2026-06-15,IOS,dhgate_product336_T1_Purchase 30D_purchase_IAP_Kelsey_20260512,IbA1O59ht1JcwImf,50.05,5509,655,,,,,,,,,
2026-06-15,ANDROID,dhgate_product315_UK_ACT&Nopay 30D_purchase_IAP_Kelsey_20260425,bedUOEtGfoRFbmze,61.79,8167,1508,,,,,,,,,
2026-06-15,IOS,dhgate_product337_T1_ACT&Nopay 30D_purchase_IAP_Kelsey_20260513,pMbmqjxpXWy9uySH,50.26,9655,742,,,,,,,,,
2026-06-15,ANDROID,dhgate_product374_US_ACT&Nopay 30D_purchase_IAP_Kelsey_20260610,lHtOeUxHZghwmdpM,26.69,1430,789,,,,,,,,,
2026-06-15,IOS,dhgate_product338_T1_ACT&Nopay 30D_purchase_IAP_Kelsey_20260515,aiZBaGOKYFBuq0Ps,50.08,6457,755,,,,,,,,,
2026-06-15,IOS,dhgate_product377_T1_Purchase 30D_purchase_IAP_Kelsey_20260613,ImdbSHRgpaEHQaDV,32.94,1530,854,,,,,,,,,
2026-06-15,ANDROID,dhgate_product377_T1_Purchase 30D_purchase_IAP_Kelsey_20260613,jQWebXWoq2Emp98e,35.06,2064,1058,,,,,,,,,
2026-06-15,ANDROID,dhgate_product376_US_Purchase 30D_purchase_IAP_Kelsey_20260612,OGOAsivo1SSZARzD,41.42,882,444,,,,,,,,,
2026-06-15,IOS,dhgate_product376_US_Purchase 30D_purchase_IAP_Kelsey_20260612,H7z4zo3O0rZY5sM9,50.54,823,461,,,,,,,,,
2026-06-15,IOS,dhgate_product375_US_Purchase 30D_purchase_IAP_Kelsey_20260611,M84dXzdTmnAdI0a1,50.01,828,421,,,,,,,,,
2026-06-15,ANDROID,dhgate_product375_US_Purchase 30D_purchase_IAP_Kelsey_20260611,ZmROz0lvQRxsi3uG,34.39,1024,402,,,,,,,,,
2026-06-15,IOS,dhgate_product374_US_ACT&Nopay 30D_purchase_IAP_Kelsey_20260610,cDaIJszp5MXFZLaj,22.92,705,420,,,,,,,,,
2026-06-15,IOS,dhgate_product372_T1_ACT&Nopay 30D_purchase_IAP_Kelsey_20260605,U4gzqzcEnoe3yurD,50.28,4409,945,,,,,,,,,
2026-06-15,ANDROID,dhgate_product337_T1_ACT&Nopay 30D_purchase_IAP_Kelsey_20260513,Hi3okRpzvLX7H2oQ,40.73,4487,2185,,,,,,,,,
2026-06-15,ANDROID,dhgate_product368_T1_Purchase 30D_purchase_IAP_Kelsey_20260531,b3s2CGS3sMxfFWgV,91.46,6747,1900,,,,,,,,,
2026-06-15,ANDROID,dhgate_product367_UK_Purchase 30D_purchase_IAP_Kelsey_20260530,AsUotp8z2P369W1o,40.69,1640,679,,,,,,,,,
2026-06-15,ANDROID,dhgate_product366_UK_Purchase 30D_purchase_IAP_Kelsey_20260529,tlDSznDFDWyzbPVr,49.38,2514,625,,,,,,,,,
2026-06-15,IOS,dhgate_product364_US_Purchase 30D_purchase_IAP_Kelsey_20260527,qX4oco28gDbrpBri,49.12,998,456,,,,,,,,,
2026-06-15,ANDROID,dhgate_product359_UK_ACT&Nopay 30D_purchase_IAP_Kelsey_20260523,RWeVcrW8HneV8sUj,39.25,2232,1010,,,,,,,,,
2026-06-15,IOS,dhgate_product357_UK_ACT&Nopay 30D_purchase_IAP_Kelsey_20260521,secYrwGRxGvE22kr,50.39,1100,597,,,,,,,,,
2026-06-15,IOS,dhgate_product350_US_Purchase 30D_purchase_IAP_Kelsey_20260517,eZwoS7yMwcYqxbzm,85.52,6819,388,,,,,,,,,
2026-06-15,IOS,dhgate_product340_US_Purchase 30D_purchase_IAP_Kelsey_20260516,yznk4uz7IRlNu5TH,100.74,7093,551,,,,,,,,,
2026-06-15,IOS,dhgate_product368_T1_Purchase 30D_purchase_IAP_Kelsey_20260531,Ta2k2BeVyS7dWN4n,50.18,3157,624,,,,,,,,,
2026-06-16,IOS,dhgate_product317_UK_ACT&Nopay 30D_purchase_IAP_Kelsey_20260427,H9HAtL9q0yyc4Gdy,81.71,2339,684,,,,,,,,,
2026-06-16,IOS,dhgate_product318_T1_Purchase 30D_purchase_IAP_Kelsey_20260428,mayu0PGeMJEYQhWJ,96.68,3878,1135,,,,,,,,,
2026-06-16,IOS,dhgate_product326_US_ACT&Nopay 30D_purchase_IAP_Kelsey_20260506,zMf9PKJzCf4uVI7T,100.68,8415,987,,,,,,,,,
2026-06-16,IOS,dhgate_product321_US_Purchase 30D_purchase_IAP_Kelsey_20260502,ihMCrglFMezOy59I,50.5,7429,302,,,,,,,,,
2026-06-16,ANDROID,dhgate_product322_US_Purchase 30D_purchase_IAP_Kelsey_20260504,UEOt0CeUKtYLfLaH,50.27,2247,538,,,,,,,,,
2026-06-16,ANDROID,dhgate_product317_UK_ACT&Nopay 30D_purchase_IAP_Kelsey_20260427,tDzMEZEldS4Kei0r,100.42,9571,1720,,,,,,,,,
2026-06-16,IOS,dhgate_product319_US_Purchase 30D_purchase_IAP_Kelsey_20260429,SGOG7us7fBY7c5lH,97.15,7020,1358,,,,,,,,,
2026-06-16,ANDROID,dhgate_product317_FR_ACT&Nopay 30D_purchase_IAP_Kelsey_20260526,zbor8ujPF081oChW,35.27,3372,1827,,,,,,,,,
2026-06-16,IOS,dhgate_product300_T1_Purchase 30D_purchase_IAP_Kelsey_20260421,wGMfDvBHm0s02IeZ,50.63,3620,667,,,,,,,,,
2026-06-16,IOS,dhgate_product314_UK_Purchase 30D_purchase_IAP_Kelsey_20260424,NmHyz3ZrSwNTmf0j,50.27,1771,375,,,,,,,,,
2026-06-16,IOS,dhgate_product301_US_ACT&Nopay 30D_purchase_IAP_Kelsey_20260422,OG6WHvKPBaUM1wDo,50.09,8649,498,,,,,,,,,
2026-06-16,ANDROID,dhgate_product148_T1_Purchase 30D_purchase_IAP_Kelsey_20260415,dVlitdxzfmXStKCR,97.0,10606,1585,,,,,,,,,
2026-06-16,IOS,dhgate_product138_FR_ACT&Nopay 30D_purchase_IAP_Kelsey_20260403,zNcB24si9mbzBPed,92.04,4305,1843,,,,,,,,,
2026-06-16,IOS,dhgate_product137_US_Purchase 30D_purchase_IAP_Kelsey_20260402,Eo7scqEETcYxo6WH,50.26,4963,351,,,,,,,,,
2026-06-16,IOS,dhgate_dpa-ios_US_ACT&Nopay 30D_purchase_IAP_Kelsey_20260515,y55faIMh7doL5RvO,100.61,7735,384,,,,,,,,,
2026-06-16,IOS,dhgate_product336_T1_Purchase 30D_purchase_IAP_Kelsey_20260512,IbA1O59ht1JcwImf,50.21,4161,719,,,,,,,,,
2026-06-16,ANDROID,dhgate_product315_UK_ACT&Nopay 30D_purchase_IAP_Kelsey_20260425,bedUOEtGfoRFbmze,50.24,5699,1018,,,,,,,,,
2026-06-16,ANDROID,dhgate_dpa-and_US_ACT&Nopay 30D_purchase_IAP_Kelsey_20260511,M0ZXR7rklCeN7J9o,91.26,4935,1099,,,,,,,,,
2026-06-16,IOS,dhgate_product337_T1_ACT&Nopay 30D_purchase_IAP_Kelsey_20260513,pMbmqjxpXWy9uySH,50.21,7566,720,,,,,,,,,
2026-06-16,IOS,dhgate_product338_T1_ACT&Nopay 30D_purchase_IAP_Kelsey_20260515,aiZBaGOKYFBuq0Ps,50.18,6249,797,,,,,,,,,
2026-06-16,ANDROID,dhgate_product337_T1_ACT&Nopay 30D_purchase_IAP_Kelsey_20260513,Hi3okRpzvLX7H2oQ,40.14,4968,2337,,,,,,,,,
2026-06-16,IOS,dhgate_product377_T1_Purchase 30D_purchase_IAP_Kelsey_20260613,ImdbSHRgpaEHQaDV,33.56,1688,957,,,,,,,,,
2026-06-16,ANDROID,dhgate_product377_T1_Purchase 30D_purchase_IAP_Kelsey_20260613,jQWebXWoq2Emp98e,31.34,1906,1103,,,,,,,,,
2026-06-16,ANDROID,dhgate_product376_US_Purchase 30D_purchase_IAP_Kelsey_20260612,OGOAsivo1SSZARzD,36.29,856,447,,,,,,,,,
2026-06-16,IOS,dhgate_product375_US_Purchase 30D_purchase_IAP_Kelsey_20260611,M84dXzdTmnAdI0a1,50.05,932,456,,,,,,,,,
2026-06-16,ANDROID,dhgate_product374_US_ACT&Nopay 30D_purchase_IAP_Kelsey_20260610,lHtOeUxHZghwmdpM,32.97,1702,917,,,,,,,,,
2026-06-16,IOS,dhgate_product374_US_ACT&Nopay 30D_purchase_IAP_Kelsey_20260610,cDaIJszp5MXFZLaj,39.57,1209,684,,,,,,,,,
2026-06-16,IOS,dhgate_product372_T1_ACT&Nopay 30D_purchase_IAP_Kelsey_20260605,U4gzqzcEnoe3yurD,43.75,3281,872,,,,,,,,,
2026-06-16,ANDROID,dhgate_product375_US_Purchase 30D_purchase_IAP_Kelsey_20260611,ZmROz0lvQRxsi3uG,42.31,1020,487,,,,,,,,,
2026-06-16,ANDROID,dhgate_product368_T1_Purchase 30D_purchase_IAP_Kelsey_20260531,b3s2CGS3sMxfFWgV,97.49,9791,1408,,,,,,,,,
2026-06-16,IOS,dhgate_product368_T1_Purchase 30D_purchase_IAP_Kelsey_20260531,Ta2k2BeVyS7dWN4n,44.31,2198,530,,,,,,,,,
2026-06-16,IOS,dhgate_product350_US_Purchase 30D_purchase_IAP_Kelsey_20260517,eZwoS7yMwcYqxbzm,50.04,4495,266,,,,,,,,,
2026-06-16,IOS,dhgate_product357_UK_ACT&Nopay 30D_purchase_IAP_Kelsey_20260521,secYrwGRxGvE22kr,50.07,1213,652,,,,,,,,,
2026-06-16,ANDROID,dhgate_product359_UK_ACT&Nopay 30D_purchase_IAP_Kelsey_20260523,RWeVcrW8HneV8sUj,36.04,2048,894,,,,,,,,,
2026-06-16,IOS,dhgate_product340_US_Purchase 30D_purchase_IAP_Kelsey_20260516,yznk4uz7IRlNu5TH,100.22,6602,559,,,,,,,,,
2026-06-16,ANDROID,dhgate_product366_UK_Purchase 30D_purchase_IAP_Kelsey_20260529,tlDSznDFDWyzbPVr,47.68,4177,521,,,,,,,,,
2026-06-16,ANDROID,dhgate_product367_UK_Purchase 30D_purchase_IAP_Kelsey_20260530,AsUotp8z2P369W1o,29.29,1272,545,,,,,,,,,
2026-06-16,IOS,dhgate_product364_US_Purchase 30D_purchase_IAP_Kelsey_20260527,qX4oco28gDbrpBri,50.79,1045,521,,,,,,,,,
2026-06-17,ANDROID,dhgate_product317_UK_ACT&Nopay 30D_purchase_IAP_Kelsey_20260427,tDzMEZEldS4Kei0r,100.88,9915,1781,,,,,,,,,
2026-06-17,IOS,dhgate_product326_US_ACT&Nopay 30D_purchase_IAP_Kelsey_20260506,zMf9PKJzCf4uVI7T,100.47,7819,1035,,,,,,,,,
2026-06-17,IOS,dhgate_product336_T1_Purchase 30D_purchase_IAP_Kelsey_20260512,IbA1O59ht1JcwImf,50.08,4080,733,,,,,,,,,
2026-06-17,IOS,dhgate_product321_US_Purchase 30D_purchase_IAP_Kelsey_20260502,ihMCrglFMezOy59I,50.29,6715,271,,,,,,,,,
2026-06-17,IOS,dhgate_product319_US_Purchase 30D_purchase_IAP_Kelsey_20260429,SGOG7us7fBY7c5lH,100.57,8480,1491,,,,,,,,,
2026-06-17,IOS,dhgate_product318_T1_Purchase 30D_purchase_IAP_Kelsey_20260428,mayu0PGeMJEYQhWJ,94.58,4937,1193,,,,,,,,,
2026-06-17,IOS,dhgate_product317_UK_ACT&Nopay 30D_purchase_IAP_Kelsey_20260427,H9HAtL9q0yyc4Gdy,94.0,2954,735,,,,,,,,,
2026-06-17,ANDROID,dhgate_product317_FR_ACT&Nopay 30D_purchase_IAP_Kelsey_20260526,zbor8ujPF081oChW,38.58,3975,1970,,,,,,,,,
2026-06-17,ANDROID,dhgate_dpa-and_US_ACT&Nopay 30D_purchase_IAP_Kelsey_20260511,M0ZXR7rklCeN7J9o,97.19,5292,1073,,,,,,,,,
2026-06-17,IOS,dhgate_product314_UK_Purchase 30D_purchase_IAP_Kelsey_20260424,NmHyz3ZrSwNTmf0j,49.06,2018,378,,,,,,,,,
2026-06-17,IOS,dhgate_product301_US_ACT&Nopay 30D_purchase_IAP_Kelsey_20260422,OG6WHvKPBaUM1wDo,50.44,8877,454,,,,,,,,,
2026-06-17,IOS,dhgate_product300_T1_Purchase 30D_purchase_IAP_Kelsey_20260421,wGMfDvBHm0s02IeZ,50.21,4058,660,,,,,,,,,
2026-06-17,ANDROID,dhgate_product148_T1_Purchase 30D_purchase_IAP_Kelsey_20260415,dVlitdxzfmXStKCR,100.75,10684,1460,,,,,,,,,
2026-06-17,IOS,dhgate_product138_FR_ACT&Nopay 30D_purchase_IAP_Kelsey_20260403,zNcB24si9mbzBPed,99.38,5862,2086,,,,,,,,,
2026-06-17,IOS,dhgate_product137_US_Purchase 30D_purchase_IAP_Kelsey_20260402,Eo7scqEETcYxo6WH,50.1,4222,285,,,,,,,,,
2026-06-17,IOS,dhgate_dpa-ios_US_ACT&Nopay 30D_purchase_IAP_Kelsey_20260515,y55faIMh7doL5RvO,100.11,7658,304,,,,,,,,,
2026-06-17,ANDROID,dhgate_product315_UK_ACT&Nopay 30D_purchase_IAP_Kelsey_20260425,bedUOEtGfoRFbmze,50.28,6623,1017,,,,,,,,,
2026-06-17,IOS,dhgate_product337_T1_ACT&Nopay 30D_purchase_IAP_Kelsey_20260513,pMbmqjxpXWy9uySH,50.26,8646,772,,,,,,,,,
2026-06-17,ANDROID,dhgate_product322_US_Purchase 30D_purchase_IAP_Kelsey_20260504,UEOt0CeUKtYLfLaH,50.35,2569,465,,,,,,,,,
2026-06-17,IOS,dhgate_product338_T1_ACT&Nopay 30D_purchase_IAP_Kelsey_20260515,aiZBaGOKYFBuq0Ps,50.37,5994,826,,,,,,,,,
2026-06-17,ANDROID,dhgate_product337_T1_ACT&Nopay 30D_purchase_IAP_Kelsey_20260513,Hi3okRpzvLX7H2oQ,37.64,4782,2260,,,,,,,,,
2026-06-17,IOS,dhgate_product377_T1_Purchase 30D_purchase_IAP_Kelsey_20260613,ImdbSHRgpaEHQaDV,34.9,1739,983,,,,,,,,,
2026-06-17,ANDROID,dhgate_product377_T1_Purchase 30D_purchase_IAP_Kelsey_20260613,jQWebXWoq2Emp98e,39.32,2386,1276,,,,,,,,,
2026-06-17,ANDROID,dhgate_product376_US_Purchase 30D_purchase_IAP_Kelsey_20260612,OGOAsivo1SSZARzD,46.36,1304,484,,,,,,,,,
2026-06-17,IOS,dhgate_product375_US_Purchase 30D_purchase_IAP_Kelsey_20260611,M84dXzdTmnAdI0a1,50.12,943,481,,,,,,,,,
2026-06-17,ANDROID,dhgate_product375_US_Purchase 30D_purchase_IAP_Kelsey_20260611,ZmROz0lvQRxsi3uG,45.11,977,477,,,,,,,,,
2026-06-17,ANDROID,dhgate_product374_US_ACT&Nopay 30D_purchase_IAP_Kelsey_20260610,lHtOeUxHZghwmdpM,39.85,1836,952,,,,,,,,,
2026-06-17,IOS,dhgate_product374_US_ACT&Nopay 30D_purchase_IAP_Kelsey_20260610,cDaIJszp5MXFZLaj,45.44,1192,694,,,,,,,,,
2026-06-17,IOS,dhgate_product372_T1_ACT&Nopay 30D_purchase_IAP_Kelsey_20260605,U4gzqzcEnoe3yurD,48.42,3970,952,,,,,,,,,
2026-06-17,IOS,dhgate_product364_US_Purchase 30D_purchase_IAP_Kelsey_20260527,qX4oco28gDbrpBri,50.26,1060,491,,,,,,,,,
2026-06-17,ANDROID,dhgate_product368_T1_Purchase 30D_purchase_IAP_Kelsey_20260531,b3s2CGS3sMxfFWgV,100.25,9802,1311,,,,,,,,,
2026-06-17,ANDROID,dhgate_product367_UK_Purchase 30D_purchase_IAP_Kelsey_20260530,AsUotp8z2P369W1o,32.64,1440,605,,,,,,,,,
2026-06-17,ANDROID,dhgate_product366_UK_Purchase 30D_purchase_IAP_Kelsey_20260529,tlDSznDFDWyzbPVr,50.3,4416,527,,,,,,,,,
2026-06-17,IOS,dhgate_product368_T1_Purchase 30D_purchase_IAP_Kelsey_20260531,Ta2k2BeVyS7dWN4n,49.74,2885,642,,,,,,,,,
2026-06-17,ANDROID,dhgate_product359_UK_ACT&Nopay 30D_purchase_IAP_Kelsey_20260523,RWeVcrW8HneV8sUj,36.57,2148,970,,,,,,,,,
2026-06-17,IOS,dhgate_product357_UK_ACT&Nopay 30D_purchase_IAP_Kelsey_20260521,secYrwGRxGvE22kr,50.4,1156,691,,,,,,,,,
2026-06-17,IOS,dhgate_product350_US_Purchase 30D_purchase_IAP_Kelsey_20260517,eZwoS7yMwcYqxbzm,50.37,4627,263,,,,,,,,,
2026-06-17,IOS,dhgate_product340_US_Purchase 30D_purchase_IAP_Kelsey_20260516,yznk4uz7IRlNu5TH,100.16,6107,562,,,,,,,,,
2026-06-18,IOS,dhgate_product336_T1_Purchase 30D_purchase_IAP_Kelsey_20260512,IbA1O59ht1JcwImf,49.92,5196,622,,,,,,,,,
2026-06-18,IOS,dhgate_product326_US_ACT&Nopay 30D_purchase_IAP_Kelsey_20260506,zMf9PKJzCf4uVI7T,75.53,6641,648,,,,,,,,,
2026-06-18,ANDROID,dhgate_product322_US_Purchase 30D_purchase_IAP_Kelsey_20260504,UEOt0CeUKtYLfLaH,49.74,3860,454,,,,,,,,,
2026-06-18,IOS,dhgate_product319_US_Purchase 30D_purchase_IAP_Kelsey_20260429,SGOG7us7fBY7c5lH,100.06,10148,1358,,,,,,,,,
2026-06-18,IOS,dhgate_product318_T1_Purchase 30D_purchase_IAP_Kelsey_20260428,mayu0PGeMJEYQhWJ,99.81,5141,1193,,,,,,,,,
2026-06-18,IOS,dhgate_product317_UK_ACT&Nopay 30D_purchase_IAP_Kelsey_20260427,H9HAtL9q0yyc4Gdy,98.97,3109,811,,,,,,,,,
2026-06-18,ANDROID,dhgate_product317_UK_ACT&Nopay 30D_purchase_IAP_Kelsey_20260427,tDzMEZEldS4Kei0r,69.35,6702,1099,,,,,,,,,
2026-06-18,ANDROID,dhgate_product317_FR_ACT&Nopay 30D_purchase_IAP_Kelsey_20260526,zbor8ujPF081oChW,37.69,3726,1803,,,,,,,,,
2026-06-18,IOS,dhgate_product300_T1_Purchase 30D_purchase_IAP_Kelsey_20260421,wGMfDvBHm0s02IeZ,49.65,4615,609,,,,,,,,,
2026-06-18,IOS,dhgate_product314_UK_Purchase 30D_purchase_IAP_Kelsey_20260424,NmHyz3ZrSwNTmf0j,50.27,2420,375,,,,,,,,,
2026-06-18,IOS,dhgate_product301_US_ACT&Nopay 30D_purchase_IAP_Kelsey_20260422,OG6WHvKPBaUM1wDo,47.96,10948,448,,,,,,,,,
2026-06-18,IOS,dhgate_product337_T1_ACT&Nopay 30D_purchase_IAP_Kelsey_20260513,pMbmqjxpXWy9uySH,49.75,10465,828,,,,,,,,,
2026-06-18,ANDROID,dhgate_product148_T1_Purchase 30D_purchase_IAP_Kelsey_20260415,dVlitdxzfmXStKCR,100.13,11673,1381,,,,,,,,,
2026-06-18,IOS,dhgate_product138_FR_ACT&Nopay 30D_purchase_IAP_Kelsey_20260403,zNcB24si9mbzBPed,94.53,5427,1847,,,,,,,,,
2026-06-18,IOS,dhgate_product137_US_Purchase 30D_purchase_IAP_Kelsey_20260402,Eo7scqEETcYxo6WH,49.78,5300,258,,,,,,,,,
2026-06-18,IOS,dhgate_dpa-ios_US_ACT&Nopay 30D_purchase_IAP_Kelsey_20260515,y55faIMh7doL5RvO,98.9,9330,277,,,,,,,,,
2026-06-18,ANDROID,dhgate_dpa-and_US_ACT&Nopay 30D_purchase_IAP_Kelsey_20260511,M0ZXR7rklCeN7J9o,97.34,5835,916,,,,,,,,,
2026-06-18,ANDROID,dhgate_product315_UK_ACT&Nopay 30D_purchase_IAP_Kelsey_20260425,bedUOEtGfoRFbmze,50.34,6637,919,,,,,,,,,
2026-06-18,ANDROID,dhgate_product337_T1_ACT&Nopay 30D_purchase_IAP_Kelsey_20260513,Hi3okRpzvLX7H2oQ,41.69,5157,2263,,,,,,,,,
2026-06-18,IOS,dhgate_product321_US_Purchase 30D_purchase_IAP_Kelsey_20260502,ihMCrglFMezOy59I,50.05,8788,225,,,,,,,,,
2026-06-18,IOS,dhgate_product340_US_Purchase 30D_purchase_IAP_Kelsey_20260516,yznk4uz7IRlNu5TH,99.3,8904,547,,,,,,,,,
2026-06-18,ANDROID,dhgate_product378_T1_Purchase 30D_purchase_IAP_Kelsey_20260618,pSVCzUyasov2jVVf,6.23,479,265,,,,,,,,,
2026-06-18,IOS,dhgate_product338_T1_ACT&Nopay 30D_purchase_IAP_Kelsey_20260515,aiZBaGOKYFBuq0Ps,46.79,6867,803,,,,,,,,,
2026-06-18,IOS,dhgate_product377_T1_Purchase 30D_purchase_IAP_Kelsey_20260613,ImdbSHRgpaEHQaDV,40.39,1822,867,,,,,,,,,
2026-06-18,ANDROID,dhgate_product377_T1_Purchase 30D_purchase_IAP_Kelsey_20260613,jQWebXWoq2Emp98e,35.27,2636,1092,,,,,,,,,
2026-06-18,ANDROID,dhgate_product376_US_Purchase 30D_purchase_IAP_Kelsey_20260612,OGOAsivo1SSZARzD,50.11,1766,493,,,,,,,,,
2026-06-18,ANDROID,dhgate_product375_US_Purchase 30D_purchase_IAP_Kelsey_20260611,ZmROz0lvQRxsi3uG,45.61,1550,455,,,,,,,,,
2026-06-18,IOS,dhgate_product375_US_Purchase 30D_purchase_IAP_Kelsey_20260611,M84dXzdTmnAdI0a1,49.76,935,446,,,,,,,,,
2026-06-18,ANDROID,dhgate_product374_US_ACT&Nopay 30D_purchase_IAP_Kelsey_20260610,lHtOeUxHZghwmdpM,42.59,1985,1006,,,,,,,,,
2026-06-18,IOS,dhgate_product374_US_ACT&Nopay 30D_purchase_IAP_Kelsey_20260610,cDaIJszp5MXFZLaj,18.66,574,329,,,,,,,,,
2026-06-18,IOS,dhgate_product378_T1_Purchase 30D_purchase_IAP_Kelsey_20260618,Qx3tMoKQlo4mkhKG,9.28,432,244,,,,,,,,,
2026-06-18,IOS,dhgate_product368_T1_Purchase 30D_purchase_IAP_Kelsey_20260531,Ta2k2BeVyS7dWN4n,48.17,3254,590,,,,,,,,,
2026-06-18,IOS,dhgate_product372_T1_ACT&Nopay 30D_purchase_IAP_Kelsey_20260605,U4gzqzcEnoe3yurD,50.1,4460,1010,,,,,,,,,
2026-06-18,IOS,dhgate_product357_UK_ACT&Nopay 30D_purchase_IAP_Kelsey_20260521,secYrwGRxGvE22kr,50.07,1065,568,,,,,,,,,
2026-06-18,ANDROID,dhgate_product359_UK_ACT&Nopay 30D_purchase_IAP_Kelsey_20260523,RWeVcrW8HneV8sUj,20.09,1224,578,,,,,,,,,
2026-06-18,IOS,dhgate_product350_US_Purchase 30D_purchase_IAP_Kelsey_20260517,eZwoS7yMwcYqxbzm,49.93,5763,243,,,,,,,,,
2026-06-18,ANDROID,dhgate_product366_UK_Purchase 30D_purchase_IAP_Kelsey_20260529,tlDSznDFDWyzbPVr,50.62,4853,554,,,,,,,,,
2026-06-18,ANDROID,dhgate_product367_UK_Purchase 30D_purchase_IAP_Kelsey_20260530,AsUotp8z2P369W1o,35.27,1544,610,,,,,,,,,
2026-06-18,ANDROID,dhgate_product368_T1_Purchase 30D_purchase_IAP_Kelsey_20260531,b3s2CGS3sMxfFWgV,100.33,10607,1301,,,,,,,,,
2026-06-18,IOS,dhgate_product364_US_Purchase 30D_purchase_IAP_Kelsey_20260527,qX4oco28gDbrpBri,49.66,1694,441,,,,,,,,,
2026-06-19,ANDROID,dhgate_product322_US_Purchase 30D_purchase_IAP_Kelsey_20260504,UEOt0CeUKtYLfLaH,50.29,9056,242,,,,,,,,,
2026-06-19,ANDROID,dhgate_product317_FR_ACT&Nopay 30D_purchase_IAP_Kelsey_20260526,zbor8ujPF081oChW,39.6,4084,1776,,,,,,,,,
2026-06-19,IOS,dhgate_product321_US_Purchase 30D_purchase_IAP_Kelsey_20260502,ihMCrglFMezOy59I,50.1,7776,238,,,,,,,,,
2026-06-19,IOS,dhgate_product319_US_Purchase 30D_purchase_IAP_Kelsey_20260429,SGOG7us7fBY7c5lH,99.15,8679,1374,,,,,,,,,
2026-06-19,IOS,dhgate_product318_T1_Purchase 30D_purchase_IAP_Kelsey_20260428,mayu0PGeMJEYQhWJ,94.73,5013,1245,,,,,,,,,
2026-06-19,IOS,dhgate_product317_UK_ACT&Nopay 30D_purchase_IAP_Kelsey_20260427,H9HAtL9q0yyc4Gdy,100.73,4299,807,,,,,,,,,
2026-06-19,ANDROID,dhgate_product317_UK_ACT&Nopay 30D_purchase_IAP_Kelsey_20260427,tDzMEZEldS4Kei0r,50.21,5612,856,,,,,,,,,
2026-06-19,ANDROID,dhgate_product315_UK_ACT&Nopay 30D_purchase_IAP_Kelsey_20260425,bedUOEtGfoRFbmze,50.44,6319,870,,,,,,,,,
2026-06-19,ANDROID,dhgate_product148_T1_Purchase 30D_purchase_IAP_Kelsey_20260415,dVlitdxzfmXStKCR,98.72,11342,1525,,,,,,,,,
2026-06-19,IOS,dhgate_product301_US_ACT&Nopay 30D_purchase_IAP_Kelsey_20260422,OG6WHvKPBaUM1wDo,50.16,11014,438,,,,,,,,,
2026-06-19,IOS,dhgate_product300_T1_Purchase 30D_purchase_IAP_Kelsey_20260421,wGMfDvBHm0s02IeZ,49.67,4120,635,,,,,,,,,
2026-06-19,IOS,dhgate_product138_FR_ACT&Nopay 30D_purchase_IAP_Kelsey_20260403,zNcB24si9mbzBPed,81.72,5303,1717,,,,,,,,,
2026-06-19,IOS,dhgate_product137_US_Purchase 30D_purchase_IAP_Kelsey_20260402,Eo7scqEETcYxo6WH,50.22,4483,247,,,,,,,,,
2026-06-19,IOS,dhgate_dpa-ios_US_ACT&Nopay 30D_purchase_IAP_Kelsey_20260515,y55faIMh7doL5RvO,100.33,8629,350,,,,,,,,,
2026-06-19,ANDROID,dhgate_dpa-and_US_ACT&Nopay 30D_purchase_IAP_Kelsey_20260511,M0ZXR7rklCeN7J9o,100.42,8442,852,,,,,,,,,
2026-06-19,IOS,dhgate_product326_US_ACT&Nopay 30D_purchase_IAP_Kelsey_20260506,zMf9PKJzCf4uVI7T,50.16,7178,504,,,,,,,,,
2026-06-19,IOS,dhgate_product314_UK_Purchase 30D_purchase_IAP_Kelsey_20260424,NmHyz3ZrSwNTmf0j,50.39,2285,362,,,,,,,,,
2026-06-19,IOS,dhgate_product336_T1_Purchase 30D_purchase_IAP_Kelsey_20260512,IbA1O59ht1JcwImf,50.22,5005,755,,,,,,,,,
2026-06-19,ANDROID,dhgate_product376_US_Purchase 30D_purchase_IAP_Kelsey_20260612,OGOAsivo1SSZARzD,50.62,2315,502,,,,,,,,,
2026-06-19,ANDROID,dhgate_product337_T1_ACT&Nopay 30D_purchase_IAP_Kelsey_20260513,Hi3okRpzvLX7H2oQ,41.04,5648,2193,,,,,,,,,
2026-06-19,IOS,dhgate_product337_T1_ACT&Nopay 30D_purchase_IAP_Kelsey_20260513,pMbmqjxpXWy9uySH,50.17,11347,801,,,,,,,,,
2026-06-19,IOS,dhgate_product378_T1_Purchase 30D_purchase_IAP_Kelsey_20260618,Qx3tMoKQlo4mkhKG,27.27,1280,735,,,,,,,,,
2026-06-19,IOS,dhgate_product377_T1_Purchase 30D_purchase_IAP_Kelsey_20260613,ImdbSHRgpaEHQaDV,32.59,1542,835,,,,,,,,,
2026-06-19,ANDROID,dhgate_product377_T1_Purchase 30D_purchase_IAP_Kelsey_20260613,jQWebXWoq2Emp98e,50.47,4856,1076,,,,,,,,,
2026-06-19,ANDROID,dhgate_product375_US_Purchase 30D_purchase_IAP_Kelsey_20260611,ZmROz0lvQRxsi3uG,50.61,2512,390,,,,,,,,,
2026-06-19,IOS,dhgate_product375_US_Purchase 30D_purchase_IAP_Kelsey_20260611,M84dXzdTmnAdI0a1,44.67,907,422,,,,,,,,,
2026-06-19,ANDROID,dhgate_product374_US_ACT&Nopay 30D_purchase_IAP_Kelsey_20260610,lHtOeUxHZghwmdpM,50.37,2456,1058,,,,,,,,,
2026-06-19,IOS,dhgate_product372_T1_ACT&Nopay 30D_purchase_IAP_Kelsey_20260605,U4gzqzcEnoe3yurD,50.07,4661,1111,,,,,,,,,
2026-06-19,ANDROID,dhgate_product378_T1_Purchase 30D_purchase_IAP_Kelsey_20260618,pSVCzUyasov2jVVf,43.19,5440,1113,,,,,,,,,
2026-06-19,ANDROID,dhgate_product368_T1_Purchase 30D_purchase_IAP_Kelsey_20260531,b3s2CGS3sMxfFWgV,100.33,10327,1557,,,,,,,,,
2026-06-19,IOS,dhgate_product368_T1_Purchase 30D_purchase_IAP_Kelsey_20260531,Ta2k2BeVyS7dWN4n,50.21,3224,633,,,,,,,,,
2026-06-19,IOS,dhgate_product340_US_Purchase 30D_purchase_IAP_Kelsey_20260516,yznk4uz7IRlNu5TH,100.14,8627,568,,,,,,,,,
2026-06-19,IOS,dhgate_product350_US_Purchase 30D_purchase_IAP_Kelsey_20260517,eZwoS7yMwcYqxbzm,50.06,5679,262,,,,,,,,,
2026-06-19,IOS,dhgate_product357_UK_ACT&Nopay 30D_purchase_IAP_Kelsey_20260521,secYrwGRxGvE22kr,50.09,1239,621,,,,,,,,,
2026-06-19,IOS,dhgate_product338_T1_ACT&Nopay 30D_purchase_IAP_Kelsey_20260515,aiZBaGOKYFBuq0Ps,50.23,8451,834,,,,,,,,,
2026-06-19,IOS,dhgate_product364_US_Purchase 30D_purchase_IAP_Kelsey_20260527,qX4oco28gDbrpBri,50.2,2681,463,,,,,,,,,
2026-06-19,ANDROID,dhgate_product366_UK_Purchase 30D_purchase_IAP_Kelsey_20260529,tlDSznDFDWyzbPVr,47.56,4531,487,,,,,,,,,
2026-06-19,ANDROID,dhgate_product367_UK_Purchase 30D_purchase_IAP_Kelsey_20260530,AsUotp8z2P369W1o,34.74,1966,653,,,,,,,,,
2026-06-20,ANDROID,dhgate_product317_FR_ACT&Nopay 30D_purchase_IAP_Kelsey_20260526,zbor8ujPF081oChW,40.69,4344,1887,,,,,,,,,
2026-06-20,IOS,dhgate_product321_US_Purchase 30D_purchase_IAP_Kelsey_20260502,ihMCrglFMezOy59I,50.05,8711,206,,,,,,,,,
2026-06-20,IOS,dhgate_product319_US_Purchase 30D_purchase_IAP_Kelsey_20260429,SGOG7us7fBY7c5lH,100.2,11064,1330,,,,,,,,,
2026-06-20,IOS,dhgate_product318_T1_Purchase 30D_purchase_IAP_Kelsey_20260428,mayu0PGeMJEYQhWJ,94.23,6735,1123,,,,,,,,,
2026-06-20,IOS,dhgate_product317_UK_ACT&Nopay 30D_purchase_IAP_Kelsey_20260427,H9HAtL9q0yyc4Gdy,100.85,4836,847,,,,,,,,,
2026-06-20,ANDROID,dhgate_product317_UK_ACT&Nopay 30D_purchase_IAP_Kelsey_20260427,tDzMEZEldS4Kei0r,50.43,6203,879,,,,,,,,,
2026-06-20,ANDROID,dhgate_product322_US_Purchase 30D_purchase_IAP_Kelsey_20260504,UEOt0CeUKtYLfLaH,50.27,8878,267,,,,,,,,,
2026-06-20,ANDROID,dhgate_product315_UK_ACT&Nopay 30D_purchase_IAP_Kelsey_20260425,bedUOEtGfoRFbmze,50.8,6369,899,,,,,,,,,
2026-06-20,ANDROID,dhgate_product148_T1_Purchase 30D_purchase_IAP_Kelsey_20260415,dVlitdxzfmXStKCR,98.79,11948,1434,,,,,,,,,
2026-06-20,IOS,dhgate_product301_US_ACT&Nopay 30D_purchase_IAP_Kelsey_20260422,OG6WHvKPBaUM1wDo,50.02,14961,285,,,,,,,,,
2026-06-20,IOS,dhgate_product300_T1_Purchase 30D_purchase_IAP_Kelsey_20260421,wGMfDvBHm0s02IeZ,50.95,6028,648,,,,,,,,,
2026-06-20,IOS,dhgate_product138_FR_ACT&Nopay 30D_purchase_IAP_Kelsey_20260403,zNcB24si9mbzBPed,95.26,7131,1836,,,,,,,,,
2026-06-20,IOS,dhgate_product137_US_Purchase 30D_purchase_IAP_Kelsey_20260402,Eo7scqEETcYxo6WH,50.67,4896,265,,,,,,,,,
2026-06-20,IOS,dhgate_dpa-ios_US_ACT&Nopay 30D_purchase_IAP_Kelsey_20260515,y55faIMh7doL5RvO,100.3,8463,290,,,,,,,,,
2026-06-20,ANDROID,dhgate_dpa-and_US_ACT&Nopay 30D_purchase_IAP_Kelsey_20260511,M0ZXR7rklCeN7J9o,100.28,6241,884,,,,,,,,,
2026-06-20,IOS,dhgate_product326_US_ACT&Nopay 30D_purchase_IAP_Kelsey_20260506,zMf9PKJzCf4uVI7T,50.22,10700,344,,,,,,,,,
2026-06-20,IOS,dhgate_product314_UK_Purchase 30D_purchase_IAP_Kelsey_20260424,NmHyz3ZrSwNTmf0j,50.24,3179,331,,,,,,,,,
2026-06-20,IOS,dhgate_product336_T1_Purchase 30D_purchase_IAP_Kelsey_20260512,IbA1O59ht1JcwImf,50.03,6726,668,,,,,,,,,
2026-06-20,ANDROID,dhgate_product375_US_Purchase 30D_purchase_IAP_Kelsey_20260611,ZmROz0lvQRxsi3uG,50.25,3602,435,,,,,,,,,
2026-06-20,ANDROID,dhgate_product337_T1_ACT&Nopay 30D_purchase_IAP_Kelsey_20260513,Hi3okRpzvLX7H2oQ,43.91,6633,2727,,,,,,,,,
2026-06-20,IOS,dhgate_product378_T1_Purchase 30D_purchase_IAP_Kelsey_20260618,Qx3tMoKQlo4mkhKG,35.59,1557,715,,,,,,,,,
2026-06-20,IOS,dhgate_product377_T1_Purchase 30D_purchase_IAP_Kelsey_20260613,ImdbSHRgpaEHQaDV,32.43,1528,702,,,,,,,,,
2026-06-20,ANDROID,dhgate_product377_T1_Purchase 30D_purchase_IAP_Kelsey_20260613,jQWebXWoq2Emp98e,49.85,6629,776,,,,,,,,,
2026-06-20,ANDROID,dhgate_product376_US_Purchase 30D_purchase_IAP_Kelsey_20260612,OGOAsivo1SSZARzD,50.5,2541,436,,,,,,,,,
2026-06-20,ANDROID,dhgate_product378_T1_Purchase 30D_purchase_IAP_Kelsey_20260618,pSVCzUyasov2jVVf,50.06,6080,1067,,,,,,,,,
2026-06-20,IOS,dhgate_product375_US_Purchase 30D_purchase_IAP_Kelsey_20260611,M84dXzdTmnAdI0a1,50.05,1427,386,,,,,,,,,
2026-06-20,ANDROID,dhgate_product374_US_ACT&Nopay 30D_purchase_IAP_Kelsey_20260610,lHtOeUxHZghwmdpM,50.65,3026,1053,,,,,,,,,
2026-06-20,IOS,dhgate_product372_T1_ACT&Nopay 30D_purchase_IAP_Kelsey_20260605,U4gzqzcEnoe3yurD,50.31,5646,980,,,,,,,,,
2026-06-20,IOS,dhgate_product337_T1_ACT&Nopay 30D_purchase_IAP_Kelsey_20260513,pMbmqjxpXWy9uySH,50.16,15320,610,,,,,,,,,
2026-06-20,ANDROID,dhgate_product368_T1_Purchase 30D_purchase_IAP_Kelsey_20260531,b3s2CGS3sMxfFWgV,100.37,10294,1402,,,,,,,,,
2026-06-20,ANDROID,dhgate_product367_UK_Purchase 30D_purchase_IAP_Kelsey_20260530,AsUotp8z2P369W1o,49.06,2331,673,,,,,,,,,
2026-06-20,ANDROID,dhgate_product366_UK_Purchase 30D_purchase_IAP_Kelsey_20260529,tlDSznDFDWyzbPVr,50.3,4290,489,,,,,,,,,
2026-06-20,IOS,dhgate_product364_US_Purchase 30D_purchase_IAP_Kelsey_20260527,qX4oco28gDbrpBri,50.26,3227,381,,,,,,,,,
2026-06-20,IOS,dhgate_product357_UK_ACT&Nopay 30D_purchase_IAP_Kelsey_20260521,secYrwGRxGvE22kr,48.89,1277,584,,,,,,,,,
2026-06-20,IOS,dhgate_product350_US_Purchase 30D_purchase_IAP_Kelsey_20260517,eZwoS7yMwcYqxbzm,50.36,7027,199,,,,,,,,,
2026-06-20,IOS,dhgate_product340_US_Purchase 30D_purchase_IAP_Kelsey_20260516,yznk4uz7IRlNu5TH,100.32,10777,509,,,,,,,,,
2026-06-20,IOS,dhgate_product338_T1_ACT&Nopay 30D_purchase_IAP_Kelsey_20260515,aiZBaGOKYFBuq0Ps,50.39,12039,627,,,,,,,,,
2026-06-20,IOS,dhgate_product368_T1_Purchase 30D_purchase_IAP_Kelsey_20260531,Ta2k2BeVyS7dWN4n,50.3,4371,628,,,,,,,,,
2026-06-21,IOS,dhgate_product317_UK_ACT&Nopay 30D_purchase_IAP_Kelsey_20260427,H9HAtL9q0yyc4Gdy,101.01,4150,772,,,,,,,,,
2026-06-21,IOS,dhgate_product318_T1_Purchase 30D_purchase_IAP_Kelsey_20260428,mayu0PGeMJEYQhWJ,96.84,6456,1225,,,,,,,,,
2026-06-21,IOS,dhgate_product326_US_ACT&Nopay 30D_purchase_IAP_Kelsey_20260506,zMf9PKJzCf4uVI7T,50.04,7885,402,,,,,,,,,
2026-06-21,IOS,dhgate_product321_US_Purchase 30D_purchase_IAP_Kelsey_20260502,ihMCrglFMezOy59I,50.4,7761,214,,,,,,,,,
2026-06-21,ANDROID,dhgate_product322_US_Purchase 30D_purchase_IAP_Kelsey_20260504,UEOt0CeUKtYLfLaH,50.11,7128,268,,,,,,,,,
2026-06-21,ANDROID,dhgate_product317_UK_ACT&Nopay 30D_purchase_IAP_Kelsey_20260427,tDzMEZEldS4Kei0r,50.6,6006,878,,,,,,,,,
2026-06-21,IOS,dhgate_product319_US_Purchase 30D_purchase_IAP_Kelsey_20260429,SGOG7us7fBY7c5lH,100.31,10647,1290,,,,,,,,,
2026-06-21,ANDROID,dhgate_product317_FR_ACT&Nopay 30D_purchase_IAP_Kelsey_20260526,zbor8ujPF081oChW,48.63,5431,1934,,,,,,,,,
2026-06-21,IOS,dhgate_product300_T1_Purchase 30D_purchase_IAP_Kelsey_20260421,wGMfDvBHm0s02IeZ,50.28,5464,622,,,,,,,,,
2026-06-21,IOS,dhgate_product314_UK_Purchase 30D_purchase_IAP_Kelsey_20260424,NmHyz3ZrSwNTmf0j,51.07,2865,353,,,,,,,,,
2026-06-21,IOS,dhgate_product301_US_ACT&Nopay 30D_purchase_IAP_Kelsey_20260422,OG6WHvKPBaUM1wDo,50.06,11092,361,,,,,,,,,
2026-06-21,ANDROID,dhgate_product148_T1_Purchase 30D_purchase_IAP_Kelsey_20260415,dVlitdxzfmXStKCR,100.09,11773,1330,,,,,,,,,
2026-06-21,IOS,dhgate_product138_FR_ACT&Nopay 30D_purchase_IAP_Kelsey_20260403,zNcB24si9mbzBPed,94.74,7728,1931,,,,,,,,,
2026-06-21,IOS,dhgate_product137_US_Purchase 30D_purchase_IAP_Kelsey_20260402,Eo7scqEETcYxo6WH,50.24,4253,251,,,,,,,,,
2026-06-21,IOS,dhgate_dpa-ios_US_ACT&Nopay 30D_purchase_IAP_Kelsey_20260515,y55faIMh7doL5RvO,100.19,7455,320,,,,,,,,,
2026-06-21,IOS,dhgate_product336_T1_Purchase 30D_purchase_IAP_Kelsey_20260512,IbA1O59ht1JcwImf,50.2,6023,684,,,,,,,,,
2026-06-21,ANDROID,dhgate_product315_UK_ACT&Nopay 30D_purchase_IAP_Kelsey_20260425,bedUOEtGfoRFbmze,50.08,6373,806,,,,,,,,,
2026-06-21,ANDROID,dhgate_dpa-and_US_ACT&Nopay 30D_purchase_IAP_Kelsey_20260511,M0ZXR7rklCeN7J9o,94.59,4564,776,,,,,,,,,
2026-06-21,IOS,dhgate_product337_T1_ACT&Nopay 30D_purchase_IAP_Kelsey_20260513,pMbmqjxpXWy9uySH,50.14,12840,640,,,,,,,,,
2026-06-21,IOS,dhgate_product338_T1_ACT&Nopay 30D_purchase_IAP_Kelsey_20260515,aiZBaGOKYFBuq0Ps,48.17,10248,630,,,,,,,,,
2026-06-21,ANDROID,dhgate_product337_T1_ACT&Nopay 30D_purchase_IAP_Kelsey_20260513,Hi3okRpzvLX7H2oQ,49.09,6501,2487,,,,,,,,,
2026-06-21,ANDROID,dhgate_product378_T1_Purchase 30D_purchase_IAP_Kelsey_20260618,pSVCzUyasov2jVVf,50.28,7233,890,,,,,,,,,
2026-06-21,IOS,dhgate_product378_T1_Purchase 30D_purchase_IAP_Kelsey_20260618,Qx3tMoKQlo4mkhKG,36.85,1632,830,,,,,,,,,
2026-06-21,IOS,dhgate_product377_T1_Purchase 30D_purchase_IAP_Kelsey_20260613,ImdbSHRgpaEHQaDV,36.91,2018,833,,,,,,,,,
2026-06-21,ANDROID,dhgate_product377_T1_Purchase 30D_purchase_IAP_Kelsey_20260613,jQWebXWoq2Emp98e,50.05,6471,658,,,,,,,,,
2026-06-21,ANDROID,dhgate_product375_US_Purchase 30D_purchase_IAP_Kelsey_20260611,ZmROz0lvQRxsi3uG,49.39,5727,342,,,,,,,,,
2026-06-21,IOS,dhgate_product375_US_Purchase 30D_purchase_IAP_Kelsey_20260611,M84dXzdTmnAdI0a1,50.22,4996,250,,,,,,,,,
2026-06-21,ANDROID,dhgate_product374_US_ACT&Nopay 30D_purchase_IAP_Kelsey_20260610,lHtOeUxHZghwmdpM,50.59,3180,989,,,,,,,,,
2026-06-21,ANDROID,dhgate_product376_US_Purchase 30D_purchase_IAP_Kelsey_20260612,OGOAsivo1SSZARzD,50.39,1986,448,,,,,,,,,
2026-06-21,IOS,dhgate_product368_T1_Purchase 30D_purchase_IAP_Kelsey_20260531,Ta2k2BeVyS7dWN4n,50.09,4431,615,,,,,,,,,
2026-06-21,IOS,dhgate_product372_T1_ACT&Nopay 30D_purchase_IAP_Kelsey_20260605,U4gzqzcEnoe3yurD,48.69,5441,965,,,,,,,,,
2026-06-21,IOS,dhgate_product350_US_Purchase 30D_purchase_IAP_Kelsey_20260517,eZwoS7yMwcYqxbzm,50.02,6254,222,,,,,,,,,
2026-06-21,IOS,dhgate_product357_UK_ACT&Nopay 30D_purchase_IAP_Kelsey_20260521,secYrwGRxGvE22kr,50.08,1150,558,,,,,,,,,
2026-06-21,IOS,dhgate_product364_US_Purchase 30D_purchase_IAP_Kelsey_20260527,qX4oco28gDbrpBri,50.55,4653,368,,,,,,,,,
2026-06-21,IOS,dhgate_product340_US_Purchase 30D_purchase_IAP_Kelsey_20260516,yznk4uz7IRlNu5TH,100.16,8768,448,,,,,,,,,
2026-06-21,ANDROID,dhgate_product367_UK_Purchase 30D_purchase_IAP_Kelsey_20260530,AsUotp8z2P369W1o,48.61,2089,575,,,,,,,,,
2026-06-21,ANDROID,dhgate_product368_T1_Purchase 30D_purchase_IAP_Kelsey_20260531,b3s2CGS3sMxfFWgV,100.01,10468,1364,,,,,,,,,
2026-06-21,ANDROID,dhgate_product366_UK_Purchase 30D_purchase_IAP_Kelsey_20260529,tlDSznDFDWyzbPVr,48.2,4231,498,,,,,,,,,
2026-06-22,ANDROID,dhgate_product317_UK_ACT&Nopay 30D_purchase_IAP_Kelsey_20260427,tDzMEZEldS4Kei0r,50.25,5874,819,,,,,,,,,
2026-06-22,IOS,dhgate_product326_US_ACT&Nopay 30D_purchase_IAP_Kelsey_20260506,zMf9PKJzCf4uVI7T,50.1,10365,386,,,,,,,,,
2026-06-22,ANDROID,dhgate_product322_US_Purchase 30D_purchase_IAP_Kelsey_20260504,UEOt0CeUKtYLfLaH,51.41,6306,284,,,,,,,,,
2026-06-22,IOS,dhgate_product321_US_Purchase 30D_purchase_IAP_Kelsey_20260502,ihMCrglFMezOy59I,47.72,7634,185,,,,,,,,,
2026-06-22,IOS,dhgate_product319_US_Purchase 30D_purchase_IAP_Kelsey_20260429,SGOG7us7fBY7c5lH,100.76,9956,1167,,,,,,,,,
2026-06-22,IOS,dhgate_product318_T1_Purchase 30D_purchase_IAP_Kelsey_20260428,mayu0PGeMJEYQhWJ,100.64,6412,1020,,,,,,,,,
2026-06-22,IOS,dhgate_product317_UK_ACT&Nopay 30D_purchase_IAP_Kelsey_20260427,H9HAtL9q0yyc4Gdy,101.07,4282,782,,,,,,,,,
2026-06-22,ANDROID,dhgate_product317_FR_ACT&Nopay 30D_purchase_IAP_Kelsey_20260526,zbor8ujPF081oChW,47.27,5618,1842,,,,,,,,,
2026-06-22,IOS,dhgate_product336_T1_Purchase 30D_purchase_IAP_Kelsey_20260512,IbA1O59ht1JcwImf,50.61,6181,596,,,,,,,,,
2026-06-22,IOS,dhgate_product314_UK_Purchase 30D_purchase_IAP_Kelsey_20260424,NmHyz3ZrSwNTmf0j,51.51,2493,315,,,,,,,,,
2026-06-22,IOS,dhgate_product301_US_ACT&Nopay 30D_purchase_IAP_Kelsey_20260422,OG6WHvKPBaUM1wDo,50.08,13479,268,,,,,,,,,
2026-06-22,IOS,dhgate_product300_T1_Purchase 30D_purchase_IAP_Kelsey_20260421,wGMfDvBHm0s02IeZ,50.2,5205,556,,,,,,,,,
2026-06-22,ANDROID,dhgate_product148_T1_Purchase 30D_purchase_IAP_Kelsey_20260415,dVlitdxzfmXStKCR,100.48,11661,1305,,,,,,,,,
2026-06-22,IOS,dhgate_product138_FR_ACT&Nopay 30D_purchase_IAP_Kelsey_20260403,zNcB24si9mbzBPed,100.92,8275,1903,,,,,,,,,
2026-06-22,IOS,dhgate_product137_US_Purchase 30D_purchase_IAP_Kelsey_20260402,Eo7scqEETcYxo6WH,59.63,5407,281,,,,,,,,,
2026-06-22,IOS,dhgate_dpa-ios_US_ACT&Nopay 30D_purchase_IAP_Kelsey_20260515,y55faIMh7doL5RvO,100.22,8239,310,,,,,,,,,
2026-06-22,ANDROID,dhgate_dpa-and_US_ACT&Nopay 30D_purchase_IAP_Kelsey_20260511,M0ZXR7rklCeN7J9o,81.56,4169,698,,,,,,,,,
2026-06-22,ANDROID,dhgate_product315_UK_ACT&Nopay 30D_purchase_IAP_Kelsey_20260425,bedUOEtGfoRFbmze,50.11,6102,763,,,,,,,,,
2026-06-22,IOS,dhgate_product337_T1_ACT&Nopay 30D_purchase_IAP_Kelsey_20260513,pMbmqjxpXWy9uySH,50.25,14346,541,,,,,,,,,
2026-06-22,ANDROID,dhgate_product375_US_Purchase 30D_purchase_IAP_Kelsey_20260611,ZmROz0lvQRxsi3uG,50.31,6909,309,,,,,,,,,
2026-06-22,IOS,dhgate_product338_T1_ACT&Nopay 30D_purchase_IAP_Kelsey_20260515,aiZBaGOKYFBuq0Ps,50.19,12191,590,,,,,,,,,
2026-06-22,ANDROID,dhgate_product337_T1_ACT&Nopay 30D_purchase_IAP_Kelsey_20260513,Hi3okRpzvLX7H2oQ,48.43,6892,2376,,,,,,,,,
2026-06-22,ANDROID,dhgate_product378_T1_Purchase 30D_purchase_IAP_Kelsey_20260618,pSVCzUyasov2jVVf,45.33,7645,703,,,,,,,,,
2026-06-22,IOS,dhgate_product378_T1_Purchase 30D_purchase_IAP_Kelsey_20260618,Qx3tMoKQlo4mkhKG,27.18,1266,661,,,,,,,,,
2026-06-22,IOS,dhgate_product377_T1_Purchase 30D_purchase_IAP_Kelsey_20260613,ImdbSHRgpaEHQaDV,38.94,2487,871,,,,,,,,,
2026-06-22,ANDROID,dhgate_product377_T1_Purchase 30D_purchase_IAP_Kelsey_20260613,jQWebXWoq2Emp98e,50.35,6739,679,,,,,,,,,
2026-06-22,ANDROID,dhgate_product376_US_Purchase 30D_purchase_IAP_Kelsey_20260612,OGOAsivo1SSZARzD,50.06,2266,513,,,,,,,,,
2026-06-22,IOS,dhgate_product379_UK_Purchase 30D_purchase_IAP_Kelsey_20260622,cy39NtuzTiVdQdp1,4.7,162,71,,,,,,,,,
2026-06-22,IOS,dhgate_product375_US_Purchase 30D_purchase_IAP_Kelsey_20260611,M84dXzdTmnAdI0a1,50.15,5747,222,,,,,,,,,
2026-06-22,ANDROID,dhgate_product374_US_ACT&Nopay 30D_purchase_IAP_Kelsey_20260610,lHtOeUxHZghwmdpM,50.68,3190,910,,,,,,,,,
2026-06-22,ANDROID,dhgate_product379_UK_Purchase 30D_purchase_IAP_Kelsey_20260622,oZ6jmyRIzSuKVMZy,3.62,201,99,,,,,,,,,
2026-06-22,IOS,dhgate_product368_T1_Purchase 30D_purchase_IAP_Kelsey_20260531,Ta2k2BeVyS7dWN4n,50.29,4954,571,,,,,,,,,
2026-06-22,IOS,dhgate_product372_T1_ACT&Nopay 30D_purchase_IAP_Kelsey_20260605,U4gzqzcEnoe3yurD,50.18,5906,956,,,,,,,,,
2026-06-22,IOS,dhgate_product350_US_Purchase 30D_purchase_IAP_Kelsey_20260517,eZwoS7yMwcYqxbzm,50.27,7209,178,,,,,,,,,
2026-06-22,IOS,dhgate_product357_UK_ACT&Nopay 30D_purchase_IAP_Kelsey_20260521,secYrwGRxGvE22kr,41.67,1552,499,,,,,,,,,
2026-06-22,IOS,dhgate_product340_US_Purchase 30D_purchase_IAP_Kelsey_20260516,yznk4uz7IRlNu5TH,100.26,10977,473,,,,,,,,,
2026-06-22,ANDROID,dhgate_product366_UK_Purchase 30D_purchase_IAP_Kelsey_20260529,tlDSznDFDWyzbPVr,45.97,4391,429,,,,,,,,,
2026-06-22,ANDROID,dhgate_product367_UK_Purchase 30D_purchase_IAP_Kelsey_20260530,AsUotp8z2P369W1o,40.15,1925,455,,,,,,,,,
2026-06-22,ANDROID,dhgate_product368_T1_Purchase 30D_purchase_IAP_Kelsey_20260531,b3s2CGS3sMxfFWgV,100.99,10604,1298,,,,,,,,,
2026-06-22,IOS,dhgate_product364_US_Purchase 30D_purchase_IAP_Kelsey_20260527,qX4oco28gDbrpBri,50.14,3257,447,,,,,,,,,
2026-06-23,IOS,dhgate_product326_US_ACT&Nopay 30D_purchase_IAP_Kelsey_20260506,zMf9PKJzCf4uVI7T,50.12,15310,152,,,,,,,,,
2026-06-23,ANDROID,dhgate_product317_FR_ACT&Nopay 30D_purchase_IAP_Kelsey_20260526,zbor8ujPF081oChW,48.78,6080,1983,,,,,,,,,
2026-06-23,ANDROID,dhgate_product322_US_Purchase 30D_purchase_IAP_Kelsey_20260504,UEOt0CeUKtYLfLaH,50.46,3373,350,,,,,,,,,
2026-06-23,IOS,dhgate_product319_US_Purchase 30D_purchase_IAP_Kelsey_20260429,SGOG7us7fBY7c5lH,100.65,10502,1141,,,,,,,,,
2026-06-23,IOS,dhgate_product318_T1_Purchase 30D_purchase_IAP_Kelsey_20260428,mayu0PGeMJEYQhWJ,100.53,7838,1174,,,,,,,,,
2026-06-23,IOS,dhgate_product317_UK_ACT&Nopay 30D_purchase_IAP_Kelsey_20260427,H9HAtL9q0yyc4Gdy,100.28,4659,809,,,,,,,,,
2026-06-23,ANDROID,dhgate_product317_UK_ACT&Nopay 30D_purchase_IAP_Kelsey_20260427,tDzMEZEldS4Kei0r,50.59,6079,692,,,,,,,,,
2026-06-23,ANDROID,dhgate_product315_UK_ACT&Nopay 30D_purchase_IAP_Kelsey_20260425,bedUOEtGfoRFbmze,50.13,6194,691,,,,,,,,,
2026-06-23,ANDROID,dhgate_product148_T1_Purchase 30D_purchase_IAP_Kelsey_20260415,dVlitdxzfmXStKCR,96.87,11664,1229,,,,,,,,,
2026-06-23,IOS,dhgate_product301_US_ACT&Nopay 30D_purchase_IAP_Kelsey_20260422,OG6WHvKPBaUM1wDo,50.13,16137,116,,,,,,,,,
2026-06-23,IOS,dhgate_product300_T1_Purchase 30D_purchase_IAP_Kelsey_20260421,wGMfDvBHm0s02IeZ,50.23,5152,535,,,,,,,,,
2026-06-23,IOS,dhgate_product138_FR_ACT&Nopay 30D_purchase_IAP_Kelsey_20260403,zNcB24si9mbzBPed,100.18,8311,1984,,,,,,,,,
2026-06-23,IOS,dhgate_product137_US_Purchase 30D_purchase_IAP_Kelsey_20260402,Eo7scqEETcYxo6WH,100.44,8252,465,,,,,,,,,
2026-06-23,IOS,dhgate_dpa-ios_US_ACT&Nopay 30D_purchase_IAP_Kelsey_20260515,y55faIMh7doL5RvO,99.91,9141,302,,,,,,,,,
2026-06-23,ANDROID,dhgate_dpa-and_US_ACT&Nopay 30D_purchase_IAP_Kelsey_20260511,M0ZXR7rklCeN7J9o,87.79,3811,663,,,,,,,,,
2026-06-23,IOS,dhgate_product336_T1_Purchase 30D_purchase_IAP_Kelsey_20260512,IbA1O59ht1JcwImf,50.39,6784,567,,,,,,,,,
2026-06-23,IOS,dhgate_product314_UK_Purchase 30D_purchase_IAP_Kelsey_20260424,NmHyz3ZrSwNTmf0j,50.4,2607,302,,,,,,,,,
2026-06-23,IOS,dhgate_product337_T1_ACT&Nopay 30D_purchase_IAP_Kelsey_20260513,pMbmqjxpXWy9uySH,49.03,16794,255,,,,,,,,,
2026-06-23,ANDROID,dhgate_product337_T1_ACT&Nopay 30D_purchase_IAP_Kelsey_20260513,Hi3okRpzvLX7H2oQ,49.01,7169,2334,,,,,,,,,
2026-06-23,IOS,dhgate_product338_T1_ACT&Nopay 30D_purchase_IAP_Kelsey_20260515,aiZBaGOKYFBuq0Ps,50.2,16430,312,,,,,,,,,
2026-06-23,ANDROID,dhgate_product379_UK_Purchase 30D_purchase_IAP_Kelsey_20260622,oZ6jmyRIzSuKVMZy,40.23,2908,647,,,,,,,,,
2026-06-23,IOS,dhgate_product379_UK_Purchase 30D_purchase_IAP_Kelsey_20260622,cy39NtuzTiVdQdp1,42.57,1265,565,,,,,,,,,
2026-06-23,IOS,dhgate_product377_T1_Purchase 30D_purchase_IAP_Kelsey_20260613,ImdbSHRgpaEHQaDV,41.4,2699,989,,,,,,,,,
2026-06-23,ANDROID,dhgate_product377_T1_Purchase 30D_purchase_IAP_Kelsey_20260613,jQWebXWoq2Emp98e,49.24,6894,636,,,,,,,,,
2026-06-23,ANDROID,dhgate_product376_US_Purchase 30D_purchase_IAP_Kelsey_20260612,OGOAsivo1SSZARzD,52.17,2515,520,,,,,,,,,
2026-06-23,IOS,dhgate_product375_US_Purchase 30D_purchase_IAP_Kelsey_20260611,M84dXzdTmnAdI0a1,50.19,9791,145,,,,,,,,,
2026-06-23,ANDROID,dhgate_product374_US_ACT&Nopay 30D_purchase_IAP_Kelsey_20260610,lHtOeUxHZghwmdpM,50.38,3340,909,,,,,,,,,
2026-06-23,IOS,dhgate_product372_T1_ACT&Nopay 30D_purchase_IAP_Kelsey_20260605,U4gzqzcEnoe3yurD,50.35,6999,1040,,,,,,,,,
2026-06-23,ANDROID,dhgate_product375_US_Purchase 30D_purchase_IAP_Kelsey_20260611,ZmROz0lvQRxsi3uG,50.43,7085,356,,,,,,,,,
2026-06-23,ANDROID,dhgate_product368_T1_Purchase 30D_purchase_IAP_Kelsey_20260531,b3s2CGS3sMxfFWgV,99.07,10795,1275,,,,,,,,,
2026-06-23,ANDROID,dhgate_product367_UK_Purchase 30D_purchase_IAP_Kelsey_20260530,AsUotp8z2P369W1o,46.74,2952,484,,,,,,,,,
2026-06-23,ANDROID,dhgate_product366_UK_Purchase 30D_purchase_IAP_Kelsey_20260529,tlDSznDFDWyzbPVr,47.2,4491,405,,,,,,,,,
2026-06-23,IOS,dhgate_product364_US_Purchase 30D_purchase_IAP_Kelsey_20260527,qX4oco28gDbrpBri,50.17,2841,477,,,,,,,,,
2026-06-23,IOS,dhgate_product357_UK_ACT&Nopay 30D_purchase_IAP_Kelsey_20260521,secYrwGRxGvE22kr,47.72,2447,410,,,,,,,,,
2026-06-23,IOS,dhgate_product350_US_Purchase 30D_purchase_IAP_Kelsey_20260517,eZwoS7yMwcYqxbzm,50.09,10050,102,,,,,,,,,
2026-06-23,IOS,dhgate_product340_US_Purchase 30D_purchase_IAP_Kelsey_20260516,yznk4uz7IRlNu5TH,100.34,14367,296,,,,,,,,,
2026-06-23,IOS,dhgate_product368_T1_Purchase 30D_purchase_IAP_Kelsey_20260531,Ta2k2BeVyS7dWN4n,50.4,5885,585,,,,,,,,,
2026-06-24,IOS,dhgate_product317_UK_ACT&Nopay 30D_purchase_IAP_Kelsey_20260427,H9HAtL9q0yyc4Gdy,100.44,5192,788,,,,,,,,,
2026-06-24,IOS,dhgate_product336_T1_Purchase 30D_purchase_IAP_Kelsey_20260512,IbA1O59ht1JcwImf,50.1,7230,544,,,,,,,,,
2026-06-24,IOS,dhgate_product326_US_ACT&Nopay 30D_purchase_IAP_Kelsey_20260506,zMf9PKJzCf4uVI7T,49.72,15650,138,,,,,,,,,
2026-06-24,ANDROID,dhgate_product322_US_Purchase 30D_purchase_IAP_Kelsey_20260504,UEOt0CeUKtYLfLaH,46.25,5449,496,,,,,,,,,
2026-06-24,IOS,dhgate_product319_US_Purchase 30D_purchase_IAP_Kelsey_20260429,SGOG7us7fBY7c5lH,99.96,10951,1015,,,,,,,,,
2026-06-24,IOS,dhgate_product318_T1_Purchase 30D_purchase_IAP_Kelsey_20260428,mayu0PGeMJEYQhWJ,95.95,8773,997,,,,,,,,,
2026-06-24,ANDROID,dhgate_product317_UK_ACT&Nopay 30D_purchase_IAP_Kelsey_20260427,tDzMEZEldS4Kei0r,50.28,6262,749,,,,,,,,,
2026-06-24,IOS,dhgate_dpa-ios_US_ACT&Nopay 30D_purchase_IAP_Kelsey_20260515,y55faIMh7doL5RvO,98.75,9943,252,,,,,,,,,
2026-06-24,ANDROID,dhgate_product315_UK_ACT&Nopay 30D_purchase_IAP_Kelsey_20260425,bedUOEtGfoRFbmze,48.89,6294,714,,,,,,,,,
2026-06-24,IOS,dhgate_product314_UK_Purchase 30D_purchase_IAP_Kelsey_20260424,NmHyz3ZrSwNTmf0j,48.68,2634,254,,,,,,,,,
2026-06-24,IOS,dhgate_product301_US_ACT&Nopay 30D_purchase_IAP_Kelsey_20260422,OG6WHvKPBaUM1wDo,47.49,16314,91,,,,,,,,,
2026-06-24,IOS,dhgate_product300_T1_Purchase 30D_purchase_IAP_Kelsey_20260421,wGMfDvBHm0s02IeZ,50.35,5528,537,,,,,,,,,
2026-06-24,ANDROID,dhgate_product148_T1_Purchase 30D_purchase_IAP_Kelsey_20260415,dVlitdxzfmXStKCR,100.78,11521,1215,,,,,,,,,
2026-06-24,IOS,dhgate_product138_FR_ACT&Nopay 30D_purchase_IAP_Kelsey_20260403,zNcB24si9mbzBPed,93.96,10740,1951,,,,,,,,,
2026-06-24,IOS,dhgate_product137_US_Purchase 30D_purchase_IAP_Kelsey_20260402,Eo7scqEETcYxo6WH,100.58,7920,402,,,,,,,,,
2026-06-24,ANDROID,dhgate_product337_T1_ACT&Nopay 30D_purchase_IAP_Kelsey_20260513,Hi3okRpzvLX7H2oQ,44.44,6379,2309,,,,,,,,,
2026-06-24,ANDROID,dhgate_product317_FR_ACT&Nopay 30D_purchase_IAP_Kelsey_20260526,zbor8ujPF081oChW,42.95,5012,1882,,,,,,,,,
2026-06-24,IOS,dhgate_product338_T1_ACT&Nopay 30D_purchase_IAP_Kelsey_20260515,aiZBaGOKYFBuq0Ps,50.3,17022,276,,,,,,,,,
2026-06-24,IOS,dhgate_product337_T1_ACT&Nopay 30D_purchase_IAP_Kelsey_20260513,pMbmqjxpXWy9uySH,48.39,17134,213,,,,,,,,,
2026-06-24,IOS,dhgate_product350_US_Purchase 30D_purchase_IAP_Kelsey_20260517,eZwoS7yMwcYqxbzm,50.05,10349,90,,,,,,,,,
2026-06-24,IOS,dhgate_product381_US_ACT&Nopay 30D_purchase_IAP_Kelsey_20260624,koAG4uPwaNuNbSsi,16.77,611,293,,,,,,,,,
2026-06-24,ANDROID,dhgate_product381_US_ACT&Nopay 30D_purchase_IAP_Kelsey_20260624,yznhjyRpVHJVEi6T,10.08,853,249,,,,,,,,,
2026-06-24,ANDROID,dhgate_product379_UK_Purchase 30D_purchase_IAP_Kelsey_20260622,oZ6jmyRIzSuKVMZy,50.44,2960,639,,,,,,,,,
2026-06-24,IOS,dhgate_product379_UK_Purchase 30D_purchase_IAP_Kelsey_20260622,cy39NtuzTiVdQdp1,42.3,1194,470,,,,,,,,,
2026-06-24,IOS,dhgate_product377_T1_Purchase 30D_purchase_IAP_Kelsey_20260613,ImdbSHRgpaEHQaDV,49.59,4416,914,,,,,,,,,
2026-06-24,ANDROID,dhgate_product377_T1_Purchase 30D_purchase_IAP_Kelsey_20260613,jQWebXWoq2Emp98e,50.19,6972,599,,,,,,,,,
2026-06-24,ANDROID,dhgate_product376_US_Purchase 30D_purchase_IAP_Kelsey_20260612,OGOAsivo1SSZARzD,50.02,5003,482,,,,,,,,,
2026-06-24,IOS,dhgate_product375_US_Purchase 30D_purchase_IAP_Kelsey_20260611,M84dXzdTmnAdI0a1,49.48,10112,114,,,,,,,,,
2026-06-24,IOS,dhgate_product340_US_Purchase 30D_purchase_IAP_Kelsey_20260516,yznk4uz7IRlNu5TH,100.35,14909,282,,,,,,,,,
2026-06-24,ANDROID,dhgate_product374_US_ACT&Nopay 30D_purchase_IAP_Kelsey_20260610,lHtOeUxHZghwmdpM,50.4,2929,844,,,,,,,,,
2026-06-24,IOS,dhgate_product372_T1_ACT&Nopay 30D_purchase_IAP_Kelsey_20260605,U4gzqzcEnoe3yurD,50.4,8220,952,,,,,,,,,
2026-06-24,IOS,dhgate_product368_T1_Purchase 30D_purchase_IAP_Kelsey_20260531,Ta2k2BeVyS7dWN4n,50.37,6231,540,,,,,,,,,
2026-06-24,ANDROID,dhgate_product368_T1_Purchase 30D_purchase_IAP_Kelsey_20260531,b3s2CGS3sMxfFWgV,100.58,11406,1187,,,,,,,,,
2026-06-24,ANDROID,dhgate_product367_UK_Purchase 30D_purchase_IAP_Kelsey_20260530,AsUotp8z2P369W1o,46.15,2003,451,,,,,,,,,
2026-06-24,ANDROID,dhgate_product366_UK_Purchase 30D_purchase_IAP_Kelsey_20260529,tlDSznDFDWyzbPVr,50.46,4651,413,,,,,,,,,
2026-06-24,IOS,dhgate_product364_US_Purchase 30D_purchase_IAP_Kelsey_20260527,qX4oco28gDbrpBri,50.05,4380,412,,,,,,,,,
2026-06-24,IOS,dhgate_product357_UK_ACT&Nopay 30D_purchase_IAP_Kelsey_20260521,secYrwGRxGvE22kr,48.81,3018,417,,,,,,,,,
2026-06-24,ANDROID,dhgate_product375_US_Purchase 30D_purchase_IAP_Kelsey_20260611,ZmROz0lvQRxsi3uG,50.15,6588,380,,,,,,,,,
2026-06-25,IOS,dhgate_product318_T1_Purchase 30D_purchase_IAP_Kelsey_20260428,mayu0PGeMJEYQhWJ,100.14,11289,881,,,,,,,,,
2026-06-25,IOS,dhgate_product319_US_Purchase 30D_purchase_IAP_Kelsey_20260429,SGOG7us7fBY7c5lH,100.6,12388,855,,,,,,,,,
2026-06-25,IOS,dhgate_product337_T1_ACT&Nopay 30D_purchase_IAP_Kelsey_20260513,pMbmqjxpXWy9uySH,49.01,17194,218,,,,,,,,,
2026-06-25,IOS,dhgate_product326_US_ACT&Nopay 30D_purchase_IAP_Kelsey_20260506,zMf9PKJzCf4uVI7T,49.66,14629,157,,,,,,,,,
2026-06-25,IOS,dhgate_product336_T1_Purchase 30D_purchase_IAP_Kelsey_20260512,IbA1O59ht1JcwImf,50.14,8312,334,,,,,,,,,
2026-06-25,IOS,dhgate_product317_UK_ACT&Nopay 30D_purchase_IAP_Kelsey_20260427,H9HAtL9q0yyc4Gdy,95.34,6241,600,,,,,,,,,
2026-06-25,ANDROID,dhgate_product322_US_Purchase 30D_purchase_IAP_Kelsey_20260504,UEOt0CeUKtYLfLaH,47.62,6181,570,,,,,,,,,
2026-06-25,ANDROID,dhgate_product317_UK_ACT&Nopay 30D_purchase_IAP_Kelsey_20260427,tDzMEZEldS4Kei0r,48.28,6452,757,,,,,,,,,
2026-06-25,IOS,dhgate_product300_T1_Purchase 30D_purchase_IAP_Kelsey_20260421,wGMfDvBHm0s02IeZ,50.35,6985,461,,,,,,,,,
2026-06-25,ANDROID,dhgate_product315_UK_ACT&Nopay 30D_purchase_IAP_Kelsey_20260425,bedUOEtGfoRFbmze,43.98,6103,636,,,,,,,,,
2026-06-25,IOS,dhgate_product314_UK_Purchase 30D_purchase_IAP_Kelsey_20260424,NmHyz3ZrSwNTmf0j,44.02,3211,209,,,,,,,,,
2026-06-25,IOS,dhgate_product301_US_ACT&Nopay 30D_purchase_IAP_Kelsey_20260422,OG6WHvKPBaUM1wDo,49.55,16396,107,,,,,,,,,
2026-06-25,ANDROID,dhgate_product148_T1_Purchase 30D_purchase_IAP_Kelsey_20260415,dVlitdxzfmXStKCR,83.03,10779,1036,,,,,,,,,
2026-06-25,IOS,dhgate_product138_FR_ACT&Nopay 30D_purchase_IAP_Kelsey_20260403,zNcB24si9mbzBPed,93.56,13389,1657,,,,,,,,,
2026-06-25,IOS,dhgate_product137_US_Purchase 30D_purchase_IAP_Kelsey_20260402,Eo7scqEETcYxo6WH,82.53,7104,250,,,,,,,,,
2026-06-25,IOS,dhgate_dpa-ios_US_ACT&Nopay 30D_purchase_IAP_Kelsey_20260515,y55faIMh7doL5RvO,100.11,10231,236,,,,,,,,,
2026-06-25,ANDROID,dhgate_product337_T1_ACT&Nopay 30D_purchase_IAP_Kelsey_20260513,Hi3okRpzvLX7H2oQ,48.11,7328,2601,,,,,,,,,
2026-06-25,ANDROID,dhgate_product317_FR_ACT&Nopay 30D_purchase_IAP_Kelsey_20260526,zbor8ujPF081oChW,39.77,3939,1666,,,,,,,,,
2026-06-25,ANDROID,dhgate_dpa-and_US_ACT&Nopay 30D_purchase_IAP_Kelsey_20260511,M0ZXR7rklCeN7J9o,84.71,4021,590,,,,,,,,,
2026-06-25,IOS,dhgate_product338_T1_ACT&Nopay 30D_purchase_IAP_Kelsey_20260515,aiZBaGOKYFBuq0Ps,50.03,17069,236,,,,,,,,,
2026-06-25,IOS,dhgate_product350_US_Purchase 30D_purchase_IAP_Kelsey_20260517,eZwoS7yMwcYqxbzm,48.75,9644,94,,,,,,,,,
2026-06-25,IOS,dhgate_product340_US_Purchase 30D_purchase_IAP_Kelsey_20260516,yznk4uz7IRlNu5TH,95.71,14161,231,,,,,,,,,
2026-06-25,ANDROID,dhgate_product382_US_ACT&Nopay 30D_purchase_IAP_Kelsey_20260625,PhCf6h2ErxzodBul,3.25,304,122,,,,,,,,,
2026-06-25,IOS,dhgate_product382_US_ACT&Nopay 30D_purchase_IAP_Kelsey_202600625,JMJguQWJx5gOS4u0,7.78,250,140,,,,,,,,,
2026-06-25,IOS,dhgate_product381_US_ACT&Nopay 30D_purchase_IAP_Kelsey_20260624,koAG4uPwaNuNbSsi,39.18,1447,773,,,,,,,,,
2026-06-25,ANDROID,dhgate_product381_US_ACT&Nopay 30D_purchase_IAP_Kelsey_20260624,yznhjyRpVHJVEi6T,47.85,3045,1092,,,,,,,,,
2026-06-25,ANDROID,dhgate_product379_UK_Purchase 30D_purchase_IAP_Kelsey_20260622,oZ6jmyRIzSuKVMZy,41.44,2528,528,,,,,,,,,
2026-06-25,IOS,dhgate_product377_T1_Purchase 30D_purchase_IAP_Kelsey_20260613,ImdbSHRgpaEHQaDV,50.19,7364,456,,,,,,,,,
2026-06-25,ANDROID,dhgate_product377_T1_Purchase 30D_purchase_IAP_Kelsey_20260613,jQWebXWoq2Emp98e,50.19,8793,594,,,,,,,,,
2026-06-25,ANDROID,dhgate_product376_US_Purchase 30D_purchase_IAP_Kelsey_20260612,OGOAsivo1SSZARzD,42.99,5733,500,,,,,,,,,
2026-06-25,IOS,dhgate_product379_UK_Purchase 30D_purchase_IAP_Kelsey_20260622,cy39NtuzTiVdQdp1,35.92,993,464,,,,,,,,,
2026-06-25,ANDROID,dhgate_product375_US_Purchase 30D_purchase_IAP_Kelsey_20260611,ZmROz0lvQRxsi3uG,50.5,6446,296,,,,,,,,,
2026-06-25,IOS,dhgate_product375_US_Purchase 30D_purchase_IAP_Kelsey_20260611,M84dXzdTmnAdI0a1,50.15,9383,105,,,,,,,,,
2026-06-25,IOS,dhgate_product364_US_Purchase 30D_purchase_IAP_Kelsey_20260527,qX4oco28gDbrpBri,50.5,8973,96,,,,,,,,,
2026-06-25,ANDROID,dhgate_product366_UK_Purchase 30D_purchase_IAP_Kelsey_20260529,tlDSznDFDWyzbPVr,49.04,5980,402,,,,,,,,,
2026-06-25,ANDROID,dhgate_product367_UK_Purchase 30D_purchase_IAP_Kelsey_20260530,AsUotp8z2P369W1o,50.19,3145,493,,,,,,,,,
2026-06-25,IOS,dhgate_product357_UK_ACT&Nopay 30D_purchase_IAP_Kelsey_20260521,secYrwGRxGvE22kr,41.99,3433,289,,,,,,,,,
2026-06-25,IOS,dhgate_product368_T1_Purchase 30D_purchase_IAP_Kelsey_20260531,Ta2k2BeVyS7dWN4n,50.27,8182,413,,,,,,,,,
2026-06-25,IOS,dhgate_product372_T1_ACT&Nopay 30D_purchase_IAP_Kelsey_20260605,U4gzqzcEnoe3yurD,50.2,10314,730,,,,,,,,,
2026-06-25,ANDROID,dhgate_product374_US_ACT&Nopay 30D_purchase_IAP_Kelsey_20260610,lHtOeUxHZghwmdpM,66.57,6791,922,,,,,,,,,
2026-06-25,ANDROID,dhgate_product368_T1_Purchase 30D_purchase_IAP_Kelsey_20260531,b3s2CGS3sMxfFWgV,71.18,9166,868,,,,,,,,,
2026-06-26,IOS,dhgate_product317_UK_ACT&Nopay 30D_purchase_IAP_Kelsey_20260427,H9HAtL9q0yyc4Gdy,91.68,6608,533,,,,,,,,,
2026-06-26,IOS,dhgate_product337_T1_ACT&Nopay 30D_purchase_IAP_Kelsey_20260513,pMbmqjxpXWy9uySH,50.2,9640,437,,,,,,,,,
2026-06-26,IOS,dhgate_product336_T1_Purchase 30D_purchase_IAP_Kelsey_20260512,IbA1O59ht1JcwImf,50.08,8423,297,,,,,,,,,
2026-06-26,IOS,dhgate_product326_US_ACT&Nopay 30D_purchase_IAP_Kelsey_20260506,zMf9PKJzCf4uVI7T,44.38,5727,257,,,,,,,,,
2026-06-26,ANDROID,dhgate_product322_US_Purchase 30D_purchase_IAP_Kelsey_20260504,UEOt0CeUKtYLfLaH,47.39,5596,437,,,,,,,,,
2026-06-26,IOS,dhgate_product319_US_Purchase 30D_purchase_IAP_Kelsey_20260429,SGOG7us7fBY7c5lH,100.86,12105,929,,,,,,,,,
2026-06-26,ANDROID,dhgate_dpa-and_US_ACT&Nopay 30D_purchase_IAP_Kelsey_20260511,M0ZXR7rklCeN7J9o,95.24,4495,639,,,,,,,,,
2026-06-26,IOS,dhgate_product318_T1_Purchase 30D_purchase_IAP_Kelsey_20260428,mayu0PGeMJEYQhWJ,100.28,11201,909,,,,,,,,,
2026-06-26,ANDROID,dhgate_product317_UK_ACT&Nopay 30D_purchase_IAP_Kelsey_20260427,tDzMEZEldS4Kei0r,46.8,6629,685,,,,,,,,,
2026-06-26,IOS,dhgate_dpa-ios_US_ACT&Nopay 30D_purchase_IAP_Kelsey_20260515,y55faIMh7doL5RvO,100.14,9025,175,,,,,,,,,
2026-06-26,ANDROID,dhgate_product337_T1_ACT&Nopay 30D_purchase_IAP_Kelsey_20260513,Hi3okRpzvLX7H2oQ,45.28,7864,1977,,,,,,,,,
2026-06-26,ANDROID,dhgate_product315_UK_ACT&Nopay 30D_purchase_IAP_Kelsey_20260425,bedUOEtGfoRFbmze,46.89,6379,682,,,,,,,,,
2026-06-26,IOS,dhgate_product314_UK_Purchase 30D_purchase_IAP_Kelsey_20260424,NmHyz3ZrSwNTmf0j,47.41,3565,202,,,,,,,,,
2026-06-26,IOS,dhgate_product301_US_ACT&Nopay 30D_purchase_IAP_Kelsey_20260422,OG6WHvKPBaUM1wDo,50.07,8678,260,,,,,,,,,
2026-06-26,IOS,dhgate_product300_T1_Purchase 30D_purchase_IAP_Kelsey_20260421,wGMfDvBHm0s02IeZ,50.27,6578,414,,,,,,,,,
2026-06-26,ANDROID,dhgate_product148_T1_Purchase 30D_purchase_IAP_Kelsey_20260415,dVlitdxzfmXStKCR,50.19,9410,665,,,,,,,,,
2026-06-26,IOS,dhgate_product138_FR_ACT&Nopay 30D_purchase_IAP_Kelsey_20260403,zNcB24si9mbzBPed,97.97,13156,1573,,,,,,,,,
2026-06-26,IOS,dhgate_product137_US_Purchase 30D_purchase_IAP_Kelsey_20260402,Eo7scqEETcYxo6WH,46.96,3580,125,,,,,,,,,
2026-06-26,ANDROID,dhgate_product317_FR_ACT&Nopay 30D_purchase_IAP_Kelsey_20260526,zbor8ujPF081oChW,45.55,4110,1758,,,,,,,,,
2026-06-26,IOS,dhgate_product338_T1_ACT&Nopay 30D_purchase_IAP_Kelsey_20260515,aiZBaGOKYFBuq0Ps,36.72,6637,289,,,,,,,,,
2026-06-26,IOS,dhgate_product368_T1_Purchase 30D_purchase_IAP_Kelsey_20260531,Ta2k2BeVyS7dWN4n,49.01,7773,414,,,,,,,,,
2026-06-26,IOS,dhgate_product350_US_Purchase 30D_purchase_IAP_Kelsey_20260517,eZwoS7yMwcYqxbzm,49.66,4000,129,,,,,,,,,
2026-06-26,IOS,dhgate_product340_US_Purchase 30D_purchase_IAP_Kelsey_20260516,yznk4uz7IRlNu5TH,97.56,7286,353,,,,,,,,,
2026-06-26,IOS,dhgate_product383_T1_ACT&Nopay 30D_purchase_IAP_Kelsey_20260626,uiO2PRDkEzMT0Wbd,5.4,489,281,,,,,,,,,
2026-06-26,ANDROID,dhgate_product383_T1_ACT&Nopay 30D_purchase_IAP_Kelsey_20260626,ngOjt7k0ODbX8WPx,8.67,2045,849,,,,,,,,,
2026-06-26,ANDROID,dhgate_product382_US_ACT&Nopay 30D_purchase_IAP_Kelsey_20260625,PhCf6h2ErxzodBul,43.15,4867,1059,,,,,,,,,
2026-06-26,IOS,dhgate_product382_US_ACT&Nopay 30D_purchase_IAP_Kelsey_202600625,JMJguQWJx5gOS4u0,45.47,1552,761,,,,,,,,,
2026-06-26,ANDROID,dhgate_product381_US_ACT&Nopay 30D_purchase_IAP_Kelsey_20260624,yznhjyRpVHJVEi6T,45.67,2468,853,,,,,,,,,
2026-06-26,IOS,dhgate_product381_US_ACT&Nopay 30D_purchase_IAP_Kelsey_20260624,koAG4uPwaNuNbSsi,42.44,1312,689,,,,,,,,,
2026-06-26,IOS,dhgate_product377_T1_Purchase 30D_purchase_IAP_Kelsey_20260613,ImdbSHRgpaEHQaDV,50.2,7096,438,,,,,,,,,
2026-06-26,ANDROID,dhgate_product377_T1_Purchase 30D_purchase_IAP_Kelsey_20260613,jQWebXWoq2Emp98e,49.57,8768,618,,,,,,,,,
2026-06-26,ANDROID,dhgate_product376_US_Purchase 30D_purchase_IAP_Kelsey_20260612,OGOAsivo1SSZARzD,46.13,5738,451,,,,,,,,,
2026-06-26,ANDROID,dhgate_product375_US_Purchase 30D_purchase_IAP_Kelsey_20260611,ZmROz0lvQRxsi3uG,51.76,5346,373,,,,,,,,,
2026-06-26,IOS,dhgate_product375_US_Purchase 30D_purchase_IAP_Kelsey_20260611,M84dXzdTmnAdI0a1,50.16,3728,189,,,,,,,,,
2026-06-26,IOS,dhgate_product364_US_Purchase 30D_purchase_IAP_Kelsey_20260527,qX4oco28gDbrpBri,44.03,3801,145,,,,,,,,,
2026-06-26,ANDROID,dhgate_product366_UK_Purchase 30D_purchase_IAP_Kelsey_20260529,tlDSznDFDWyzbPVr,36.71,4677,311,,,,,,,,,
2026-06-26,IOS,dhgate_product357_UK_ACT&Nopay 30D_purchase_IAP_Kelsey_20260521,secYrwGRxGvE22kr,45.54,4094,270,,,,,,,,,
2026-06-26,ANDROID,dhgate_product368_T1_Purchase 30D_purchase_IAP_Kelsey_20260531,b3s2CGS3sMxfFWgV,50.15,9152,650,,,,,,,,,
2026-06-26,IOS,dhgate_product372_T1_ACT&Nopay 30D_purchase_IAP_Kelsey_20260605,U4gzqzcEnoe3yurD,50.15,9052,717,,,,,,,,,
2026-06-26,ANDROID,dhgate_product374_US_ACT&Nopay 30D_purchase_IAP_Kelsey_20260610,lHtOeUxHZghwmdpM,96.29,8149,1132,,,,,,,,,
2026-06-26,ANDROID,dhgate_product367_UK_Purchase 30D_purchase_IAP_Kelsey_20260530,AsUotp8z2P369W1o,47.84,6122,336,,,,,,,,,
2026-06-27,ANDROID,dhgate_product317_FR_ACT&Nopay 30D_purchase_IAP_Kelsey_20260526,zbor8ujPF081oChW,41.52,3983,1618,,,,,,,,,
2026-06-27,IOS,dhgate_product336_T1_Purchase 30D_purchase_IAP_Kelsey_20260512,IbA1O59ht1JcwImf,50.17,8876,289,,,,,,,,,
2026-06-27,IOS,dhgate_product326_US_ACT&Nopay 30D_purchase_IAP_Kelsey_20260506,zMf9PKJzCf4uVI7T,45.07,6265,246,,,,,,,,,
2026-06-27,ANDROID,dhgate_product322_US_Purchase 30D_purchase_IAP_Kelsey_20260504,UEOt0CeUKtYLfLaH,50.1,5777,403,,,,,,,,,
2026-06-27,IOS,dhgate_product318_T1_Purchase 30D_purchase_IAP_Kelsey_20260428,mayu0PGeMJEYQhWJ,99.83,11874,869,,,,,,,,,
2026-06-27,ANDROID,dhgate_product317_UK_ACT&Nopay 30D_purchase_IAP_Kelsey_20260427,tDzMEZEldS4Kei0r,50.45,6518,638,,,,,,,,,
2026-06-27,IOS,dhgate_product317_UK_ACT&Nopay 30D_purchase_IAP_Kelsey_20260427,H9HAtL9q0yyc4Gdy,100.26,7282,601,,,,,,,,,
2026-06-27,ANDROID,dhgate_product315_UK_ACT&Nopay 30D_purchase_IAP_Kelsey_20260425,bedUOEtGfoRFbmze,50.46,6963,616,,,,,,,,,
2026-06-27,ANDROID,dhgate_product148_T1_Purchase 30D_purchase_IAP_Kelsey_20260415,dVlitdxzfmXStKCR,50.21,10234,619,,,,,,,,,
2026-06-27,IOS,dhgate_product301_US_ACT&Nopay 30D_purchase_IAP_Kelsey_20260422,OG6WHvKPBaUM1wDo,48.17,9365,211,,,,,,,,,
2026-06-27,IOS,dhgate_product300_T1_Purchase 30D_purchase_IAP_Kelsey_20260421,wGMfDvBHm0s02IeZ,49.1,7048,347,,,,,,,,,
2026-06-27,IOS,dhgate_product337_T1_ACT&Nopay 30D_purchase_IAP_Kelsey_20260513,pMbmqjxpXWy9uySH,48.78,10847,345,,,,,,,,,
2026-06-27,IOS,dhgate_product138_FR_ACT&Nopay 30D_purchase_IAP_Kelsey_20260403,zNcB24si9mbzBPed,100.43,13687,1498,,,,,,,,,
2026-06-27,IOS,dhgate_product137_US_Purchase 30D_purchase_IAP_Kelsey_20260402,Eo7scqEETcYxo6WH,43.52,3271,126,,,,,,,,,
2026-06-27,IOS,dhgate_dpa-ios_US_ACT&Nopay 30D_purchase_IAP_Kelsey_20260515,y55faIMh7doL5RvO,96.36,8821,202,,,,,,,,,
2026-06-27,ANDROID,dhgate_dpa-and_US_ACT&Nopay 30D_purchase_IAP_Kelsey_20260511,M0ZXR7rklCeN7J9o,92.42,4295,652,,,,,,,,,
2026-06-27,IOS,dhgate_product314_UK_Purchase 30D_purchase_IAP_Kelsey_20260424,NmHyz3ZrSwNTmf0j,48.58,3679,207,,,,,,,,,
2026-06-27,ANDROID,dhgate_product337_T1_ACT&Nopay 30D_purchase_IAP_Kelsey_20260513,Hi3okRpzvLX7H2oQ,50.07,19090,911,,,,,,,,,
2026-06-27,IOS,dhgate_product319_US_Purchase 30D_purchase_IAP_Kelsey_20260429,SGOG7us7fBY7c5lH,99.69,12657,752,,,,,,,,,
2026-06-27,IOS,dhgate_product350_US_Purchase 30D_purchase_IAP_Kelsey_20260517,eZwoS7yMwcYqxbzm,47.5,3750,132,,,,,,,,,
2026-06-27,IOS,dhgate_product383_T1_ACT&Nopay 30D_purchase_IAP_Kelsey_20260626,uiO2PRDkEzMT0Wbd,31.88,2394,1491,,,,,,,,,
2026-06-27,IOS,dhgate_product340_US_Purchase 30D_purchase_IAP_Kelsey_20260516,yznk4uz7IRlNu5TH,88.4,6664,315,,,,,,,,,
2026-06-27,ANDROID,dhgate_product383_T1_ACT&Nopay 30D_purchase_IAP_Kelsey_20260626,ngOjt7k0ODbX8WPx,39.64,6407,3011,,,,,,,,,
2026-06-27,ANDROID,dhgate_product382_US_ACT&Nopay 30D_purchase_IAP_Kelsey_20260625,PhCf6h2ErxzodBul,49.66,5941,1027,,,,,,,,,
2026-06-27,IOS,dhgate_product382_US_ACT&Nopay 30D_purchase_IAP_Kelsey_202600625,JMJguQWJx5gOS4u0,45.87,1433,804,,,,,,,,,
2026-06-27,ANDROID,dhgate_product381_US_ACT&Nopay 30D_purchase_IAP_Kelsey_20260624,yznhjyRpVHJVEi6T,50.44,2705,997,,,,,,,,,
2026-06-27,IOS,dhgate_product381_US_ACT&Nopay 30D_purchase_IAP_Kelsey_20260624,koAG4uPwaNuNbSsi,36.96,1189,684,,,,,,,,,
2026-06-27,ANDROID,dhgate_product377_T1_Purchase 30D_purchase_IAP_Kelsey_20260613,jQWebXWoq2Emp98e,50.28,9225,577,,,,,,,,,
2026-06-27,ANDROID,dhgate_product376_US_Purchase 30D_purchase_IAP_Kelsey_20260612,OGOAsivo1SSZARzD,47.62,6136,393,,,,,,,,,
2026-06-27,IOS,dhgate_product377_T1_Purchase 30D_purchase_IAP_Kelsey_20260613,ImdbSHRgpaEHQaDV,47.95,7481,446,,,,,,,,,
2026-06-27,ANDROID,dhgate_product375_US_Purchase 30D_purchase_IAP_Kelsey_20260611,ZmROz0lvQRxsi3uG,50.22,3574,277,,,,,,,,,
2026-06-27,IOS,dhgate_product357_UK_ACT&Nopay 30D_purchase_IAP_Kelsey_20260521,secYrwGRxGvE22kr,48.23,4563,316,,,,,,,,,
2026-06-27,IOS,dhgate_product375_US_Purchase 30D_purchase_IAP_Kelsey_20260611,M84dXzdTmnAdI0a1,50.27,3914,182,,,,,,,,,
2026-06-27,ANDROID,dhgate_product367_UK_Purchase 30D_purchase_IAP_Kelsey_20260530,AsUotp8z2P369W1o,49.31,5915,360,,,,,,,,,
2026-06-27,ANDROID,dhgate_product368_T1_Purchase 30D_purchase_IAP_Kelsey_20260531,b3s2CGS3sMxfFWgV,50.25,9926,627,,,,,,,,,
2026-06-27,IOS,dhgate_product364_US_Purchase 30D_purchase_IAP_Kelsey_20260527,qX4oco28gDbrpBri,47.73,4053,194,,,,,,,,,
2026-06-27,IOS,dhgate_product368_T1_Purchase 30D_purchase_IAP_Kelsey_20260531,Ta2k2BeVyS7dWN4n,50.04,8580,374,,,,,,,,,
2026-06-27,IOS,dhgate_product372_T1_ACT&Nopay 30D_purchase_IAP_Kelsey_20260605,U4gzqzcEnoe3yurD,50.11,10457,640,,,,,,,,,
2026-06-27,ANDROID,dhgate_product374_US_ACT&Nopay 30D_purchase_IAP_Kelsey_20260610,lHtOeUxHZghwmdpM,100.66,6532,1170,,,,,,,,,
2026-06-28,IOS,dhgate_product317_UK_ACT&Nopay 30D_purchase_IAP_Kelsey_20260427,H9HAtL9q0yyc4Gdy,93.46,6980,531,,,,,,,,,
2026-06-28,IOS,dhgate_product336_T1_Purchase 30D_purchase_IAP_Kelsey_20260512,IbA1O59ht1JcwImf,48.59,8806,268,,,,,,,,,
2026-06-28,IOS,dhgate_product326_US_ACT&Nopay 30D_purchase_IAP_Kelsey_20260506,zMf9PKJzCf4uVI7T,47.01,6655,250,,,,,,,,,
2026-06-28,ANDROID,dhgate_product322_US_Purchase 30D_purchase_IAP_Kelsey_20260504,UEOt0CeUKtYLfLaH,47.17,5378,340,,,,,,,,,
2026-06-28,IOS,dhgate_product318_T1_Purchase 30D_purchase_IAP_Kelsey_20260428,mayu0PGeMJEYQhWJ,100.19,11638,874,,,,,,,,,
2026-06-28,ANDROID,dhgate_product317_UK_ACT&Nopay 30D_purchase_IAP_Kelsey_20260427,tDzMEZEldS4Kei0r,50.17,7489,599,,,,,,,,,
2026-06-28,IOS,dhgate_product337_T1_ACT&Nopay 30D_purchase_IAP_Kelsey_20260513,pMbmqjxpXWy9uySH,46.13,11218,311,,,,,,,,,
2026-06-28,ANDROID,dhgate_product317_FR_ACT&Nopay 30D_purchase_IAP_Kelsey_20260526,zbor8ujPF081oChW,46.67,4478,1881,,,,,,,,,
2026-06-28,ANDROID,dhgate_dpa-and_US_ACT&Nopay 30D_purchase_IAP_Kelsey_20260511,M0ZXR7rklCeN7J9o,98.27,8585,649,,,,,,,,,
2026-06-28,IOS,dhgate_product314_UK_Purchase 30D_purchase_IAP_Kelsey_20260424,NmHyz3ZrSwNTmf0j,44.07,3536,208,,,,,,,,,
2026-06-28,IOS,dhgate_product301_US_ACT&Nopay 30D_purchase_IAP_Kelsey_20260422,OG6WHvKPBaUM1wDo,47.07,9432,205,,,,,,,,,
2026-06-28,IOS,dhgate_product300_T1_Purchase 30D_purchase_IAP_Kelsey_20260421,wGMfDvBHm0s02IeZ,49.34,7091,367,,,,,,,,,
2026-06-28,ANDROID,dhgate_product148_T1_Purchase 30D_purchase_IAP_Kelsey_20260415,dVlitdxzfmXStKCR,50.38,10202,668,,,,,,,,,
2026-06-28,IOS,dhgate_product138_FR_ACT&Nopay 30D_purchase_IAP_Kelsey_20260403,zNcB24si9mbzBPed,100.44,15656,1321,,,,,,,,,
2026-06-28,IOS,dhgate_product137_US_Purchase 30D_purchase_IAP_Kelsey_20260402,Eo7scqEETcYxo6WH,49.1,3485,154,,,,,,,,,
2026-06-28,IOS,dhgate_dpa-ios_US_ACT&Nopay 30D_purchase_IAP_Kelsey_20260515,y55faIMh7doL5RvO,98.15,9459,210,,,,,,,,,
2026-06-28,ANDROID,dhgate_product337_T1_ACT&Nopay 30D_purchase_IAP_Kelsey_20260513,Hi3okRpzvLX7H2oQ,49.86,21677,850,,,,,,,,,
2026-06-28,ANDROID,dhgate_product315_UK_ACT&Nopay 30D_purchase_IAP_Kelsey_20260425,bedUOEtGfoRFbmze,49.69,7395,593,,,,,,,,,
2026-06-28,IOS,dhgate_product340_US_Purchase 30D_purchase_IAP_Kelsey_20260516,yznk4uz7IRlNu5TH,96.07,7072,360,,,,,,,,,
2026-06-28,IOS,dhgate_product319_US_Purchase 30D_purchase_IAP_Kelsey_20260429,SGOG7us7fBY7c5lH,97.48,12604,833,,,,,,,,,
2026-06-28,IOS,dhgate_product357_UK_ACT&Nopay 30D_purchase_IAP_Kelsey_20260521,secYrwGRxGvE22kr,44.19,4298,294,,,,,,,,,
2026-06-28,ANDROID,dhgate_product384_T1_ACT&Nopay 30D_purchase_IAP_Kelsey_20260627,S76pXwyrVvtdre2B,34.95,6871,2989,,,,,,,,,
2026-06-28,IOS,dhgate_product384_T1_ACT&Nopay 30D_purchase_IAP_Kelsey_20260627,HgoIpNDJKiz1hrzc,34.0,2316,1451,,,,,,,,,
2026-06-28,IOS,dhgate_product383_T1_ACT&Nopay 30D_purchase_IAP_Kelsey_20260626,uiO2PRDkEzMT0Wbd,31.3,1977,1188,,,,,,,,,
2026-06-28,ANDROID,dhgate_product383_T1_ACT&Nopay 30D_purchase_IAP_Kelsey_20260626,ngOjt7k0ODbX8WPx,38.8,4493,2378,,,,,,,,,
2026-06-28,ANDROID,dhgate_product382_US_ACT&Nopay 30D_purchase_IAP_Kelsey_20260625,PhCf6h2ErxzodBul,44.34,2764,969,,,,,,,,,
2026-06-28,IOS,dhgate_product382_US_ACT&Nopay 30D_purchase_IAP_Kelsey_202600625,JMJguQWJx5gOS4u0,44.56,1350,749,,,,,,,,,
2026-06-28,ANDROID,dhgate_product381_US_ACT&Nopay 30D_purchase_IAP_Kelsey_20260624,yznhjyRpVHJVEi6T,47.82,1999,782,,,,,,,,,
2026-06-28,IOS,dhgate_product381_US_ACT&Nopay 30D_purchase_IAP_Kelsey_20260624,koAG4uPwaNuNbSsi,38.96,1187,627,,,,,,,,,
2026-06-28,IOS,dhgate_product377_T1_Purchase 30D_purchase_IAP_Kelsey_20260613,ImdbSHRgpaEHQaDV,49.74,7575,498,,,,,,,,,
2026-06-28,IOS,dhgate_product350_US_Purchase 30D_purchase_IAP_Kelsey_20260517,eZwoS7yMwcYqxbzm,43.33,3775,130,,,,,,,,,
2026-06-28,ANDROID,dhgate_product376_US_Purchase 30D_purchase_IAP_Kelsey_20260612,OGOAsivo1SSZARzD,49.94,6060,431,,,,,,,,,
2026-06-28,IOS,dhgate_product375_US_Purchase 30D_purchase_IAP_Kelsey_20260611,M84dXzdTmnAdI0a1,48.74,4015,217,,,,,,,,,
2026-06-28,ANDROID,dhgate_product375_US_Purchase 30D_purchase_IAP_Kelsey_20260611,ZmROz0lvQRxsi3uG,50.06,5464,398,,,,,,,,,
2026-06-28,ANDROID,dhgate_product374_US_ACT&Nopay 30D_purchase_IAP_Kelsey_20260610,lHtOeUxHZghwmdpM,100.69,5262,1159,,,,,,,,,
2026-06-28,IOS,dhgate_product372_T1_ACT&Nopay 30D_purchase_IAP_Kelsey_20260605,U4gzqzcEnoe3yurD,45.37,10372,512,,,,,,,,,
2026-06-28,IOS,dhgate_product368_T1_Purchase 30D_purchase_IAP_Kelsey_20260531,Ta2k2BeVyS7dWN4n,48.59,8486,316,,,,,,,,,
2026-06-28,ANDROID,dhgate_product368_T1_Purchase 30D_purchase_IAP_Kelsey_20260531,b3s2CGS3sMxfFWgV,50.18,9749,589,,,,,,,,,
2026-06-28,ANDROID,dhgate_product367_UK_Purchase 30D_purchase_IAP_Kelsey_20260530,AsUotp8z2P369W1o,49.1,6229,369,,,,,,,,,
2026-06-28,IOS,dhgate_product364_US_Purchase 30D_purchase_IAP_Kelsey_20260527,qX4oco28gDbrpBri,41.97,3856,163,,,,,,,,,
2026-06-28,ANDROID,dhgate_product377_T1_Purchase 30D_purchase_IAP_Kelsey_20260613,jQWebXWoq2Emp98e,50.33,9169,618,,,,,,,,,
2026-06-29,IOS,dhgate_product318_T1_Purchase 30D_purchase_IAP_Kelsey_20260428,mayu0PGeMJEYQhWJ,99.28,10008,774,,,,,,,,,
2026-06-29,IOS,dhgate_product319_US_Purchase 30D_purchase_IAP_Kelsey_20260429,SGOG7us7fBY7c5lH,97.36,10876,780,,,,,,,,,
2026-06-29,ANDROID,dhgate_product322_US_Purchase 30D_purchase_IAP_Kelsey_20260504,UEOt0CeUKtYLfLaH,37.97,4522,355,,,,,,,,,
2026-06-29,ANDROID,dhgate_product337_T1_ACT&Nopay 30D_purchase_IAP_Kelsey_20260513,Hi3okRpzvLX7H2oQ,48.81,19356,965,,,,,,,,,
2026-06-29,IOS,dhgate_product336_T1_Purchase 30D_purchase_IAP_Kelsey_20260512,IbA1O59ht1JcwImf,31.56,5316,202,,,,,,,,,
2026-06-29,IOS,dhgate_product337_T1_ACT&Nopay 30D_purchase_IAP_Kelsey_20260513,pMbmqjxpXWy9uySH,46.98,9257,301,,,,,,,,,
2026-06-29,IOS,dhgate_product317_UK_ACT&Nopay 30D_purchase_IAP_Kelsey_20260427,H9HAtL9q0yyc4Gdy,98.87,6263,592,,,,,,,,,
2026-06-29,IOS,dhgate_product326_US_ACT&Nopay 30D_purchase_IAP_Kelsey_20260506,zMf9PKJzCf4uVI7T,46.8,6083,267,,,,,,,,,
2026-06-29,ANDROID,dhgate_product317_UK_ACT&Nopay 30D_purchase_IAP_Kelsey_20260427,tDzMEZEldS4Kei0r,50.18,7236,595,,,,,,,,,
2026-06-29,IOS,dhgate_product300_T1_Purchase 30D_purchase_IAP_Kelsey_20260421,wGMfDvBHm0s02IeZ,50.04,6181,367,,,,,,,,,
2026-06-29,ANDROID,dhgate_product315_UK_ACT&Nopay 30D_purchase_IAP_Kelsey_20260425,bedUOEtGfoRFbmze,50.43,7230,576,,,,,,,,,
2026-06-29,IOS,dhgate_product314_UK_Purchase 30D_purchase_IAP_Kelsey_20260424,NmHyz3ZrSwNTmf0j,46.34,3264,216,,,,,,,,,
2026-06-29,IOS,dhgate_product301_US_ACT&Nopay 30D_purchase_IAP_Kelsey_20260422,OG6WHvKPBaUM1wDo,49.06,9757,201,,,,,,,,,
2026-06-29,ANDROID,dhgate_product148_T1_Purchase 30D_purchase_IAP_Kelsey_20260415,dVlitdxzfmXStKCR,48.74,8978,601,,,,,,,,,
2026-06-29,IOS,dhgate_product138_FR_ACT&Nopay 30D_purchase_IAP_Kelsey_20260403,zNcB24si9mbzBPed,97.89,13397,1339,,,,,,,,,
2026-06-29,IOS,dhgate_product137_US_Purchase 30D_purchase_IAP_Kelsey_20260402,Eo7scqEETcYxo6WH,45.41,3066,148,,,,,,,,,
2026-06-29,IOS,dhgate_dpa-ios_US_ACT&Nopay 30D_purchase_IAP_Kelsey_20260515,y55faIMh7doL5RvO,95.04,9310,246,,,,,,,,,
2026-06-29,IOS,dhgate_product340_US_Purchase 30D_purchase_IAP_Kelsey_20260516,yznk4uz7IRlNu5TH,100.27,6488,388,,,,,,,,,
2026-06-29,ANDROID,dhgate_product317_FR_ACT&Nopay 30D_purchase_IAP_Kelsey_20260526,zbor8ujPF081oChW,47.03,4896,1717,,,,,,,,,
2026-06-29,ANDROID,dhgate_dpa-and_US_ACT&Nopay 30D_purchase_IAP_Kelsey_20260511,M0ZXR7rklCeN7J9o,100.8,14038,594,,,,,,,,,
2026-06-29,IOS,dhgate_product357_UK_ACT&Nopay 30D_purchase_IAP_Kelsey_20260521,secYrwGRxGvE22kr,44.26,3908,268,,,,,,,,,
2026-06-29,IOS,dhgate_product364_US_Purchase 30D_purchase_IAP_Kelsey_20260527,qX4oco28gDbrpBri,47.32,3946,159,,,,,,,,,
2026-06-29,IOS,dhgate_product350_US_Purchase 30D_purchase_IAP_Kelsey_20260517,eZwoS7yMwcYqxbzm,49.92,3683,146,,,,,,,,,
2026-06-29,ANDROID,dhgate_product384_T1_ACT&Nopay 30D_purchase_IAP_Kelsey_20260627,S76pXwyrVvtdre2B,48.56,7828,2875,,,,,,,,,
2026-06-29,IOS,dhgate_product384_T1_ACT&Nopay 30D_purchase_IAP_Kelsey_20260627,HgoIpNDJKiz1hrzc,38.7,2119,1136,,,,,,,,,
2026-06-29,IOS,dhgate_product383_T1_ACT&Nopay 30D_purchase_IAP_Kelsey_20260626,uiO2PRDkEzMT0Wbd,38.84,2378,1350,,,,,,,,,
2026-06-29,ANDROID,dhgate_product383_T1_ACT&Nopay 30D_purchase_IAP_Kelsey_20260626,ngOjt7k0ODbX8WPx,39.96,4382,2238,,,,,,,,,
2026-06-29,ANDROID,dhgate_product382_US_ACT&Nopay 30D_purchase_IAP_Kelsey_20260625,PhCf6h2ErxzodBul,36.75,2390,775,,,,,,,,,
2026-06-29,IOS,dhgate_product382_US_ACT&Nopay 30D_purchase_IAP_Kelsey_202600625,JMJguQWJx5gOS4u0,31.31,986,518,,,,,,,,,
2026-06-29,ANDROID,dhgate_product381_US_ACT&Nopay 30D_purchase_IAP_Kelsey_20260624,yznhjyRpVHJVEi6T,37.89,1947,594,,,,,,,,,
2026-06-29,IOS,dhgate_product381_US_ACT&Nopay 30D_purchase_IAP_Kelsey_20260624,koAG4uPwaNuNbSsi,36.69,1227,637,,,,,,,,,
2026-06-29,IOS,dhgate_product385_UK_ACT&Nopay 30D_purchase_IAP_Kelsey_20260629,c0t3kucHhrc7ADQK,10.96,399,221,,,,,,,,,
2026-06-29,ANDROID,dhgate_product377_T1_Purchase 30D_purchase_IAP_Kelsey_20260613,jQWebXWoq2Emp98e,50.13,8151,566,,,,,,,,,
2026-06-29,IOS,dhgate_product377_T1_Purchase 30D_purchase_IAP_Kelsey_20260613,ImdbSHRgpaEHQaDV,46.67,6052,425,,,,,,,,,
2026-06-29,ANDROID,dhgate_product368_T1_Purchase 30D_purchase_IAP_Kelsey_20260531,b3s2CGS3sMxfFWgV,48.46,8553,591,,,,,,,,,
2026-06-29,IOS,dhgate_product368_T1_Purchase 30D_purchase_IAP_Kelsey_20260531,Ta2k2BeVyS7dWN4n,44.53,6962,316,,,,,,,,,
2026-06-29,IOS,dhgate_product372_T1_ACT&Nopay 30D_purchase_IAP_Kelsey_20260605,U4gzqzcEnoe3yurD,50.2,8676,566,,,,,,,,,
2026-06-29,ANDROID,dhgate_product367_UK_Purchase 30D_purchase_IAP_Kelsey_20260530,AsUotp8z2P369W1o,46.88,6359,348,,,,,,,,,
2026-06-29,ANDROID,dhgate_product375_US_Purchase 30D_purchase_IAP_Kelsey_20260611,ZmROz0lvQRxsi3uG,46.89,5967,455,,,,,,,,,
2026-06-29,IOS,dhgate_product375_US_Purchase 30D_purchase_IAP_Kelsey_20260611,M84dXzdTmnAdI0a1,50.13,3876,171,,,,,,,,,
2026-06-29,ANDROID,dhgate_product376_US_Purchase 30D_purchase_IAP_Kelsey_20260612,OGOAsivo1SSZARzD,44.83,5720,429,,,,,,,,,
2026-06-29,ANDROID,dhgate_product374_US_ACT&Nopay 30D_purchase_IAP_Kelsey_20260610,lHtOeUxHZghwmdpM,92.41,7572,1090,,,,,,,,,
2026-06-30,IOS,dhgate_product317_UK_ACT&Nopay 30D_purchase_IAP_Kelsey_20260427,H9HAtL9q0yyc4Gdy,90.66,6629,535,,,,,,,,,
2026-06-30,IOS,dhgate_product340_US_Purchase 30D_purchase_IAP_Kelsey_20260516,yznk4uz7IRlNu5TH,99.67,6939,323,,,,,,,,,
2026-06-30,ANDROID,dhgate_product337_T1_ACT&Nopay 30D_purchase_IAP_Kelsey_20260513,Hi3okRpzvLX7H2oQ,50.11,17732,869,,,,,,,,,
2026-06-30,IOS,dhgate_product337_T1_ACT&Nopay 30D_purchase_IAP_Kelsey_20260513,pMbmqjxpXWy9uySH,50.11,11820,299,,,,,,,,,
2026-06-30,IOS,dhgate_product326_US_ACT&Nopay 30D_purchase_IAP_Kelsey_20260506,zMf9PKJzCf4uVI7T,50.05,7048,249,,,,,,,,,
2026-06-30,ANDROID,dhgate_dpa-and_US_ACT&Nopay 30D_purchase_IAP_Kelsey_20260511,M0ZXR7rklCeN7J9o,100.53,14306,658,,,,,,,,,
2026-06-30,IOS,dhgate_product318_T1_Purchase 30D_purchase_IAP_Kelsey_20260428,mayu0PGeMJEYQhWJ,96.62,11913,816,,,,,,,,,
2026-06-30,ANDROID,dhgate_product317_UK_ACT&Nopay 30D_purchase_IAP_Kelsey_20260427,tDzMEZEldS4Kei0r,50.46,7303,609,,,,,,,,,
2026-06-30,IOS,dhgate_product300_T1_Purchase 30D_purchase_IAP_Kelsey_20260421,wGMfDvBHm0s02IeZ,48.18,6872,352,,,,,,,,,
2026-06-30,ANDROID,dhgate_product315_UK_ACT&Nopay 30D_purchase_IAP_Kelsey_20260425,bedUOEtGfoRFbmze,50.2,7079,596,,,,,,,,,
2026-06-30,IOS,dhgate_product314_UK_Purchase 30D_purchase_IAP_Kelsey_20260424,NmHyz3ZrSwNTmf0j,45.64,3800,221,,,,,,,,,
2026-06-30,IOS,dhgate_product301_US_ACT&Nopay 30D_purchase_IAP_Kelsey_20260422,OG6WHvKPBaUM1wDo,48.78,10095,215,,,,,,,,,
2026-06-30,ANDROID,dhgate_product148_T1_Purchase 30D_purchase_IAP_Kelsey_20260415,dVlitdxzfmXStKCR,50.32,8935,654,,,,,,,,,
2026-06-30,IOS,dhgate_product138_FR_ACT&Nopay 30D_purchase_IAP_Kelsey_20260403,zNcB24si9mbzBPed,96.34,14506,1487,,,,,,,,,
2026-06-30,IOS,dhgate_product137_US_Purchase 30D_purchase_IAP_Kelsey_20260402,Eo7scqEETcYxo6WH,44.98,3535,129,,,,,,,,,
2026-06-30,IOS,dhgate_dpa-ios_US_ACT&Nopay 30D_purchase_IAP_Kelsey_20260515,y55faIMh7doL5RvO,100.36,9897,253,,,,,,,,,
2026-06-30,ANDROID,dhgate_product317_FR_ACT&Nopay 30D_purchase_IAP_Kelsey_20260526,zbor8ujPF081oChW,42.87,4533,1785,,,,,,,,,
2026-06-30,IOS,dhgate_product357_UK_ACT&Nopay 30D_purchase_IAP_Kelsey_20260521,secYrwGRxGvE22kr,44.19,4381,285,,,,,,,,,
2026-06-30,IOS,dhgate_product319_US_Purchase 30D_purchase_IAP_Kelsey_20260429,SGOG7us7fBY7c5lH,97.52,12713,848,,,,,,,,,
2026-06-30,ANDROID,dhgate_product367_UK_Purchase 30D_purchase_IAP_Kelsey_20260530,AsUotp8z2P369W1o,50.23,6128,374,,,,,,,,,
2026-06-30,IOS,dhgate_product364_US_Purchase 30D_purchase_IAP_Kelsey_20260527,qX4oco28gDbrpBri,67.68,5490,271,,,,,,,,,
2026-06-30,IOS,dhgate_product386_US_Purchase 30D_purchase_IAP_Kelsey_20260630,kpNA9cC8I3HMEtHY,16.54,406,195,,,,,,,,,
2026-06-30,ANDROID,dhgate_product385_UK_ACT&Nopay 30D_purchase_IAP_Kelsey_20260630,VzqTPrFSQDRkzKZj,9.78,861,364,,,,,,,,,
2026-06-30,IOS,dhgate_product385_UK_ACT&Nopay 30D_purchase_IAP_Kelsey_20260629,c0t3kucHhrc7ADQK,50.16,1528,757,,,,,,,,,
2026-06-30,IOS,dhgate_product384_T1_ACT&Nopay 30D_purchase_IAP_Kelsey_20260627,HgoIpNDJKiz1hrzc,35.8,2206,1366,,,,,,,,,
2026-06-30,ANDROID,dhgate_product384_T1_ACT&Nopay 30D_purchase_IAP_Kelsey_20260627,S76pXwyrVvtdre2B,42.04,5712,2297,,,,,,,,,
2026-06-30,ANDROID,dhgate_product383_T1_ACT&Nopay 30D_purchase_IAP_Kelsey_20260626,ngOjt7k0ODbX8WPx,39.39,5194,2248,,,,,,,,,
2026-06-30,IOS,dhgate_product383_T1_ACT&Nopay 30D_purchase_IAP_Kelsey_20260626,uiO2PRDkEzMT0Wbd,21.27,1476,853,,,,,,,,,
2026-06-30,IOS,dhgate_product381_US_ACT&Nopay 30D_purchase_IAP_Kelsey_20260624,koAG4uPwaNuNbSsi,41.78,1423,756,,,,,,,,,
2026-06-30,IOS,dhgate_product350_US_Purchase 30D_purchase_IAP_Kelsey_20260517,eZwoS7yMwcYqxbzm,45.27,3945,111,,,,,,,,,
2026-06-30,ANDROID,dhgate_product377_T1_Purchase 30D_purchase_IAP_Kelsey_20260613,jQWebXWoq2Emp98e,50.14,8059,618,,,,,,,,,
2026-06-30,IOS,dhgate_product377_T1_Purchase 30D_purchase_IAP_Kelsey_20260613,ImdbSHRgpaEHQaDV,47.25,7064,459,,,,,,,,,
2026-06-30,IOS,dhgate_product368_T1_Purchase 30D_purchase_IAP_Kelsey_20260531,Ta2k2BeVyS7dWN4n,49.7,8759,356,,,,,,,,,
2026-06-30,IOS,dhgate_product372_T1_ACT&Nopay 30D_purchase_IAP_Kelsey_20260605,U4gzqzcEnoe3yurD,47.72,9975,569,,,,,,,,,
2026-06-30,ANDROID,dhgate_product368_T1_Purchase 30D_purchase_IAP_Kelsey_20260531,b3s2CGS3sMxfFWgV,50.39,8750,640,,,,,,,,,
2026-06-30,ANDROID,dhgate_product375_US_Purchase 30D_purchase_IAP_Kelsey_20260611,ZmROz0lvQRxsi3uG,50.11,5008,401,,,,,,,,,
2026-06-30,IOS,dhgate_product375_US_Purchase 30D_purchase_IAP_Kelsey_20260611,M84dXzdTmnAdI0a1,26.31,2416,86,,,,,,,,,
2026-06-30,ANDROID,dhgate_product376_US_Purchase 30D_purchase_IAP_Kelsey_20260612,OGOAsivo1SSZARzD,49.02,5392,468,,,,,,,,,
2026-06-30,ANDROID,dhgate_product374_US_ACT&Nopay 30D_purchase_IAP_Kelsey_20260610,lHtOeUxHZghwmdpM,50.45,3781,755,,,,,,,,,
2026-07-01,IOS,dhgate_product350_US_Purchase 30D_purchase_IAP_Kelsey_20260517,eZwoS7yMwcYqxbzm,50.09,4360,117,,,,,,,,,
2026-07-01,IOS,dhgate_product340_US_Purchase 30D_purchase_IAP_Kelsey_20260516,yznk4uz7IRlNu5TH,100.13,7262,299,,,,,,,,,
2026-07-01,ANDROID,dhgate_product337_T1_ACT&Nopay 30D_purchase_IAP_Kelsey_20260513,Hi3okRpzvLX7H2oQ,50.13,20822,801,,,,,,,,,
2026-07-01,IOS,dhgate_product337_T1_ACT&Nopay 30D_purchase_IAP_Kelsey_20260513,pMbmqjxpXWy9uySH,50.11,11159,306,,,,,,,,,
2026-07-01,IOS,dhgate_product319_US_Purchase 30D_purchase_IAP_Kelsey_20260429,SGOG7us7fBY7c5lH,100.39,11726,878,,,,,,,,,
2026-07-01,IOS,dhgate_product318_T1_Purchase 30D_purchase_IAP_Kelsey_20260428,mayu0PGeMJEYQhWJ,100.46,11027,902,,,,,,,,,
2026-07-01,ANDROID,dhgate_product317_UK_ACT&Nopay 30D_purchase_IAP_Kelsey_20260427,tDzMEZEldS4Kei0r,62.21,8844,758,,,,,,,,,
2026-07-01,ANDROID,dhgate_product317_FR_ACT&Nopay 30D_purchase_IAP_Kelsey_20260526,zbor8ujPF081oChW,57.36,5554,2138,,,,,,,,,
2026-07-01,ANDROID,dhgate_product315_UK_ACT&Nopay 30D_purchase_IAP_Kelsey_20260425,bedUOEtGfoRFbmze,50.28,7470,648,,,,,,,,,
2026-07-01,IOS,dhgate_product314_UK_Purchase 30D_purchase_IAP_Kelsey_20260424,NmHyz3ZrSwNTmf0j,60.56,4333,273,,,,,,,,,
2026-07-01,IOS,dhgate_product301_US_ACT&Nopay 30D_purchase_IAP_Kelsey_20260422,OG6WHvKPBaUM1wDo,50.07,10580,180,,,,,,,,,
2026-07-01,IOS,dhgate_product300_T1_Purchase 30D_purchase_IAP_Kelsey_20260421,wGMfDvBHm0s02IeZ,62.71,7358,493,,,,,,,,,
2026-07-01,ANDROID,dhgate_product148_T1_Purchase 30D_purchase_IAP_Kelsey_20260415,dVlitdxzfmXStKCR,66.6,11209,855,,,,,,,,,
2026-07-01,IOS,dhgate_product138_FR_ACT&Nopay 30D_purchase_IAP_Kelsey_20260403,zNcB24si9mbzBPed,112.21,15827,1662,,,,,,,,,
2026-07-01,IOS,dhgate_product137_US_Purchase 30D_purchase_IAP_Kelsey_20260402,Eo7scqEETcYxo6WH,55.11,4083,131,,,,,,,,,
2026-07-01,IOS,dhgate_dpa-ios_US_ACT&Nopay 30D_purchase_IAP_Kelsey_20260515,y55faIMh7doL5RvO,98.69,10688,221,,,,,,,,,
2026-07-01,ANDROID,dhgate_dpa-and_US_ACT&Nopay 30D_purchase_IAP_Kelsey_20260511,M0ZXR7rklCeN7J9o,101.33,16927,610,,,,,,,,,
2026-07-01,IOS,dhgate_product357_UK_ACT&Nopay 30D_purchase_IAP_Kelsey_20260521,secYrwGRxGvE22kr,54.31,4948,351,,,,,,,,,
2026-07-01,IOS,dhgate_product364_US_Purchase 30D_purchase_IAP_Kelsey_20260527,qX4oco28gDbrpBri,113.72,8384,401,,,,,,,,,
2026-07-01,IOS,dhgate_product317_UK_ACT&Nopay 30D_purchase_IAP_Kelsey_20260427,H9HAtL9q0yyc4Gdy,96.44,6692,629,,,,,,,,,
2026-07-01,ANDROID,dhgate_product368_T1_Purchase 30D_purchase_IAP_Kelsey_20260531,b3s2CGS3sMxfFWgV,50.04,9406,568,,,,,,,,,
2026-07-01,ANDROID,dhgate_product367_UK_Purchase 30D_purchase_IAP_Kelsey_20260530,AsUotp8z2P369W1o,62.04,7409,422,,,,,,,,,
2026-07-01,IOS,dhgate_product388_US_Purchase 30D_purchase_IAP_Kelsey_20260701,mGP5DRB6Zd0im4qF,7.92,166,83,,,,,,,,,
2026-07-01,IOS,dhgate_product387_US_Purchase 30D_purchase_IAP_Kelsey_20260701,dqSpxpWzr1rTkEdk,13.03,280,132,,,,,,,,,
2026-07-01,ANDROID,dhgate_product387_US_Purchase 30D_purchase_IAP_Kelsey_20260701,bz1mjZA2kGdyXeqz,3.71,274,40,,,,,,,,,
2026-07-01,ANDROID,dhgate_product386_US_Purchase 30D_purchase_IAP_Kelsey_20260701,rJAl2dweZnU4qvuG,6.67,377,88,,,,,,,,,
2026-07-01,IOS,dhgate_product386_US_Purchase 30D_purchase_IAP_Kelsey_20260630,kpNA9cC8I3HMEtHY,46.02,935,458,,,,,,,,,
2026-07-01,ANDROID,dhgate_product385_UK_ACT&Nopay 30D_purchase_IAP_Kelsey_20260630,VzqTPrFSQDRkzKZj,42.32,3284,1130,,,,,,,,,
2026-07-01,IOS,dhgate_product385_UK_ACT&Nopay 30D_purchase_IAP_Kelsey_20260629,c0t3kucHhrc7ADQK,50.67,1510,779,,,,,,,,,
2026-07-01,IOS,dhgate_product384_T1_ACT&Nopay 30D_purchase_IAP_Kelsey_20260627,HgoIpNDJKiz1hrzc,35.84,2231,1383,,,,,,,,,
2026-07-01,ANDROID,dhgate_product384_T1_ACT&Nopay 30D_purchase_IAP_Kelsey_20260627,S76pXwyrVvtdre2B,47.97,7780,2573,,,,,,,,,
2026-07-01,IOS,dhgate_product326_US_ACT&Nopay 30D_purchase_IAP_Kelsey_20260506,zMf9PKJzCf4uVI7T,48.73,7488,242,,,,,,,,,
2026-07-01,IOS,dhgate_product381_US_ACT&Nopay 30D_purchase_IAP_Kelsey_20260624,koAG4uPwaNuNbSsi,46.48,1503,757,,,,,,,,,
2026-07-01,ANDROID,dhgate_product383_T1_ACT&Nopay 30D_purchase_IAP_Kelsey_20260626,ngOjt7k0ODbX8WPx,49.97,9292,2804,,,,,,,,,
2026-07-01,IOS,dhgate_product372_T1_ACT&Nopay 30D_purchase_IAP_Kelsey_20260605,U4gzqzcEnoe3yurD,62.66,11346,810,,,,,,,,,
2026-07-01,ANDROID,dhgate_product374_US_ACT&Nopay 30D_purchase_IAP_Kelsey_20260610,lHtOeUxHZghwmdpM,50.22,7121,767,,,,,,,,,
2026-07-01,ANDROID,dhgate_product375_US_Purchase 30D_purchase_IAP_Kelsey_20260611,ZmROz0lvQRxsi3uG,54.89,5798,420,,,,,,,,,
2026-07-01,IOS,dhgate_product368_T1_Purchase 30D_purchase_IAP_Kelsey_20260531,Ta2k2BeVyS7dWN4n,45.18,7489,350,,,,,,,,,
2026-07-01,ANDROID,dhgate_product376_US_Purchase 30D_purchase_IAP_Kelsey_20260612,OGOAsivo1SSZARzD,50.12,5670,478,,,,,,,,,
2026-07-01,ANDROID,dhgate_product377_T1_Purchase 30D_purchase_IAP_Kelsey_20260613,jQWebXWoq2Emp98e,50.09,9203,614,,,,,,,,,
2026-07-01,IOS,dhgate_product377_T1_Purchase 30D_purchase_IAP_Kelsey_20260613,ImdbSHRgpaEHQaDV,46.36,6305,478,,,,,,,,,
2026-07-02,IOS,dhgate_product318_T1_Purchase 30D_purchase_IAP_Kelsey_20260428,mayu0PGeMJEYQhWJ,100.32,11311,835,,,,,,,,,
2026-07-02,IOS,dhgate_product350_US_Purchase 30D_purchase_IAP_Kelsey_20260517,eZwoS7yMwcYqxbzm,45.52,4214,81,,,,,,,,,
2026-07-02,IOS,dhgate_product340_US_Purchase 30D_purchase_IAP_Kelsey_20260516,yznk4uz7IRlNu5TH,100.39,7032,259,,,,,,,,,
2026-07-02,ANDROID,dhgate_product337_T1_ACT&Nopay 30D_purchase_IAP_Kelsey_20260513,Hi3okRpzvLX7H2oQ,50.04,18951,490,,,,,,,,,
2026-07-02,ANDROID,dhgate_dpa-and_US_ACT&Nopay 30D_purchase_IAP_Kelsey_20260511,M0ZXR7rklCeN7J9o,100.18,18932,284,,,,,,,,,
2026-07-02,IOS,dhgate_product326_US_ACT&Nopay 30D_purchase_IAP_Kelsey_20260506,zMf9PKJzCf4uVI7T,45.98,6729,194,,,,,,,,,
2026-07-02,IOS,dhgate_product319_US_Purchase 30D_purchase_IAP_Kelsey_20260429,SGOG7us7fBY7c5lH,96.76,11334,811,,,,,,,,,
2026-07-02,IOS,dhgate_product357_UK_ACT&Nopay 30D_purchase_IAP_Kelsey_20260521,secYrwGRxGvE22kr,91.27,6067,544,,,,,,,,,
2026-07-02,IOS,dhgate_product317_UK_ACT&Nopay 30D_purchase_IAP_Kelsey_20260427,H9HAtL9q0yyc4Gdy,99.83,6168,609,,,,,,,,,
2026-07-02,IOS,dhgate_product314_UK_Purchase 30D_purchase_IAP_Kelsey_20260424,NmHyz3ZrSwNTmf0j,94.25,5534,480,,,,,,,,,
2026-07-02,ANDROID,dhgate_product317_FR_ACT&Nopay 30D_purchase_IAP_Kelsey_20260526,zbor8ujPF081oChW,88.71,7839,2854,,,,,,,,,
2026-07-02,ANDROID,dhgate_product315_UK_ACT&Nopay 30D_purchase_IAP_Kelsey_20260425,bedUOEtGfoRFbmze,50.56,6630,598,,,,,,,,,
2026-07-02,IOS,dhgate_product301_US_ACT&Nopay 30D_purchase_IAP_Kelsey_20260422,OG6WHvKPBaUM1wDo,50.05,10316,160,,,,,,,,,
2026-07-02,IOS,dhgate_product300_T1_Purchase 30D_purchase_IAP_Kelsey_20260421,wGMfDvBHm0s02IeZ,100.17,10046,817,,,,,,,,,
2026-07-02,ANDROID,dhgate_product148_T1_Purchase 30D_purchase_IAP_Kelsey_20260415,dVlitdxzfmXStKCR,98.83,13186,1221,,,,,,,,,
2026-07-02,IOS,dhgate_product138_FR_ACT&Nopay 30D_purchase_IAP_Kelsey_20260403,zNcB24si9mbzBPed,150.55,18102,2112,,,,,,,,,
2026-07-02,IOS,dhgate_product137_US_Purchase 30D_purchase_IAP_Kelsey_20260402,Eo7scqEETcYxo6WH,97.71,6152,263,,,,,,,,,
2026-07-02,IOS,dhgate_product364_US_Purchase 30D_purchase_IAP_Kelsey_20260527,qX4oco28gDbrpBri,146.17,10055,444,,,,,,,,,
2026-07-02,ANDROID,dhgate_product317_UK_ACT&Nopay 30D_purchase_IAP_Kelsey_20260427,tDzMEZEldS4Kei0r,100.61,10032,1118,,,,,,,,,
2026-07-02,IOS,dhgate_dpa-ios_US_ACT&Nopay 30D_purchase_IAP_Kelsey_20260515,y55faIMh7doL5RvO,100.05,10582,178,,,,,,,,,
2026-07-02,IOS,dhgate_product337_T1_ACT&Nopay 30D_purchase_IAP_Kelsey_20260513,pMbmqjxpXWy9uySH,50.16,11153,321,,,,,,,,,
2026-07-02,IOS,dhgate_product368_T1_Purchase 30D_purchase_IAP_Kelsey_20260531,Ta2k2BeVyS7dWN4n,49.34,8095,375,,,,,,,,,
2026-07-02,ANDROID,dhgate_product368_T1_Purchase 30D_purchase_IAP_Kelsey_20260531,b3s2CGS3sMxfFWgV,50.4,8547,585,,,,,,,,,
2026-07-02,ANDROID,dhgate_product388_US_Purchase 30D_purchase_IAP_Kelsey_20260702,PGm3IaX43E3i7UrH,4.78,391,50,,,,,,,,,
2026-07-02,IOS,dhgate_product388_US_Purchase 30D_purchase_IAP_Kelsey_20260701,mGP5DRB6Zd0im4qF,46.27,877,399,,,,,,,,,
2026-07-02,IOS,dhgate_product387_US_Purchase 30D_purchase_IAP_Kelsey_20260701,dqSpxpWzr1rTkEdk,50.11,868,438,,,,,,,,,
2026-07-02,ANDROID,dhgate_product387_US_Purchase 30D_purchase_IAP_Kelsey_20260701,bz1mjZA2kGdyXeqz,48.46,3618,437,,,,,,,,,
2026-07-02,ANDROID,dhgate_product386_US_Purchase 30D_purchase_IAP_Kelsey_20260701,rJAl2dweZnU4qvuG,50.18,3238,484,,,,,,,,,
2026-07-02,IOS,dhgate_product386_US_Purchase 30D_purchase_IAP_Kelsey_20260630,kpNA9cC8I3HMEtHY,50.1,932,382,,,,,,,,,
2026-07-02,ANDROID,dhgate_product385_UK_ACT&Nopay 30D_purchase_IAP_Kelsey_20260630,VzqTPrFSQDRkzKZj,43.72,2506,1097,,,,,,,,,
2026-07-02,IOS,dhgate_product385_UK_ACT&Nopay 30D_purchase_IAP_Kelsey_20260629,c0t3kucHhrc7ADQK,45.44,2148,582,,,,,,,,,
2026-07-02,ANDROID,dhgate_product367_UK_Purchase 30D_purchase_IAP_Kelsey_20260530,AsUotp8z2P369W1o,99.81,8142,724,,,,,,,,,
2026-07-02,ANDROID,dhgate_product384_T1_ACT&Nopay 30D_purchase_IAP_Kelsey_20260627,S76pXwyrVvtdre2B,50.36,9128,2385,,,,,,,,,
2026-07-02,ANDROID,dhgate_product383_T1_ACT&Nopay 30D_purchase_IAP_Kelsey_20260626,ngOjt7k0ODbX8WPx,49.83,7845,2781,,,,,,,,,
2026-07-02,IOS,dhgate_product381_US_ACT&Nopay 30D_purchase_IAP_Kelsey_20260624,koAG4uPwaNuNbSsi,87.39,2441,1205,,,,,,,,,
2026-07-02,IOS,dhgate_product377_T1_Purchase 30D_purchase_IAP_Kelsey_20260613,ImdbSHRgpaEHQaDV,46.01,6347,446,,,,,,,,,
2026-07-02,ANDROID,dhgate_product377_T1_Purchase 30D_purchase_IAP_Kelsey_20260613,jQWebXWoq2Emp98e,50.29,8010,562,,,,,,,,,
2026-07-02,ANDROID,dhgate_product376_US_Purchase 30D_purchase_IAP_Kelsey_20260612,OGOAsivo1SSZARzD,46.17,5486,301,,,,,,,,,
2026-07-02,ANDROID,dhgate_product375_US_Purchase 30D_purchase_IAP_Kelsey_20260611,ZmROz0lvQRxsi3uG,97.11,9275,612,,,,,,,,,
2026-07-02,ANDROID,dhgate_product374_US_ACT&Nopay 30D_purchase_IAP_Kelsey_20260610,lHtOeUxHZghwmdpM,50.09,12335,319,,,,,,,,,
2026-07-02,IOS,dhgate_product372_T1_ACT&Nopay 30D_purchase_IAP_Kelsey_20260605,U4gzqzcEnoe3yurD,100.17,15096,1291,,,,,,,,,
2026-07-02,IOS,dhgate_product384_T1_ACT&Nopay 30D_purchase_IAP_Kelsey_20260627,HgoIpNDJKiz1hrzc,30.82,1839,1029,,,,,,,,,
2026-07-03,IOS,dhgate_product319_US_Purchase 30D_purchase_IAP_Kelsey_20260429,SGOG7us7fBY7c5lH,98.64,12085,756,,,,,,,,,
2026-07-03,IOS,dhgate_product326_US_ACT&Nopay 30D_purchase_IAP_Kelsey_20260506,zMf9PKJzCf4uVI7T,48.14,7612,231,,,,,,,,,
2026-07-03,IOS,dhgate_product357_UK_ACT&Nopay 30D_purchase_IAP_Kelsey_20260521,secYrwGRxGvE22kr,100.29,6126,588,,,,,,,,,
2026-07-03,IOS,dhgate_product340_US_Purchase 30D_purchase_IAP_Kelsey_20260516,yznk4uz7IRlNu5TH,99.71,7450,270,,,,,,,,,
2026-07-03,IOS,dhgate_product350_US_Purchase 30D_purchase_IAP_Kelsey_20260517,eZwoS7yMwcYqxbzm,45.58,4073,101,,,,,,,,,
2026-07-03,IOS,dhgate_product318_T1_Purchase 30D_purchase_IAP_Kelsey_20260428,mayu0PGeMJEYQhWJ,100.46,11324,837,,,,,,,,,
2026-07-03,IOS,dhgate_product337_T1_ACT&Nopay 30D_purchase_IAP_Kelsey_20260513,pMbmqjxpXWy9uySH,50.11,11957,290,,,,,,,,,
2026-07-03,IOS,dhgate_product317_UK_ACT&Nopay 30D_purchase_IAP_Kelsey_20260427,H9HAtL9q0yyc4Gdy,96.44,5478,555,,,,,,,,,
2026-07-03,IOS,dhgate_product301_US_ACT&Nopay 30D_purchase_IAP_Kelsey_20260422,OG6WHvKPBaUM1wDo,48.63,11032,143,,,,,,,,,
2026-07-03,ANDROID,dhgate_product317_FR_ACT&Nopay 30D_purchase_IAP_Kelsey_20260526,zbor8ujPF081oChW,91.98,7709,2770,,,,,,,,,
2026-07-03,ANDROID,dhgate_product315_UK_ACT&Nopay 30D_purchase_IAP_Kelsey_20260425,bedUOEtGfoRFbmze,50.41,6924,584,,,,,,,,,
2026-07-03,IOS,dhgate_product314_UK_Purchase 30D_purchase_IAP_Kelsey_20260424,NmHyz3ZrSwNTmf0j,94.1,5778,424,,,,,,,,,
2026-07-03,IOS,dhgate_product300_T1_Purchase 30D_purchase_IAP_Kelsey_20260421,wGMfDvBHm0s02IeZ,100.22,10515,675,,,,,,,,,
2026-07-03,ANDROID,dhgate_product148_T1_Purchase 30D_purchase_IAP_Kelsey_20260415,dVlitdxzfmXStKCR,100.36,13291,1048,,,,,,,,,
2026-07-03,IOS,dhgate_product138_FR_ACT&Nopay 30D_purchase_IAP_Kelsey_20260403,zNcB24si9mbzBPed,150.72,19109,1818,,,,,,,,,
2026-07-03,IOS,dhgate_product137_US_Purchase 30D_purchase_IAP_Kelsey_20260402,Eo7scqEETcYxo6WH,101.02,6006,230,,,,,,,,,
2026-07-03,IOS,dhgate_dpa-ios_US_ACT&Nopay 30D_purchase_IAP_Kelsey_20260515,y55faIMh7doL5RvO,98.72,10794,184,,,,,,,,,
2026-07-03,ANDROID,dhgate_dpa-and_US_ACT&Nopay 30D_purchase_IAP_Kelsey_20260511,M0ZXR7rklCeN7J9o,99.55,19626,395,,,,,,,,,
2026-07-03,ANDROID,dhgate_product317_UK_ACT&Nopay 30D_purchase_IAP_Kelsey_20260427,tDzMEZEldS4Kei0r,100.9,10571,1040,,,,,,,,,
2026-07-03,IOS,dhgate_product364_US_Purchase 30D_purchase_IAP_Kelsey_20260527,qX4oco28gDbrpBri,150.04,10191,489,,,,,,,,,
2026-07-03,ANDROID,dhgate_product337_T1_ACT&Nopay 30D_purchase_IAP_Kelsey_20260513,Hi3okRpzvLX7H2oQ,50.07,20983,443,,,,,,,,,
2026-07-03,IOS,dhgate_product368_T1_Purchase 30D_purchase_IAP_Kelsey_20260531,Ta2k2BeVyS7dWN4n,49.81,8142,341,,,,,,,,,
2026-07-03,ANDROID,dhgate_product367_UK_Purchase 30D_purchase_IAP_Kelsey_20260530,AsUotp8z2P369W1o,100.54,8236,690,,,,,,,,,
2026-07-03,IOS,dhgate_product388_US_Purchase 30D_purchase_IAP_Kelsey_20260701,mGP5DRB6Zd0im4qF,50.92,889,406,,,,,,,,,
2026-07-03,IOS,dhgate_product387_US_Purchase 30D_purchase_IAP_Kelsey_20260701,dqSpxpWzr1rTkEdk,50.63,845,432,,,,,,,,,
2026-07-03,ANDROID,dhgate_product387_US_Purchase 30D_purchase_IAP_Kelsey_20260701,bz1mjZA2kGdyXeqz,50.15,4286,360,,,,,,,,,
2026-07-03,ANDROID,dhgate_product386_US_Purchase 30D_purchase_IAP_Kelsey_20260701,rJAl2dweZnU4qvuG,50.77,4122,453,,,,,,,,,
2026-07-03,IOS,dhgate_product386_US_Purchase 30D_purchase_IAP_Kelsey_20260630,kpNA9cC8I3HMEtHY,41.5,736,387,,,,,,,,,
2026-07-03,ANDROID,dhgate_product385_UK_ACT&Nopay 30D_purchase_IAP_Kelsey_20260630,VzqTPrFSQDRkzKZj,35.3,1987,885,,,,,,,,,
2026-07-03,IOS,dhgate_product385_UK_ACT&Nopay 30D_purchase_IAP_Kelsey_20260629,c0t3kucHhrc7ADQK,48.03,4710,258,,,,,,,,,
2026-07-03,IOS,dhgate_product384_T1_ACT&Nopay 30D_purchase_IAP_Kelsey_20260627,HgoIpNDJKiz1hrzc,40.05,2205,1228,,,,,,,,,
2026-07-03,ANDROID,dhgate_product388_US_Purchase 30D_purchase_IAP_Kelsey_20260702,PGm3IaX43E3i7UrH,48.99,3242,416,,,,,,,,,
2026-07-03,ANDROID,dhgate_product383_T1_ACT&Nopay 30D_purchase_IAP_Kelsey_20260626,ngOjt7k0ODbX8WPx,49.83,8442,2853,,,,,,,,,
2026-07-03,ANDROID,dhgate_product384_T1_ACT&Nopay 30D_purchase_IAP_Kelsey_20260627,S76pXwyrVvtdre2B,50.32,8073,2334,,,,,,,,,
2026-07-03,IOS,dhgate_product372_T1_ACT&Nopay 30D_purchase_IAP_Kelsey_20260605,U4gzqzcEnoe3yurD,100.22,15222,1139,,,,,,,,,
2026-07-03,ANDROID,dhgate_product374_US_ACT&Nopay 30D_purchase_IAP_Kelsey_20260610,lHtOeUxHZghwmdpM,49.73,13820,370,,,,,,,,,
2026-07-03,ANDROID,dhgate_product375_US_Purchase 30D_purchase_IAP_Kelsey_20260611,ZmROz0lvQRxsi3uG,99.42,9967,715,,,,,,,,,
2026-07-03,ANDROID,dhgate_product368_T1_Purchase 30D_purchase_IAP_Kelsey_20260531,b3s2CGS3sMxfFWgV,50.25,8669,493,,,,,,,,,
2026-07-03,ANDROID,dhgate_product377_T1_Purchase 30D_purchase_IAP_Kelsey_20260613,jQWebXWoq2Emp98e,50.36,8454,504,,,,,,,,,
2026-07-03,IOS,dhgate_product377_T1_Purchase 30D_purchase_IAP_Kelsey_20260613,ImdbSHRgpaEHQaDV,46.19,6498,387,,,,,,,,,
2026-07-03,IOS,dhgate_product381_US_ACT&Nopay 30D_purchase_IAP_Kelsey_20260624,koAG4uPwaNuNbSsi,73.99,2068,1112,,,,,,,,,
2026-07-03,ANDROID,dhgate_product376_US_Purchase 30D_purchase_IAP_Kelsey_20260612,OGOAsivo1SSZARzD,50.19,5999,359,,,,,,,,,
2026-07-04,ANDROID,dhgate_product376_US_Purchase 30D_purchase_IAP_Kelsey_20260612,OGOAsivo1SSZARzD,48.77,5483,361,,,,,,,,,
2026-07-04,ANDROID,dhgate_product377_T1_Purchase 30D_purchase_IAP_Kelsey_20260613,jQWebXWoq2Emp98e,50.18,8001,568,,,,,,,,,
2026-07-04,IOS,dhgate_product377_T1_Purchase 30D_purchase_IAP_Kelsey_20260613,ImdbSHRgpaEHQaDV,50.06,6087,481,,,,,,,,,
2026-07-04,IOS,dhgate_product381_US_ACT&Nopay 30D_purchase_IAP_Kelsey_20260624,koAG4uPwaNuNbSsi,69.68,1906,1029,,,,,,,,,
2026-07-04,ANDROID,dhgate_product383_T1_ACT&Nopay 30D_purchase_IAP_Kelsey_20260626,ngOjt7k0ODbX8WPx,50.24,8039,2697,,,,,,,,,
2026-07-04,ANDROID,dhgate_product384_T1_ACT&Nopay 30D_purchase_IAP_Kelsey_20260627,S76pXwyrVvtdre2B,50.3,9604,2438,,,,,,,,,
2026-07-04,IOS,dhgate_product384_T1_ACT&Nopay 30D_purchase_IAP_Kelsey_20260627,HgoIpNDJKiz1hrzc,32.67,1796,1065,,,,,,,,,
2026-07-04,ANDROID,dhgate_product385_UK_ACT&Nopay 30D_purchase_IAP_Kelsey_20260630,VzqTPrFSQDRkzKZj,36.67,2261,933,,,,,,,,,
2026-07-04,IOS,dhgate_product386_US_Purchase 30D_purchase_IAP_Kelsey_20260630,kpNA9cC8I3HMEtHY,50.0,876,442,,,,,,,,,
2026-07-04,ANDROID,dhgate_product386_US_Purchase 30D_purchase_IAP_Kelsey_20260701,rJAl2dweZnU4qvuG,50.67,6159,414,,,,,,,,,
2026-07-04,IOS,dhgate_product387_US_Purchase 30D_purchase_IAP_Kelsey_20260701,dqSpxpWzr1rTkEdk,50.33,860,395,,,,,,,,,
2026-07-04,IOS,dhgate_product388_US_Purchase 30D_purchase_IAP_Kelsey_20260701,mGP5DRB6Zd0im4qF,45.69,803,371,,,,,,,,,
2026-07-04,ANDROID,dhgate_product388_US_Purchase 30D_purchase_IAP_Kelsey_20260702,PGm3IaX43E3i7UrH,50.36,4598,393,,,,,,,,,
2026-07-04,ANDROID,dhgate_product389_US_Purchase 30D_purchase_IAP_Kelsey_20260704,i12xubLcdQhBchx3,0.0,2,1,,,,,,,,,
2026-07-04,ANDROID,dhgate_product375_US_Purchase 30D_purchase_IAP_Kelsey_20260611,ZmROz0lvQRxsi3uG,100.03,9170,732,,,,,,,,,
2026-07-04,IOS,dhgate_product385_UK_ACT&Nopay 30D_purchase_IAP_Kelsey_20260629,c0t3kucHhrc7ADQK,41.72,3912,309,,,,,,,,,
2026-07-04,ANDROID,dhgate_product387_US_Purchase 30D_purchase_IAP_Kelsey_20260701,bz1mjZA2kGdyXeqz,50.54,5541,361,,,,,,,,,
2026-07-04,ANDROID,dhgate_product374_US_ACT&Nopay 30D_purchase_IAP_Kelsey_20260610,lHtOeUxHZghwmdpM,46.19,13857,354,,,,,,,,,
2026-07-04,IOS,dhgate_product368_T1_Purchase 30D_purchase_IAP_Kelsey_20260531,Ta2k2BeVyS7dWN4n,47.25,6835,372,,,,,,,,,
2026-07-04,IOS,dhgate_product372_T1_ACT&Nopay 30D_purchase_IAP_Kelsey_20260605,U4gzqzcEnoe3yurD,100.4,13131,1396,,,,,,,,,
2026-07-04,ANDROID,dhgate_dpa-and_US_ACT&Nopay 30D_purchase_IAP_Kelsey_20260511,M0ZXR7rklCeN7J9o,92.56,17851,365,,,,,,,,,
2026-07-04,IOS,dhgate_product137_US_Purchase 30D_purchase_IAP_Kelsey_20260402,Eo7scqEETcYxo6WH,100.11,5182,323,,,,,,,,,
2026-07-04,IOS,dhgate_product138_FR_ACT&Nopay 30D_purchase_IAP_Kelsey_20260403,zNcB24si9mbzBPed,150.33,15096,2106,,,,,,,,,
2026-07-04,ANDROID,dhgate_product148_T1_Purchase 30D_purchase_IAP_Kelsey_20260415,dVlitdxzfmXStKCR,100.12,12432,1234,,,,,,,,,
2026-07-04,IOS,dhgate_product300_T1_Purchase 30D_purchase_IAP_Kelsey_20260421,wGMfDvBHm0s02IeZ,100.57,8505,790,,,,,,,,,
2026-07-04,IOS,dhgate_product301_US_ACT&Nopay 30D_purchase_IAP_Kelsey_20260422,OG6WHvKPBaUM1wDo,47.1,10510,189,,,,,,,,,
2026-07-04,IOS,dhgate_product314_UK_Purchase 30D_purchase_IAP_Kelsey_20260424,NmHyz3ZrSwNTmf0j,100.28,5226,482,,,,,,,,,
2026-07-04,ANDROID,dhgate_product315_UK_ACT&Nopay 30D_purchase_IAP_Kelsey_20260425,bedUOEtGfoRFbmze,50.06,6646,683,,,,,,,,,
2026-07-04,ANDROID,dhgate_product317_FR_ACT&Nopay 30D_purchase_IAP_Kelsey_20260526,zbor8ujPF081oChW,95.81,7986,3055,,,,,,,,,
2026-07-04,ANDROID,dhgate_product317_UK_ACT&Nopay 30D_purchase_IAP_Kelsey_20260427,tDzMEZEldS4Kei0r,100.41,10226,1264,,,,,,,,,
2026-07-04,IOS,dhgate_dpa-ios_US_ACT&Nopay 30D_purchase_IAP_Kelsey_20260515,y55faIMh7doL5RvO,94.78,9648,228,,,,,,,,,
2026-07-04,IOS,dhgate_product318_T1_Purchase 30D_purchase_IAP_Kelsey_20260428,mayu0PGeMJEYQhWJ,100.48,9671,891,,,,,,,,,
2026-07-04,IOS,dhgate_product317_UK_ACT&Nopay 30D_purchase_IAP_Kelsey_20260427,H9HAtL9q0yyc4Gdy,89.62,4860,562,,,,,,,,,
2026-07-04,ANDROID,dhgate_product368_T1_Purchase 30D_purchase_IAP_Kelsey_20260531,b3s2CGS3sMxfFWgV,50.55,8121,537,,,,,,,,,
2026-07-04,IOS,dhgate_product364_US_Purchase 30D_purchase_IAP_Kelsey_20260527,qX4oco28gDbrpBri,150.26,8618,574,,,,,,,,,
2026-07-04,IOS,dhgate_product357_UK_ACT&Nopay 30D_purchase_IAP_Kelsey_20260521,secYrwGRxGvE22kr,98.99,5547,603,,,,,,,,,
2026-07-04,IOS,dhgate_product350_US_Purchase 30D_purchase_IAP_Kelsey_20260517,eZwoS7yMwcYqxbzm,45.32,3653,159,,,,,,,,,
2026-07-04,ANDROID,dhgate_product367_UK_Purchase 30D_purchase_IAP_Kelsey_20260530,AsUotp8z2P369W1o,100.57,7332,767,,,,,,,,,
2026-07-04,ANDROID,dhgate_product337_T1_ACT&Nopay 30D_purchase_IAP_Kelsey_20260513,Hi3okRpzvLX7H2oQ,46.39,19523,461,,,,,,,,,
2026-07-04,IOS,dhgate_product337_T1_ACT&Nopay 30D_purchase_IAP_Kelsey_20260513,pMbmqjxpXWy9uySH,48.46,10954,370,,,,,,,,,
2026-07-04,IOS,dhgate_product326_US_ACT&Nopay 30D_purchase_IAP_Kelsey_20260506,zMf9PKJzCf4uVI7T,49.34,7088,316,,,,,,,,,
2026-07-04,IOS,dhgate_product319_US_Purchase 30D_purchase_IAP_Kelsey_20260429,SGOG7us7fBY7c5lH,100.53,10188,913,,,,,,,,,
2026-07-04,IOS,dhgate_product340_US_Purchase 30D_purchase_IAP_Kelsey_20260516,yznk4uz7IRlNu5TH,92.11,6178,285,,,,,,,,,
2026-07-05,IOS,dhgate_product350_US_Purchase 30D_purchase_IAP_Kelsey_20260517,eZwoS7yMwcYqxbzm,48.03,3443,163,,,,,,,,,
2026-07-05,IOS,dhgate_product317_UK_ACT&Nopay 30D_purchase_IAP_Kelsey_20260427,H9HAtL9q0yyc4Gdy,100.6,4891,637,,,,,,,,,
2026-07-05,IOS,dhgate_product340_US_Purchase 30D_purchase_IAP_Kelsey_20260516,yznk4uz7IRlNu5TH,94.03,5724,310,,,,,,,,,
2026-07-05,ANDROID,dhgate_product337_T1_ACT&Nopay 30D_purchase_IAP_Kelsey_20260513,Hi3okRpzvLX7H2oQ,50.18,19202,633,,,,,,,,,
2026-07-05,IOS,dhgate_product337_T1_ACT&Nopay 30D_purchase_IAP_Kelsey_20260513,pMbmqjxpXWy9uySH,47.41,10082,337,,,,,,,,,
2026-07-05,IOS,dhgate_product326_US_ACT&Nopay 30D_purchase_IAP_Kelsey_20260506,zMf9PKJzCf4uVI7T,46.53,6373,237,,,,,,,,,
2026-07-05,IOS,dhgate_product319_US_Purchase 30D_purchase_IAP_Kelsey_20260429,SGOG7us7fBY7c5lH,100.68,8830,824,,,,,,,,,
2026-07-05,IOS,dhgate_product318_T1_Purchase 30D_purchase_IAP_Kelsey_20260428,mayu0PGeMJEYQhWJ,100.37,8651,816,,,,,,,,,
2026-07-05,ANDROID,dhgate_product317_UK_ACT&Nopay 30D_purchase_IAP_Kelsey_20260427,tDzMEZEldS4Kei0r,100.55,10655,1248,,,,,,,,,
2026-07-05,ANDROID,dhgate_product148_T1_Purchase 30D_purchase_IAP_Kelsey_20260415,dVlitdxzfmXStKCR,100.46,11653,1104,,,,,,,,,
2026-07-05,ANDROID,dhgate_product315_UK_ACT&Nopay 30D_purchase_IAP_Kelsey_20260425,bedUOEtGfoRFbmze,50.5,6434,656,,,,,,,,,
2026-07-05,IOS,dhgate_product314_UK_Purchase 30D_purchase_IAP_Kelsey_20260424,NmHyz3ZrSwNTmf0j,99.79,4707,478,,,,,,,,,
2026-07-05,IOS,dhgate_product301_US_ACT&Nopay 30D_purchase_IAP_Kelsey_20260422,OG6WHvKPBaUM1wDo,50.05,9616,198,,,,,,,,,
2026-07-05,IOS,dhgate_product300_T1_Purchase 30D_purchase_IAP_Kelsey_20260421,wGMfDvBHm0s02IeZ,100.64,7530,721,,,,,,,,,
2026-07-05,IOS,dhgate_product138_FR_ACT&Nopay 30D_purchase_IAP_Kelsey_20260403,zNcB24si9mbzBPed,132.05,13438,1710,,,,,,,,,
2026-07-05,IOS,dhgate_product137_US_Purchase 30D_purchase_IAP_Kelsey_20260402,Eo7scqEETcYxo6WH,95.01,4789,336,,,,,,,,,
2026-07-05,IOS,dhgate_dpa-ios_US_ACT&Nopay 30D_purchase_IAP_Kelsey_20260515,y55faIMh7doL5RvO,97.93,8529,234,,,,,,,,,
2026-07-05,ANDROID,dhgate_dpa-and_US_ACT&Nopay 30D_purchase_IAP_Kelsey_20260511,M0ZXR7rklCeN7J9o,100.2,18607,443,,,,,,,,,
2026-07-05,IOS,dhgate_product357_UK_ACT&Nopay 30D_purchase_IAP_Kelsey_20260521,secYrwGRxGvE22kr,93.69,5037,599,,,,,,,,,
2026-07-05,ANDROID,dhgate_product317_FR_ACT&Nopay 30D_purchase_IAP_Kelsey_20260526,zbor8ujPF081oChW,89.48,6757,2741,,,,,,,,,
2026-07-05,IOS,dhgate_product364_US_Purchase 30D_purchase_IAP_Kelsey_20260527,qX4oco28gDbrpBri,141.21,7205,545,,,,,,,,,
2026-07-05,IOS,dhgate_product368_T1_Purchase 30D_purchase_IAP_Kelsey_20260531,Ta2k2BeVyS7dWN4n,50.12,5909,397,,,,,,,,,
2026-07-05,ANDROID,dhgate_product368_T1_Purchase 30D_purchase_IAP_Kelsey_20260531,b3s2CGS3sMxfFWgV,50.37,8064,529,,,,,,,,,
2026-07-05,ANDROID,dhgate_product367_UK_Purchase 30D_purchase_IAP_Kelsey_20260530,AsUotp8z2P369W1o,100.37,6740,720,,,,,,,,,
2026-07-05,ANDROID,dhgate_product389_US_Purchase 30D_purchase_IAP_Kelsey_20260704,i12xubLcdQhBchx3,43.58,3770,403,,,,,,,,,
2026-07-05,ANDROID,dhgate_product388_US_Purchase 30D_purchase_IAP_Kelsey_20260702,PGm3IaX43E3i7UrH,50.4,4667,350,,,,,,,,,
2026-07-05,IOS,dhgate_product388_US_Purchase 30D_purchase_IAP_Kelsey_20260701,mGP5DRB6Zd0im4qF,50.83,892,418,,,,,,,,,
2026-07-05,IOS,dhgate_product387_US_Purchase 30D_purchase_IAP_Kelsey_20260701,dqSpxpWzr1rTkEdk,50.05,758,386,,,,,,,,,
2026-07-05,ANDROID,dhgate_product387_US_Purchase 30D_purchase_IAP_Kelsey_20260701,bz1mjZA2kGdyXeqz,51.5,4716,320,,,,,,,,,
2026-07-05,ANDROID,dhgate_product386_US_Purchase 30D_purchase_IAP_Kelsey_20260701,rJAl2dweZnU4qvuG,50.04,4278,359,,,,,,,,,
2026-07-05,IOS,dhgate_product386_US_Purchase 30D_purchase_IAP_Kelsey_20260630,kpNA9cC8I3HMEtHY,50.21,925,408,,,,,,,,,
2026-07-05,ANDROID,dhgate_product385_UK_ACT&Nopay 30D_purchase_IAP_Kelsey_20260630,VzqTPrFSQDRkzKZj,49.51,3115,1105,,,,,,,,,
2026-07-05,IOS,dhgate_product385_UK_ACT&Nopay 30D_purchase_IAP_Kelsey_20260629,c0t3kucHhrc7ADQK,45.17,3666,310,,,,,,,,,
2026-07-05,IOS,dhgate_product389_US_Purchase 30D_purchase_IAP_Kelsey_20260704,nRhsGXjCBGkftcS3,50.45,917,367,,,,,,,,,
2026-07-05,ANDROID,dhgate_product384_T1_ACT&Nopay 30D_purchase_IAP_Kelsey_20260627,S76pXwyrVvtdre2B,50.33,9511,2256,,,,,,,,,
2026-07-05,ANDROID,dhgate_product383_T1_ACT&Nopay 30D_purchase_IAP_Kelsey_20260626,ngOjt7k0ODbX8WPx,47.87,8593,2584,,,,,,,,,
2026-07-05,IOS,dhgate_product381_US_ACT&Nopay 30D_purchase_IAP_Kelsey_20260624,koAG4uPwaNuNbSsi,79.82,4211,1052,,,,,,,,,
2026-07-05,IOS,dhgate_product377_T1_Purchase 30D_purchase_IAP_Kelsey_20260613,ImdbSHRgpaEHQaDV,50.47,5405,419,,,,,,,,,
2026-07-05,ANDROID,dhgate_product377_T1_Purchase 30D_purchase_IAP_Kelsey_20260613,jQWebXWoq2Emp98e,50.16,7601,557,,,,,,,,,
2026-07-05,ANDROID,dhgate_product376_US_Purchase 30D_purchase_IAP_Kelsey_20260612,OGOAsivo1SSZARzD,48.75,5473,366,,,,,,,,,
2026-07-05,ANDROID,dhgate_product375_US_Purchase 30D_purchase_IAP_Kelsey_20260611,ZmROz0lvQRxsi3uG,100.24,9532,914,,,,,,,,,
2026-07-05,ANDROID,dhgate_product374_US_ACT&Nopay 30D_purchase_IAP_Kelsey_20260610,lHtOeUxHZghwmdpM,50.11,13732,491,,,,,,,,,
2026-07-05,IOS,dhgate_product372_T1_ACT&Nopay 30D_purchase_IAP_Kelsey_20260605,U4gzqzcEnoe3yurD,95.97,12068,1122,,,,,,,,,
2026-07-05,IOS,dhgate_product384_T1_ACT&Nopay 30D_purchase_IAP_Kelsey_20260627,HgoIpNDJKiz1hrzc,30.52,1695,958,,,,,,,,,
2026-07-06,IOS,dhgate_product318_T1_Purchase 30D_purchase_IAP_Kelsey_20260428,mayu0PGeMJEYQhWJ,100.44,9185,863,,,,,,,,,
2026-07-06,IOS,dhgate_product319_US_Purchase 30D_purchase_IAP_Kelsey_20260429,SGOG7us7fBY7c5lH,100.55,9928,869,,,,,,,,,
2026-07-06,IOS,dhgate_product326_US_ACT&Nopay 30D_purchase_IAP_Kelsey_20260506,zMf9PKJzCf4uVI7T,47.72,6861,252,,,,,,,,,
2026-07-06,IOS,dhgate_product350_US_Purchase 30D_purchase_IAP_Kelsey_20260517,eZwoS7yMwcYqxbzm,49.47,4218,147,,,,,,,,,
2026-07-06,ANDROID,dhgate_product337_T1_ACT&Nopay 30D_purchase_IAP_Kelsey_20260513,Hi3okRpzvLX7H2oQ,49.42,21512,586,,,,,,,,,
2026-07-06,IOS,dhgate_product340_US_Purchase 30D_purchase_IAP_Kelsey_20260516,yznk4uz7IRlNu5TH,99.36,7398,336,,,,,,,,,
2026-07-06,IOS,dhgate_product317_UK_ACT&Nopay 30D_purchase_IAP_Kelsey_20260427,H9HAtL9q0yyc4Gdy,100.13,5657,666,,,,,,,,,
2026-07-06,IOS,dhgate_product337_T1_ACT&Nopay 30D_purchase_IAP_Kelsey_20260513,pMbmqjxpXWy9uySH,50.06,11265,349,,,,,,,,,
2026-07-06,ANDROID,dhgate_product317_UK_ACT&Nopay 30D_purchase_IAP_Kelsey_20260427,tDzMEZEldS4Kei0r,100.92,10436,1345,,,,,,,,,
2026-07-06,IOS,dhgate_product300_T1_Purchase 30D_purchase_IAP_Kelsey_20260421,wGMfDvBHm0s02IeZ,100.27,7995,773,,,,,,,,,
2026-07-06,ANDROID,dhgate_product315_UK_ACT&Nopay 30D_purchase_IAP_Kelsey_20260425,bedUOEtGfoRFbmze,50.23,6584,756,,,,,,,,,
2026-07-06,IOS,dhgate_product314_UK_Purchase 30D_purchase_IAP_Kelsey_20260424,NmHyz3ZrSwNTmf0j,96.86,5303,467,,,,,,,,,
2026-07-06,IOS,dhgate_product301_US_ACT&Nopay 30D_purchase_IAP_Kelsey_20260422,OG6WHvKPBaUM1wDo,46.81,11386,119,,,,,,,,,
2026-07-06,ANDROID,dhgate_product148_T1_Purchase 30D_purchase_IAP_Kelsey_20260415,dVlitdxzfmXStKCR,100.65,13499,1226,,,,,,,,,
2026-07-06,IOS,dhgate_product138_FR_ACT&Nopay 30D_purchase_IAP_Kelsey_20260403,zNcB24si9mbzBPed,100.33,12230,1432,,,,,,,,,
2026-07-06,IOS,dhgate_product137_US_Purchase 30D_purchase_IAP_Kelsey_20260402,Eo7scqEETcYxo6WH,91.27,5534,305,,,,,,,,,
2026-07-06,IOS,dhgate_dpa-ios_US_ACT&Nopay 30D_purchase_IAP_Kelsey_20260515,y55faIMh7doL5RvO,97.22,9942,269,,,,,,,,,
2026-07-06,ANDROID,dhgate_dpa-and_US_ACT&Nopay 30D_purchase_IAP_Kelsey_20260511,M0ZXR7rklCeN7J9o,100.29,19846,461,,,,,,,,,
2026-07-06,IOS,dhgate_product364_US_Purchase 30D_purchase_IAP_Kelsey_20260527,qX4oco28gDbrpBri,100.12,7157,351,,,,,,,,,
2026-07-06,ANDROID,dhgate_product317_FR_ACT&Nopay 30D_purchase_IAP_Kelsey_20260526,zbor8ujPF081oChW,94.64,8122,3009,,,,,,,,,
2026-07-06,ANDROID,dhgate_product367_UK_Purchase 30D_purchase_IAP_Kelsey_20260530,AsUotp8z2P369W1o,100.59,8973,716,,,,,,,,,
2026-07-06,IOS,dhgate_product357_UK_ACT&Nopay 30D_purchase_IAP_Kelsey_20260521,secYrwGRxGvE22kr,100.39,6047,667,,,,,,,,,
2026-07-06,IOS,dhgate_product368_T1_Purchase 30D_purchase_IAP_Kelsey_20260531,Ta2k2BeVyS7dWN4n,50.26,6746,424,,,,,,,,,
2026-07-06,ANDROID,dhgate_product389_US_Purchase 30D_purchase_IAP_Kelsey_20260704,i12xubLcdQhBchx3,50.29,7836,338,,,,,,,,,
2026-07-06,ANDROID,dhgate_product388_US_Purchase 30D_purchase_IAP_Kelsey_20260702,PGm3IaX43E3i7UrH,50.16,4373,387,,,,,,,,,
2026-07-06,IOS,dhgate_product388_US_Purchase 30D_purchase_IAP_Kelsey_20260701,mGP5DRB6Zd0im4qF,50.4,816,404,,,,,,,,,
2026-07-06,IOS,dhgate_product387_US_Purchase 30D_purchase_IAP_Kelsey_20260701,dqSpxpWzr1rTkEdk,50.21,3825,162,,,,,,,,,
2026-07-06,ANDROID,dhgate_product387_US_Purchase 30D_purchase_IAP_Kelsey_20260701,bz1mjZA2kGdyXeqz,50.07,4243,255,,,,,,,,,
2026-07-06,ANDROID,dhgate_product386_US_Purchase 30D_purchase_IAP_Kelsey_20260701,rJAl2dweZnU4qvuG,50.39,2993,421,,,,,,,,,
2026-07-06,IOS,dhgate_product386_US_Purchase 30D_purchase_IAP_Kelsey_20260630,kpNA9cC8I3HMEtHY,50.11,1012,448,,,,,,,,,
2026-07-06,ANDROID,dhgate_product385_UK_ACT&Nopay 30D_purchase_IAP_Kelsey_20260630,VzqTPrFSQDRkzKZj,50.26,3202,1211,,,,,,,,,
2026-07-06,IOS,dhgate_product385_UK_ACT&Nopay 30D_purchase_IAP_Kelsey_20260629,c0t3kucHhrc7ADQK,50.04,4093,410,,,,,,,,,
2026-07-06,IOS,dhgate_product384_T1_ACT&Nopay 30D_purchase_IAP_Kelsey_20260627,HgoIpNDJKiz1hrzc,34.54,2017,1198,,,,,,,,,
2026-07-06,ANDROID,dhgate_product368_T1_Purchase 30D_purchase_IAP_Kelsey_20260531,b3s2CGS3sMxfFWgV,50.11,9146,550,,,,,,,,,
2026-07-06,ANDROID,dhgate_product383_T1_ACT&Nopay 30D_purchase_IAP_Kelsey_20260626,ngOjt7k0ODbX8WPx,50.39,8134,2856,,,,,,,,,
2026-07-06,IOS,dhgate_product381_US_ACT&Nopay 30D_purchase_IAP_Kelsey_20260624,koAG4uPwaNuNbSsi,97.48,12819,596,,,,,,,,,
2026-07-06,IOS,dhgate_product377_T1_Purchase 30D_purchase_IAP_Kelsey_20260613,ImdbSHRgpaEHQaDV,50.29,5720,446,,,,,,,,,
2026-07-06,ANDROID,dhgate_product377_T1_Purchase 30D_purchase_IAP_Kelsey_20260613,jQWebXWoq2Emp98e,50.26,8942,581,,,,,,,,,
2026-07-06,ANDROID,dhgate_product376_US_Purchase 30D_purchase_IAP_Kelsey_20260612,OGOAsivo1SSZARzD,49.67,5980,362,,,,,,,,,
2026-07-06,ANDROID,dhgate_product375_US_Purchase 30D_purchase_IAP_Kelsey_20260611,ZmROz0lvQRxsi3uG,98.86,10144,730,,,,,,,,,
2026-07-06,ANDROID,dhgate_product374_US_ACT&Nopay 30D_purchase_IAP_Kelsey_20260610,lHtOeUxHZghwmdpM,48.64,16018,406,,,,,,,,,
2026-07-06,IOS,dhgate_product372_T1_ACT&Nopay 30D_purchase_IAP_Kelsey_20260605,U4gzqzcEnoe3yurD,100.35,13555,1337,,,,,,,,,
2026-07-06,IOS,dhgate_product389_US_Purchase 30D_purchase_IAP_Kelsey_20260704,nRhsGXjCBGkftcS3,50.73,1000,400,,,,,,,,,
2026-07-06,ANDROID,dhgate_product384_T1_ACT&Nopay 30D_purchase_IAP_Kelsey_20260627,S76pXwyrVvtdre2B,50.17,7886,2545,,,,,,,,,
2026-07-07,IOS,dhgate_product326_US_ACT&Nopay 30D_purchase_IAP_Kelsey_20260506,zMf9PKJzCf4uVI7T,47.67,6919,277,,,,,,,,,
2026-07-07,IOS,dhgate_product337_T1_ACT&Nopay 30D_purchase_IAP_Kelsey_20260513,pMbmqjxpXWy9uySH,65.49,13080,511,,,,,,,,,
2026-07-07,ANDROID,dhgate_product337_T1_ACT&Nopay 30D_purchase_IAP_Kelsey_20260513,Hi3okRpzvLX7H2oQ,48.83,19092,638,,,,,,,,,
2026-07-07,IOS,dhgate_product340_US_Purchase 30D_purchase_IAP_Kelsey_20260516,yznk4uz7IRlNu5TH,64.42,4315,197,,,,,,,,,
2026-07-07,ANDROID,dhgate_product367_UK_Purchase 30D_purchase_IAP_Kelsey_20260530,AsUotp8z2P369W1o,91.7,8011,707,,,,,,,,,
2026-07-07,IOS,dhgate_product357_UK_ACT&Nopay 30D_purchase_IAP_Kelsey_20260521,secYrwGRxGvE22kr,58.96,3430,458,,,,,,,,,
2026-07-07,IOS,dhgate_product364_US_Purchase 30D_purchase_IAP_Kelsey_20260527,qX4oco28gDbrpBri,61.36,4378,218,,,,,,,,,
2026-07-07,IOS,dhgate_product319_US_Purchase 30D_purchase_IAP_Kelsey_20260429,SGOG7us7fBY7c5lH,100.37,9499,863,,,,,,,,,
2026-07-07,ANDROID,dhgate_product368_T1_Purchase 30D_purchase_IAP_Kelsey_20260531,b3s2CGS3sMxfFWgV,49.53,8307,481,,,,,,,,,
2026-07-07,IOS,dhgate_product350_US_Purchase 30D_purchase_IAP_Kelsey_20260517,eZwoS7yMwcYqxbzm,50.15,4368,169,,,,,,,,,
2026-07-07,IOS,dhgate_product318_T1_Purchase 30D_purchase_IAP_Kelsey_20260428,mayu0PGeMJEYQhWJ,100.48,9091,832,,,,,,,,,
2026-07-07,ANDROID,dhgate_product315_UK_ACT&Nopay 30D_purchase_IAP_Kelsey_20260425,bedUOEtGfoRFbmze,66.16,7689,825,,,,,,,,,
2026-07-07,IOS,dhgate_product317_UK_ACT&Nopay 30D_purchase_IAP_Kelsey_20260427,H9HAtL9q0yyc4Gdy,82.46,5302,530,,,,,,,,,
2026-07-07,ANDROID,dhgate_product317_UK_ACT&Nopay 30D_purchase_IAP_Kelsey_20260427,tDzMEZEldS4Kei0r,100.45,10466,1214,,,,,,,,,
2026-07-07,ANDROID,dhgate_product317_FR_ACT&Nopay 30D_purchase_IAP_Kelsey_20260526,zbor8ujPF081oChW,94.21,7589,2624,,,,,,,,,
2026-07-07,IOS,dhgate_product314_UK_Purchase 30D_purchase_IAP_Kelsey_20260424,NmHyz3ZrSwNTmf0j,100.81,5478,522,,,,,,,,,
2026-07-07,IOS,dhgate_product301_US_ACT&Nopay 30D_purchase_IAP_Kelsey_20260422,OG6WHvKPBaUM1wDo,28.04,7292,52,,,,,,,,,
2026-07-07,IOS,dhgate_product300_T1_Purchase 30D_purchase_IAP_Kelsey_20260421,wGMfDvBHm0s02IeZ,56.93,4653,528,,,,,,,,,
2026-07-07,ANDROID,dhgate_product148_T1_Purchase 30D_purchase_IAP_Kelsey_20260415,dVlitdxzfmXStKCR,100.2,12544,1151,,,,,,,,,
2026-07-07,IOS,dhgate_product138_FR_ACT&Nopay 30D_purchase_IAP_Kelsey_20260403,zNcB24si9mbzBPed,125.53,12033,1696,,,,,,,,,
2026-07-07,IOS,dhgate_product368_T1_Purchase 30D_purchase_IAP_Kelsey_20260531,Ta2k2BeVyS7dWN4n,50.13,6797,366,,,,,,,,,
2026-07-07,IOS,dhgate_dpa-ios_US_ACT&Nopay 30D_purchase_IAP_Kelsey_20260515,y55faIMh7doL5RvO,54.72,6104,152,,,,,,,,,
2026-07-07,ANDROID,dhgate_dpa-and_US_ACT&Nopay 30D_purchase_IAP_Kelsey_20260511,M0ZXR7rklCeN7J9o,92.96,18824,398,,,,,,,,,
2026-07-07,ANDROID,dhgate_product317_US_ACT&Nopay 30D_purchase_IAP_Kelsey_20260707,QaDmc1Cy1yXv7PUz,6.22,864,219,,,,,,,,,
2026-07-07,IOS,dhgate_product137_US_Purchase 30D_purchase_IAP_Kelsey_20260402,Eo7scqEETcYxo6WH,55.83,3116,165,,,,,,,,,
2026-07-07,IOS,dhgate_product372_T1_ACT&Nopay 30D_purchase_IAP_Kelsey_20260605,U4gzqzcEnoe3yurD,100.33,12731,1192,,,,,,,,,
2026-07-07,ANDROID,dhgate_product374_US_ACT&Nopay 30D_purchase_IAP_Kelsey_20260610,lHtOeUxHZghwmdpM,47.54,15048,366,,,,,,,,,
2026-07-07,IOS,dhgate_product392_UK_AF ACT&Nopay 30D_purchase_IAP_Kelsey_20260707,q0zvJvGLyJwL5848,35.1,848,460,,,,,,,,,
2026-07-07,ANDROID,dhgate_product374_GB_ACT&Nopay 30D_purchase_IAP_Kelsey_20260707,OSGTJR6hG0un7jPR,15.67,1381,425,,,,,,,,,
2026-07-07,ANDROID,dhgate_product390_UK_Purchase 30D_purchase_IAP_Kelsey_20260707,f34nleKihCgNUIbw,7.16,534,205,,,,,,,,,
2026-07-07,IOS,dhgate_product390_UK_Purchase 30D_purchase_IAP_Kelsey_20260707,ofCAbBvdiAKdTaHs,21.79,491,279,,,,,,,,,
2026-07-07,IOS,dhgate_product389_US_Purchase 30D_purchase_IAP_Kelsey_20260704,nRhsGXjCBGkftcS3,33.74,624,265,,,,,,,,,
2026-07-07,ANDROID,dhgate_product389_US_Purchase 30D_purchase_IAP_Kelsey_20260704,i12xubLcdQhBchx3,32.61,4413,228,,,,,,,,,
2026-07-07,ANDROID,dhgate_product388_US_Purchase 30D_purchase_IAP_Kelsey_20260702,PGm3IaX43E3i7UrH,32.72,2788,238,,,,,,,,,
2026-07-07,IOS,dhgate_product388_US_Purchase 30D_purchase_IAP_Kelsey_20260701,mGP5DRB6Zd0im4qF,35.13,641,305,,,,,,,,,
2026-07-07,IOS,dhgate_product387_US_Purchase 30D_purchase_IAP_Kelsey_20260701,dqSpxpWzr1rTkEdk,50.01,5455,245,,,,,,,,,
2026-07-07,ANDROID,dhgate_product387_US_Purchase 30D_purchase_IAP_Kelsey_20260701,bz1mjZA2kGdyXeqz,28.14,3836,174,,,,,,,,,
2026-07-07,ANDROID,dhgate_product386_US_Purchase 30D_purchase_IAP_Kelsey_20260701,rJAl2dweZnU4qvuG,50.29,3634,416,,,,,,,,,
2026-07-07,ANDROID,dhgate_product392_UK_AF ACT&Nopay 30D_purchase_IAP_Kelsey_20260707,UPSWDB1oXONhqPxz,17.47,1684,584,,,,,,,,,
2026-07-07,ANDROID,dhgate_product385_UK_ACT&Nopay 30D_purchase_IAP_Kelsey_20260630,VzqTPrFSQDRkzKZj,45.68,3723,921,,,,,,,,,
2026-07-07,IOS,dhgate_product386_US_Purchase 30D_purchase_IAP_Kelsey_20260630,kpNA9cC8I3HMEtHY,43.13,1017,408,,,,,,,,,
2026-07-07,ANDROID,dhgate_product376_US_Purchase 30D_purchase_IAP_Kelsey_20260612,OGOAsivo1SSZARzD,24.33,3462,123,,,,,,,,,
2026-07-07,IOS,dhgate_product377_T1_Purchase 30D_purchase_IAP_Kelsey_20260613,ImdbSHRgpaEHQaDV,50.3,5853,421,,,,,,,,,
2026-07-07,ANDROID,dhgate_product377_T1_Purchase 30D_purchase_IAP_Kelsey_20260613,jQWebXWoq2Emp98e,47.97,7639,507,,,,,,,,,
2026-07-07,IOS,dhgate_product381_GB_ACT&Nopay 30D_purchase_IAP_Kelsey_20260707,FLkCNgAUV5GydQkp,20.96,555,277,,,,,,,,,
2026-07-07,ANDROID,dhgate_product375_US_Purchase 30D_purchase_IAP_Kelsey_20260611,ZmROz0lvQRxsi3uG,97.43,10893,803,,,,,,,,,
2026-07-07,ANDROID,dhgate_product383_T1_ACT&Nopay 30D_purchase_IAP_Kelsey_20260626,ngOjt7k0ODbX8WPx,50.38,8073,2512,,,,,,,,,
2026-07-07,ANDROID,dhgate_product384_T1_ACT&Nopay 30D_purchase_IAP_Kelsey_20260627,S76pXwyrVvtdre2B,75.66,12432,3468,,,,,,,,,
2026-07-07,IOS,dhgate_product384_T1_ACT&Nopay 30D_purchase_IAP_Kelsey_20260627,HgoIpNDJKiz1hrzc,52.95,2624,1494,,,,,,,,,
2026-07-07,IOS,dhgate_product385_UK_ACT&Nopay 30D_purchase_IAP_Kelsey_20260629,c0t3kucHhrc7ADQK,45.2,4171,340,,,,,,,,,
2026-07-07,IOS,dhgate_product381_US_ACT&Nopay 30D_purchase_IAP_Kelsey_20260624,koAG4uPwaNuNbSsi,100.2,12244,742,,,,,,,,,
2026-07-08,IOS,dhgate_product318_T1_Purchase 30D_purchase_IAP_Kelsey_20260428,mayu0PGeMJEYQhWJ,100.14,8938,782,,,,,,,,,
2026-07-08,IOS,dhgate_product364_US_Purchase 30D_purchase_IAP_Kelsey_20260527,qX4oco28gDbrpBri,50.22,4040,221,,,,,,,,,
2026-07-08,IOS,dhgate_product350_US_Purchase 30D_purchase_IAP_Kelsey_20260517,eZwoS7yMwcYqxbzm,43.67,3637,203,,,,,,,,,
2026-07-08,IOS,dhgate_product340_US_Purchase 30D_purchase_IAP_Kelsey_20260516,yznk4uz7IRlNu5TH,50.17,3984,229,,,,,,,,,
2026-07-08,ANDROID,dhgate_product337_T1_ACT&Nopay 30D_purchase_IAP_Kelsey_20260513,Hi3okRpzvLX7H2oQ,49.96,15235,848,,,,,,,,,
2026-07-08,IOS,dhgate_product337_T1_ACT&Nopay 30D_purchase_IAP_Kelsey_20260513,pMbmqjxpXWy9uySH,94.68,14844,841,,,,,,,,,
2026-07-08,IOS,dhgate_product326_US_ACT&Nopay 30D_purchase_IAP_Kelsey_20260506,zMf9PKJzCf4uVI7T,48.44,6187,316,,,,,,,,,
2026-07-08,IOS,dhgate_product319_US_Purchase 30D_purchase_IAP_Kelsey_20260429,SGOG7us7fBY7c5lH,100.28,9255,830,,,,,,,,,
2026-07-08,ANDROID,dhgate_product317_US_ACT&Nopay 30D_purchase_IAP_Kelsey_20260707,QaDmc1Cy1yXv7PUz,51.0,5766,1363,,,,,,,,,
2026-07-08,ANDROID,dhgate_product148_T1_Purchase 30D_purchase_IAP_Kelsey_20260415,dVlitdxzfmXStKCR,100.27,9435,1031,,,,,,,,,
2026-07-08,ANDROID,dhgate_product317_UK_ACT&Nopay 30D_purchase_IAP_Kelsey_20260427,tDzMEZEldS4Kei0r,101.17,7238,1008,,,,,,,,,
2026-07-08,ANDROID,dhgate_product317_FR_ACT&Nopay 30D_purchase_IAP_Kelsey_20260526,zbor8ujPF081oChW,91.53,9316,1671,,,,,,,,,
2026-07-08,ANDROID,dhgate_product315_UK_ACT&Nopay 30D_purchase_IAP_Kelsey_20260425,bedUOEtGfoRFbmze,100.43,7286,1003,,,,,,,,,
2026-07-08,IOS,dhgate_product314_UK_Purchase 30D_purchase_IAP_Kelsey_20260424,NmHyz3ZrSwNTmf0j,61.53,3053,296,,,,,,,,,
2026-07-08,IOS,dhgate_product138_FR_ACT&Nopay 30D_purchase_IAP_Kelsey_20260403,zNcB24si9mbzBPed,150.36,12612,1867,,,,,,,,,
2026-07-08,IOS,dhgate_product137_US_Purchase 30D_purchase_IAP_Kelsey_20260402,Eo7scqEETcYxo6WH,49.26,3322,187,,,,,,,,,
2026-07-08,IOS,dhgate_dpa-ios_US_ACT&Nopay 30D_purchase_IAP_Kelsey_20260515,y55faIMh7doL5RvO,19.66,2451,42,,,,,,,,,
2026-07-08,ANDROID,dhgate_dpa-and_US_ACT&Nopay 30D_purchase_IAP_Kelsey_20260511,M0ZXR7rklCeN7J9o,100.33,16799,474,,,,,,,,,
2026-07-08,ANDROID,dhgate_product367_UK_Purchase 30D_purchase_IAP_Kelsey_20260530,AsUotp8z2P369W1o,101.06,6234,692,,,,,,,,,
2026-07-08,IOS,dhgate_product317_UK_ACT&Nopay 30D_purchase_IAP_Kelsey_20260427,H9HAtL9q0yyc4Gdy,94.98,6000,564,,,,,,,,,
2026-07-08,ANDROID,dhgate_product368_T1_Purchase 30D_purchase_IAP_Kelsey_20260531,b3s2CGS3sMxfFWgV,50.25,5938,540,,,,,,,,,
2026-07-08,ANDROID,dhgate_product394_UK_AF ACT&Nopay 30D_purchase_IAP_Kelsey_20260708,R2w3HgOjXxczhMlu,15.8,1315,458,,,,,,,,,
2026-07-08,IOS,dhgate_product372_T1_ACT&Nopay 30D_purchase_IAP_Kelsey_20260605,U4gzqzcEnoe3yurD,96.37,12008,1100,,,,,,,,,
2026-07-08,IOS,dhgate_product368_T1_Purchase 30D_purchase_IAP_Kelsey_20260531,Ta2k2BeVyS7dWN4n,44.77,5992,344,,,,,,,,,
2026-07-08,IOS,dhgate_product394_UK_AF ACT&Nopay 30D_purchase_IAP_Kelsey_20260708,wG2ZMunTwwH1zgZJ,21.03,621,291,,,,,,,,,
2026-07-08,IOS,dhgate_product392_UK_AF ACT&Nopay 30D_purchase_IAP_Kelsey_20260707,q0zvJvGLyJwL5848,50.39,1386,722,,,,,,,,,
2026-07-08,ANDROID,dhgate_product392_UK_AF ACT&Nopay 30D_purchase_IAP_Kelsey_20260707,UPSWDB1oXONhqPxz,50.63,4131,1361,,,,,,,,,
2026-07-08,ANDROID,dhgate_product390_UK_Purchase 30D_purchase_IAP_Kelsey_20260707,f34nleKihCgNUIbw,50.3,2828,833,,,,,,,,,
2026-07-08,IOS,dhgate_product390_UK_Purchase 30D_purchase_IAP_Kelsey_20260707,ofCAbBvdiAKdTaHs,43.08,1206,542,,,,,,,,,
2026-07-08,ANDROID,dhgate_product386_US_Purchase 30D_purchase_IAP_Kelsey_20260701,rJAl2dweZnU4qvuG,50.09,3584,277,,,,,,,,,
2026-07-08,IOS,dhgate_product386_US_Purchase 30D_purchase_IAP_Kelsey_20260630,kpNA9cC8I3HMEtHY,41.06,1180,426,,,,,,,,,
2026-07-08,ANDROID,dhgate_product385_UK_ACT&Nopay 30D_purchase_IAP_Kelsey_20260630,VzqTPrFSQDRkzKZj,50.26,5654,651,,,,,,,,,
2026-07-08,IOS,dhgate_product385_UK_ACT&Nopay 30D_purchase_IAP_Kelsey_20260629,c0t3kucHhrc7ADQK,43.46,4111,257,,,,,,,,,
2026-07-08,IOS,dhgate_product387_US_Purchase 30D_purchase_IAP_Kelsey_20260701,dqSpxpWzr1rTkEdk,46.86,4525,238,,,,,,,,,
2026-07-08,ANDROID,dhgate_product384_T1_ACT&Nopay 30D_purchase_IAP_Kelsey_20260627,S76pXwyrVvtdre2B,97.63,11702,3995,,,,,,,,,
2026-07-08,IOS,dhgate_product384_T1_ACT&Nopay 30D_purchase_IAP_Kelsey_20260627,HgoIpNDJKiz1hrzc,87.14,3804,1879,,,,,,,,,
2026-07-08,ANDROID,dhgate_product374_US_ACT&Nopay 30D_purchase_IAP_Kelsey_20260610,lHtOeUxHZghwmdpM,49.55,12199,574,,,,,,,,,
2026-07-08,ANDROID,dhgate_product375_US_Purchase 30D_purchase_IAP_Kelsey_20260611,ZmROz0lvQRxsi3uG,61.29,4748,355,,,,,,,,,
2026-07-08,ANDROID,dhgate_product377_T1_Purchase 30D_purchase_IAP_Kelsey_20260613,jQWebXWoq2Emp98e,50.16,5866,470,,,,,,,,,
2026-07-08,ANDROID,dhgate_product374_GB_ACT&Nopay 30D_purchase_IAP_Kelsey_20260707,OSGTJR6hG0un7jPR,46.45,3096,1088,,,,,,,,,
2026-07-08,IOS,dhgate_product381_GB_ACT&Nopay 30D_purchase_IAP_Kelsey_20260707,FLkCNgAUV5GydQkp,42.08,1289,578,,,,,,,,,
2026-07-08,IOS,dhgate_product381_US_ACT&Nopay 30D_purchase_IAP_Kelsey_20260624,koAG4uPwaNuNbSsi,99.56,9844,896,,,,,,,,,
2026-07-08,ANDROID,dhgate_product383_T1_ACT&Nopay 30D_purchase_IAP_Kelsey_20260626,ngOjt7k0ODbX8WPx,31.11,4614,1619,,,,,,,,,
2026-07-08,IOS,dhgate_product377_T1_Purchase 30D_purchase_IAP_Kelsey_20260613,ImdbSHRgpaEHQaDV,45.46,5559,388,,,,,,,,,
2026-07-09,IOS,dhgate_product318_T1_Purchase 30D_purchase_IAP_Kelsey_IOS_20260428,mayu0PGeMJEYQhWJ,99.69,8380,683,,,,,,,,,
2026-07-09,IOS,dhgate_product364_US&FR_Purchase 30D_purchase_IAP_Kelsey_IOS_20260527,qX4oco28gDbrpBri,45.15,4683,204,,,,,,,,,
2026-07-09,IOS,dhgate_product350_US_Purchase 30D_purchase_IAP_Kelsey_IOS_20260517,eZwoS7yMwcYqxbzm,46.39,4047,213,,,,,,,,,
2026-07-09,IOS,dhgate_product340_US_Purchase 30D_purchase_IAP_Kelsey_IOS_20260516,yznk4uz7IRlNu5TH,47.7,4402,222,,,,,,,,,
2026-07-09,IOS,dhgate_product337_T1_ACT&Nopay 30D_purchase_IAP_Kelsey_IOS_20260513,pMbmqjxpXWy9uySH,95.16,16118,764,,,,,,,,,
2026-07-09,ANDROID,dhgate_product337_T1_ACT&Nopay 30D_purchase_IAP_Kelsey_AND_20260513,Hi3okRpzvLX7H2oQ,48.21,19143,690,,,,,,,,,
2026-07-09,IOS,dhgate_product326_US_ACT&Nopay 30D_purchase_IAP_Kelsey_IOS_20260506,zMf9PKJzCf4uVI7T,50.05,6970,351,,,,,,,,,
2026-07-09,IOS,dhgate_product319_US_Purchase 30D_purchase_IAP_Kelsey_IOS_20260429,SGOG7us7fBY7c5lH,100.48,9068,689,,,,,,,,,
2026-07-09,IOS,dhgate_product319_CA_Purchase 30D_purchase_IAP_Kelsey_IOS_20260707,kJqgxnpe6VbEV7uj,0.02,2,0,,,,,,,,,
2026-07-09,ANDROID,dhgate_product317_US_ACT&Nopay 30D_purchase_IAP_Kelsey_AND_20260707,QaDmc1Cy1yXv7PUz,49.48,3141,1322,,,,,,,,,
2026-07-09,ANDROID,dhgate_dpa-and_US_ACT&Nopay 30D_purchase_IAP_Kelsey_AND_20260511,M0ZXR7rklCeN7J9o,98.7,21760,474,,,,,,,,,
2026-07-09,ANDROID,dhgate_product317_UK&FR_ACT&Nopay 30D_purchase_IAP_Kelsey_AND_20260427,tDzMEZEldS4Kei0r,101.54,8367,1276,,,,,,,,,
2026-07-09,ANDROID,dhgate_product317_FR_ACT&Nopay 30D_purchase_IAP_Kelsey_AND_20260526,zbor8ujPF081oChW,92.86,11524,1700,,,,,,,,,
2026-07-09,ANDROID,dhgate_product315_UK_ACT&Nopay 30D_purchase_IAP_Kelsey_AND_20260425,bedUOEtGfoRFbmze,100.73,8908,1093,,,,,,,,,
2026-07-09,IOS,dhgate_product314_UK_Purchase 30D_purchase_IAP_Kelsey_IOS_20260424,NmHyz3ZrSwNTmf0j,48.88,2874,270,,,,,,,,,
2026-07-09,ANDROID,dhgate_product148_T1_Purchase 30D_purchase_IAP_Kelsey_AND_20260415,dVlitdxzfmXStKCR,99.52,12212,1088,,,,,,,,,
2026-07-09,IOS,dhgate_product138_FR_ACT&Nopay 30D_purchase_IAP_Kelsey_IOS_20260403,zNcB24si9mbzBPed,149.44,14372,1616,,,,,,,,,
2026-07-09,IOS,dhgate_product138_ES_ACT&Nopay 30D_purchase_IAP_Kelsey_IOS_20260707,dIYXvkLe5eBbUsbF,0.12,20,15,,,,,,,,,
2026-07-09,IOS,dhgate_product137_US_Purchase 30D_purchase_IAP_Kelsey_IOS_20260402,Eo7scqEETcYxo6WH,45.8,3433,226,,,,,,,,,
2026-07-09,IOS,dhgate_dpa-ios_US_ACT&Nopay 30D_purchase_IAP_Kelsey_IOS_20260515,y55faIMh7doL5RvO,92.98,10857,281,,,,,,,,,
2026-07-09,ANDROID,dhgate_product367_UK_Purchase 30D_purchase_IAP_Kelsey_AND_20260530,AsUotp8z2P369W1o,100.11,7733,716,,,,,,,,,
2026-07-09,IOS,dhgate_product317_UK_ACT&Nopay 30D_purchase_IAP_Kelsey_IOS_20260427,H9HAtL9q0yyc4Gdy,97.89,6123,586,,,,,,,,,
2026-07-09,IOS,dhgate_product368_T1_Purchase 30D_purchase_IAP_Kelsey_IOS_20260531,Ta2k2BeVyS7dWN4n,50.14,6390,339,,,,,,,,,
2026-07-09,ANDROID,dhgate_product368_T1_Purchase 30D_purchase_IAP_Kelsey_AND_20260531,b3s2CGS3sMxfFWgV,49.38,8416,502,,,,,,,,,
2026-07-09,ANDROID,dhgate_product374_GB_ACT&Nopay 30D_purchase_IAP_Kelsey_AND_20260707,OSGTJR6hG0un7jPR,44.53,2226,841,,,,,,,,,
2026-07-09,IOS,dhgate_product372_T1_ACT&Nopay 30D_purchase_IAP_Kelsey_IOS_20260605,U4gzqzcEnoe3yurD,95.28,12412,992,,,,,,,,,
2026-07-09,ANDROID,dhgate_product395_T1_ACT&Nopay 30D_purchase_IAP_Kelsey_AND_20260709,Ay3645qgnDxTnMnY,11.0,2949,1146,,,,,,,,,
2026-07-09,IOS,dhgate_product394_UK_ACT&Nopay 30D_purchase_IAP_Kelsey_IOS_20260708,wG2ZMunTwwH1zgZJ,48.55,1242,607,,,,,,,,,
2026-07-09,ANDROID,dhgate_product394_UK_ACT&Nopay 30D_purchase_IAP_Kelsey_AND_20260708,R2w3HgOjXxczhMlu,44.58,3228,965,,,,,,,,,
2026-07-09,IOS,dhgate_product392_UK_ACT&Nopay 30D_purchase_IAP_Kelsey_IOS_20260707,q0zvJvGLyJwL5848,50.48,1234,638,,,,,,,,,
2026-07-09,ANDROID,dhgate_product392_UK_ACT&Nopay 30D_purchase_IAP_Kelsey_AND_20260707,UPSWDB1oXONhqPxz,49.03,3675,1205,,,,,,,,,
2026-07-09,IOS,dhgate_product390_UK_Purchase 30D_purchase_IAP_Kelsey_IOS_20260707,ofCAbBvdiAKdTaHs,50.01,1032,482,,,,,,,,,
2026-07-09,ANDROID,dhgate_product390_UK_Purchase 30D_purchase_IAP_Kelsey_AND_20260707,f34nleKihCgNUIbw,50.25,2626,803,,,,,,,,,
2026-07-09,IOS,dhgate_product387_US_Purchase 30D_purchase_IAP_Kelsey_IOS_20260701,dqSpxpWzr1rTkEdk,44.19,4498,244,,,,,,,,,
2026-07-09,IOS,dhgate_product386_US_Purchase 30D_purchase_IAP_Kelsey_IOS_20260630,kpNA9cC8I3HMEtHY,43.81,1056,488,,,,,,,,,
2026-07-09,ANDROID,dhgate_product386_US_Purchase 30D_purchase_IAP_Kelsey_AND_20260701,rJAl2dweZnU4qvuG,49.92,7519,589,,,,,,,,,
2026-07-09,IOS,dhgate_product385_UK_ACT&Nopay 30D_purchase_IAP_Kelsey_IOS_20260629,c0t3kucHhrc7ADQK,45.83,4017,316,,,,,,,,,
2026-07-09,IOS,dhgate_product395_T1_ACT&Nopay 30D_purchase_IAP_Kelsey_IOS_20260626,kFokWmeFrJnq8Inb,10.35,671,323,,,,,,,,,
2026-07-09,ANDROID,dhgate_product384_T1_Purchase 30D_purchase_IAP_Kelsey_AND_20260709_D7,funYq3Yvepl5ocKc,1.65,194,52,,,,,,,,,
2026-07-09,IOS,dhgate_product384_T1_Purchase 30D_purchase_IAP_Kelsey_IOS_20260709_D7,a6HoTnERdU9tuFNK,4.58,188,110,,,,,,,,,
2026-07-09,IOS,dhgate_product384_T1_ACT&Nopay 30D_purchase_IAP_Kelsey_IOS_20260627,HgoIpNDJKiz1hrzc,86.58,3571,1670,,,,,,,,,
2026-07-09,ANDROID,dhgate_product384_T1_ACT&Nopay 30D_purchase_IAP_Kelsey_AND_20260627,S76pXwyrVvtdre2B,100.73,10784,4258,,,,,,,,,
2026-07-09,IOS,dhgate_product381_US_ACT&Nopay 30D_purchase_IAP_Kelsey_IOS_20260624,koAG4uPwaNuNbSsi,96.03,10020,839,,,,,,,,,
2026-07-09,IOS,dhgate_product381_GB_ACT&Nopay 30D_purchase_IAP_Kelsey_IOS_20260707,FLkCNgAUV5GydQkp,45.61,1176,528,,,,,,,,,
2026-07-09,IOS,dhgate_product377_T1_Purchase 30D_purchase_IAP_Kelsey_IOS_20260613,ImdbSHRgpaEHQaDV,50.04,5662,386,,,,,,,,,
2026-07-09,ANDROID,dhgate_product377_T1_Purchase 30D_purchase_IAP_Kelsey_AND_20260613,jQWebXWoq2Emp98e,47.1,7762,423,,,,,,,,,
2026-07-09,ANDROID,dhgate_product375_US_Purchase 30D_purchase_IAP_Kelsey_AND_20260611,ZmROz0lvQRxsi3uG,50.04,7580,545,,,,,,,,,
2026-07-09,ANDROID,dhgate_product374_US_ACT&Nopay 30D_purchase_IAP_Kelsey_AND_20260610,lHtOeUxHZghwmdpM,47.96,14874,514,,,,,,,,,
2026-07-09,ANDROID,dhgate_product385_UK_ACT&Nopay 30D_purchase_IAP_Kelsey_AND_20260630,VzqTPrFSQDRkzKZj,48.35,6384,612,,,,,,,,,
2026-07-10,IOS,dhgate_product319_US_Purchase 30D_purchase_IAP_Kelsey_IOS_20260429,SGOG7us7fBY7c5lH,100.25,8487,653,,,,,,,,,
2026-07-10,IOS,dhgate_product326_US_ACT&Nopay 30D_purchase_IAP_Kelsey_IOS_20260506,zMf9PKJzCf4uVI7T,61.37,8504,406,,,,,,,,,
2026-07-10,ANDROID,dhgate_product337_T1_ACT&Nopay 30D_purchase_IAP_Kelsey_AND_20260513,Hi3okRpzvLX7H2oQ,50.13,19920,749,,,,,,,,,
2026-07-10,IOS,dhgate_product337_T1_ACT&Nopay 30D_purchase_IAP_Kelsey_IOS_20260513,pMbmqjxpXWy9uySH,80.33,13235,655,,,,,,,,,
2026-07-10,ANDROID,dhgate_product368_T1_Purchase 30D_purchase_IAP_Kelsey_AND_20260531,b3s2CGS3sMxfFWgV,50.08,7671,514,,,,,,,,,
2026-07-10,IOS,dhgate_product350_US_Purchase 30D_purchase_IAP_Kelsey_IOS_20260517,eZwoS7yMwcYqxbzm,45.11,4058,188,,,,,,,,,
2026-07-10,IOS,dhgate_product364_US&FR_Purchase 30D_purchase_IAP_Kelsey_IOS_20260527,qX4oco28gDbrpBri,58.08,6231,334,,,,,,,,,
2026-07-10,ANDROID,dhgate_product367_UK_Purchase 30D_purchase_IAP_Kelsey_AND_20260530,AsUotp8z2P369W1o,100.93,8081,754,,,,,,,,,
2026-07-10,IOS,dhgate_product319_CA_Purchase 30D_purchase_IAP_Kelsey_IOS_20260707,kJqgxnpe6VbEV7uj,0.04,5,2,,,,,,,,,
2026-07-10,IOS,dhgate_product340_US_Purchase 30D_purchase_IAP_Kelsey_IOS_20260516,yznk4uz7IRlNu5TH,58.85,5446,283,,,,,,,,,
2026-07-10,IOS,dhgate_product318_T1_Purchase 30D_purchase_IAP_Kelsey_IOS_20260428,mayu0PGeMJEYQhWJ,113.74,8045,660,,,,,,,,,
2026-07-10,IOS,dhgate_product314_UK_Purchase 30D_purchase_IAP_Kelsey_IOS_20260424,NmHyz3ZrSwNTmf0j,48.82,2610,251,,,,,,,,,
2026-07-10,IOS,dhgate_product317_UK_ACT&Nopay 30D_purchase_IAP_Kelsey_IOS_20260427,H9HAtL9q0yyc4Gdy,100.72,6147,645,,,,,,,,,
2026-07-10,ANDROID,dhgate_product317_UK&FR_ACT&Nopay 30D_purchase_IAP_Kelsey_AND_20260427,tDzMEZEldS4Kei0r,77.58,10225,1683,,,,,,,,,
2026-07-10,ANDROID,dhgate_product317_FR_ACT&Nopay 30D_purchase_IAP_Kelsey_AND_20260526,zbor8ujPF081oChW,116.08,11829,2145,,,,,,,,,
2026-07-10,ANDROID,dhgate_product315_UK_ACT&Nopay 30D_purchase_IAP_Kelsey_AND_20260425,bedUOEtGfoRFbmze,73.89,7099,866,,,,,,,,,
2026-07-10,ANDROID,dhgate_product148_T1_Purchase 30D_purchase_IAP_Kelsey_AND_20260415,dVlitdxzfmXStKCR,100.32,11705,1093,,,,,,,,,
2026-07-10,IOS,dhgate_product138_FR_ACT&Nopay 30D_purchase_IAP_Kelsey_IOS_20260403,zNcB24si9mbzBPed,150.66,11704,1578,,,,,,,,,
2026-07-10,IOS,dhgate_product138_ES_ACT&Nopay 30D_purchase_IAP_Kelsey_IOS_20260707,dIYXvkLe5eBbUsbF,11.95,579,187,,,,,,,,,
2026-07-10,IOS,dhgate_product137_US_Purchase 30D_purchase_IAP_Kelsey_IOS_20260402,Eo7scqEETcYxo6WH,46.02,2986,210,,,,,,,,,
2026-07-10,IOS,dhgate_dpa-ios_US_ACT&Nopay 30D_purchase_IAP_Kelsey_IOS_20260515,y55faIMh7doL5RvO,99.46,11767,315,,,,,,,,,
2026-07-10,ANDROID,dhgate_dpa-and_US_ACT&Nopay 30D_purchase_IAP_Kelsey_AND_20260511,M0ZXR7rklCeN7J9o,100.14,22694,383,,,,,,,,,
2026-07-10,IOS,dhgate_product368_T1_Purchase 30D_purchase_IAP_Kelsey_IOS_20260531,Ta2k2BeVyS7dWN4n,50.04,5978,283,,,,,,,,,
2026-07-10,ANDROID,dhgate_product317_US_ACT&Nopay 30D_purchase_IAP_Kelsey_AND_20260707,QaDmc1Cy1yXv7PUz,35.35,1900,932,,,,,,,,,
2026-07-10,IOS,dhgate_product372_T1_ACT&Nopay 30D_purchase_IAP_Kelsey_IOS_20260605,U4gzqzcEnoe3yurD,71.29,8997,769,,,,,,,,,
2026-07-10,IOS,dhgate_product396_T1_ACT&Nopay 30D_purchase_IAP_Kelsey_IOS_20260710,vcNIW6lXyB0GNsd7,7.94,606,270,,,,,,,,,
2026-07-10,ANDROID,dhgate_product374_US_ACT&Nopay 30D_purchase_IAP_Kelsey_AND_20260610,lHtOeUxHZghwmdpM,50.18,15521,507,,,,,,,,,
2026-07-10,ANDROID,dhgate_product396_T1_ACT&Nopay 30D_purchase_IAP_Kelsey_AND_20260710,PQ4WrQLOvdlsyVCF,10.1,2327,892,,,,,,,,,
2026-07-10,IOS,dhgate_product395_T1_ACT&Nopay 30D_purchase_IAP_Kelsey_IOS_20260709,kFokWmeFrJnq8Inb,38.81,2622,997,,,,,,,,,
2026-07-10,ANDROID,dhgate_product374_GB_ACT&Nopay 30D_purchase_IAP_Kelsey_AND_20260707,OSGTJR6hG0un7jPR,35.53,1803,618,,,,,,,,,
2026-07-10,IOS,dhgate_product394_UK_ACT&Nopay 30D_purchase_IAP_Kelsey_IOS_20260708,wG2ZMunTwwH1zgZJ,47.93,1184,544,,,,,,,,,
2026-07-10,ANDROID,dhgate_product394_UK_ACT&Nopay 30D_purchase_IAP_Kelsey_AND_20260708,R2w3HgOjXxczhMlu,50.44,2697,892,,,,,,,,,
2026-07-10,IOS,dhgate_product392_UK_ACT&Nopay 30D_purchase_IAP_Kelsey_IOS_20260707,q0zvJvGLyJwL5848,42.91,994,511,,,,,,,,,
2026-07-10,ANDROID,dhgate_product392_UK_ACT&Nopay 30D_purchase_IAP_Kelsey_AND_20260707,UPSWDB1oXONhqPxz,38.4,2812,934,,,,,,,,,
2026-07-10,IOS,dhgate_product390_UK_Purchase 30D_purchase_IAP_Kelsey_IOS_20260707,ofCAbBvdiAKdTaHs,50.34,1126,493,,,,,,,,,
2026-07-10,ANDROID,dhgate_product390_UK_Purchase 30D_purchase_IAP_Kelsey_AND_20260707,f34nleKihCgNUIbw,43.67,1794,597,,,,,,,,,
2026-07-10,IOS,dhgate_product387_US_Purchase 30D_purchase_IAP_Kelsey_IOS_20260701,dqSpxpWzr1rTkEdk,40.97,3501,196,,,,,,,,,
2026-07-10,IOS,dhgate_product386_US_Purchase 30D_purchase_IAP_Kelsey_IOS_20260630,kpNA9cC8I3HMEtHY,46.96,1230,447,,,,,,,,,
2026-07-10,ANDROID,dhgate_product395_T1_ACT&Nopay 30D_purchase_IAP_Kelsey_AND_20260709,Ay3645qgnDxTnMnY,44.44,9930,3466,,,,,,,,,
2026-07-10,IOS,dhgate_product385_UK_ACT&Nopay 30D_purchase_IAP_Kelsey_IOS_20260629,c0t3kucHhrc7ADQK,33.43,2645,236,,,,,,,,,
2026-07-10,ANDROID,dhgate_product386_US_Purchase 30D_purchase_IAP_Kelsey_AND_20260701,rJAl2dweZnU4qvuG,60.82,8425,607,,,,,,,,,
2026-07-10,ANDROID,dhgate_product375_US_Purchase 30D_purchase_IAP_Kelsey_AND_20260611,ZmROz0lvQRxsi3uG,37.0,5811,344,,,,,,,,,
2026-07-10,IOS,dhgate_product377_T1_Purchase 30D_purchase_IAP_Kelsey_IOS_20260613,ImdbSHRgpaEHQaDV,34.91,3657,211,,,,,,,,,
2026-07-10,IOS,dhgate_product381_GB_ACT&Nopay 30D_purchase_IAP_Kelsey_IOS_20260707,FLkCNgAUV5GydQkp,36.01,870,384,,,,,,,,,
2026-07-10,IOS,dhgate_product381_US_ACT&Nopay 30D_purchase_IAP_Kelsey_IOS_20260624,koAG4uPwaNuNbSsi,106.75,9605,874,,,,,,,,,
2026-07-10,ANDROID,dhgate_product377_T1_Purchase 30D_purchase_IAP_Kelsey_AND_20260613,jQWebXWoq2Emp98e,38.38,5198,386,,,,,,,,,
2026-07-10,IOS,dhgate_product384_T1_ACT&Nopay 30D_purchase_IAP_Kelsey_IOS_20260627,HgoIpNDJKiz1hrzc,89.25,3770,1525,,,,,,,,,
2026-07-10,IOS,dhgate_product384_T1_Purchase 30D_purchase_IAP_Kelsey_IOS_20260709_D7,a6HoTnERdU9tuFNK,36.03,1272,640,,,,,,,,,
2026-07-10,ANDROID,dhgate_product384_T1_Purchase 30D_purchase_IAP_Kelsey_AND_20260709_D7,funYq3Yvepl5ocKc,46.88,3722,1209,,,,,,,,,
2026-07-10,ANDROID,dhgate_product385_UK_ACT&Nopay 30D_purchase_IAP_Kelsey_AND_20260630,VzqTPrFSQDRkzKZj,67.4,7897,838,,,,,,,,,
2026-07-10,ANDROID,dhgate_product384_T1_ACT&Nopay 30D_purchase_IAP_Kelsey_AND_20260627,S76pXwyrVvtdre2B,93.85,10564,3563,,,,,,,,,
2026-07-11,IOS,dhgate_product317_UK_ACT&Nopay 30D_purchase_IAP_Kelsey_IOS_20260427,H9HAtL9q0yyc4Gdy,99.65,5880,572,,,,,,,,,
2026-07-11,IOS,dhgate_product337_T1_ACT&Nopay 30D_purchase_IAP_Kelsey_IOS_20260513,pMbmqjxpXWy9uySH,50.1,9831,314,,,,,,,,,
2026-07-11,ANDROID,dhgate_product337_T1_ACT&Nopay 30D_purchase_IAP_Kelsey_AND_20260513,Hi3okRpzvLX7H2oQ,50.05,18955,667,,,,,,,,,
2026-07-11,IOS,dhgate_product326_US_ACT&Nopay 30D_purchase_IAP_Kelsey_IOS_20260506,zMf9PKJzCf4uVI7T,96.01,9615,687,,,,,,,,,
2026-07-11,IOS,dhgate_product319_US_Purchase 30D_purchase_IAP_Kelsey_IOS_20260429,SGOG7us7fBY7c5lH,100.57,7862,746,,,,,,,,,
2026-07-11,IOS,dhgate_product319_CA_Purchase 30D_purchase_IAP_Kelsey_IOS_20260707,kJqgxnpe6VbEV7uj,0.51,34,13,,,,,,,,,
2026-07-11,IOS,dhgate_product318_T1_Purchase 30D_purchase_IAP_Kelsey_IOS_20260428,mayu0PGeMJEYQhWJ,144.25,10004,1037,,,,,,,,,
2026-07-11,ANDROID,dhgate_product317_UK&FR_ACT&Nopay 30D_purchase_IAP_Kelsey_AND_20260427,tDzMEZEldS4Kei0r,50.29,8082,1072,,,,,,,,,
2026-07-11,IOS,dhgate_product138_ES_ACT&Nopay 30D_purchase_IAP_Kelsey_IOS_20260707,dIYXvkLe5eBbUsbF,42.93,1717,465,,,,,,,,,
2026-07-11,ANDROID,dhgate_product315_UK_ACT&Nopay 30D_purchase_IAP_Kelsey_AND_20260425,bedUOEtGfoRFbmze,50.39,6179,555,,,,,,,,,
2026-07-11,IOS,dhgate_product314_UK_Purchase 30D_purchase_IAP_Kelsey_IOS_20260424,NmHyz3ZrSwNTmf0j,50.22,2462,285,,,,,,,,,
2026-07-11,ANDROID,dhgate_product148_T1_Purchase 30D_purchase_IAP_Kelsey_AND_20260415,dVlitdxzfmXStKCR,97.93,11125,1069,,,,,,,,,
2026-07-11,IOS,dhgate_product138_FR_ACT&Nopay 30D_purchase_IAP_Kelsey_IOS_20260403,zNcB24si9mbzBPed,150.68,13069,1565,,,,,,,,,
2026-07-11,IOS,dhgate_product137_US_Purchase 30D_purchase_IAP_Kelsey_IOS_20260402,Eo7scqEETcYxo6WH,39.29,2514,173,,,,,,,,,
2026-07-11,IOS,dhgate_dpa-ios_US_ACT&Nopay 30D_purchase_IAP_Kelsey_IOS_20260515,y55faIMh7doL5RvO,97.78,9849,250,,,,,,,,,
2026-07-11,ANDROID,dhgate_dpa-and_US_ACT&Nopay 30D_purchase_IAP_Kelsey_AND_20260511,M0ZXR7rklCeN7J9o,94.72,21403,418,,,,,,,,,
2026-07-11,IOS,dhgate_product350_US_Purchase 30D_purchase_IAP_Kelsey_IOS_20260517,eZwoS7yMwcYqxbzm,46.99,3606,206,,,,,,,,,
2026-07-11,ANDROID,dhgate_product317_FR_ACT&Nopay 30D_purchase_IAP_Kelsey_AND_20260526,zbor8ujPF081oChW,150.43,13480,2831,,,,,,,,,
2026-07-11,IOS,dhgate_product364_US&FR_Purchase 30D_purchase_IAP_Kelsey_IOS_20260527,qX4oco28gDbrpBri,96.39,7258,614,,,,,,,,,
2026-07-11,IOS,dhgate_product340_US_Purchase 30D_purchase_IAP_Kelsey_IOS_20260516,yznk4uz7IRlNu5TH,93.16,6058,462,,,,,,,,,
2026-07-11,ANDROID,dhgate_product368_T1_Purchase 30D_purchase_IAP_Kelsey_AND_20260531,b3s2CGS3sMxfFWgV,50.55,7671,506,,,,,,,,,
2026-07-11,IOS,dhgate_product396_T1_ACT&Nopay 30D_purchase_IAP_Kelsey_IOS_20260710,vcNIW6lXyB0GNsd7,43.36,2713,1155,,,,,,,,,
2026-07-11,ANDROID,dhgate_product396_T1_ACT&Nopay 30D_purchase_IAP_Kelsey_AND_20260710,PQ4WrQLOvdlsyVCF,50.33,8349,2994,,,,,,,,,
2026-07-11,IOS,dhgate_product395_T1_ACT&Nopay 30D_purchase_IAP_Kelsey_IOS_20260709,kFokWmeFrJnq8Inb,45.78,2551,1205,,,,,,,,,
2026-07-11,ANDROID,dhgate_product395_T1_ACT&Nopay 30D_purchase_IAP_Kelsey_AND_20260709,Ay3645qgnDxTnMnY,50.15,5848,2522,,,,,,,,,
2026-07-11,IOS,dhgate_product394_UK_ACT&Nopay 30D_purchase_IAP_Kelsey_IOS_20260708,wG2ZMunTwwH1zgZJ,44.12,1608,509,,,,,,,,,
2026-07-11,ANDROID,dhgate_product394_UK_ACT&Nopay 30D_purchase_IAP_Kelsey_AND_20260708,R2w3HgOjXxczhMlu,50.33,2295,945,,,,,,,,,
2026-07-11,IOS,dhgate_product386_US_Purchase 30D_purchase_IAP_Kelsey_IOS_20260630,kpNA9cC8I3HMEtHY,85.97,1999,714,,,,,,,,,
2026-07-11,ANDROID,dhgate_product386_US_Purchase 30D_purchase_IAP_Kelsey_AND_20260701,rJAl2dweZnU4qvuG,99.1,11098,967,,,,,,,,,
2026-07-11,ANDROID,dhgate_product385_UK_ACT&Nopay 30D_purchase_IAP_Kelsey_AND_20260630,VzqTPrFSQDRkzKZj,96.98,9948,1192,,,,,,,,,
2026-07-11,IOS,dhgate_product390_UK_Purchase 30D_purchase_IAP_Kelsey_IOS_20260707,ofCAbBvdiAKdTaHs,47.3,3490,275,,,,,,,,,
2026-07-11,IOS,dhgate_product384_T1_Purchase 30D_purchase_IAP_Kelsey_IOS_20260709_D7,a6HoTnERdU9tuFNK,45.94,1515,800,,,,,,,,,
2026-07-11,IOS,dhgate_product384_T1_ACT&Nopay 30D_purchase_IAP_Kelsey_IOS_20260627,HgoIpNDJKiz1hrzc,86.74,2999,1482,,,,,,,,,
2026-07-11,ANDROID,dhgate_product384_T1_ACT&Nopay 30D_purchase_IAP_Kelsey_AND_20260627,S76pXwyrVvtdre2B,100.4,22371,2264,,,,,,,,,
2026-07-11,IOS,dhgate_product381_US_ACT&Nopay 30D_purchase_IAP_Kelsey_IOS_20260624,koAG4uPwaNuNbSsi,143.78,10698,1182,,,,,,,,,
2026-07-11,ANDROID,dhgate_product374_US_ACT&Nopay 30D_purchase_IAP_Kelsey_AND_20260610,lHtOeUxHZghwmdpM,50.16,15871,509,,,,,,,,,
2026-07-11,IOS,dhgate_product372_T1_ACT&Nopay 30D_purchase_IAP_Kelsey_IOS_20260605,U4gzqzcEnoe3yurD,50.16,7507,472,,,,,,,,,
2026-07-11,IOS,dhgate_product368_T1_Purchase 30D_purchase_IAP_Kelsey_IOS_20260531,Ta2k2BeVyS7dWN4n,48.97,5885,351,,,,,,,,,
2026-07-11,ANDROID,dhgate_product384_T1_Purchase 30D_purchase_IAP_Kelsey_AND_20260709_D7,funYq3Yvepl5ocKc,50.36,3242,1163,,,,,,,,,
2026-07-11,ANDROID,dhgate_product367_UK_Purchase 30D_purchase_IAP_Kelsey_AND_20260530,AsUotp8z2P369W1o,100.39,7169,712,,,,,,,,,
2026-07-12,IOS,dhgate_product318_T1_Purchase 30D_purchase_IAP_Kelsey_IOS_20260428,mayu0PGeMJEYQhWJ,150.4,11827,1109,,,,,,,,,
2026-07-12,IOS,dhgate_product319_CA_Purchase 30D_purchase_IAP_Kelsey_IOS_20260707,kJqgxnpe6VbEV7uj,0.9,48,21,,,,,,,,,
2026-07-12,IOS,dhgate_product337_T1_ACT&Nopay 30D_purchase_IAP_Kelsey_IOS_20260513,pMbmqjxpXWy9uySH,46.28,11537,286,,,,,,,,,
2026-07-12,IOS,dhgate_product326_US_ACT&Nopay 30D_purchase_IAP_Kelsey_IOS_20260506,zMf9PKJzCf4uVI7T,100.41,11526,634,,,,,,,,,
2026-07-12,ANDROID,dhgate_product337_T1_ACT&Nopay 30D_purchase_IAP_Kelsey_AND_20260513,Hi3okRpzvLX7H2oQ,48.66,19627,686,,,,,,,,,
2026-07-12,IOS,dhgate_product317_UK_ACT&Nopay 30D_purchase_IAP_Kelsey_IOS_20260427,H9HAtL9q0yyc4Gdy,99.98,5883,702,,,,,,,,,
2026-07-12,IOS,dhgate_product319_US_Purchase 30D_purchase_IAP_Kelsey_IOS_20260429,SGOG7us7fBY7c5lH,100.17,9159,697,,,,,,,,,
2026-07-12,ANDROID,dhgate_product317_UK&FR_ACT&Nopay 30D_purchase_IAP_Kelsey_AND_20260427,tDzMEZEldS4Kei0r,47.8,8267,998,,,,,,,,,
2026-07-12,ANDROID,dhgate_dpa-and_US_ACT&Nopay 30D_purchase_IAP_Kelsey_AND_20260511,M0ZXR7rklCeN7J9o,95.93,23102,367,,,,,,,,,
2026-07-12,ANDROID,dhgate_product315_UK_ACT&Nopay 30D_purchase_IAP_Kelsey_AND_20260425,bedUOEtGfoRFbmze,50.62,6450,734,,,,,,,,,
2026-07-12,IOS,dhgate_product314_UK_Purchase 30D_purchase_IAP_Kelsey_IOS_20260424,NmHyz3ZrSwNTmf0j,47.49,2215,293,,,,,,,,,
2026-07-12,ANDROID,dhgate_product148_T1_Purchase 30D_purchase_IAP_Kelsey_AND_20260415,dVlitdxzfmXStKCR,100.22,11645,1227,,,,,,,,,
2026-07-12,IOS,dhgate_product138_FR_ACT&Nopay 30D_purchase_IAP_Kelsey_IOS_20260403,zNcB24si9mbzBPed,150.78,16337,1702,,,,,,,,,
2026-07-12,IOS,dhgate_product138_ES_ACT&Nopay 30D_purchase_IAP_Kelsey_IOS_20260707,dIYXvkLe5eBbUsbF,49.74,1967,552,,,,,,,,,
2026-07-12,IOS,dhgate_product137_US_Purchase 30D_purchase_IAP_Kelsey_IOS_20260402,Eo7scqEETcYxo6WH,50.06,3479,222,,,,,,,,,
2026-07-12,IOS,dhgate_dpa-ios_US_ACT&Nopay 30D_purchase_IAP_Kelsey_IOS_20260515,y55faIMh7doL5RvO,100.42,11344,250,,,,,,,,,
2026-07-12,IOS,dhgate_product340_US_Purchase 30D_purchase_IAP_Kelsey_IOS_20260516,yznk4uz7IRlNu5TH,100.57,7797,459,,,,,,,,,
2026-07-12,ANDROID,dhgate_product317_FR_ACT&Nopay 30D_purchase_IAP_Kelsey_AND_20260526,zbor8ujPF081oChW,150.67,13839,2830,,,,,,,,,
2026-07-12,IOS,dhgate_product350_US_Purchase 30D_purchase_IAP_Kelsey_IOS_20260517,eZwoS7yMwcYqxbzm,50.13,4349,235,,,,,,,,,
2026-07-12,IOS,dhgate_product364_US&FR_Purchase 30D_purchase_IAP_Kelsey_IOS_20260527,qX4oco28gDbrpBri,100.44,9033,616,,,,,,,,,
2026-07-12,ANDROID,dhgate_product384_T1_Purchase 30D_purchase_IAP_Kelsey_AND_20260709_D7,funYq3Yvepl5ocKc,49.52,3194,1239,,,,,,,,,
2026-07-12,ANDROID,dhgate_product367_UK_Purchase 30D_purchase_IAP_Kelsey_AND_20260530,AsUotp8z2P369W1o,100.35,6852,823,,,,,,,,,
2026-07-12,ANDROID,dhgate_product398_T1_ACT&Nopay 30D_purchase_IAP_Kelsey_AND_20260712,MAiS0xm3ashcD2k1,14.18,3741,1451,,,,,,,,,
2026-07-12,IOS,dhgate_product396_T1_ACT&Nopay 30D_purchase_IAP_Kelsey_IOS_20260710,vcNIW6lXyB0GNsd7,43.55,2682,1172,,,,,,,,,
2026-07-12,ANDROID,dhgate_product396_T1_ACT&Nopay 30D_purchase_IAP_Kelsey_AND_20260710,PQ4WrQLOvdlsyVCF,43.56,6050,2443,,,,,,,,,
2026-07-12,IOS,dhgate_product395_T1_ACT&Nopay 30D_purchase_IAP_Kelsey_IOS_20260709,kFokWmeFrJnq8Inb,27.29,1766,837,,,,,,,,,
2026-07-12,ANDROID,dhgate_product395_T1_ACT&Nopay 30D_purchase_IAP_Kelsey_AND_20260709,Ay3645qgnDxTnMnY,41.32,5204,2142,,,,,,,,,
2026-07-12,ANDROID,dhgate_product394_UK_ACT&Nopay 30D_purchase_IAP_Kelsey_AND_20260708,R2w3HgOjXxczhMlu,39.61,1835,899,,,,,,,,,
2026-07-12,IOS,dhgate_product390_UK_Purchase 30D_purchase_IAP_Kelsey_IOS_20260707,ofCAbBvdiAKdTaHs,48.15,2998,328,,,,,,,,,
2026-07-12,IOS,dhgate_product386_US_Purchase 30D_purchase_IAP_Kelsey_IOS_20260630,kpNA9cC8I3HMEtHY,61.12,1353,528,,,,,,,,,
2026-07-12,IOS,dhgate_product394_UK_ACT&Nopay 30D_purchase_IAP_Kelsey_IOS_20260708,wG2ZMunTwwH1zgZJ,47.59,4363,367,,,,,,,,,
2026-07-12,ANDROID,dhgate_product385_UK_ACT&Nopay 30D_purchase_IAP_Kelsey_AND_20260630,VzqTPrFSQDRkzKZj,100.7,9954,1298,,,,,,,,,
2026-07-12,ANDROID,dhgate_product386_US_Purchase 30D_purchase_IAP_Kelsey_AND_20260701,rJAl2dweZnU4qvuG,98.93,11632,992,,,,,,,,,
2026-07-12,IOS,dhgate_product368_T1_Purchase 30D_purchase_IAP_Kelsey_IOS_20260531,Ta2k2BeVyS7dWN4n,50.2,6297,370,,,,,,,,,
2026-07-12,IOS,dhgate_product372_T1_ACT&Nopay 30D_purchase_IAP_Kelsey_IOS_20260605,U4gzqzcEnoe3yurD,50.09,9994,550,,,,,,,,,
2026-07-12,ANDROID,dhgate_product374_US_ACT&Nopay 30D_purchase_IAP_Kelsey_AND_20260610,lHtOeUxHZghwmdpM,50.04,16019,499,,,,,,,,,
2026-07-12,ANDROID,dhgate_product368_T1_Purchase 30D_purchase_IAP_Kelsey_AND_20260531,b3s2CGS3sMxfFWgV,50.22,7608,516,,,,,,,,,
2026-07-12,ANDROID,dhgate_product384_T1_ACT&Nopay 30D_purchase_IAP_Kelsey_AND_20260627,S76pXwyrVvtdre2B,100.49,23704,2303,,,,,,,,,
2026-07-12,IOS,dhgate_product384_T1_ACT&Nopay 30D_purchase_IAP_Kelsey_IOS_20260627,HgoIpNDJKiz1hrzc,78.08,2828,1427,,,,,,,,,
2026-07-12,IOS,dhgate_product384_T1_Purchase 30D_purchase_IAP_Kelsey_IOS_20260709_D7,a6HoTnERdU9tuFNK,50.71,1870,678,,,,,,,,,
2026-07-12,IOS,dhgate_product381_US_ACT&Nopay 30D_purchase_IAP_Kelsey_IOS_20260624,koAG4uPwaNuNbSsi,150.46,12874,1059,,,,,,,,,
2026-07-13,IOS,dhgate_product318_T1_Purchase 30D_purchase_IAP_Kelsey_IOS_20260428,mayu0PGeMJEYQhWJ,110.7,8093,716,,,,,,,,,
2026-07-13,IOS,dhgate_product350_US_Purchase 30D_purchase_IAP_Kelsey_IOS_20260517,eZwoS7yMwcYqxbzm,48.14,3911,242,,,,,,,,,
2026-07-13,IOS,dhgate_product340_US_Purchase 30D_purchase_IAP_Kelsey_IOS_20260516,yznk4uz7IRlNu5TH,100.65,7262,482,,,,,,,,,
2026-07-13,IOS,dhgate_product337_T1_ACT&Nopay 30D_purchase_IAP_Kelsey_IOS_20260513,pMbmqjxpXWy9uySH,49.36,11931,340,,,,,,,,,
2026-07-13,ANDROID,dhgate_product337_T1_ACT&Nopay 30D_purchase_IAP_Kelsey_AND_20260513,Hi3okRpzvLX7H2oQ,50.16,15554,829,,,,,,,,,
2026-07-13,IOS,dhgate_product326_US_ACT&Nopay 30D_purchase_IAP_Kelsey_IOS_20260506,zMf9PKJzCf4uVI7T,100.16,11378,746,,,,,,,,,
2026-07-13,IOS,dhgate_product319_US_Purchase 30D_purchase_IAP_Kelsey_IOS_20260429,SGOG7us7fBY7c5lH,120.26,10480,758,,,,,,,,,
2026-07-13,IOS,dhgate_product319_CA_Purchase 30D_purchase_IAP_Kelsey_IOS_20260707,kJqgxnpe6VbEV7uj,2.73,93,45,,,,,,,,,
2026-07-13,IOS,dhgate_product317_UK_ACT&Nopay 30D_purchase_IAP_Kelsey_IOS_20260427,H9HAtL9q0yyc4Gdy,65.83,3855,421,,,,,,,,,
2026-07-13,IOS,dhgate_product364_US&FR_Purchase 30D_purchase_IAP_Kelsey_IOS_20260527,qX4oco28gDbrpBri,100.19,8122,588,,,,,,,,,
2026-07-13,ANDROID,dhgate_product317_FR_ACT&Nopay 30D_purchase_IAP_Kelsey_AND_20260526,zbor8ujPF081oChW,100.43,9518,1930,,,,,,,,,
2026-07-13,ANDROID,dhgate_product315_UK_ACT&Nopay 30D_purchase_IAP_Kelsey_AND_20260425,bedUOEtGfoRFbmze,50.28,5310,700,,,,,,,,,
2026-07-13,IOS,dhgate_product314_UK_Purchase 30D_purchase_IAP_Kelsey_IOS_20260424,NmHyz3ZrSwNTmf0j,58.09,2468,312,,,,,,,,,
2026-07-13,ANDROID,dhgate_product148_T1_Purchase 30D_purchase_IAP_Kelsey_AND_20260415,dVlitdxzfmXStKCR,100.31,10127,1163,,,,,,,,,
2026-07-13,IOS,dhgate_product138_FR_ACT&Nopay 30D_purchase_IAP_Kelsey_IOS_20260403,zNcB24si9mbzBPed,100.46,12153,1016,,,,,,,,,
2026-07-13,IOS,dhgate_product138_ES_ACT&Nopay 30D_purchase_IAP_Kelsey_IOS_20260707,dIYXvkLe5eBbUsbF,23.21,727,215,,,,,,,,,
2026-07-13,IOS,dhgate_product137_US_Purchase 30D_purchase_IAP_Kelsey_IOS_20260402,Eo7scqEETcYxo6WH,56.84,3676,293,,,,,,,,,
2026-07-13,IOS,dhgate_dpa-ios_US_ACT&Nopay 30D_purchase_IAP_Kelsey_IOS_20260515,y55faIMh7doL5RvO,100.09,11238,290,,,,,,,,,
2026-07-13,ANDROID,dhgate_dpa-and_US_ACT&Nopay 30D_purchase_IAP_Kelsey_AND_20260511,M0ZXR7rklCeN7J9o,98.93,20691,326,,,,,,,,,
2026-07-13,ANDROID,dhgate_product317_UK&FR_ACT&Nopay 30D_purchase_IAP_Kelsey_AND_20260427,tDzMEZEldS4Kei0r,50.11,7984,1037,,,,,,,,,
2026-07-13,ANDROID,dhgate_product367_UK_Purchase 30D_purchase_IAP_Kelsey_AND_20260530,AsUotp8z2P369W1o,100.54,6950,849,,,,,,,,,
2026-07-13,ANDROID,dhgate_product368_T1_Purchase 30D_purchase_IAP_Kelsey_AND_20260531,b3s2CGS3sMxfFWgV,60.27,7869,619,,,,,,,,,
2026-07-13,IOS,dhgate_product368_T1_Purchase 30D_purchase_IAP_Kelsey_IOS_20260531,Ta2k2BeVyS7dWN4n,50.19,6523,335,,,,,,,,,
2026-07-13,IOS,dhgate_product403_US_Purchase 30D_purchse_IAP_Kelsey_IOS_20260713,OLvDIbZvBDJIzHMD,6.55,183,69,,,,,,,,,
2026-07-13,ANDROID,dhgate_product398_T1_ACT&Nopay 30D_purchase_IAP_Kelsey_AND_20260712,MAiS0xm3ashcD2k1,46.48,13337,3347,,,,,,,,,
2026-07-13,IOS,dhgate_product396_T1_ACT&Nopay 30D_purchase_IAP_Kelsey_IOS_20260710,vcNIW6lXyB0GNsd7,43.56,4544,928,,,,,,,,,
2026-07-13,ANDROID,dhgate_product396_T1_ACT&Nopay 30D_purchase_IAP_Kelsey_AND_20260710,PQ4WrQLOvdlsyVCF,42.73,5459,2423,,,,,,,,,
2026-07-13,IOS,dhgate_product395_T1_ACT&Nopay 30D_purchase_IAP_Kelsey_IOS_20260709,kFokWmeFrJnq8Inb,27.57,1838,719,,,,,,,,,
2026-07-13,ANDROID,dhgate_product395_T1_ACT&Nopay 30D_purchase_IAP_Kelsey_AND_20260709,Ay3645qgnDxTnMnY,34.14,5754,1928,,,,,,,,,
2026-07-13,IOS,dhgate_product394_UK_ACT&Nopay 30D_purchase_IAP_Kelsey_IOS_20260708,wG2ZMunTwwH1zgZJ,34.75,2859,300,,,,,,,,,
2026-07-13,ANDROID,dhgate_product394_UK_ACT&Nopay 30D_purchase_IAP_Kelsey_AND_20260708,R2w3HgOjXxczhMlu,22.68,1201,592,,,,,,,,,
2026-07-13,IOS,dhgate_product390_UK_Purchase 30D_purchase_IAP_Kelsey_IOS_20260707,ofCAbBvdiAKdTaHs,42.29,2741,276,,,,,,,,,
2026-07-13,ANDROID,dhgate_product403_US_Purchase 30D_purchse_IAP_Kelsey_AND_20260713,bgYcroQHZYVRMl2B,5.03,478,65,,,,,,,,,
2026-07-13,ANDROID,dhgate_product386_US_Purchase 30D_purchase_IAP_Kelsey_AND_20260701,rJAl2dweZnU4qvuG,96.35,10014,1045,,,,,,,,,
2026-07-13,ANDROID,dhgate_product385_UK_ACT&Nopay 30D_purchase_IAP_Kelsey_AND_20260630,VzqTPrFSQDRkzKZj,66.38,5986,917,,,,,,,,,
2026-07-13,ANDROID,dhgate_product384_T1_Purchase 30D_purchase_IAP_Kelsey_AND_20260709_D7,funYq3Yvepl5ocKc,51.05,3684,1019,,,,,,,,,
2026-07-13,IOS,dhgate_product384_T1_Purchase 30D_purchase_IAP_Kelsey_IOS_20260709_D7,a6HoTnERdU9tuFNK,50.15,4488,485,,,,,,,,,
2026-07-13,IOS,dhgate_product384_T1_ACT&Nopay 30D_purchase_IAP_Kelsey_IOS_20260627,HgoIpNDJKiz1hrzc,84.59,3240,1366,,,,,,,,,
2026-07-13,ANDROID,dhgate_product384_T1_ACT&Nopay 30D_purchase_IAP_Kelsey_AND_20260627,S76pXwyrVvtdre2B,97.1,20789,2105,,,,,,,,,
2026-07-13,IOS,dhgate_product381_US_ACT&Nopay 30D_purchase_IAP_Kelsey_IOS_20260624,koAG4uPwaNuNbSsi,150.31,12085,1167,,,,,,,,,
2026-07-13,ANDROID,dhgate_product374_US_ACT&Nopay 30D_purchase_IAP_Kelsey_AND_20260610,lHtOeUxHZghwmdpM,50.1,13069,585,,,,,,,,,
2026-07-13,IOS,dhgate_product372_T1_ACT&Nopay 30D_purchase_IAP_Kelsey_IOS_20260605,U4gzqzcEnoe3yurD,50.14,10367,435,,,,,,,,,
2026-07-13,IOS,dhgate_product386_US_Purchase 30D_purchase_IAP_Kelsey_IOS_20260630,kpNA9cC8I3HMEtHY,87.32,2134,811,,,,,,,,,
2026-07-14,IOS,dhgate_product318_T1_Purchase 30D_purchase_IAP_Kelsey_IOS_20260428,mayu0PGeMJEYQhWJ,70.04,7536,475,,,,,,,,,
2026-07-14,IOS,dhgate_product319_CA_Purchase 30D_purchase_IAP_Kelsey_IOS_20260707,kJqgxnpe6VbEV7uj,5.75,147,64,,,,,,,,,
2026-07-14,IOS,dhgate_product337_T1_ACT&Nopay 30D_purchase_IAP_Kelsey_IOS_20260513,pMbmqjxpXWy9uySH,36.57,8328,217,,,,,,,,,
2026-07-14,IOS,dhgate_product326_US_ACT&Nopay 30D_purchase_IAP_Kelsey_IOS_20260506,zMf9PKJzCf4uVI7T,83.02,9350,520,,,,,,,,,
2026-07-14,ANDROID,dhgate_product337_T1_ACT&Nopay 30D_purchase_IAP_Kelsey_AND_20260513,Hi3okRpzvLX7H2oQ,33.44,11557,499,,,,,,,,,
2026-07-14,IOS,dhgate_product317_UK_ACT&Nopay 30D_purchase_IAP_Kelsey_IOS_20260427,H9HAtL9q0yyc4Gdy,39.53,3578,270,,,,,,,,,
2026-07-14,IOS,dhgate_product319_US_Purchase 30D_purchase_IAP_Kelsey_IOS_20260429,SGOG7us7fBY7c5lH,105.13,9455,804,,,,,,,,,
2026-07-14,ANDROID,dhgate_product317_UK&FR_ACT&Nopay 30D_purchase_IAP_Kelsey_AND_20260427,tDzMEZEldS4Kei0r,35.57,6069,846,,,,,,,,,
2026-07-14,IOS,dhgate_product138_FR_ACT&Nopay 30D_purchase_IAP_Kelsey_IOS_20260403,zNcB24si9mbzBPed,80.85,12972,794,,,,,,,,,
2026-07-14,ANDROID,dhgate_product315_UK_ACT&Nopay 30D_purchase_IAP_Kelsey_AND_20260425,bedUOEtGfoRFbmze,39.75,4958,573,,,,,,,,,
2026-07-14,IOS,dhgate_product314_UK_Purchase 30D_purchase_IAP_Kelsey_IOS_20260424,NmHyz3ZrSwNTmf0j,68.91,3164,385,,,,,,,,,
2026-07-14,ANDROID,dhgate_product148_T1_Purchase 30D_purchase_IAP_Kelsey_AND_20260415,dVlitdxzfmXStKCR,77.32,6961,937,,,,,,,,,
2026-07-14,IOS,dhgate_product137_US_Purchase 30D_purchase_IAP_Kelsey_IOS_20260402,Eo7scqEETcYxo6WH,78.74,3735,325,,,,,,,,,
2026-07-14,IOS,dhgate_dpa-ios_US_ACT&Nopay 30D_purchase_IAP_Kelsey_IOS_20260515,y55faIMh7doL5RvO,80.9,8973,218,,,,,,,,,
2026-07-14,ANDROID,dhgate_dpa-and_US_ACT&Nopay 30D_purchase_IAP_Kelsey_AND_20260511,M0ZXR7rklCeN7J9o,75.74,17157,271,,,,,,,,,
2026-07-14,IOS,dhgate_product340_US_Purchase 30D_purchase_IAP_Kelsey_IOS_20260516,yznk4uz7IRlNu5TH,82.64,5953,330,,,,,,,,,
2026-07-14,ANDROID,dhgate_product317_FR_ACT&Nopay 30D_purchase_IAP_Kelsey_AND_20260526,zbor8ujPF081oChW,66.81,7805,1398,,,,,,,,,
2026-07-14,IOS,dhgate_product350_US_Purchase 30D_purchase_IAP_Kelsey_IOS_20260517,eZwoS7yMwcYqxbzm,37.14,2973,128,,,,,,,,,
2026-07-14,IOS,dhgate_product364_US&FR_Purchase 30D_purchase_IAP_Kelsey_IOS_20260527,qX4oco28gDbrpBri,81.9,7056,371,,,,,,,,,
2026-07-14,ANDROID,dhgate_product367_UK_Purchase 30D_purchase_IAP_Kelsey_AND_20260530,AsUotp8z2P369W1o,70.85,4793,578,,,,,,,,,
2026-07-14,IOS,dhgate_product403_US_Purchase 30D_purchse_IAP_Kelsey_IOS_20260713,OLvDIbZvBDJIzHMD,27.38,745,274,,,,,,,,,
2026-07-14,ANDROID,dhgate_product403_US_Purchase 30D_purchse_IAP_Kelsey_AND_20260713,bgYcroQHZYVRMl2B,41.31,2861,413,,,,,,,,,
2026-07-14,ANDROID,dhgate_product398_T1_ACT&Nopay 30D_purchase_IAP_Kelsey_AND_20260712,MAiS0xm3ashcD2k1,37.92,7510,2547,,,,,,,,,
2026-07-14,IOS,dhgate_product396_T1_ACT&Nopay 30D_purchase_IAP_Kelsey_IOS_20260710,vcNIW6lXyB0GNsd7,32.38,7842,324,,,,,,,,,
2026-07-14,ANDROID,dhgate_product396_T1_ACT&Nopay 30D_purchase_IAP_Kelsey_AND_20260710,PQ4WrQLOvdlsyVCF,35.23,5445,1893,,,,,,,,,
2026-07-14,IOS,dhgate_product386_US_Purchase 30D_purchase_IAP_Kelsey_IOS_20260630,kpNA9cC8I3HMEtHY,109.83,2461,885,,,,,,,,,
2026-07-14,ANDROID,dhgate_product386_US_Purchase 30D_purchase_IAP_Kelsey_AND_20260701,rJAl2dweZnU4qvuG,70.92,7173,741,,,,,,,,,
2026-07-14,ANDROID,dhgate_product385_UK_ACT&Nopay 30D_purchase_IAP_Kelsey_AND_20260630,VzqTPrFSQDRkzKZj,36.61,4754,539,,,,,,,,,
2026-07-14,IOS,dhgate_product390_UK_Purchase 30D_purchase_IAP_Kelsey_IOS_20260707,ofCAbBvdiAKdTaHs,33.11,2415,234,,,,,,,,,
2026-07-14,IOS,dhgate_product384_T1_Purchase 30D_purchase_IAP_Kelsey_IOS_20260709_D7,a6HoTnERdU9tuFNK,34.42,3795,359,,,,,,,,,
2026-07-14,ANDROID,dhgate_product384_T1_Purchase 30D_purchase_IAP_Kelsey_AND_20260709_D7,funYq3Yvepl5ocKc,45.88,4617,618,,,,,,,,,
2026-07-14,IOS,dhgate_product368_T1_Purchase 30D_purchase_IAP_Kelsey_IOS_20260531,Ta2k2BeVyS7dWN4n,31.06,5077,227,,,,,,,,,
2026-07-14,IOS,dhgate_product372_T1_ACT&Nopay 30D_purchase_IAP_Kelsey_IOS_20260605,U4gzqzcEnoe3yurD,33.86,7362,353,,,,,,,,,
2026-07-14,ANDROID,dhgate_product374_US_ACT&Nopay 30D_purchase_IAP_Kelsey_AND_20260610,lHtOeUxHZghwmdpM,38.42,10278,414,,,,,,,,,
2026-07-14,ANDROID,dhgate_product368_T1_Purchase 30D_purchase_IAP_Kelsey_AND_20260531,b3s2CGS3sMxfFWgV,62.41,6268,750,,,,,,,,,
2026-07-14,ANDROID,dhgate_product384_T1_ACT&Nopay 30D_purchase_IAP_Kelsey_AND_20260627,S76pXwyrVvtdre2B,67.11,15695,1656,,,,,,,,,
2026-07-14,IOS,dhgate_product384_T1_ACT&Nopay 30D_purchase_IAP_Kelsey_IOS_20260627,HgoIpNDJKiz1hrzc,72.73,2624,1136,,,,,,,,,
2026-07-14,IOS,dhgate_product381_US_ACT&Nopay 30D_purchase_IAP_Kelsey_IOS_20260624,koAG4uPwaNuNbSsi,128.32,12044,827,,,,,,,,,
2026-07-15,IOS,dhgate_product317_UK_ACT&Nopay 30D_purchase_IAP_Kelsey_IOS_20260427,H9HAtL9q0yyc4Gdy,27.92,2883,184,,,,,,,,,
2026-07-15,IOS,dhgate_product340_US_Purchase 30D_purchase_IAP_Kelsey_IOS_20260516,yznk4uz7IRlNu5TH,100.1,8067,323,,,,,,,,,
2026-07-15,IOS,dhgate_product337_T1_ACT&Nopay 30D_purchase_IAP_Kelsey_IOS_20260513,pMbmqjxpXWy9uySH,68.35,18699,374,,,,,,,,,
2026-07-15,ANDROID,dhgate_product337_T1_ACT&Nopay 30D_purchase_IAP_Kelsey_AND_20260513,Hi3okRpzvLX7H2oQ,30.98,11184,411,,,,,,,,,
2026-07-15,IOS,dhgate_product326_US_ACT&Nopay 30D_purchase_IAP_Kelsey_IOS_20260506,zMf9PKJzCf4uVI7T,66.61,7899,389,,,,,,,,,
2026-07-15,IOS,dhgate_product319_US_Purchase 30D_purchase_IAP_Kelsey_IOS_20260429,SGOG7us7fBY7c5lH,150.4,15715,1018,,,,,,,,,
2026-07-15,IOS,dhgate_product319_CA_Purchase 30D_purchase_IAP_Kelsey_IOS_20260707,kJqgxnpe6VbEV7uj,15.04,349,126,,,,,,,,,
2026-07-15,IOS,dhgate_product318_T1_Purchase 30D_purchase_IAP_Kelsey_IOS_20260428,mayu0PGeMJEYQhWJ,55.73,6069,367,,,,,,,,,
2026-07-15,ANDROID,dhgate_product317_UK&FR_ACT&Nopay 30D_purchase_IAP_Kelsey_AND_20260427,tDzMEZEldS4Kei0r,50.29,9244,1099,,,,,,,,,
2026-07-15,IOS,dhgate_product384_T1_Purchase 30D_purchase_IAP_Kelsey_IOS_20260709_D7,a6HoTnERdU9tuFNK,46.24,5272,461,,,,,,,,,
2026-07-15,ANDROID,dhgate_product315_UK_ACT&Nopay 30D_purchase_IAP_Kelsey_AND_20260425,bedUOEtGfoRFbmze,50.54,6779,667,,,,,,,,,
2026-07-15,IOS,dhgate_product314_UK_Purchase 30D_purchase_IAP_Kelsey_IOS_20260424,NmHyz3ZrSwNTmf0j,97.6,4978,538,,,,,,,,,
2026-07-15,ANDROID,dhgate_product148_T1_Purchase 30D_purchase_IAP_Kelsey_AND_20260415,dVlitdxzfmXStKCR,100.63,10709,1220,,,,,,,,,
2026-07-15,IOS,dhgate_product138_FR_ACT&Nopay 30D_purchase_IAP_Kelsey_IOS_20260403,zNcB24si9mbzBPed,100.22,18758,1060,,,,,,,,,
2026-07-15,IOS,dhgate_product137_US_Purchase 30D_purchase_IAP_Kelsey_IOS_20260402,Eo7scqEETcYxo6WH,100.46,5668,347,,,,,,,,,
2026-07-15,IOS,dhgate_dpa-ios_US_ACT&Nopay 30D_purchase_IAP_Kelsey_IOS_20260515,y55faIMh7doL5RvO,97.77,13524,163,,,,,,,,,
2026-07-15,ANDROID,dhgate_dpa-and_US_ACT&Nopay 30D_purchase_IAP_Kelsey_AND_20260511,M0ZXR7rklCeN7J9o,100.17,25166,360,,,,,,,,,
2026-07-15,IOS,dhgate_product364_US&FR_Purchase 30D_purchase_IAP_Kelsey_IOS_20260527,qX4oco28gDbrpBri,100.31,10628,412,,,,,,,,,
2026-07-15,ANDROID,dhgate_product384_T1_Purchase 30D_purchase_IAP_Kelsey_AND_20260709_D7,funYq3Yvepl5ocKc,75.0,8347,1034,,,,,,,,,
2026-07-15,ANDROID,dhgate_product317_FR_ACT&Nopay 30D_purchase_IAP_Kelsey_AND_20260526,zbor8ujPF081oChW,100.14,12729,2193,,,,,,,,,
2026-07-15,ANDROID,dhgate_product367_UK_Purchase 30D_purchase_IAP_Kelsey_AND_20260530,AsUotp8z2P369W1o,101.84,7110,919,,,,,,,,,
2026-07-15,IOS,dhgate_product350_US_Purchase 30D_purchase_IAP_Kelsey_IOS_20260517,eZwoS7yMwcYqxbzm,50.12,4004,152,,,,,,,,,
2026-07-15,IOS,dhgate_product368_T1_Purchase 30D_purchase_IAP_Kelsey_IOS_20260531,Ta2k2BeVyS7dWN4n,24.21,4200,174,,,,,,,,,
2026-07-15,IOS,dhgate_product409_US_Purchase 30D_purchse_IAP_Kelsey_IOS_20260715,lEeOk16FCFPRziEo,29.58,507,280,,,,,,,,,
2026-07-15,ANDROID,dhgate_product409_US_Purchase 30D_purchse_IAP_Kelsey_AND_20260715,ZGa8bU3V5aZwVzXI,11.49,801,143,,,,,,,,,
2026-07-15,IOS,dhgate_product405_US_Purchase 30D_purchse_IAP_Kelsey_IOS_20260714,pooV0geOxpxLrTu6,50.41,1117,470,,,,,,,,,
2026-07-15,ANDROID,dhgate_product405_US_Purchase 30D_purchse_IAP_Kelsey_AND_20260714,rFDaHNCVJqmWOU4h,50.48,3891,536,,,,,,,,,
2026-07-15,IOS,dhgate_product403_US_Purchase 30D_purchse_IAP_Kelsey_IOS_20260713,OLvDIbZvBDJIzHMD,42.46,1303,358,,,,,,,,,
2026-07-15,ANDROID,dhgate_product403_US_Purchase 30D_purchse_IAP_Kelsey_AND_20260713,bgYcroQHZYVRMl2B,50.24,3409,520,,,,,,,,,
2026-07-15,ANDROID,dhgate_product398_T1_ACT&Nopay 30D_purchase_IAP_Kelsey_AND_20260712,MAiS0xm3ashcD2k1,27.32,3858,1747,,,,,,,,,
2026-07-15,IOS,dhgate_product396_T1_ACT&Nopay 30D_purchase_IAP_Kelsey_IOS_20260710,vcNIW6lXyB0GNsd7,26.4,6704,293,,,,,,,,,
2026-07-15,ANDROID,dhgate_product396_T1_ACT&Nopay 30D_purchase_IAP_Kelsey_AND_20260710,PQ4WrQLOvdlsyVCF,50.02,17203,1129,,,,,,,,,
2026-07-15,IOS,dhgate_product390_UK_Purchase 30D_purchase_IAP_Kelsey_IOS_20260707,ofCAbBvdiAKdTaHs,44.14,3615,281,,,,,,,,,
2026-07-15,ANDROID,dhgate_product368_T1_Purchase 30D_purchase_IAP_Kelsey_AND_20260531,b3s2CGS3sMxfFWgV,122.1,12941,1287,,,,,,,,,
2026-07-15,ANDROID,dhgate_product386_US_Purchase 30D_purchase_IAP_Kelsey_AND_20260701,rJAl2dweZnU4qvuG,56.18,6407,550,,,,,,,,,
2026-07-15,ANDROID,dhgate_product385_UK_ACT&Nopay 30D_purchase_IAP_Kelsey_AND_20260630,VzqTPrFSQDRkzKZj,50.28,7141,713,,,,,,,,,
2026-07-15,IOS,dhgate_product372_T1_ACT&Nopay 30D_purchase_IAP_Kelsey_IOS_20260605,U4gzqzcEnoe3yurD,48.92,14223,380,,,,,,,,,
2026-07-15,IOS,dhgate_product384_T1_ACT&Nopay 30D_purchase_IAP_Kelsey_IOS_20260627,HgoIpNDJKiz1hrzc,78.82,2889,1466,,,,,,,,,
2026-07-15,ANDROID,dhgate_product384_T1_ACT&Nopay 30D_purchase_IAP_Kelsey_AND_20260627,S76pXwyrVvtdre2B,100.55,26510,2348,,,,,,,,,
2026-07-15,IOS,dhgate_product381_US_ACT&Nopay 30D_purchase_IAP_Kelsey_IOS_20260624,koAG4uPwaNuNbSsi,150.38,15732,865,,,,,,,,,
2026-07-15,ANDROID,dhgate_product374_US_ACT&Nopay 30D_purchase_IAP_Kelsey_AND_20260610,lHtOeUxHZghwmdpM,50.18,15055,604,,,,,,,,,
2026-07-15,IOS,dhgate_product386_US_Purchase 30D_purchase_IAP_Kelsey_IOS_20260630,kpNA9cC8I3HMEtHY,147.2,2687,1060,,,,,,,,,
2026-07-16,ANDROID,dhgate_product367_UK_Purchase 30D_purchase_IAP_Kelsey_AND_20260530,AsUotp8z2P369W1o,100.75,7239,835,,,,,,,,,
2026-07-16,IOS,dhgate_product364_US&FR_Purchase 30D_purchase_IAP_Kelsey_IOS_20260527,qX4oco28gDbrpBri,95.67,9484,426,,,,,,,,,
2026-07-16,IOS,dhgate_product350_US_Purchase 30D_purchase_IAP_Kelsey_IOS_20260517,eZwoS7yMwcYqxbzm,48.01,4311,135,,,,,,,,,
2026-07-16,IOS,dhgate_product340_US_Purchase 30D_purchase_IAP_Kelsey_IOS_20260516,yznk4uz7IRlNu5TH,98.33,8566,281,,,,,,,,,
2026-07-16,IOS,dhgate_product326_US_ACT&Nopay 30D_purchase_IAP_Kelsey_IOS_20260506,zMf9PKJzCf4uVI7T,50.01,7537,245,,,,,,,,,
2026-07-16,IOS,dhgate_product319_US_Purchase 30D_purchase_IAP_Kelsey_IOS_20260429,SGOG7us7fBY7c5lH,146.43,15347,1097,,,,,,,,,
2026-07-16,IOS,dhgate_product319_CA_Purchase 30D_purchase_IAP_Kelsey_IOS_20260707,kJqgxnpe6VbEV7uj,18.97,523,175,,,,,,,,,
2026-07-16,ANDROID,dhgate_product317_UK&FR_ACT&Nopay 30D_purchase_IAP_Kelsey_AND_20260427,tDzMEZEldS4Kei0r,50.22,9063,1111,,,,,,,,,
2026-07-16,ANDROID,dhgate_product368_T1_Purchase 30D_purchase_IAP_Kelsey_AND_20260531,b3s2CGS3sMxfFWgV,142.32,14174,1408,,,,,,,,,
2026-07-16,ANDROID,dhgate_product317_FR_ACT&Nopay 30D_purchase_IAP_Kelsey_AND_20260526,zbor8ujPF081oChW,100.57,12765,2233,,,,,,,,,
2026-07-16,ANDROID,dhgate_product315_UK_ACT&Nopay 30D_purchase_IAP_Kelsey_AND_20260425,bedUOEtGfoRFbmze,50.58,6958,742,,,,,,,,,
2026-07-16,IOS,dhgate_product314_UK_Purchase 30D_purchase_IAP_Kelsey_IOS_20260424,NmHyz3ZrSwNTmf0j,99.74,4357,491,,,,,,,,,
2026-07-16,ANDROID,dhgate_product148_T1_Purchase 30D_purchase_IAP_Kelsey_AND_20260415,dVlitdxzfmXStKCR,100.25,10302,1146,,,,,,,,,
2026-07-16,IOS,dhgate_product138_FR_ACT&Nopay 30D_purchase_IAP_Kelsey_IOS_20260403,zNcB24si9mbzBPed,99.04,16729,1138,,,,,,,,,
2026-07-16,IOS,dhgate_product137_US_Purchase 30D_purchase_IAP_Kelsey_IOS_20260402,Eo7scqEETcYxo6WH,95.04,5949,343,,,,,,,,,
2026-07-16,IOS,dhgate_dpa-ios_US_ACT&Nopay 30D_purchase_IAP_Kelsey_IOS_20260515,y55faIMh7doL5RvO,95.62,11923,207,,,,,,,,,
2026-07-16,ANDROID,dhgate_dpa-and_US_ACT&Nopay 30D_purchase_IAP_Kelsey_AND_20260511,M0ZXR7rklCeN7J9o,100.1,25139,416,,,,,,,,,
2026-07-16,IOS,dhgate_product318_T1_Purchase 30D_purchase_IAP_Kelsey_IOS_20260428,mayu0PGeMJEYQhWJ,50.22,7422,304,,,,,,,,,
2026-07-16,ANDROID,dhgate_product374_US_ACT&Nopay 30D_purchase_IAP_Kelsey_AND_20260610,lHtOeUxHZghwmdpM,47.4,14460,563,,,,,,,,,
2026-07-16,IOS,dhgate_product337_T1_ACT&Nopay 30D_purchase_IAP_Kelsey_IOS_20260513,pMbmqjxpXWy9uySH,96.52,19544,636,,,,,,,,,
2026-07-16,IOS,dhgate_product372_T1_ACT&Nopay 30D_purchase_IAP_Kelsey_IOS_20260605,U4gzqzcEnoe3yurD,48.37,12128,444,,,,,,,,,
2026-07-16,IOS,dhgate_product381_US_ACT&Nopay 30D_purchase_IAP_Kelsey_IOS_20260624,koAG4uPwaNuNbSsi,149.69,13911,938,,,,,,,,,
2026-07-16,IOS,dhgate_product384_T1_Purchase 30D_purchase_IAP_Kelsey_IOS_20260709_D7,a6HoTnERdU9tuFNK,46.65,4842,518,,,,,,,,,
2026-07-16,ANDROID,dhgate_product384_T1_Purchase 30D_purchase_IAP_Kelsey_AND_20260709_D7,funYq3Yvepl5ocKc,100.51,9049,1363,,,,,,,,,
2026-07-16,IOS,dhgate_product411_UK_Purchase 30D_purchse_IAP_Kelsey_IOS_20260716,uVssynWrCxEfr4Q8,10.29,327,160,,,,,,,,,
2026-07-16,ANDROID,dhgate_product411_UK_Purchase 30D_purchse_IAP_Kelsey_AND_20260716,hoTEkvhmBYMCkOdm,10.0,636,240,,,,,,,,,
2026-07-16,IOS,dhgate_product409_US_Purchase 30D_purchse_IAP_Kelsey_IOS_20260715,lEeOk16FCFPRziEo,50.25,1007,437,,,,,,,,,
2026-07-16,IOS,dhgate_product405_US_Purchase 30D_purchse_IAP_Kelsey_IOS_20260714,pooV0geOxpxLrTu6,50.15,1337,370,,,,,,,,,
2026-07-16,ANDROID,dhgate_product405_US_Purchase 30D_purchse_IAP_Kelsey_AND_20260714,rFDaHNCVJqmWOU4h,50.22,3290,409,,,,,,,,,
2026-07-16,IOS,dhgate_product403_US_Purchase 30D_purchse_IAP_Kelsey_IOS_20260713,OLvDIbZvBDJIzHMD,50.16,1390,354,,,,,,,,,
2026-07-16,ANDROID,dhgate_product409_US_Purchase 30D_purchse_IAP_Kelsey_AND_20260715,ZGa8bU3V5aZwVzXI,50.28,2749,472,,,,,,,,,
2026-07-16,IOS,dhgate_product399_US_Purchase 30D_purchse_IAP_Kelsey_IOS_20260713,m0AfmfYsl54jMdHh,17.23,375,173,,,,,,,,,
2026-07-16,ANDROID,dhgate_product403_US_Purchase 30D_purchse_IAP_Kelsey_AND_20260713,bgYcroQHZYVRMl2B,50.33,2417,515,,,,,,,,,
2026-07-16,IOS,dhgate_product384_T1_ACT&Nopay 30D_purchase_IAP_Kelsey_IOS_20260627,HgoIpNDJKiz1hrzc,84.89,3222,1647,,,,,,,,,
2026-07-16,ANDROID,dhgate_product385_UK_ACT&Nopay 30D_purchase_IAP_Kelsey_AND_20260630,VzqTPrFSQDRkzKZj,50.77,7161,797,,,,,,,,,
2026-07-16,ANDROID,dhgate_product386_US_Purchase 30D_purchase_IAP_Kelsey_AND_20260701,rJAl2dweZnU4qvuG,50.07,6965,632,,,,,,,,,
2026-07-16,ANDROID,dhgate_product384_T1_ACT&Nopay 30D_purchase_IAP_Kelsey_AND_20260627,S76pXwyrVvtdre2B,100.24,24929,2459,,,,,,,,,
2026-07-16,IOS,dhgate_product390_UK_Purchase 30D_purchase_IAP_Kelsey_IOS_20260707,ofCAbBvdiAKdTaHs,41.81,3170,232,,,,,,,,,
2026-07-16,ANDROID,dhgate_product396_T1_ACT&Nopay 30D_purchase_IAP_Kelsey_AND_20260710,PQ4WrQLOvdlsyVCF,50.2,16882,1329,,,,,,,,,
2026-07-16,ANDROID,dhgate_product399_US_Purchase 30D_purchse_IAP_Kelsey_AND_20260713,pykwMMQYNbcpI7N6,11.58,1305,161,,,,,,,,,
2026-07-16,IOS,dhgate_product386_US_Purchase 30D_purchase_IAP_Kelsey_IOS_20260630,kpNA9cC8I3HMEtHY,201.64,3858,1196,,,,,,,,,
2026-07-17,IOS,dhgate_product326_US_ACT&Nopay 30D_purchase_IAP_Kelsey_IOS_20260506,zMf9PKJzCf4uVI7T,38.46,5018,233,,,,,,,,,
2026-07-17,IOS,dhgate_product372_T1_ACT&Nopay 30D_purchase_IAP_Kelsey_IOS_20260605,U4gzqzcEnoe3yurD,49.51,12878,392,,,,,,,,,
2026-07-17,ANDROID,dhgate_product368_T1_Purchase 30D_purchase_IAP_Kelsey_AND_20260531,b3s2CGS3sMxfFWgV,95.07,7627,862,,,,,,,,,
2026-07-17,ANDROID,dhgate_product367_UK_Purchase 30D_purchase_IAP_Kelsey_AND_20260530,AsUotp8z2P369W1o,100.29,6033,708,,,,,,,,,
2026-07-17,IOS,dhgate_product364_US&FR_Purchase 30D_purchase_IAP_Kelsey_IOS_20260527,qX4oco28gDbrpBri,96.31,8969,448,,,,,,,,,
2026-07-17,IOS,dhgate_product350_US_Purchase 30D_purchase_IAP_Kelsey_IOS_20260517,eZwoS7yMwcYqxbzm,48.79,3690,153,,,,,,,,,
2026-07-17,IOS,dhgate_product340_US_Purchase 30D_purchase_IAP_Kelsey_IOS_20260516,yznk4uz7IRlNu5TH,94.48,6835,330,,,,,,,,,
2026-07-17,IOS,dhgate_product337_T1_ACT&Nopay 30D_purchase_IAP_Kelsey_IOS_20260513,pMbmqjxpXWy9uySH,75.63,12817,512,,,,,,,,,
2026-07-17,IOS,dhgate_product319_US_Purchase 30D_purchase_IAP_Kelsey_IOS_20260429,SGOG7us7fBY7c5lH,144.35,13773,953,,,,,,,,,
2026-07-17,ANDROID,dhgate_product374_US_ACT&Nopay 30D_purchase_IAP_Kelsey_AND_20260610,lHtOeUxHZghwmdpM,50.16,12825,624,,,,,,,,,
2026-07-17,IOS,dhgate_product318_T1_Purchase 30D_purchase_IAP_Kelsey_IOS_20260428,mayu0PGeMJEYQhWJ,50.33,6969,295,,,,,,,,,
2026-07-17,ANDROID,dhgate_product317_UK&FR_ACT&Nopay 30D_purchase_IAP_Kelsey_AND_20260427,tDzMEZEldS4Kei0r,71.59,11354,1330,,,,,,,,,
2026-07-17,ANDROID,dhgate_product317_FR_ACT&Nopay 30D_purchase_IAP_Kelsey_AND_20260526,zbor8ujPF081oChW,100.6,13239,2118,,,,,,,,,
2026-07-17,ANDROID,dhgate_product315_UK_ACT&Nopay 30D_purchase_IAP_Kelsey_AND_20260425,bedUOEtGfoRFbmze,50.07,6040,642,,,,,,,,,
2026-07-17,IOS,dhgate_product314_UK_Purchase 30D_purchase_IAP_Kelsey_IOS_20260424,NmHyz3ZrSwNTmf0j,53.11,2053,325,,,,,,,,,
2026-07-17,ANDROID,dhgate_product148_T1_Purchase 30D_purchase_IAP_Kelsey_AND_20260415,dVlitdxzfmXStKCR,100.56,9793,1080,,,,,,,,,
2026-07-17,IOS,dhgate_product138_FR_ACT&Nopay 30D_purchase_IAP_Kelsey_IOS_20260403,zNcB24si9mbzBPed,57.7,8860,601,,,,,,,,,
2026-07-17,IOS,dhgate_product137_US_Purchase 30D_purchase_IAP_Kelsey_IOS_20260402,Eo7scqEETcYxo6WH,67.95,3169,268,,,,,,,,,
2026-07-17,IOS,dhgate_dpa-ios_US_ACT&Nopay 30D_purchase_IAP_Kelsey_IOS_20260515,y55faIMh7doL5RvO,95.09,11621,197,,,,,,,,,
2026-07-17,IOS,dhgate_product319_CA_Purchase 30D_purchase_IAP_Kelsey_IOS_20260707,kJqgxnpe6VbEV7uj,26.93,658,251,,,,,,,,,
2026-07-17,ANDROID,dhgate_dpa-and_US_ACT&Nopay 30D_purchase_IAP_Kelsey_AND_20260511,M0ZXR7rklCeN7J9o,100.15,22113,450,,,,,,,,,
2026-07-17,IOS,dhgate_product381_FR_ACT&Nopay 30D_purchase_IAP_Kelsey_IOS_20260717,i9Ads9K1dgsPK6yZ,10.94,618,327,,,,,,,,,
2026-07-17,ANDROID,dhgate_product384_T1_ACT&Nopay 30D_purchase_IAP_Kelsey_AND_20260627,S76pXwyrVvtdre2B,98.39,23715,2278,,,,,,,,,
2026-07-17,IOS,dhgate_product411_UK_Purchase 30D_purchse_IAP_Kelsey_IOS_20260716,uVssynWrCxEfr4Q8,41.61,1041,460,,,,,,,,,
2026-07-17,ANDROID,dhgate_product411_UK_Purchase 30D_purchse_IAP_Kelsey_AND_20260716,hoTEkvhmBYMCkOdm,50.21,2319,916,,,,,,,,,
2026-07-17,IOS,dhgate_product409_US_Purchase 30D_purchse_IAP_Kelsey_IOS_20260715,lEeOk16FCFPRziEo,50.42,1007,431,,,,,,,,,
2026-07-17,ANDROID,dhgate_product409_US_Purchase 30D_purchse_IAP_Kelsey_AND_20260715,ZGa8bU3V5aZwVzXI,50.27,2554,541,,,,,,,,,
2026-07-17,IOS,dhgate_product405_US_Purchase 30D_purchse_IAP_Kelsey_IOS_20260714,pooV0geOxpxLrTu6,47.78,1399,432,,,,,,,,,
2026-07-17,ANDROID,dhgate_product405_US_Purchase 30D_purchse_IAP_Kelsey_AND_20260714,rFDaHNCVJqmWOU4h,44.46,3063,464,,,,,,,,,
2026-07-17,IOS,dhgate_product403_US_Purchase 30D_purchse_IAP_Kelsey_IOS_20260713,OLvDIbZvBDJIzHMD,35.74,1162,290,,,,,,,,,
2026-07-17,ANDROID,dhgate_product403_US_Purchase 30D_purchse_IAP_Kelsey_AND_20260713,bgYcroQHZYVRMl2B,50.18,2974,503,,,,,,,,,
2026-07-17,IOS,dhgate_product399_US_Purchase 30D_purchse_IAP_Kelsey_IOS_20260713,m0AfmfYsl54jMdHh,50.27,1367,447,,,,,,,,,
2026-07-17,ANDROID,dhgate_product399_US_Purchase 30D_purchse_IAP_Kelsey_AND_20260713,pykwMMQYNbcpI7N6,50.22,4841,463,,,,,,,,,
2026-07-17,ANDROID,dhgate_product414_UK_ACT&Nopay 30D_purchse_IAP_Kelsey_AND_20260717,Sta14UHs9lqoZaRk,8.92,662,328,,,,,,,,,
2026-07-17,IOS,dhgate_product390_UK_Purchase 30D_purchase_IAP_Kelsey_IOS_20260707,ofCAbBvdiAKdTaHs,46.4,3423,255,,,,,,,,,
2026-07-17,ANDROID,dhgate_product396_T1_ACT&Nopay 30D_purchase_IAP_Kelsey_AND_20260710,PQ4WrQLOvdlsyVCF,50.02,15213,1079,,,,,,,,,
2026-07-17,IOS,dhgate_product384_T1_ACT&Nopay 30D_purchase_IAP_Kelsey_IOS_20260627,HgoIpNDJKiz1hrzc,85.66,3063,1570,,,,,,,,,
2026-07-17,IOS,dhgate_product384_T1_Purchase 30D_purchase_IAP_Kelsey_IOS_20260709_D7,a6HoTnERdU9tuFNK,46.04,5039,438,,,,,,,,,
2026-07-17,ANDROID,dhgate_product384_T1_Purchase 30D_purchase_IAP_Kelsey_AND_20260709_D7,funYq3Yvepl5ocKc,100.7,8150,1232,,,,,,,,,
2026-07-17,IOS,dhgate_product381_US_ACT&Nopay 30D_purchase_IAP_Kelsey_IOS_20260624,koAG4uPwaNuNbSsi,158.05,14853,1026,,,,,,,,,
2026-07-17,ANDROID,dhgate_product385_UK_ACT&Nopay 30D_purchase_IAP_Kelsey_AND_20260630,VzqTPrFSQDRkzKZj,74.28,8191,1014,,,,,,,,,
2026-07-17,IOS,dhgate_product386_T1_Purchase 30D_purchase_IAP_Kelsey_IOS_20260717,EoSOPyFN9JaZMNAx,7.73,317,180,,,,,,,,,
2026-07-17,ANDROID,dhgate_product386_US_Purchase 30D_purchase_IAP_Kelsey_AND_20260701,rJAl2dweZnU4qvuG,43.35,5806,662,,,,,,,,,
2026-07-17,IOS,dhgate_product386_US_Purchase 30D_purchase_IAP_Kelsey_IOS_20260630,kpNA9cC8I3HMEtHY,234.27,12695,915,,,,,,,,,
2026-07-17,ANDROID,dhgate_product385_FR_ACT&Nopay 30D_purchase_IAP_Kelsey_AND_20260717,ya88Oo6wiz1zd68P,7.66,1166,562,,,,,,,,,
2026-07-18,IOS,dhgate_product372_T1_ACT&Nopay 30D_purchase_IAP_Kelsey_IOS_20260605,U4gzqzcEnoe3yurD,47.19,14323,360,,,,,,,,,
2026-07-18,ANDROID,dhgate_product368_T1_Purchase 30D_purchase_IAP_Kelsey_AND_20260531,b3s2CGS3sMxfFWgV,49.8,7493,504,,,,,,,,,
2026-07-18,ANDROID,dhgate_product367_UK_Purchase 30D_purchase_IAP_Kelsey_AND_20260530,AsUotp8z2P369W1o,100.72,6937,828,,,,,,,,,
2026-07-18,IOS,dhgate_product364_US&FR_Purchase 30D_purchase_IAP_Kelsey_IOS_20260527,qX4oco28gDbrpBri,100.17,9684,445,,,,,,,,,
2026-07-18,IOS,dhgate_product350_US_Purchase 30D_purchase_IAP_Kelsey_IOS_20260517,eZwoS7yMwcYqxbzm,46.02,3716,146,,,,,,,,,
2026-07-18,IOS,dhgate_product340_US_Purchase 30D_purchase_IAP_Kelsey_IOS_20260516,yznk4uz7IRlNu5TH,90.57,7261,331,,,,,,,,,
2026-07-18,IOS,dhgate_product337_T1_ACT&Nopay 30D_purchase_IAP_Kelsey_IOS_20260513,pMbmqjxpXWy9uySH,50.13,15258,175,,,,,,,,,
2026-07-18,IOS,dhgate_product319_US_Purchase 30D_purchase_IAP_Kelsey_IOS_20260429,SGOG7us7fBY7c5lH,149.75,15966,887,,,,,,,,,
2026-07-18,IOS,dhgate_product319_CA_Purchase 30D_purchase_IAP_Kelsey_IOS_20260707,kJqgxnpe6VbEV7uj,9.94,251,86,,,,,,,,,
2026-07-18,ANDROID,dhgate_product317_UK&FR_ACT&Nopay 30D_purchase_IAP_Kelsey_AND_20260427,tDzMEZEldS4Kei0r,99.77,14656,1929,,,,,,,,,
2026-07-18,ANDROID,dhgate_product317_FR_ACT&Nopay 30D_purchase_IAP_Kelsey_AND_20260526,zbor8ujPF081oChW,100.3,14395,2367,,,,,,,,,
2026-07-18,ANDROID,dhgate_product315_UK_ACT&Nopay 30D_purchase_IAP_Kelsey_AND_20260425,bedUOEtGfoRFbmze,50.67,6007,613,,,,,,,,,
2026-07-18,ANDROID,dhgate_product148_T1_Purchase 30D_purchase_IAP_Kelsey_AND_20260415,dVlitdxzfmXStKCR,100.43,11321,1137,,,,,,,,,
2026-07-18,IOS,dhgate_product138_FR_ACT&Nopay 30D_purchase_IAP_Kelsey_IOS_20260403,zNcB24si9mbzBPed,50.25,12924,474,,,,,,,,,
2026-07-18,IOS,dhgate_product137_US_Purchase 30D_purchase_IAP_Kelsey_IOS_20260402,Eo7scqEETcYxo6WH,50.09,3297,168,,,,,,,,,
2026-07-18,IOS,dhgate_dpa-ios_US_ACT&Nopay 30D_purchase_IAP_Kelsey_IOS_20260515,y55faIMh7doL5RvO,92.43,12979,190,,,,,,,,,
2026-07-18,ANDROID,dhgate_dpa-and_US_ACT&Nopay 30D_purchase_IAP_Kelsey_AND_20260511,M0ZXR7rklCeN7J9o,96.4,25146,429,,,,,,,,,
2026-07-18,ANDROID,dhgate_product374_US_ACT&Nopay 30D_purchase_IAP_Kelsey_AND_20260610,lHtOeUxHZghwmdpM,46.53,14580,464,,,,,,,,,
2026-07-18,IOS,dhgate_product318_T1_Purchase 30D_purchase_IAP_Kelsey_IOS_20260428,mayu0PGeMJEYQhWJ,49.04,8074,256,,,,,,,,,
2026-07-18,IOS,dhgate_product314_UK_Purchase 30D_purchase_IAP_Kelsey_IOS_20260424,NmHyz3ZrSwNTmf0j,48.39,3100,249,,,,,,,,,
2026-07-18,IOS,dhgate_product381_US_ACT&Nopay 30D_purchase_IAP_Kelsey_IOS_20260624,koAG4uPwaNuNbSsi,200.31,20337,1211,,,,,,,,,
2026-07-18,ANDROID,dhgate_product384_T1_ACT&Nopay 30D_purchase_IAP_Kelsey_AND_20260627,S76pXwyrVvtdre2B,100.41,26169,2474,,,,,,,,,
2026-07-18,IOS,dhgate_product381_FR_ACT&Nopay 30D_purchase_IAP_Kelsey_IOS_20260717,i9Ads9K1dgsPK6yZ,27.19,1478,725,,,,,,,,,
2026-07-18,ANDROID,dhgate_product414_UK_ACT&Nopay 30D_purchse_IAP_Kelsey_AND_20260717,Sta14UHs9lqoZaRk,32.81,1905,994,,,,,,,,,
2026-07-18,IOS,dhgate_product411_UK_Purchase 30D_purchse_IAP_Kelsey_IOS_20260716,uVssynWrCxEfr4Q8,40.55,799,421,,,,,,,,,
2026-07-18,ANDROID,dhgate_product411_UK_Purchase 30D_purchse_IAP_Kelsey_AND_20260716,hoTEkvhmBYMCkOdm,41.37,1668,631,,,,,,,,,
2026-07-18,IOS,dhgate_product409_US_Purchase 30D_purchse_IAP_Kelsey_IOS_20260715,lEeOk16FCFPRziEo,50.37,881,438,,,,,,,,,
2026-07-18,ANDROID,dhgate_product409_US_Purchase 30D_purchse_IAP_Kelsey_AND_20260715,ZGa8bU3V5aZwVzXI,50.72,3378,466,,,,,,,,,
2026-07-18,ANDROID,dhgate_product403_US_Purchase 30D_purchse_IAP_Kelsey_AND_20260713,bgYcroQHZYVRMl2B,50.08,2745,405,,,,,,,,,
2026-07-18,IOS,dhgate_product399_US_Purchase 30D_purchse_IAP_Kelsey_IOS_20260713,m0AfmfYsl54jMdHh,49.48,1074,405,,,,,,,,,
2026-07-18,ANDROID,dhgate_product399_US_Purchase 30D_purchse_IAP_Kelsey_AND_20260713,pykwMMQYNbcpI7N6,50.92,4473,507,,,,,,,,,
2026-07-18,IOS,dhgate_product405_US_Purchase 30D_purchse_IAP_Kelsey_IOS_20260714,pooV0geOxpxLrTu6,50.26,1014,444,,,,,,,,,
2026-07-18,IOS,dhgate_product390_UK_Purchase 30D_purchase_IAP_Kelsey_IOS_20260707,ofCAbBvdiAKdTaHs,44.99,3877,237,,,,,,,,,
2026-07-18,ANDROID,dhgate_product396_T1_ACT&Nopay 30D_purchase_IAP_Kelsey_AND_20260710,PQ4WrQLOvdlsyVCF,50.34,16711,1231,,,,,,,,,
2026-07-18,IOS,dhgate_product384_T1_Purchase 30D_purchase_IAP_Kelsey_IOS_20260709_D7,a6HoTnERdU9tuFNK,48.51,6183,444,,,,,,,,,
2026-07-18,ANDROID,dhgate_product384_T1_Purchase 30D_purchase_IAP_Kelsey_AND_20260709_D7,funYq3Yvepl5ocKc,100.78,8766,1230,,,,,,,,,
2026-07-18,ANDROID,dhgate_product385_FR_ACT&Nopay 30D_purchase_IAP_Kelsey_AND_20260717,ya88Oo6wiz1zd68P,39.24,3877,1828,,,,,,,,,
2026-07-18,IOS,dhgate_product384_T1_ACT&Nopay 30D_purchase_IAP_Kelsey_IOS_20260627,HgoIpNDJKiz1hrzc,65.6,5306,1172,,,,,,,,,
2026-07-18,IOS,dhgate_product386_T1_Purchase 30D_purchase_IAP_Kelsey_IOS_20260717,EoSOPyFN9JaZMNAx,29.82,1152,519,,,,,,,,,
2026-07-18,ANDROID,dhgate_product386_US_Purchase 30D_purchase_IAP_Kelsey_AND_20260701,rJAl2dweZnU4qvuG,47.33,6666,714,,,,,,,,,
2026-07-18,IOS,dhgate_product386_US_Purchase 30D_purchase_IAP_Kelsey_IOS_20260630,kpNA9cC8I3HMEtHY,250.0,13123,1055,,,,,,,,,
2026-07-18,ANDROID,dhgate_product385_UK_ACT&Nopay 30D_purchase_IAP_Kelsey_AND_20260630,VzqTPrFSQDRkzKZj,100.37,10208,1281,,,,,,,,,
2026-07-19,IOS,dhgate_product340_US_Purchase 30D_purchase_IAP_Kelsey_IOS_20260516,yznk4uz7IRlNu5TH,100.38,7481,364,,,,,,,,,
2026-07-19,IOS,dhgate_product372_T1_ACT&Nopay 30D_purchase_IAP_Kelsey_IOS_20260605,U4gzqzcEnoe3yurD,47.59,12527,470,,,,,,,,,
2026-07-19,ANDROID,dhgate_product374_US_ACT&Nopay 30D_purchase_IAP_Kelsey_AND_20260610,lHtOeUxHZghwmdpM,48.45,14942,572,,,,,,,,,
2026-07-19,ANDROID,dhgate_dpa-and_US_ACT&Nopay 30D_purchase_IAP_Kelsey_AND_20260511,M0ZXR7rklCeN7J9o,97.32,25003,544,,,,,,,,,
2026-07-19,ANDROID,dhgate_product368_T1_Purchase 30D_purchase_IAP_Kelsey_AND_20260531,b3s2CGS3sMxfFWgV,50.21,7383,571,,,,,,,,,
2026-07-19,ANDROID,dhgate_product367_UK_Purchase 30D_purchase_IAP_Kelsey_AND_20260530,AsUotp8z2P369W1o,100.83,7323,912,,,,,,,,,
2026-07-19,IOS,dhgate_product364_US&FR_Purchase 30D_purchase_IAP_Kelsey_IOS_20260527,qX4oco28gDbrpBri,98.67,9263,532,,,,,,,,,
2026-07-19,IOS,dhgate_product350_US_Purchase 30D_purchase_IAP_Kelsey_IOS_20260517,eZwoS7yMwcYqxbzm,50.09,3467,163,,,,,,,,,
2026-07-19,IOS,dhgate_product337_T1_ACT&Nopay 30D_purchase_IAP_Kelsey_IOS_20260513,pMbmqjxpXWy9uySH,47.39,13176,261,,,,,,,,,
2026-07-19,IOS,dhgate_product137_US_Purchase 30D_purchase_IAP_Kelsey_IOS_20260402,Eo7scqEETcYxo6WH,41.68,2989,130,,,,,,,,,
2026-07-19,IOS,dhgate_product319_CA_Purchase 30D_purchase_IAP_Kelsey_IOS_20260707,kJqgxnpe6VbEV7uj,20.71,448,149,,,,,,,,,
2026-07-19,IOS,dhgate_product318_T1_Purchase 30D_purchase_IAP_Kelsey_IOS_20260428,mayu0PGeMJEYQhWJ,50.34,7846,326,,,,,,,,,
2026-07-19,ANDROID,dhgate_product317_UK&FR_ACT&Nopay 30D_purchase_IAP_Kelsey_AND_20260427,tDzMEZEldS4Kei0r,100.72,15044,2154,,,,,,,,,
2026-07-19,ANDROID,dhgate_product317_FR_ACT&Nopay 30D_purchase_IAP_Kelsey_AND_20260526,zbor8ujPF081oChW,100.98,13547,2496,,,,,,,,,
2026-07-19,ANDROID,dhgate_product315_UK_ACT&Nopay 30D_purchase_IAP_Kelsey_AND_20260425,bedUOEtGfoRFbmze,50.43,6802,749,,,,,,,,,
2026-07-19,IOS,dhgate_product314_UK_Purchase 30D_purchase_IAP_Kelsey_IOS_20260424,NmHyz3ZrSwNTmf0j,50.25,2599,300,,,,,,,,,
2026-07-19,ANDROID,dhgate_product148_T1_Purchase 30D_purchase_IAP_Kelsey_AND_20260415,dVlitdxzfmXStKCR,100.44,10545,1217,,,,,,,,,
2026-07-19,IOS,dhgate_product138_FR_ACT&Nopay 30D_purchase_IAP_Kelsey_IOS_20260403,zNcB24si9mbzBPed,50.08,9800,644,,,,,,,,,
2026-07-19,IOS,dhgate_product319_US_Purchase 30D_purchase_IAP_Kelsey_IOS_20260429,SGOG7us7fBY7c5lH,150.41,14872,1001,,,,,,,,,
2026-07-19,IOS,dhgate_product381_FR_ACT&Nopay 30D_purchase_IAP_Kelsey_IOS_20260717,i9Ads9K1dgsPK6yZ,43.11,1942,1138,,,,,,,,,
2026-07-19,IOS,dhgate_dpa-ios_US_ACT&Nopay 30D_purchase_IAP_Kelsey_IOS_20260515,y55faIMh7doL5RvO,93.89,12169,212,,,,,,,,,
2026-07-19,ANDROID,dhgate_product384_T1_ACT&Nopay 30D_purchase_IAP_Kelsey_AND_20260627,S76pXwyrVvtdre2B,100.74,26199,2982,,,,,,,,,
2026-07-19,IOS,dhgate_product381_US_ACT&Nopay 30D_purchase_IAP_Kelsey_IOS_20260624,koAG4uPwaNuNbSsi,194.55,17048,1264,,,,,,,,,
2026-07-19,IOS,dhgate_product384_T1_Purchase 30D_purchase_IAP_Kelsey_IOS_20260709_D7,a6HoTnERdU9tuFNK,50.32,4575,499,,,,,,,,,
2026-07-19,ANDROID,dhgate_product384_T1_Purchase 30D_purchase_IAP_Kelsey_AND_20260709_D7,funYq3Yvepl5ocKc,100.37,8002,1398,,,,,,,,,
2026-07-19,ANDROID,dhgate_product414_UK_ACT&Nopay 30D_purchse_IAP_Kelsey_AND_20260717,Sta14UHs9lqoZaRk,41.56,2120,1058,,,,,,,,,
2026-07-19,IOS,dhgate_product411_UK_Purchase 30D_purchse_IAP_Kelsey_IOS_20260716,uVssynWrCxEfr4Q8,49.04,864,466,,,,,,,,,
2026-07-19,IOS,dhgate_product409_US_Purchase 30D_purchse_IAP_Kelsey_IOS_20260715,lEeOk16FCFPRziEo,50.34,1966,178,,,,,,,,,
2026-07-19,ANDROID,dhgate_product409_US_Purchase 30D_purchse_IAP_Kelsey_AND_20260715,ZGa8bU3V5aZwVzXI,50.38,3500,493,,,,,,,,,
2026-07-19,IOS,dhgate_product405_US_Purchase 30D_purchse_IAP_Kelsey_IOS_20260714,pooV0geOxpxLrTu6,50.59,2338,179,,,,,,,,,
2026-07-19,ANDROID,dhgate_product403_US_Purchase 30D_purchse_IAP_Kelsey_AND_20260713,bgYcroQHZYVRMl2B,50.11,4235,413,,,,,,,,,
2026-07-19,ANDROID,dhgate_product411_UK_Purchase 30D_purchse_IAP_Kelsey_AND_20260716,hoTEkvhmBYMCkOdm,48.75,2045,769,,,,,,,,,
2026-07-19,ANDROID,dhgate_product399_US_Purchase 30D_purchse_IAP_Kelsey_AND_20260713,pykwMMQYNbcpI7N6,50.51,3507,504,,,,,,,,,
2026-07-19,IOS,dhgate_product399_US_Purchase 30D_purchse_IAP_Kelsey_IOS_20260713,m0AfmfYsl54jMdHh,50.06,867,424,,,,,,,,,
2026-07-19,ANDROID,dhgate_product385_FR_ACT&Nopay 30D_purchase_IAP_Kelsey_AND_20260717,ya88Oo6wiz1zd68P,41.45,3476,1808,,,,,,,,,
2026-07-19,ANDROID,dhgate_product385_UK_ACT&Nopay 30D_purchase_IAP_Kelsey_AND_20260630,VzqTPrFSQDRkzKZj,100.73,11034,1519,,,,,,,,,
2026-07-19,IOS,dhgate_product386_T1_Purchase 30D_purchase_IAP_Kelsey_IOS_20260717,EoSOPyFN9JaZMNAx,49.98,1534,756,,,,,,,,,
2026-07-19,IOS,dhgate_product384_T1_ACT&Nopay 30D_purchase_IAP_Kelsey_IOS_20260627,HgoIpNDJKiz1hrzc,100.25,20477,862,,,,,,,,,
2026-07-19,IOS,dhgate_product386_US_Purchase 30D_purchase_IAP_Kelsey_IOS_20260630,kpNA9cC8I3HMEtHY,250.72,11432,1008,,,,,,,,,
2026-07-19,IOS,dhgate_product390_UK_Purchase 30D_purchase_IAP_Kelsey_IOS_20260707,ofCAbBvdiAKdTaHs,50.43,3801,280,,,,,,,,,
2026-07-19,ANDROID,dhgate_product396_T1_ACT&Nopay 30D_purchase_IAP_Kelsey_AND_20260710,PQ4WrQLOvdlsyVCF,49.47,17049,1458,,,,,,,,,
2026-07-19,ANDROID,dhgate_product386_US_Purchase 30D_purchase_IAP_Kelsey_AND_20260701,rJAl2dweZnU4qvuG,50.08,7252,841,,,,,,,,,
2026-07-20,IOS,dhgate_product337_T1_ACT&Nopay 30D_purchase_IAP_Kelsey_IOS_20260513,pMbmqjxpXWy9uySH,48.1,13552,237,,,,,,,,,
2026-07-20,IOS,dhgate_product381_FR_ACT&Nopay 30D_purchase_IAP_Kelsey_IOS_20260717,i9Ads9K1dgsPK6yZ,38.39,1885,1160,,,,,,,,,
2026-07-20,ANDROID,dhgate_product374_US_ACT&Nopay 30D_purchase_IAP_Kelsey_AND_20260610,lHtOeUxHZghwmdpM,48.89,14528,547,,,,,,,,,
2026-07-20,IOS,dhgate_product372_T1_ACT&Nopay 30D_purchase_IAP_Kelsey_IOS_20260605,U4gzqzcEnoe3yurD,48.08,12896,481,,,,,,,,,
2026-07-20,ANDROID,dhgate_product368_T1_Purchase 30D_purchase_IAP_Kelsey_AND_20260531,b3s2CGS3sMxfFWgV,50.25,7789,592,,,,,,,,,
2026-07-20,ANDROID,dhgate_product367_UK_Purchase 30D_purchase_IAP_Kelsey_AND_20260530,AsUotp8z2P369W1o,100.51,7963,965,,,,,,,,,
2026-07-20,IOS,dhgate_product364_US&FR_Purchase 30D_purchase_IAP_Kelsey_IOS_20260527,qX4oco28gDbrpBri,99.26,9533,525,,,,,,,,,
2026-07-20,IOS,dhgate_product350_US_Purchase 30D_purchase_IAP_Kelsey_IOS_20260517,eZwoS7yMwcYqxbzm,50.3,3751,161,,,,,,,,,
2026-07-20,IOS,dhgate_product340_US_Purchase 30D_purchase_IAP_Kelsey_IOS_20260516,yznk4uz7IRlNu5TH,94.91,7378,316,,,,,,,,,
2026-07-20,IOS,dhgate_product319_US_Purchase 30D_purchase_IAP_Kelsey_IOS_20260429,SGOG7us7fBY7c5lH,115.91,12684,865,,,,,,,,,
2026-07-20,ANDROID,dhgate_dpa-and_US_ACT&Nopay 30D_purchase_IAP_Kelsey_AND_20260511,M0ZXR7rklCeN7J9o,99.43,25133,445,,,,,,,,,
2026-07-20,IOS,dhgate_product318_T1_Purchase 30D_purchase_IAP_Kelsey_IOS_20260428,mayu0PGeMJEYQhWJ,57.21,9565,360,,,,,,,,,
2026-07-20,ANDROID,dhgate_product317_UK&FR_ACT&Nopay 30D_purchase_IAP_Kelsey_AND_20260427,tDzMEZEldS4Kei0r,100.39,16078,2304,,,,,,,,,
2026-07-20,ANDROID,dhgate_product317_FR_ACT&Nopay 30D_purchase_IAP_Kelsey_AND_20260526,zbor8ujPF081oChW,80.92,10805,2030,,,,,,,,,
2026-07-20,ANDROID,dhgate_product315_UK_ACT&Nopay 30D_purchase_IAP_Kelsey_AND_20260425,bedUOEtGfoRFbmze,50.29,6810,778,,,,,,,,,
2026-07-20,IOS,dhgate_product314_UK_Purchase 30D_purchase_IAP_Kelsey_IOS_20260424,NmHyz3ZrSwNTmf0j,55.43,3433,341,,,,,,,,,
2026-07-20,ANDROID,dhgate_product148_T1_Purchase 30D_purchase_IAP_Kelsey_AND_20260415,dVlitdxzfmXStKCR,100.33,11873,1290,,,,,,,,,
2026-07-20,IOS,dhgate_product138_FR_ACT&Nopay 30D_purchase_IAP_Kelsey_IOS_20260403,zNcB24si9mbzBPed,62.15,13329,788,,,,,,,,,
2026-07-20,IOS,dhgate_product137_US_Purchase 30D_purchase_IAP_Kelsey_IOS_20260402,Eo7scqEETcYxo6WH,48.92,3199,192,,,,,,,,,
2026-07-20,IOS,dhgate_dpa-ios_US_ACT&Nopay 30D_purchase_IAP_Kelsey_IOS_20260515,y55faIMh7doL5RvO,98.73,13362,197,,,,,,,,,
2026-07-20,IOS,dhgate_product381_US_ACT&Nopay 30D_purchase_IAP_Kelsey_IOS_20260624,koAG4uPwaNuNbSsi,200.39,18695,1201,,,,,,,,,
2026-07-20,IOS,dhgate_product319_CA_Purchase 30D_purchase_IAP_Kelsey_IOS_20260707,kJqgxnpe6VbEV7uj,12.83,251,107,,,,,,,,,
2026-07-20,ANDROID,dhgate_product384_T1_ACT&Nopay 30D_purchase_IAP_Kelsey_AND_20260627,S76pXwyrVvtdre2B,81.12,22889,2390,,,,,,,,,
2026-07-20,IOS,dhgate_product384_T1_ACT&Nopay 30D_purchase_IAP_Kelsey_IOS_20260627,HgoIpNDJKiz1hrzc,105.17,20736,966,,,,,,,,,
2026-07-20,IOS,dhgate_product384_T1_Purchase 30D_purchase_IAP_Kelsey_IOS_20260709_D7,a6HoTnERdU9tuFNK,50.1,5647,522,,,,,,,,,
2026-07-20,IOS,dhgate_product416_T1_ACT&Nopay 30D_purchse_IAP_Kelsey_IOS_20260720,L9SKqTadbXdFGvAH,6.4,435,269,,,,,,,,,
2026-07-20,IOS,dhgate_product415_UK_ACT&Nopay 30D_purchse_IAP_Kelsey_IOS_20260720,QsEaAhCMoLrvsawb,5.84,220,131,,,,,,,,,
2026-07-20,ANDROID,dhgate_product415_T1_ACT&Nopay 30D_purchse_IAP_Kelsey_AND_20260720,mAKCz6oEkG8RFtXq,2.66,998,327,,,,,,,,,
2026-07-20,ANDROID,dhgate_product414_UK_ACT&Nopay 30D_purchse_IAP_Kelsey_AND_20260717,Sta14UHs9lqoZaRk,32.77,1850,965,,,,,,,,,
2026-07-20,IOS,dhgate_product411_UK_Purchase 30D_purchse_IAP_Kelsey_IOS_20260716,uVssynWrCxEfr4Q8,37.14,718,358,,,,,,,,,
2026-07-20,ANDROID,dhgate_product411_UK_Purchase 30D_purchse_IAP_Kelsey_AND_20260716,hoTEkvhmBYMCkOdm,31.73,1327,505,,,,,,,,,
2026-07-20,IOS,dhgate_product409_US_Purchase 30D_purchse_IAP_Kelsey_IOS_20260715,lEeOk16FCFPRziEo,43.35,3224,216,,,,,,,,,
2026-07-20,ANDROID,dhgate_product409_US_Purchase 30D_purchse_IAP_Kelsey_AND_20260715,ZGa8bU3V5aZwVzXI,50.22,3538,593,,,,,,,,,
2026-07-20,IOS,dhgate_product405_US_Purchase 30D_purchse_IAP_Kelsey_IOS_20260714,pooV0geOxpxLrTu6,55.65,4595,236,,,,,,,,,
2026-07-20,IOS,dhgate_product403_US_Purchase 30D_purchse_IAP_Kelsey_IOS_20260713,OLvDIbZvBDJIzHMD,9.34,200,87,,,,,,,,,
2026-07-20,ANDROID,dhgate_product416_T1_ACT&Nopay 30D_purchse_IAP_Kelsey_AND_20260720,keisiJsWSukJumr6,3.19,1132,462,,,,,,,,,
2026-07-20,IOS,dhgate_product399_US_Purchase 30D_purchse_IAP_Kelsey_IOS_20260713,m0AfmfYsl54jMdHh,50.06,820,418,,,,,,,,,
2026-07-20,ANDROID,dhgate_product399_US_Purchase 30D_purchse_IAP_Kelsey_AND_20260713,pykwMMQYNbcpI7N6,50.04,3053,496,,,,,,,,,
2026-07-20,ANDROID,dhgate_product396_T1_ACT&Nopay 30D_purchase_IAP_Kelsey_AND_20260710,PQ4WrQLOvdlsyVCF,39.53,14209,1122,,,,,,,,,
2026-07-20,IOS,dhgate_product390_UK_Purchase 30D_purchase_IAP_Kelsey_IOS_20260707,ofCAbBvdiAKdTaHs,50.39,4200,276,,,,,,,,,
2026-07-20,IOS,dhgate_product386_US_Purchase 30D_purchase_IAP_Kelsey_IOS_20260630,kpNA9cC8I3HMEtHY,257.79,11935,1018,,,,,,,,,
2026-07-20,ANDROID,dhgate_product386_US_Purchase 30D_purchase_IAP_Kelsey_AND_20260701,rJAl2dweZnU4qvuG,48.12,6176,821,,,,,,,,,
2026-07-20,IOS,dhgate_product386_T1_Purchase 30D_purchase_IAP_Kelsey_IOS_20260717,EoSOPyFN9JaZMNAx,25.37,900,518,,,,,,,,,
2026-07-20,ANDROID,dhgate_product385_UK_ACT&Nopay 30D_purchase_IAP_Kelsey_AND_20260630,VzqTPrFSQDRkzKZj,84.95,9626,1317,,,,,,,,,
2026-07-20,ANDROID,dhgate_product385_FR_ACT&Nopay 30D_purchase_IAP_Kelsey_AND_20260717,ya88Oo6wiz1zd68P,30.86,2699,1440,,,,,,,,,
2026-07-20,ANDROID,dhgate_product384_T1_Purchase 30D_purchase_IAP_Kelsey_AND_20260709_D7,funYq3Yvepl5ocKc,117.11,9849,1710,,,,,,,,,
2026-07-20,ANDROID,dhgate_product403_US_Purchase 30D_purchse_IAP_Kelsey_AND_20260713,bgYcroQHZYVRMl2B,50.25,6013,404,,,,,,,,,
2026-07-21,IOS,dhgate_product319_US_Purchase 30D_purchase_IAP_Kelsey_IOS_20260429,SGOG7us7fBY7c5lH,50.16,8524,323,,,,,,,,,
2026-07-21,IOS,dhgate_product337_T1_ACT&Nopay 30D_purchase_IAP_Kelsey_IOS_20260513,pMbmqjxpXWy9uySH,49.62,13977,281,,,,,,,,,
2026-07-21,IOS,dhgate_product340_US_Purchase 30D_purchase_IAP_Kelsey_IOS_20260516,yznk4uz7IRlNu5TH,100.21,7471,373,,,,,,,,,
2026-07-21,ANDROID,dhgate_product368_T1_Purchase 30D_purchase_IAP_Kelsey_AND_20260531,b3s2CGS3sMxfFWgV,50.19,7296,578,,,,,,,,,
2026-07-21,IOS,dhgate_product364_US&FR_Purchase 30D_purchase_IAP_Kelsey_IOS_20260527,qX4oco28gDbrpBri,99.21,9453,457,,,,,,,,,
2026-07-21,ANDROID,dhgate_product367_UK_Purchase 30D_purchase_IAP_Kelsey_AND_20260530,AsUotp8z2P369W1o,100.39,7363,1012,,,,,,,,,
2026-07-21,IOS,dhgate_product319_CA_Purchase 30D_purchase_IAP_Kelsey_IOS_20260707,kJqgxnpe6VbEV7uj,6.3,161,54,,,,,,,,,
2026-07-21,IOS,dhgate_product350_US_Purchase 30D_purchase_IAP_Kelsey_IOS_20260517,eZwoS7yMwcYqxbzm,50.03,3950,220,,,,,,,,,
2026-07-21,IOS,dhgate_product318_T1_Purchase 30D_purchase_IAP_Kelsey_IOS_20260428,mayu0PGeMJEYQhWJ,95.12,14212,617,,,,,,,,,
2026-07-21,ANDROID,dhgate_product148_T1_Purchase 30D_purchase_IAP_Kelsey_AND_20260415,dVlitdxzfmXStKCR,99.94,11034,1164,,,,,,,,,
2026-07-21,ANDROID,dhgate_product317_FR_ACT&Nopay 30D_purchase_IAP_Kelsey_AND_20260526,zbor8ujPF081oChW,50.35,8665,1502,,,,,,,,,
2026-07-21,ANDROID,dhgate_product315_UK_ACT&Nopay 30D_purchase_IAP_Kelsey_AND_20260425,bedUOEtGfoRFbmze,50.21,6937,766,,,,,,,,,
2026-07-21,IOS,dhgate_product314_UK_Purchase 30D_purchase_IAP_Kelsey_IOS_20260424,NmHyz3ZrSwNTmf0j,93.77,4880,521,,,,,,,,,
2026-07-21,IOS,dhgate_product138_FR_ACT&Nopay 30D_purchase_IAP_Kelsey_IOS_20260403,zNcB24si9mbzBPed,97.29,21329,1088,,,,,,,,,
2026-07-21,IOS,dhgate_product137_US_Purchase 30D_purchase_IAP_Kelsey_IOS_20260402,Eo7scqEETcYxo6WH,48.58,3251,172,,,,,,,,,
2026-07-21,IOS,dhgate_dpa-ios_US_ACT&Nopay 30D_purchase_IAP_Kelsey_IOS_20260515,y55faIMh7doL5RvO,99.09,15151,240,,,,,,,,,
2026-07-21,ANDROID,dhgate_dpa-and_US_ACT&Nopay 30D_purchase_IAP_Kelsey_AND_20260511,M0ZXR7rklCeN7J9o,98.72,26266,516,,,,,,,,,
2026-07-21,IOS,dhgate_product372_T1_ACT&Nopay 30D_purchase_IAP_Kelsey_IOS_20260605,U4gzqzcEnoe3yurD,49.48,12915,470,,,,,,,,,
2026-07-21,ANDROID,dhgate_product317_UK&FR_ACT&Nopay 30D_purchase_IAP_Kelsey_AND_20260427,tDzMEZEldS4Kei0r,100.52,17042,2423,,,,,,,,,
2026-07-21,ANDROID,dhgate_product374_US_ACT&Nopay 30D_purchase_IAP_Kelsey_AND_20260610,lHtOeUxHZghwmdpM,50.16,14950,748,,,,,,,,,
2026-07-21,IOS,dhgate_product381_US_ACT&Nopay 30D_purchase_IAP_Kelsey_IOS_20260624,koAG4uPwaNuNbSsi,195.79,19169,1322,,,,,,,,,
2026-07-21,IOS,dhgate_product381_FR_ACT&Nopay 30D_purchase_IAP_Kelsey_IOS_20260717,i9Ads9K1dgsPK6yZ,37.18,1587,913,,,,,,,,,
2026-07-21,IOS,dhgate_product417_T1_ACT&Nopay 30D_purchse_IAP_Kelsey_IOS_20260721,d7jX0iC90lS75ROO,12.15,766,471,,,,,,,,,
2026-07-21,ANDROID,dhgate_product417_T1_ACT&Nopay 30D_purchse_IAP_Kelsey_AND_20260721,pKciwrr10Kcz9O8a,12.65,3661,1252,,,,,,,,,
2026-07-21,IOS,dhgate_product416_T1_ACT&Nopay 30D_purchse_IAP_Kelsey_IOS_20260720,L9SKqTadbXdFGvAH,33.51,1935,1028,,,,,,,,,
2026-07-21,ANDROID,dhgate_product416_T1_ACT&Nopay 30D_purchse_IAP_Kelsey_AND_20260720,keisiJsWSukJumr6,44.72,8838,3518,,,,,,,,,
2026-07-21,IOS,dhgate_product415_UK_ACT&Nopay 30D_purchse_IAP_Kelsey_IOS_20260720,QsEaAhCMoLrvsawb,46.84,1254,735,,,,,,,,,
2026-07-21,ANDROID,dhgate_product414_UK_ACT&Nopay 30D_purchse_IAP_Kelsey_AND_20260717,Sta14UHs9lqoZaRk,39.4,2195,1003,,,,,,,,,
2026-07-21,ANDROID,dhgate_product409_US_Purchase 30D_purchse_IAP_Kelsey_AND_20260715,ZGa8bU3V5aZwVzXI,50.3,5028,597,,,,,,,,,
2026-07-21,IOS,dhgate_product405_US_Purchase 30D_purchse_IAP_Kelsey_IOS_20260714,pooV0geOxpxLrTu6,94.18,5768,473,,,,,,,,,
2026-07-21,IOS,dhgate_product403_US_Purchase 30D_purchse_IAP_Kelsey_IOS_20260713,OLvDIbZvBDJIzHMD,48.72,974,507,,,,,,,,,
2026-07-21,ANDROID,dhgate_product415_T1_ACT&Nopay 30D_purchse_IAP_Kelsey_AND_20260720,mAKCz6oEkG8RFtXq,45.07,10346,3531,,,,,,,,,
2026-07-21,IOS,dhgate_product390_UK_Purchase 30D_purchase_IAP_Kelsey_IOS_20260707,ofCAbBvdiAKdTaHs,45.82,3836,279,,,,,,,,,
2026-07-21,IOS,dhgate_product386_US_Purchase 30D_purchase_IAP_Kelsey_IOS_20260630,kpNA9cC8I3HMEtHY,286.72,12649,1207,,,,,,,,,
2026-07-21,ANDROID,dhgate_product386_US_Purchase 30D_purchase_IAP_Kelsey_AND_20260701,rJAl2dweZnU4qvuG,50.05,6601,802,,,,,,,,,
2026-07-21,ANDROID,dhgate_product385_UK_ACT&Nopay 30D_purchase_IAP_Kelsey_AND_20260630,VzqTPrFSQDRkzKZj,50.46,7688,864,,,,,,,,,
2026-07-21,ANDROID,dhgate_product384_T1_Purchase 30D_purchase_IAP_Kelsey_AND_20260709_D7,funYq3Yvepl5ocKc,148.97,11460,2098,,,,,,,,,
2026-07-21,IOS,dhgate_product384_T1_Purchase 30D_purchase_IAP_Kelsey_IOS_20260709_D7,a6HoTnERdU9tuFNK,48.15,5485,467,,,,,,,,,
2026-07-21,IOS,dhgate_product384_T1_ACT&Nopay 30D_purchase_IAP_Kelsey_IOS_20260627,HgoIpNDJKiz1hrzc,144.93,24710,1258,,,,,,,,,
2026-07-21,ANDROID,dhgate_product384_T1_ACT&Nopay 30D_purchase_IAP_Kelsey_AND_20260627,S76pXwyrVvtdre2B,50.23,16659,1471,,,,,,,,,
2026-07-21,ANDROID,dhgate_product403_US_Purchase 30D_purchse_IAP_Kelsey_AND_20260713,bgYcroQHZYVRMl2B,50.46,3541,379,,,,,,,,,
2026-07-22,IOS,dhgate_product337_T1_ACT&Nopay 30D_purchase_IAP_Kelsey_IOS_20260513,pMbmqjxpXWy9uySH,38.74,10242,208,,,,,,,,,
2026-07-22,IOS,dhgate_product340_US_Purchase 30D_purchase_IAP_Kelsey_IOS_20260516,yznk4uz7IRlNu5TH,86.77,6475,336,,,,,,,,,
2026-07-22,IOS,dhgate_product350_US_Purchase 30D_purchase_IAP_Kelsey_IOS_20260517,eZwoS7yMwcYqxbzm,41.67,3675,188,,,,,,,,,
2026-07-22,IOS,dhgate_product364_US&FR_Purchase 30D_purchase_IAP_Kelsey_IOS_20260527,qX4oco28gDbrpBri,80.92,7296,414,,,,,,,,,
2026-07-22,ANDROID,dhgate_product374_US_ACT&Nopay 30D_purchase_IAP_Kelsey_AND_20260610,lHtOeUxHZghwmdpM,48.09,16316,612,,,,,,,,,
2026-07-22,ANDROID,dhgate_product368_T1_Purchase 30D_purchase_IAP_Kelsey_AND_20260531,b3s2CGS3sMxfFWgV,49.37,8605,534,,,,,,,,,
2026-07-22,IOS,dhgate_product372_T1_ACT&Nopay 30D_purchase_IAP_Kelsey_IOS_20260605,U4gzqzcEnoe3yurD,55.72,11801,531,,,,,,,,,
2026-07-22,IOS,dhgate_product319_US_Purchase 30D_purchase_IAP_Kelsey_IOS_20260429,SGOG7us7fBY7c5lH,49.66,7231,310,,,,,,,,,
2026-07-22,ANDROID,dhgate_product367_UK_Purchase 30D_purchase_IAP_Kelsey_AND_20260530,AsUotp8z2P369W1o,80.04,6533,778,,,,,,,,,
2026-07-22,IOS,dhgate_product319_CA_Purchase 30D_purchase_IAP_Kelsey_IOS_20260707,kJqgxnpe6VbEV7uj,6.16,137,68,,,,,,,,,
2026-07-22,IOS,dhgate_product381_US_ACT&Nopay 30D_purchase_IAP_Kelsey_IOS_20260624,koAG4uPwaNuNbSsi,195.51,18552,1358,,,,,,,,,
2026-07-22,ANDROID,dhgate_product317_UK&FR_ACT&Nopay 30D_purchase_IAP_Kelsey_AND_20260427,tDzMEZEldS4Kei0r,68.44,13936,1658,,,,,,,,,
2026-07-22,ANDROID,dhgate_product317_FR_ACT&Nopay 30D_purchase_IAP_Kelsey_AND_20260526,zbor8ujPF081oChW,50.14,10963,1315,,,,,,,,,
2026-07-22,ANDROID,dhgate_product315_UK_ACT&Nopay 30D_purchase_IAP_Kelsey_AND_20260425,bedUOEtGfoRFbmze,50.23,7989,787,,,,,,,,,
2026-07-22,IOS,dhgate_product314_UK_Purchase 30D_purchase_IAP_Kelsey_IOS_20260424,NmHyz3ZrSwNTmf0j,94.17,5157,544,,,,,,,,,
2026-07-22,ANDROID,dhgate_product148_T1_Purchase 30D_purchase_IAP_Kelsey_AND_20260415,dVlitdxzfmXStKCR,117.74,14439,1325,,,,,,,,,
2026-07-22,IOS,dhgate_product138_FR_ACT&Nopay 30D_purchase_IAP_Kelsey_IOS_20260403,zNcB24si9mbzBPed,92.28,14332,1005,,,,,,,,,
2026-07-22,IOS,dhgate_product137_US_Purchase 30D_purchase_IAP_Kelsey_IOS_20260402,Eo7scqEETcYxo6WH,57.71,4386,250,,,,,,,,,
2026-07-22,IOS,dhgate_dpa-ios_US_ACT&Nopay 30D_purchase_IAP_Kelsey_IOS_20260515,y55faIMh7doL5RvO,96.99,13565,252,,,,,,,,,
2026-07-22,IOS,dhgate_product381_FR_ACT&Nopay 30D_purchase_IAP_Kelsey_IOS_20260717,i9Ads9K1dgsPK6yZ,38.38,2429,882,,,,,,,,,
2026-07-22,IOS,dhgate_product318_T1_Purchase 30D_purchase_IAP_Kelsey_IOS_20260428,mayu0PGeMJEYQhWJ,67.68,9718,466,,,,,,,,,
2026-07-22,ANDROID,dhgate_dpa-and_US_ACT&Nopay 30D_purchase_IAP_Kelsey_AND_20260511,M0ZXR7rklCeN7J9o,90.04,24555,609,,,,,,,,,
2026-07-22,ANDROID,dhgate_product385_UK_ACT&Nopay 30D_purchase_IAP_Kelsey_AND_20260630,VzqTPrFSQDRkzKZj,50.3,8546,899,,,,,,,,,
2026-07-22,IOS,dhgate_product384_T1_ACT&Nopay 30D_purchase_IAP_Kelsey_IOS_20260627,HgoIpNDJKiz1hrzc,142.22,20632,1201,,,,,,,,,
2026-07-22,IOS,dhgate_product418_T1_ACT&Nopay 30D_purchse_IAP_Kelsey_IOS_20260722,Hp7X2KeSfchcLmzh,6.83,468,239,,,,,,,,,
2026-07-22,ANDROID,dhgate_product418_T1_ACT&Nopay 30D_purchse_IAP_Kelsey_AND_20260722,GRTymfTgCFvj9zd3,7.74,2069,747,,,,,,,,,
2026-07-22,IOS,dhgate_product417_T1_ACT&Nopay 30D_purchse_IAP_Kelsey_IOS_20260721,d7jX0iC90lS75ROO,44.7,3137,1259,,,,,,,,,
2026-07-22,ANDROID,dhgate_product417_T1_ACT&Nopay 30D_purchse_IAP_Kelsey_AND_20260721,pKciwrr10Kcz9O8a,50.37,13824,3409,,,,,,,,,
2026-07-22,IOS,dhgate_product416_T1_ACT&Nopay 30D_purchse_IAP_Kelsey_IOS_20260720,L9SKqTadbXdFGvAH,44.13,2065,1039,,,,,,,,,
2026-07-22,ANDROID,dhgate_product416_T1_ACT&Nopay 30D_purchse_IAP_Kelsey_AND_20260720,keisiJsWSukJumr6,50.5,6603,2630,,,,,,,,,
2026-07-22,ANDROID,dhgate_product384_T1_ACT&Nopay 30D_purchase_IAP_Kelsey_AND_20260627,S76pXwyrVvtdre2B,62.23,25186,1651,,,,,,,,,
2026-07-22,ANDROID,dhgate_product415_T1_ACT&Nopay 30D_purchse_IAP_Kelsey_AND_20260720,mAKCz6oEkG8RFtXq,50.42,7402,2600,,,,,,,,,
2026-07-22,ANDROID,dhgate_product414_UK_ACT&Nopay 30D_purchse_IAP_Kelsey_AND_20260717,Sta14UHs9lqoZaRk,45.71,2492,1045,,,,,,,,,
2026-07-22,ANDROID,dhgate_product409_US_Purchase 30D_purchse_IAP_Kelsey_AND_20260715,ZGa8bU3V5aZwVzXI,49.82,6098,574,,,,,,,,,
2026-07-22,IOS,dhgate_product415_UK_ACT&Nopay 30D_purchse_IAP_Kelsey_IOS_20260720,QsEaAhCMoLrvsawb,42.64,1078,606,,,,,,,,,
2026-07-22,IOS,dhgate_product405_FR_Purchase 30D_purchse_IAP_Kelsey_IOS_20260722,U3LxkggQNPg2gWjo,1.57,79,47,,,,,,,,,
2026-07-22,IOS,dhgate_product405_US_Purchase 30D_purchse_IAP_Kelsey_IOS_20260714,pooV0geOxpxLrTu6,101.71,6807,455,,,,,,,,,
2026-07-22,ANDROID,dhgate_product384_T1_Purchase 30D_purchase_IAP_Kelsey_AND_20260709_D7,funYq3Yvepl5ocKc,150.32,13210,1969,,,,,,,,,
2026-07-22,ANDROID,dhgate_product386_US_Purchase 30D_purchase_IAP_Kelsey_AND_20260701,rJAl2dweZnU4qvuG,40.8,5911,553,,,,,,,,,
2026-07-22,IOS,dhgate_product384_T1_Purchase 30D_purchase_IAP_Kelsey_IOS_20260709_D7,a6HoTnERdU9tuFNK,50.29,5292,439,,,,,,,,,
2026-07-22,IOS,dhgate_product390_UK_Purchase 30D_purchase_IAP_Kelsey_IOS_20260707,ofCAbBvdiAKdTaHs,35.87,3088,208,,,,,,,,,
2026-07-22,ANDROID,dhgate_product403_US_Purchase 30D_purchse_IAP_Kelsey_AND_20260713,bgYcroQHZYVRMl2B,50.01,6747,840,,,,,,,,,
2026-07-22,IOS,dhgate_product403_US_Purchase 30D_purchse_IAP_Kelsey_IOS_20260713,OLvDIbZvBDJIzHMD,40.43,875,420,,,,,,,,,
2026-07-22,IOS,dhgate_product386_US_Purchase 30D_purchase_IAP_Kelsey_IOS_20260630,kpNA9cC8I3HMEtHY,237.46,11064,1035,,,,,,,,,
2026-07-23,IOS,dhgate_product319_CA_Purchase 30D_purchase_IAP_Kelsey_IOS_20260707,kJqgxnpe6VbEV7uj,8.13,216,79,,,,,,,,,
2026-07-23,ANDROID,dhgate_product374_US_ACT&Nopay 30D_purchase_IAP_Kelsey_AND_20260610,lHtOeUxHZghwmdpM,50.15,15500,655,,,,,,,,,
2026-07-23,IOS,dhgate_product372_T1_ACT&Nopay 30D_purchase_IAP_Kelsey_IOS_20260605,U4gzqzcEnoe3yurD,97.33,13708,1048,,,,,,,,,
2026-07-23,ANDROID,dhgate_product368_T1_Purchase 30D_purchase_IAP_Kelsey_AND_20260531,b3s2CGS3sMxfFWgV,50.32,8610,558,,,,,,,,,
2026-07-23,ANDROID,dhgate_product367_UK_Purchase 30D_purchase_IAP_Kelsey_AND_20260530,AsUotp8z2P369W1o,50.18,4980,474,,,,,,,,,
2026-07-23,IOS,dhgate_product364_US&FR_Purchase 30D_purchase_IAP_Kelsey_IOS_20260527,qX4oco28gDbrpBri,43.92,4855,209,,,,,,,,,
2026-07-23,IOS,dhgate_product340_US_Purchase 30D_purchase_IAP_Kelsey_IOS_20260516,yznk4uz7IRlNu5TH,46.53,4406,160,,,,,,,,,
2026-07-23,IOS,dhgate_product319_US_Purchase 30D_purchase_IAP_Kelsey_IOS_20260429,SGOG7us7fBY7c5lH,47.96,5662,311,,,,,,,,,
2026-07-23,IOS,dhgate_product318_T1_Purchase 30D_purchase_IAP_Kelsey_IOS_20260428,mayu0PGeMJEYQhWJ,47.16,6893,304,,,,,,,,,
2026-07-23,IOS,dhgate_product381_FR_ACT&Nopay 30D_purchase_IAP_Kelsey_IOS_20260717,i9Ads9K1dgsPK6yZ,48.89,8363,627,,,,,,,,,
2026-07-23,ANDROID,dhgate_product317_FR_ACT&Nopay 30D_purchase_IAP_Kelsey_AND_20260526,zbor8ujPF081oChW,50.5,11215,1352,,,,,,,,,
2026-07-23,ANDROID,dhgate_product315_UK_ACT&Nopay 30D_purchase_IAP_Kelsey_AND_20260425,bedUOEtGfoRFbmze,50.52,8104,692,,,,,,,,,
2026-07-23,IOS,dhgate_product314_UK_Purchase 30D_purchase_IAP_Kelsey_IOS_20260424,NmHyz3ZrSwNTmf0j,92.06,4552,511,,,,,,,,,
2026-07-23,ANDROID,dhgate_product148_T1_Purchase 30D_purchase_IAP_Kelsey_AND_20260415,dVlitdxzfmXStKCR,150.39,16562,1651,,,,,,,,,
2026-07-23,IOS,dhgate_product138_FR_ACT&Nopay 30D_purchase_IAP_Kelsey_IOS_20260403,zNcB24si9mbzBPed,100.36,12718,1165,,,,,,,,,
2026-07-23,IOS,dhgate_product137_US_Purchase 30D_purchase_IAP_Kelsey_IOS_20260402,Eo7scqEETcYxo6WH,99.94,6153,497,,,,,,,,,
2026-07-23,IOS,dhgate_dpa-ios_US_ACT&Nopay 30D_purchase_IAP_Kelsey_IOS_20260515,y55faIMh7doL5RvO,93.92,12200,263,,,,,,,,,
2026-07-23,ANDROID,dhgate_dpa-and_US_ACT&Nopay 30D_purchase_IAP_Kelsey_AND_20260511,M0ZXR7rklCeN7J9o,100.29,25465,683,,,,,,,,,
2026-07-23,ANDROID,dhgate_product317_UK&FR_ACT&Nopay 30D_purchase_IAP_Kelsey_AND_20260427,tDzMEZEldS4Kei0r,50.43,13630,1098,,,,,,,,,
2026-07-23,IOS,dhgate_product381_US_ACT&Nopay 30D_purchase_IAP_Kelsey_IOS_20260624,koAG4uPwaNuNbSsi,200.52,15656,1508,,,,,,,,,
2026-07-23,ANDROID,dhgate_product384_T1_ACT&Nopay 30D_purchase_IAP_Kelsey_AND_20260627,S76pXwyrVvtdre2B,100.45,32243,2604,,,,,,,,,
2026-07-23,IOS,dhgate_product384_T1_ACT&Nopay 30D_purchase_IAP_Kelsey_IOS_20260627,HgoIpNDJKiz1hrzc,140.43,15848,1287,,,,,,,,,
2026-07-23,ANDROID,dhgate_product420_US_Purchase 30D_purchse_IAP_Kelsey_AND_20260723,UxeRwjZMdJsp2uCh,2.48,247,51,,,,,,,,,
2026-07-23,IOS,dhgate_product418_T1_ACT&Nopay 30D_purchse_IAP_Kelsey_IOS_20260722,Hp7X2KeSfchcLmzh,40.95,3009,1025,,,,,,,,,
2026-07-23,ANDROID,dhgate_product418_T1_ACT&Nopay 30D_purchse_IAP_Kelsey_AND_20260722,GRTymfTgCFvj9zd3,44.93,14513,2989,,,,,,,,,
2026-07-23,IOS,dhgate_product417_T1_ACT&Nopay 30D_purchse_IAP_Kelsey_IOS_20260721,d7jX0iC90lS75ROO,46.09,2555,1077,,,,,,,,,
2026-07-23,ANDROID,dhgate_product417_T1_ACT&Nopay 30D_purchse_IAP_Kelsey_AND_20260721,pKciwrr10Kcz9O8a,50.2,10668,2651,,,,,,,,,
2026-07-23,IOS,dhgate_product416_T1_ACT&Nopay 30D_purchse_IAP_Kelsey_IOS_20260720,L9SKqTadbXdFGvAH,44.05,2070,958,,,,,,,,,
2026-07-23,ANDROID,dhgate_product416_T1_ACT&Nopay 30D_purchse_IAP_Kelsey_AND_20260720,keisiJsWSukJumr6,50.3,7906,2356,,,,,,,,,
2026-07-23,IOS,dhgate_product415_UK_ACT&Nopay 30D_purchse_IAP_Kelsey_IOS_20260720,QsEaAhCMoLrvsawb,50.21,1144,652,,,,,,,,,
2026-07-23,ANDROID,dhgate_product415_T1_ACT&Nopay 30D_purchse_IAP_Kelsey_AND_20260720,mAKCz6oEkG8RFtXq,49.73,9634,2311,,,,,,,,,
2026-07-23,IOS,dhgate_product420_US_Purchase 30D_purchse_IAP_Kelsey_IOS_20260723,PyqKKirYV9Yg6uFd,5.69,154,53,,,,,,,,,
2026-07-23,ANDROID,dhgate_product409_US_Purchase 30D_purchse_IAP_Kelsey_AND_20260715,ZGa8bU3V5aZwVzXI,50.16,6129,442,,,,,,,,,
2026-07-23,IOS,dhgate_product405_US_Purchase 30D_purchse_IAP_Kelsey_IOS_20260714,pooV0geOxpxLrTu6,148.75,7304,753,,,,,,,,,
2026-07-23,IOS,dhgate_product405_FR_Purchase 30D_purchse_IAP_Kelsey_IOS_20260722,U3LxkggQNPg2gWjo,24.48,1260,418,,,,,,,,,
2026-07-23,IOS,dhgate_product403_US_Purchase 30D_purchse_IAP_Kelsey_IOS_20260713,OLvDIbZvBDJIzHMD,45.96,1066,458,,,,,,,,,
2026-07-23,ANDROID,dhgate_product403_US_Purchase 30D_purchse_IAP_Kelsey_AND_20260713,bgYcroQHZYVRMl2B,45.48,6439,887,,,,,,,,,
2026-07-23,IOS,dhgate_product386_US_Purchase 30D_purchase_IAP_Kelsey_IOS_20260630,kpNA9cC8I3HMEtHY,188.42,9925,870,,,,,,,,,
2026-07-23,ANDROID,dhgate_product385_UK_ACT&Nopay 30D_purchase_IAP_Kelsey_AND_20260630,VzqTPrFSQDRkzKZj,50.32,8432,750,,,,,,,,,
2026-07-23,IOS,dhgate_product384_T1_Purchase 30D_purchase_IAP_Kelsey_IOS_20260709_D7,a6HoTnERdU9tuFNK,45.03,3582,413,,,,,,,,,
2026-07-23,ANDROID,dhgate_product384_T1_Purchase 30D_purchase_IAP_Kelsey_AND_20260709_D7,funYq3Yvepl5ocKc,151.15,11875,1910,,,,,,,,,
2026-07-23,ANDROID,dhgate_product414_UK_ACT&Nopay 30D_purchse_IAP_Kelsey_AND_20260717,Sta14UHs9lqoZaRk,48.77,2849,973,,,,,,,,,
2026-07-24,IOS,dhgate_product340_US_Purchase 30D_purchase_IAP_Kelsey_IOS_20260516,yznk4uz7IRlNu5TH,50.12,4299,207,,,,,,,,,
2026-07-24,IOS,dhgate_product364_US&FR_Purchase 30D_purchase_IAP_Kelsey_IOS_20260527,qX4oco28gDbrpBri,50.29,5060,296,,,,,,,,,
2026-07-24,ANDROID,dhgate_product367_UK_Purchase 30D_purchase_IAP_Kelsey_AND_20260530,AsUotp8z2P369W1o,50.31,4269,520,,,,,,,,,
2026-07-24,IOS,dhgate_product381_FR_ACT&Nopay 30D_purchase_IAP_Kelsey_IOS_20260717,i9Ads9K1dgsPK6yZ,37.34,6409,498,,,,,,,,,
2026-07-24,IOS,dhgate_product372_T1_ACT&Nopay 30D_purchase_IAP_Kelsey_IOS_20260605,U4gzqzcEnoe3yurD,100.35,14360,1119,,,,,,,,,
2026-07-24,ANDROID,dhgate_product374_US_ACT&Nopay 30D_purchase_IAP_Kelsey_AND_20260610,lHtOeUxHZghwmdpM,50.09,14941,773,,,,,,,,,
2026-07-24,IOS,dhgate_product319_US_Purchase 30D_purchase_IAP_Kelsey_IOS_20260429,SGOG7us7fBY7c5lH,50.11,5427,351,,,,,,,,,
2026-07-24,ANDROID,dhgate_product368_T1_Purchase 30D_purchase_IAP_Kelsey_AND_20260531,b3s2CGS3sMxfFWgV,50.44,8348,587,,,,,,,,,
2026-07-24,IOS,dhgate_product319_CA_Purchase 30D_purchase_IAP_Kelsey_IOS_20260707,kJqgxnpe6VbEV7uj,9.28,238,88,,,,,,,,,
2026-07-24,IOS,dhgate_product314_UK_Purchase 30D_purchase_IAP_Kelsey_IOS_20260424,NmHyz3ZrSwNTmf0j,98.69,4119,594,,,,,,,,,
2026-07-24,ANDROID,dhgate_product317_UK&FR_ACT&Nopay 30D_purchase_IAP_Kelsey_AND_20260427,tDzMEZEldS4Kei0r,50.3,12359,1313,,,,,,,,,
2026-07-24,ANDROID,dhgate_product317_FR_ACT&Nopay 30D_purchase_IAP_Kelsey_AND_20260526,zbor8ujPF081oChW,50.27,9238,1356,,,,,,,,,
2026-07-24,ANDROID,dhgate_product315_UK_ACT&Nopay 30D_purchase_IAP_Kelsey_AND_20260425,bedUOEtGfoRFbmze,45.92,6346,700,,,,,,,,,
2026-07-24,ANDROID,dhgate_product148_T1_Purchase 30D_purchase_IAP_Kelsey_AND_20260415,dVlitdxzfmXStKCR,151.96,15516,1669,,,,,,,,,
2026-07-24,IOS,dhgate_product138_FR_ACT&Nopay 30D_purchase_IAP_Kelsey_IOS_20260403,zNcB24si9mbzBPed,100.39,15703,1199,,,,,,,,,
2026-07-24,IOS,dhgate_product137_US_Purchase 30D_purchase_IAP_Kelsey_IOS_20260402,Eo7scqEETcYxo6WH,101.01,6338,517,,,,,,,,,
2026-07-24,IOS,dhgate_dpa-ios_US_ACT&Nopay 30D_purchase_IAP_Kelsey_IOS_20260515,y55faIMh7doL5RvO,100.42,11772,282,,,,,,,,,
2026-07-24,ANDROID,dhgate_dpa-and_US_ACT&Nopay 30D_purchase_IAP_Kelsey_AND_20260511,M0ZXR7rklCeN7J9o,100.18,24818,790,,,,,,,,,
2026-07-24,IOS,dhgate_product381_US_ACT&Nopay 30D_purchase_IAP_Kelsey_IOS_20260624,koAG4uPwaNuNbSsi,200.59,12334,1711,,,,,,,,,
2026-07-24,IOS,dhgate_product318_T1_Purchase 30D_purchase_IAP_Kelsey_IOS_20260428,mayu0PGeMJEYQhWJ,50.49,7749,409,,,,,,,,,
2026-07-24,ANDROID,dhgate_product384_T1_ACT&Nopay 30D_purchase_IAP_Kelsey_AND_20260627,S76pXwyrVvtdre2B,100.38,30347,2579,,,,,,,,,
2026-07-24,IOS,dhgate_product384_T1_ACT&Nopay 30D_purchase_IAP_Kelsey_IOS_20260627,HgoIpNDJKiz1hrzc,150.78,15308,1434,,,,,,,,,
2026-07-24,IOS,dhgate_product420_US_Purchase 30D_purchse_IAP_Kelsey_IOS_20260723,PyqKKirYV9Yg6uFd,36.26,1448,407,,,,,,,,,
2026-07-24,ANDROID,dhgate_product422_US_Purchase 30D_purchse_IAP_Kelsey_AND_20260724,RNxECTYCW3t3KFtK,3.18,276,57,,,,,,,,,
2026-07-24,ANDROID,dhgate_product384_T1_Purchase 30D_purchase_IAP_Kelsey_AND_20260709_D7,funYq3Yvepl5ocKc,151.15,11690,2019,,,,,,,,,
2026-07-24,ANDROID,dhgate_product420_US_Purchase 30D_purchse_IAP_Kelsey_AND_20260723,UxeRwjZMdJsp2uCh,46.5,3832,628,,,,,,,,,
2026-07-24,IOS,dhgate_product418_T1_ACT&Nopay 30D_purchse_IAP_Kelsey_IOS_20260722,Hp7X2KeSfchcLmzh,45.86,4162,1169,,,,,,,,,
2026-07-24,ANDROID,dhgate_product418_T1_ACT&Nopay 30D_purchse_IAP_Kelsey_AND_20260722,GRTymfTgCFvj9zd3,50.21,15223,2863,,,,,,,,,
2026-07-24,IOS,dhgate_product417_T1_ACT&Nopay 30D_purchse_IAP_Kelsey_IOS_20260721,d7jX0iC90lS75ROO,43.71,2523,1075,,,,,,,,,
2026-07-24,ANDROID,dhgate_product417_T1_ACT&Nopay 30D_purchse_IAP_Kelsey_AND_20260721,pKciwrr10Kcz9O8a,47.75,8943,2464,,,,,,,,,
2026-07-24,ANDROID,dhgate_product416_T1_ACT&Nopay 30D_purchse_IAP_Kelsey_AND_20260720,keisiJsWSukJumr6,50.39,9336,2290,,,,,,,,,
2026-07-24,IOS,dhgate_product415_UK_ACT&Nopay 30D_purchse_IAP_Kelsey_IOS_20260720,QsEaAhCMoLrvsawb,50.35,1126,593,,,,,,,,,
2026-07-24,ANDROID,dhgate_product415_T1_ACT&Nopay 30D_purchse_IAP_Kelsey_AND_20260720,mAKCz6oEkG8RFtXq,49.09,9750,2365,,,,,,,,,
2026-07-24,IOS,dhgate_product416_T1_ACT&Nopay 30D_purchse_IAP_Kelsey_IOS_20260720,L9SKqTadbXdFGvAH,42.94,1979,856,,,,,,,,,
2026-07-24,ANDROID,dhgate_product409_US_Purchase 30D_purchse_IAP_Kelsey_AND_20260715,ZGa8bU3V5aZwVzXI,50.04,5122,525,,,,,,,,,
2026-07-24,IOS,dhgate_product384_T1_Purchase 30D_purchase_IAP_Kelsey_IOS_20260709_D7,a6HoTnERdU9tuFNK,50.25,3327,501,,,,,,,,,
2026-07-24,ANDROID,dhgate_product414_UK_ACT&Nopay 30D_purchse_IAP_Kelsey_AND_20260717,Sta14UHs9lqoZaRk,50.19,2521,956,,,,,,,,,
2026-07-24,ANDROID,dhgate_product385_UK_ACT&Nopay 30D_purchase_IAP_Kelsey_AND_20260630,VzqTPrFSQDRkzKZj,50.4,7859,793,,,,,,,,,
2026-07-24,IOS,dhgate_product386_US_Purchase 30D_purchase_IAP_Kelsey_IOS_20260630,kpNA9cC8I3HMEtHY,201.01,8574,965,,,,,,,,,
2026-07-24,ANDROID,dhgate_product403_US_Purchase 30D_purchse_IAP_Kelsey_AND_20260713,bgYcroQHZYVRMl2B,50.06,6335,1023,,,,,,,,,
2026-07-24,ANDROID,dhgate_product385_T1_ACT&Nopay 30D_purchase_IAP_Kelsey_AND_20260724_D7,TEApHE7HAUzhrbb0,4.29,1319,412,,,,,,,,,
2026-07-24,IOS,dhgate_product405_FR_Purchase 30D_purchse_IAP_Kelsey_IOS_20260722,U3LxkggQNPg2gWjo,39.05,2087,571,,,,,,,,,
2026-07-24,IOS,dhgate_product405_T1_Purchase 30D_purchse_IAP_Kelsey_IOS_20260724_D7,Dnt07pISlZfFTVJr,4.14,183,109,,,,,,,,,
2026-07-24,IOS,dhgate_product405_US_Purchase 30D_purchse_IAP_Kelsey_IOS_20260714,pooV0geOxpxLrTu6,150.78,6101,871,,,,,,,,,
2026-07-24,IOS,dhgate_product403_US_Purchase 30D_purchse_IAP_Kelsey_IOS_20260713,OLvDIbZvBDJIzHMD,50.26,990,453,,,,,,,,,
2026-07-25,IOS,dhgate_product364_US&FR_Purchase 30D_purchase_IAP_Kelsey_IOS_20260527,qX4oco28gDbrpBri,50.44,6422,244,,,,,,,,,
2026-07-25,ANDROID,dhgate_product384_T1_ACT&Nopay 30D_purchase_IAP_Kelsey_AND_20260627,S76pXwyrVvtdre2B,100.1,31488,2385,,,,,,,,,
2026-07-25,IOS,dhgate_product381_US_ACT&Nopay 30D_purchase_IAP_Kelsey_IOS_20260624,koAG4uPwaNuNbSsi,201.03,13887,1664,,,,,,,,,
2026-07-25,IOS,dhgate_product381_FR_ACT&Nopay 30D_purchase_IAP_Kelsey_IOS_20260717,i9Ads9K1dgsPK6yZ,0.0,1,0,,,,,,,,,
2026-07-25,ANDROID,dhgate_product374_US_ACT&Nopay 30D_purchase_IAP_Kelsey_AND_20260610,lHtOeUxHZghwmdpM,46.92,13195,649,,,,,,,,,
2026-07-25,IOS,dhgate_product372_T1_ACT&Nopay 30D_purchase_IAP_Kelsey_IOS_20260605,U4gzqzcEnoe3yurD,100.24,19032,1065,,,,,,,,,
2026-07-25,ANDROID,dhgate_product368_T1_Purchase 30D_purchase_IAP_Kelsey_AND_20260531,b3s2CGS3sMxfFWgV,50.25,8938,613,,,,,,,,,
2026-07-25,ANDROID,dhgate_product367_UK_Purchase 30D_purchase_IAP_Kelsey_AND_20260530,AsUotp8z2P369W1o,50.39,4642,512,,,,,,,,,
2026-07-25,IOS,dhgate_product340_US_Purchase 30D_purchase_IAP_Kelsey_IOS_20260516,yznk4uz7IRlNu5TH,50.04,4135,218,,,,,,,,,
2026-07-25,IOS,dhgate_product384_T1_ACT&Nopay 30D_purchase_IAP_Kelsey_IOS_20260627,HgoIpNDJKiz1hrzc,150.88,19879,1457,,,,,,,,,
2026-07-25,IOS,dhgate_product318_T1_Purchase 30D_purchase_IAP_Kelsey_IOS_20260428,mayu0PGeMJEYQhWJ,50.1,9994,343,,,,,,,,,
2026-07-25,ANDROID,dhgate_product317_UK&FR_ACT&Nopay 30D_purchase_IAP_Kelsey_AND_20260427,tDzMEZEldS4Kei0r,50.14,13359,1024,,,,,,,,,
2026-07-25,ANDROID,dhgate_product317_FR_ACT&Nopay 30D_purchase_IAP_Kelsey_AND_20260526,zbor8ujPF081oChW,50.37,9824,1219,,,,,,,,,
2026-07-25,IOS,dhgate_product314_UK_Purchase 30D_purchase_IAP_Kelsey_IOS_20260424,NmHyz3ZrSwNTmf0j,100.95,5176,586,,,,,,,,,
2026-07-25,ANDROID,dhgate_product148_T1_Purchase 30D_purchase_IAP_Kelsey_AND_20260415,dVlitdxzfmXStKCR,150.43,15585,1674,,,,,,,,,
2026-07-25,IOS,dhgate_product138_FR_ACT&Nopay 30D_purchase_IAP_Kelsey_IOS_20260403,zNcB24si9mbzBPed,100.39,23486,1287,,,,,,,,,
2026-07-25,IOS,dhgate_product137_US_Purchase 30D_purchase_IAP_Kelsey_IOS_20260402,Eo7scqEETcYxo6WH,100.42,6553,516,,,,,,,,,
2026-07-25,IOS,dhgate_dpa-ios_US_ACT&Nopay 30D_purchase_IAP_Kelsey_IOS_20260515,y55faIMh7doL5RvO,100.15,13865,246,,,,,,,,,
2026-07-25,ANDROID,dhgate_dpa-and_US_ACT&Nopay 30D_purchase_IAP_Kelsey_AND_20260511,M0ZXR7rklCeN7J9o,100.07,26500,772,,,,,,,,,
2026-07-25,IOS,dhgate_product319_US_Purchase 30D_purchase_IAP_Kelsey_IOS_20260429,SGOG7us7fBY7c5lH,50.24,7672,327,,,,,,,,,
2026-07-25,ANDROID,dhgate_product384_T1_Purchase 30D_purchase_IAP_Kelsey_AND_20260709_D7,funYq3Yvepl5ocKc,150.51,12558,2127,,,,,,,,,
2026-07-25,IOS,dhgate_product384_T1_Purchase 30D_purchase_IAP_Kelsey_IOS_20260709_D7,a6HoTnERdU9tuFNK,50.14,5016,463,,,,,,,,,
2026-07-25,ANDROID,dhgate_product385_T1_ACT&Nopay 30D_purchase_IAP_Kelsey_AND_20260724_D7,TEApHE7HAUzhrbb0,47.41,14499,2604,,,,,,,,,
2026-07-25,IOS,dhgate_product420_US_Purchase 30D_purchse_IAP_Kelsey_IOS_20260723,PyqKKirYV9Yg6uFd,50.1,1932,462,,,,,,,,,
2026-07-25,ANDROID,dhgate_product420_US_Purchase 30D_purchse_IAP_Kelsey_AND_20260723,UxeRwjZMdJsp2uCh,50.19,6266,448,,,,,,,,,
2026-07-25,IOS,dhgate_product418_T1_ACT&Nopay 30D_purchse_IAP_Kelsey_IOS_20260722,Hp7X2KeSfchcLmzh,50.2,7228,958,,,,,,,,,
2026-07-25,ANDROID,dhgate_product418_T1_ACT&Nopay 30D_purchse_IAP_Kelsey_AND_20260722,GRTymfTgCFvj9zd3,50.5,10913,2644,,,,,,,,,
2026-07-25,IOS,dhgate_product417_T1_ACT&Nopay 30D_purchse_IAP_Kelsey_IOS_20260721,d7jX0iC90lS75ROO,49.19,3309,1083,,,,,,,,,
2026-07-25,ANDROID,dhgate_product417_T1_ACT&Nopay 30D_purchse_IAP_Kelsey_AND_20260721,pKciwrr10Kcz9O8a,50.27,11026,2092,,,,,,,,,
2026-07-25,IOS,dhgate_product416_T1_ACT&Nopay 30D_purchse_IAP_Kelsey_IOS_20260720,L9SKqTadbXdFGvAH,45.69,2442,855,,,,,,,,,
2026-07-25,ANDROID,dhgate_product416_T1_ACT&Nopay 30D_purchse_IAP_Kelsey_AND_20260720,keisiJsWSukJumr6,50.35,8364,2144,,,,,,,,,
2026-07-25,IOS,dhgate_product415_UK_ACT&Nopay 30D_purchse_IAP_Kelsey_IOS_20260720,QsEaAhCMoLrvsawb,45.32,1108,533,,,,,,,,,
2026-07-25,ANDROID,dhgate_product422_US_Purchase 30D_purchse_IAP_Kelsey_AND_20260724,RNxECTYCW3t3KFtK,43.3,5108,444,,,,,,,,,
2026-07-25,ANDROID,dhgate_product414_UK_ACT&Nopay 30D_purchse_IAP_Kelsey_AND_20260717,Sta14UHs9lqoZaRk,50.28,3089,866,,,,,,,,,
2026-07-25,ANDROID,dhgate_product409_US_Purchase 30D_purchse_IAP_Kelsey_AND_20260715,ZGa8bU3V5aZwVzXI,50.27,5042,450,,,,,,,,,
2026-07-25,IOS,dhgate_product405_US_Purchase 30D_purchse_IAP_Kelsey_IOS_20260714,pooV0geOxpxLrTu6,150.47,6491,792,,,,,,,,,
2026-07-25,IOS,dhgate_product405_T1_Purchase 30D_purchse_IAP_Kelsey_IOS_20260724_D7,Dnt07pISlZfFTVJr,49.05,1559,769,,,,,,,,,
2026-07-25,IOS,dhgate_product405_FR_Purchase 30D_purchse_IAP_Kelsey_IOS_20260722,U3LxkggQNPg2gWjo,42.47,1898,642,,,,,,,,,
2026-07-25,IOS,dhgate_product403_US_Purchase 30D_purchse_IAP_Kelsey_IOS_20260713,OLvDIbZvBDJIzHMD,50.23,972,442,,,,,,,,,
2026-07-25,ANDROID,dhgate_product403_US_Purchase 30D_purchse_IAP_Kelsey_AND_20260713,bgYcroQHZYVRMl2B,46.79,6162,929,,,,,,,,,
2026-07-25,IOS,dhgate_product386_US_Purchase 30D_purchase_IAP_Kelsey_IOS_20260630,kpNA9cC8I3HMEtHY,200.8,9385,956,,,,,,,,,
2026-07-25,ANDROID,dhgate_product385_UK_ACT&Nopay 30D_purchase_IAP_Kelsey_AND_20260630,VzqTPrFSQDRkzKZj,50.33,8514,698,,,,,,,,,
2026-07-25,ANDROID,dhgate_product415_T1_ACT&Nopay 30D_purchse_IAP_Kelsey_AND_20260720,mAKCz6oEkG8RFtXq,50.36,6278,1932,,,,,,,,,
2026-07-26,IOS,dhgate_product364_US&FR_Purchase 30D_purchase_IAP_Kelsey_IOS_20260527,qX4oco28gDbrpBri,50.34,7232,252,,,,,,,,,
2026-07-26,ANDROID,dhgate_product367_UK_Purchase 30D_purchase_IAP_Kelsey_AND_20260530,AsUotp8z2P369W1o,50.5,4918,616,,,,,,,,,
2026-07-26,ANDROID,dhgate_product368_T1_Purchase 30D_purchase_IAP_Kelsey_AND_20260531,b3s2CGS3sMxfFWgV,50.27,8961,640,,,,,,,,,
2026-07-26,ANDROID,dhgate_product384_T1_ACT&Nopay 30D_purchase_IAP_Kelsey_AND_20260627,S76pXwyrVvtdre2B,100.32,31008,2786,,,,,,,,,
2026-07-26,ANDROID,dhgate_product374_US_ACT&Nopay 30D_purchase_IAP_Kelsey_AND_20260610,lHtOeUxHZghwmdpM,46.63,13111,796,,,,,,,,,
2026-07-26,IOS,dhgate_product381_US_ACT&Nopay 30D_purchase_IAP_Kelsey_IOS_20260624,koAG4uPwaNuNbSsi,200.54,15284,1462,,,,,,,,,
2026-07-26,IOS,dhgate_product340_US_Purchase 30D_purchase_IAP_Kelsey_IOS_20260516,yznk4uz7IRlNu5TH,50.06,3845,189,,,,,,,,,
2026-07-26,IOS,dhgate_product372_T1_ACT&Nopay 30D_purchase_IAP_Kelsey_IOS_20260605,U4gzqzcEnoe3yurD,100.33,21240,923,,,,,,,,,
2026-07-26,IOS,dhgate_product319_US_Purchase 30D_purchase_IAP_Kelsey_IOS_20260429,SGOG7us7fBY7c5lH,50.18,8278,288,,,,,,,,,
2026-07-26,ANDROID,dhgate_product148_T1_Purchase 30D_purchase_IAP_Kelsey_AND_20260415,dVlitdxzfmXStKCR,150.9,16734,1846,,,,,,,,,
2026-07-26,ANDROID,dhgate_product317_UK&FR_ACT&Nopay 30D_purchase_IAP_Kelsey_AND_20260427,tDzMEZEldS4Kei0r,50.45,13626,1178,,,,,,,,,
2026-07-26,ANDROID,dhgate_product317_FR_ACT&Nopay 30D_purchase_IAP_Kelsey_AND_20260526,zbor8ujPF081oChW,50.24,10499,1379,,,,,,,,,
2026-07-26,IOS,dhgate_product314_UK_Purchase 30D_purchase_IAP_Kelsey_IOS_20260424,NmHyz3ZrSwNTmf0j,100.9,5215,623,,,,,,,,,
2026-07-26,IOS,dhgate_product138_FR_ACT&Nopay 30D_purchase_IAP_Kelsey_IOS_20260403,zNcB24si9mbzBPed,100.36,28173,1176,,,,,,,,,
2026-07-26,IOS,dhgate_product137_US_Purchase 30D_purchase_IAP_Kelsey_IOS_20260402,Eo7scqEETcYxo6WH,100.54,5818,498,,,,,,,,,
2026-07-26,IOS,dhgate_dpa-ios_US_ACT&Nopay 30D_purchase_IAP_Kelsey_IOS_20260515,y55faIMh7doL5RvO,95.64,12856,222,,,,,,,,,
2026-07-26,ANDROID,dhgate_dpa-and_US_ACT&Nopay 30D_purchase_IAP_Kelsey_AND_20260511,M0ZXR7rklCeN7J9o,97.45,25925,909,,,,,,,,,
2026-07-26,IOS,dhgate_product384_T1_ACT&Nopay 30D_purchase_IAP_Kelsey_IOS_20260627,HgoIpNDJKiz1hrzc,150.56,21604,1387,,,,,,,,,
2026-07-26,IOS,dhgate_product318_T1_Purchase 30D_purchase_IAP_Kelsey_IOS_20260428,mayu0PGeMJEYQhWJ,50.19,11092,301,,,,,,,,,
2026-07-26,IOS,dhgate_product384_T1_Purchase 30D_purchase_IAP_Kelsey_IOS_20260709_D7,a6HoTnERdU9tuFNK,50.12,6233,462,,,,,,,,,
2026-07-26,ANDROID,dhgate_product384_T1_Purchase 30D_purchase_IAP_Kelsey_AND_20260709_D7,funYq3Yvepl5ocKc,151.02,12216,2184,,,,,,,,,
2026-07-26,IOS,dhgate_product417_T1_ACT&Nopay 30D_purchse_IAP_Kelsey_IOS_20260721,d7jX0iC90lS75ROO,48.57,2696,1115,,,,,,,,,
2026-07-26,ANDROID,dhgate_product385_T1_ACT&Nopay 30D_purchase_IAP_Kelsey_AND_20260724_D7,TEApHE7HAUzhrbb0,50.13,9291,2236,,,,,,,,,
2026-07-26,ANDROID,dhgate_product422_US_Purchase 30D_purchse_IAP_Kelsey_AND_20260724,RNxECTYCW3t3KFtK,50.3,6667,340,,,,,,,,,
2026-07-26,IOS,dhgate_product420_US_Purchase 30D_purchse_IAP_Kelsey_IOS_20260723,PyqKKirYV9Yg6uFd,45.66,1441,472,,,,,,,,,
2026-07-26,ANDROID,dhgate_product420_US_Purchase 30D_purchse_IAP_Kelsey_AND_20260723,UxeRwjZMdJsp2uCh,50.51,4943,533,,,,,,,,,
2026-07-26,IOS,dhgate_product418_T1_ACT&Nopay 30D_purchse_IAP_Kelsey_IOS_20260722,Hp7X2KeSfchcLmzh,47.29,11949,428,,,,,,,,,
2026-07-26,ANDROID,dhgate_product418_T1_ACT&Nopay 30D_purchse_IAP_Kelsey_AND_20260722,GRTymfTgCFvj9zd3,50.3,8887,2477,,,,,,,,,
2026-07-26,ANDROID,dhgate_product417_T1_ACT&Nopay 30D_purchse_IAP_Kelsey_AND_20260721,pKciwrr10Kcz9O8a,50.5,20258,2478,,,,,,,,,
2026-07-26,IOS,dhgate_product416_T1_ACT&Nopay 30D_purchse_IAP_Kelsey_IOS_20260720,L9SKqTadbXdFGvAH,45.37,1909,888,,,,,,,,,
2026-07-26,IOS,dhgate_product415_UK_ACT&Nopay 30D_purchse_IAP_Kelsey_IOS_20260720,QsEaAhCMoLrvsawb,50.36,1062,593,,,,,,,,,
2026-07-26,ANDROID,dhgate_product416_T1_ACT&Nopay 30D_purchse_IAP_Kelsey_AND_20260720,keisiJsWSukJumr6,50.26,9559,2272,,,,,,,,,
2026-07-26,ANDROID,dhgate_product414_UK_ACT&Nopay 30D_purchse_IAP_Kelsey_AND_20260717,Sta14UHs9lqoZaRk,49.77,2854,1027,,,,,,,,,
2026-07-26,ANDROID,dhgate_product409_US_Purchase 30D_purchse_IAP_Kelsey_AND_20260715,ZGa8bU3V5aZwVzXI,50.46,4527,407,,,,,,,,,
2026-07-26,IOS,dhgate_product405_US_Purchase 30D_purchse_IAP_Kelsey_IOS_20260714,pooV0geOxpxLrTu6,150.57,7684,699,,,,,,,,,
2026-07-26,IOS,dhgate_product405_T1_Purchase 30D_purchse_IAP_Kelsey_IOS_20260724_D7,Dnt07pISlZfFTVJr,44.56,1401,648,,,,,,,,,
2026-07-26,IOS,dhgate_product405_FR_Purchase 30D_purchse_IAP_Kelsey_IOS_20260722,U3LxkggQNPg2gWjo,28.6,1170,390,,,,,,,,,
2026-07-26,IOS,dhgate_product403_US_Purchase 30D_purchse_IAP_Kelsey_IOS_20260713,OLvDIbZvBDJIzHMD,50.0,915,455,,,,,,,,,
2026-07-26,ANDROID,dhgate_product403_US_Purchase 30D_purchse_IAP_Kelsey_AND_20260713,bgYcroQHZYVRMl2B,49.27,6641,1121,,,,,,,,,
2026-07-26,IOS,dhgate_product386_US_Purchase 30D_purchase_IAP_Kelsey_IOS_20260630,kpNA9cC8I3HMEtHY,201.67,9817,966,,,,,,,,,
2026-07-26,ANDROID,dhgate_product385_UK_ACT&Nopay 30D_purchase_IAP_Kelsey_AND_20260630,VzqTPrFSQDRkzKZj,50.38,8911,826,,,,,,,,,
2026-07-26,ANDROID,dhgate_product415_T1_ACT&Nopay 30D_purchse_IAP_Kelsey_AND_20260720,mAKCz6oEkG8RFtXq,50.47,6455,2006,,,,,,,,,
2026-07-27,IOS,dhgate_product372_T1_ACT&Nopay 30D_purchase_IAP_Kelsey_IOS_20260605,U4gzqzcEnoe3yurD,100.11,22231,1144,,,,,,,,,
2026-07-27,ANDROID,dhgate_product368_T1_ACT&Nopay 30D_purchase_IAP_Kelsey_AND_20260727_D7,uucUGDXt8kl9pyWA,14.75,3746,1267,,,,,,,,,
2026-07-27,ANDROID,dhgate_product368_T1_Purchase 30D_purchase_IAP_Kelsey_AND_20260531,b3s2CGS3sMxfFWgV,26.68,4542,361,,,,,,,,,
2026-07-27,ANDROID,dhgate_product374_US_ACT&Nopay 30D_purchase_IAP_Kelsey_AND_20260610,lHtOeUxHZghwmdpM,47.99,14540,851,,,,,,,,,
2026-07-27,ANDROID,dhgate_product384_T1_Purchase 30D_purchase_IAP_Kelsey_AND_20260709_D7,funYq3Yvepl5ocKc,150.62,14293,2417,,,,,,,,,
2026-07-27,IOS,dhgate_product381_US_ACT&Nopay 30D_purchase_IAP_Kelsey_IOS_20260624,koAG4uPwaNuNbSsi,221.04,18021,1924,,,,,,,,,
2026-07-27,ANDROID,dhgate_product384_T1_ACT&Nopay 30D_purchase_IAP_Kelsey_AND_20260627,S76pXwyrVvtdre2B,98.56,32180,2544,,,,,,,,,
2026-07-27,ANDROID,dhgate_product367_UK_Purchase 30D_purchase_IAP_Kelsey_AND_20260530,AsUotp8z2P369W1o,76.45,7064,841,,,,,,,,,
2026-07-27,IOS,dhgate_product381_T1_Purchase 30D_purchase_IAP_Kelsey_IOS_20260727_D7,milHelMolS4qsU66,44.53,1179,580,,,,,,,,,
2026-07-27,IOS,dhgate_product364_US&FR_Purchase 30D_purchase_IAP_Kelsey_IOS_20260527,qX4oco28gDbrpBri,50.16,7357,298,,,,,,,,,
2026-07-27,IOS,dhgate_dpa-ios_US_ACT&Nopay 30D_purchase_IAP_Kelsey_IOS_20260515,y55faIMh7doL5RvO,97.22,16429,257,,,,,,,,,
2026-07-27,IOS,dhgate_product319_US_Purchase 30D_purchase_IAP_Kelsey_IOS_20260429,SGOG7us7fBY7c5lH,74.35,10144,480,,,,,,,,,
2026-07-27,IOS,dhgate_product318_T1_Purchase 30D_purchase_IAP_Kelsey_IOS_20260428,mayu0PGeMJEYQhWJ,46.5,9392,313,,,,,,,,,
2026-07-27,ANDROID,dhgate_product317_UK&FR_ACT&Nopay 30D_purchase_IAP_Kelsey_AND_20260427,tDzMEZEldS4Kei0r,50.06,14089,1180,,,,,,,,,
2026-07-27,ANDROID,dhgate_product317_FR_ACT&Nopay 30D_purchase_IAP_Kelsey_AND_20260526,zbor8ujPF081oChW,47.96,10859,1284,,,,,,,,,
2026-07-27,IOS,dhgate_product314_UK_Purchase 30D_purchase_IAP_Kelsey_IOS_20260424,NmHyz3ZrSwNTmf0j,99.35,5330,594,,,,,,,,,
2026-07-27,ANDROID,dhgate_product148_T1_Purchase 30D_purchase_IAP_Kelsey_AND_20260415,dVlitdxzfmXStKCR,100.23,11804,1371,,,,,,,,,
2026-07-27,IOS,dhgate_product138_FR_ACT&Nopay 30D_purchase_IAP_Kelsey_IOS_20260403,zNcB24si9mbzBPed,52.67,14887,747,,,,,,,,,
2026-07-27,IOS,dhgate_product137_US_Purchase 30D_purchase_IAP_Kelsey_IOS_20260402,Eo7scqEETcYxo6WH,61.68,4454,330,,,,,,,,,
2026-07-27,ANDROID,dhgate_dpa-and_US_ACT&Nopay 30D_purchase_IAP_Kelsey_AND_20260511,M0ZXR7rklCeN7J9o,100.24,27722,1048,,,,,,,,,
2026-07-27,IOS,dhgate_product340_US_Purchase 30D_purchase_IAP_Kelsey_IOS_20260516,yznk4uz7IRlNu5TH,43.87,4469,202,,,,,,,,,
2026-07-27,IOS,dhgate_product384_T1_Purchase 30D_purchase_IAP_Kelsey_IOS_20260709_D7,a6HoTnERdU9tuFNK,49.79,5633,521,,,,,,,,,
2026-07-27,IOS,dhgate_product384_T1_ACT&Nopay 30D_purchase_IAP_Kelsey_IOS_20260627,HgoIpNDJKiz1hrzc,100.36,14330,1230,,,,,,,,,
2026-07-27,ANDROID,dhgate_product385_UK_ACT&Nopay 30D_purchase_IAP_Kelsey_AND_20260630,VzqTPrFSQDRkzKZj,76.29,10608,1182,,,,,,,,,
2026-07-27,ANDROID,dhgate_product385_T1_ACT&Nopay 30D_purchase_IAP_Kelsey_AND_20260724_D7,TEApHE7HAUzhrbb0,30.81,4064,1375,,,,,,,,,
2026-07-27,ANDROID,dhgate_product422_US_Purchase 30D_purchse_IAP_Kelsey_AND_20260724,RNxECTYCW3t3KFtK,33.67,2950,269,,,,,,,,,
2026-07-27,ANDROID,dhgate_product421_US_Purchase 30D_purchse_IAP_Kelsey_AND_20260727,LnzRoFBVlVp0Azzh,9.75,963,179,,,,,,,,,
2026-07-27,IOS,dhgate_product420_US_Purchase 30D_purchse_IAP_Kelsey_IOS_20260723,PyqKKirYV9Yg6uFd,29.03,712,331,,,,,,,,,
2026-07-27,ANDROID,dhgate_product420_US_Purchase 30D_purchse_IAP_Kelsey_AND_20260723,UxeRwjZMdJsp2uCh,50.29,4322,537,,,,,,,,,
2026-07-27,IOS,dhgate_product418_T1_ACT&Nopay 30D_purchse_IAP_Kelsey_IOS_20260722,Hp7X2KeSfchcLmzh,25.17,5156,364,,,,,,,,,
2026-07-27,ANDROID,dhgate_product418_T1_ACT&Nopay 30D_purchse_IAP_Kelsey_AND_20260722,GRTymfTgCFvj9zd3,50.25,11573,2207,,,,,,,,,
2026-07-27,IOS,dhgate_product417_T1_ACT&Nopay 30D_purchse_IAP_Kelsey_IOS_20260721,d7jX0iC90lS75ROO,20.85,1113,555,,,,,,,,,
2026-07-27,ANDROID,dhgate_product417_T1_ACT&Nopay 30D_purchse_IAP_Kelsey_AND_20260721,pKciwrr10Kcz9O8a,50.43,14661,2156,,,,,,,,,
2026-07-27,IOS,dhgate_product416_T1_ACT&Nopay 30D_purchse_IAP_Kelsey_IOS_20260720,L9SKqTadbXdFGvAH,22.11,996,507,,,,,,,,,
2026-07-27,IOS,dhgate_product421_US_Purchase 30D_purchse_IAP_Kelsey_IOS_20260727,H6yJydBMXeBdmAVq,15.73,444,206,,,,,,,,,
2026-07-27,IOS,dhgate_product415_UK_ACT&Nopay 30D_purchse_IAP_Kelsey_IOS_20260720,QsEaAhCMoLrvsawb,46.05,1229,570,,,,,,,,,
2026-07-27,ANDROID,dhgate_product416_T1_ACT&Nopay 30D_purchse_IAP_Kelsey_AND_20260720,keisiJsWSukJumr6,50.34,8555,2134,,,,,,,,,
2026-07-27,IOS,dhgate_product386_US_Purchase 30D_purchase_IAP_Kelsey_IOS_20260630,kpNA9cC8I3HMEtHY,216.39,12522,1188,,,,,,,,,
2026-07-27,IOS,dhgate_product403_US_Purchase 30D_purchse_IAP_Kelsey_IOS_20260713,OLvDIbZvBDJIzHMD,50.08,900,455,,,,,,,,,
2026-07-27,IOS,dhgate_product405_FR_Purchase 30D_purchse_IAP_Kelsey_IOS_20260722,U3LxkggQNPg2gWjo,21.84,704,326,,,,,,,,,
2026-07-27,ANDROID,dhgate_product403_US_Purchase 30D_purchse_IAP_Kelsey_AND_20260713,bgYcroQHZYVRMl2B,50.16,7308,1282,,,,,,,,,
2026-07-27,IOS,dhgate_product405_US_Purchase 30D_purchse_IAP_Kelsey_IOS_20260714,pooV0geOxpxLrTu6,149.38,8782,763,,,,,,,,,
2026-07-27,ANDROID,dhgate_product409_US_Purchase 30D_purchse_IAP_Kelsey_AND_20260715,ZGa8bU3V5aZwVzXI,50.01,3801,440,,,,,,,,,
2026-07-27,ANDROID,dhgate_product414_UK_ACT&Nopay 30D_purchse_IAP_Kelsey_AND_20260717,Sta14UHs9lqoZaRk,46.29,2758,1030,,,,,,,,,
2026-07-27,ANDROID,dhgate_product415_T1_ACT&Nopay 30D_purchse_IAP_Kelsey_AND_20260720,mAKCz6oEkG8RFtXq,49.43,6832,2110,,,,,,,,,
2026-07-27,IOS,dhgate_product405_T1_Purchase 30D_purchse_IAP_Kelsey_IOS_20260724_D7,Dnt07pISlZfFTVJr,26.7,834,422,,,,,,,,,
2026-07-28,IOS,dhgate_product381_T1_Purchase 30D_purchase_IAP_Kelsey_IOS_20260727_D7,milHelMolS4qsU66,172.2,5017,1855,,,,,,,,,
2026-07-28,IOS,dhgate_product340_US_Purchase 30D_purchase_IAP_Kelsey_IOS_20260516,yznk4uz7IRlNu5TH,50.11,4957,207,,,,,,,,,
2026-07-28,ANDROID,dhgate_product374_US_ACT&Nopay 30D_purchase_IAP_Kelsey_AND_20260610,lHtOeUxHZghwmdpM,47.46,13916,665,,,,,,,,,
2026-07-28,IOS,dhgate_product372_T1_ACT&Nopay 30D_purchase_IAP_Kelsey_IOS_20260605,U4gzqzcEnoe3yurD,100.35,25252,1136,,,,,,,,,
2026-07-28,ANDROID,dhgate_product368_T1_ACT&Nopay 30D_purchase_IAP_Kelsey_AND_20260727_D7,uucUGDXt8kl9pyWA,50.32,13699,2658,,,,,,,,,
2026-07-28,ANDROID,dhgate_product367_UK_Purchase 30D_purchase_IAP_Kelsey_AND_20260530,AsUotp8z2P369W1o,97.4,8602,1074,,,,,,,,,
2026-07-28,IOS,dhgate_product364_US&FR_Purchase 30D_purchase_IAP_Kelsey_IOS_20260527,qX4oco28gDbrpBri,50.24,8022,196,,,,,,,,,
2026-07-28,IOS,dhgate_product319_US_Purchase 30D_purchase_IAP_Kelsey_IOS_20260429,SGOG7us7fBY7c5lH,100.23,15088,636,,,,,,,,,
2026-07-28,IOS,dhgate_product138_FR_ACT&Nopay 30D_purchase_IAP_Kelsey_IOS_20260403,zNcB24si9mbzBPed,50.15,17541,647,,,,,,,,,
2026-07-28,ANDROID,dhgate_product317_UK&FR_ACT&Nopay 30D_purchase_IAP_Kelsey_AND_20260427,tDzMEZEldS4Kei0r,50.35,13028,1117,,,,,,,,,
2026-07-28,ANDROID,dhgate_product317_FR_ACT&Nopay 30D_purchase_IAP_Kelsey_AND_20260526,zbor8ujPF081oChW,49.21,10132,1270,,,,,,,,,
2026-07-28,IOS,dhgate_product314_UK_Purchase 30D_purchase_IAP_Kelsey_IOS_20260424,NmHyz3ZrSwNTmf0j,100.27,5614,624,,,,,,,,,
2026-07-28,ANDROID,dhgate_product148_T1_Purchase 30D_purchase_IAP_Kelsey_AND_20260415,dVlitdxzfmXStKCR,100.6,15793,1326,,,,,,,,,
2026-07-28,IOS,dhgate_product137_US_Purchase 30D_purchase_IAP_Kelsey_IOS_20260402,Eo7scqEETcYxo6WH,50.09,4927,213,,,,,,,,,
2026-07-28,IOS,dhgate_dpa-ios_US_ACT&Nopay 30D_purchase_IAP_Kelsey_IOS_20260515,y55faIMh7doL5RvO,99.66,15835,249,,,,,,,,,
2026-07-28,ANDROID,dhgate_dpa-and_US_ACT&Nopay 30D_purchase_IAP_Kelsey_AND_20260511,M0ZXR7rklCeN7J9o,94.19,25684,903,,,,,,,,,
2026-07-28,IOS,dhgate_product381_US_ACT&Nopay 30D_purchase_IAP_Kelsey_IOS_20260624,koAG4uPwaNuNbSsi,250.77,20255,2055,,,,,,,,,
2026-07-28,IOS,dhgate_product318_T1_Purchase 30D_purchase_IAP_Kelsey_IOS_20260428,mayu0PGeMJEYQhWJ,50.11,10579,305,,,,,,,,,
2026-07-28,ANDROID,dhgate_product384_T1_ACT&Nopay 30D_purchase_IAP_Kelsey_AND_20260627,S76pXwyrVvtdre2B,98.3,29808,2235,,,,,,,,,
2026-07-28,ANDROID,dhgate_product384_T1_Purchase 30D_purchase_IAP_Kelsey_AND_20260709_D7,funYq3Yvepl5ocKc,151.2,13221,1909,,,,,,,,,
2026-07-28,ANDROID,dhgate_product418_T1_ACT&Nopay 30D_purchse_IAP_Kelsey_AND_20260722,GRTymfTgCFvj9zd3,50.32,10389,2103,,,,,,,,,
2026-07-28,IOS,dhgate_product384_T1_ACT&Nopay 30D_purchase_IAP_Kelsey_IOS_20260627,HgoIpNDJKiz1hrzc,100.3,16034,1130,,,,,,,,,
2026-07-28,IOS,dhgate_product423_US_Purchase 30D_purchse_IAP_Kelsey_IOS_20260728,o5eF2SQDR3dXJclO,7.68,178,88,,,,,,,,,
2026-07-28,ANDROID,dhgate_product423_US_Purchase 30D_purchse_IAP_Kelsey_AND_20260728,Ef9ggfylBoAeE9Ty,8.06,279,133,,,,,,,,,
2026-07-28,IOS,dhgate_product421_US_Purchase 30D_purchse_IAP_Kelsey_IOS_20260727,H6yJydBMXeBdmAVq,35.92,872,387,,,,,,,,,
2026-07-28,ANDROID,dhgate_product421_US_Purchase 30D_purchse_IAP_Kelsey_AND_20260727,LnzRoFBVlVp0Azzh,50.74,7165,415,,,,,,,,,
2026-07-28,ANDROID,dhgate_product420_US_Purchase 30D_purchse_IAP_Kelsey_AND_20260723,UxeRwjZMdJsp2uCh,50.47,4567,518,,,,,,,,,
2026-07-28,ANDROID,dhgate_product417_T1_ACT&Nopay 30D_purchse_IAP_Kelsey_AND_20260721,pKciwrr10Kcz9O8a,50.14,13426,1982,,,,,,,,,
2026-07-28,ANDROID,dhgate_product416_T1_ACT&Nopay 30D_purchse_IAP_Kelsey_AND_20260720,keisiJsWSukJumr6,50.07,5576,1853,,,,,,,,,
2026-07-28,IOS,dhgate_product415_UK_ACT&Nopay 30D_purchse_IAP_Kelsey_IOS_20260720,QsEaAhCMoLrvsawb,50.27,2173,584,,,,,,,,,
2026-07-28,ANDROID,dhgate_product414_UK_ACT&Nopay 30D_purchse_IAP_Kelsey_AND_20260717,Sta14UHs9lqoZaRk,44.21,2507,1011,,,,,,,,,
2026-07-28,ANDROID,dhgate_product409_US_Purchase 30D_purchse_IAP_Kelsey_AND_20260715,ZGa8bU3V5aZwVzXI,50.14,4921,525,,,,,,,,,
2026-07-28,IOS,dhgate_product405_US_Purchase 30D_purchse_IAP_Kelsey_IOS_20260714,pooV0geOxpxLrTu6,151.07,10230,755,,,,,,,,,
2026-07-28,IOS,dhgate_product403_US_Purchase 30D_purchse_IAP_Kelsey_IOS_20260713,OLvDIbZvBDJIzHMD,49.6,1113,470,,,,,,,,,
2026-07-28,ANDROID,dhgate_product403_US_Purchase 30D_purchse_IAP_Kelsey_AND_20260713,bgYcroQHZYVRMl2B,49.85,6919,997,,,,,,,,,
2026-07-28,IOS,dhgate_product386_US_Purchase 30D_purchase_IAP_Kelsey_IOS_20260630,kpNA9cC8I3HMEtHY,246.76,15505,1158,,,,,,,,,
2026-07-28,ANDROID,dhgate_product385_UK_ACT&Nopay 30D_purchase_IAP_Kelsey_AND_20260630,VzqTPrFSQDRkzKZj,100.28,12224,1574,,,,,,,,,
2026-07-28,IOS,dhgate_product384_T1_Purchase 30D_purchase_IAP_Kelsey_IOS_20260709_D7,a6HoTnERdU9tuFNK,50.23,5992,486,,,,,,,,,
2026-07-28,ANDROID,dhgate_product415_T1_ACT&Nopay 30D_purchse_IAP_Kelsey_AND_20260720,mAKCz6oEkG8RFtXq,50.33,7616,2310,,,,,,,,,
2026-07-29,ANDROID,dhgate_product367_UK_Purchase 30D_purchase_IAP_Kelsey_AND_20260530,AsUotp8z2P369W1o,100.43,8214,1044,,,,,,,,,
2026-07-29,IOS,dhgate_product364_US&FR_Purchase 30D_purchase_IAP_Kelsey_IOS_20260527,qX4oco28gDbrpBri,50.1,8375,200,,,,,,,,,
2026-07-29,ANDROID,dhgate_product368_T1_ACT&Nopay 30D_purchase_IAP_Kelsey_AND_20260727_D7,uucUGDXt8kl9pyWA,50.39,10288,2630,,,,,,,,,
2026-07-29,IOS,dhgate_product381_US_ACT&Nopay 30D_purchase_IAP_Kelsey_IOS_20260624,koAG4uPwaNuNbSsi,244.48,23919,1843,,,,,,,,,
2026-07-29,ANDROID,dhgate_product374_US_ACT&Nopay 30D_purchase_IAP_Kelsey_AND_20260610,lHtOeUxHZghwmdpM,49.06,14229,774,,,,,,,,,
2026-07-29,IOS,dhgate_product381_T1_Purchase 30D_purchase_IAP_Kelsey_IOS_20260727_D7,milHelMolS4qsU66,100.93,2682,1171,,,,,,,,,
2026-07-29,IOS,dhgate_product340_US_Purchase 30D_purchase_IAP_Kelsey_IOS_20260516,yznk4uz7IRlNu5TH,67.54,6396,326,,,,,,,,,
2026-07-29,IOS,dhgate_product372_T1_ACT&Nopay 30D_purchase_IAP_Kelsey_IOS_20260605,U4gzqzcEnoe3yurD,52.01,14254,595,,,,,,,,,
2026-07-29,IOS,dhgate_product340_T1_Purchase 30D_purchase_IAP_Kelsey_IOS_20260729_D7,g5OokwJOrTmd1BeC,12.52,489,255,,,,,,,,,
2026-07-29,ANDROID,dhgate_dpa-and_US_ACT&Nopay 30D_purchase_IAP_Kelsey_AND_20260511,M0ZXR7rklCeN7J9o,99.17,25390,919,,,,,,,,,
2026-07-29,IOS,dhgate_product318_T1_Purchase 30D_purchase_IAP_Kelsey_IOS_20260428,mayu0PGeMJEYQhWJ,46.04,9736,300,,,,,,,,,
2026-07-29,ANDROID,dhgate_product317_UK&FR_ACT&Nopay 30D_purchase_IAP_Kelsey_AND_20260427,tDzMEZEldS4Kei0r,50.29,13690,1012,,,,,,,,,
2026-07-29,ANDROID,dhgate_product317_FR_ACT&Nopay 30D_purchase_IAP_Kelsey_AND_20260526,zbor8ujPF081oChW,26.35,5521,664,,,,,,,,,
2026-07-29,IOS,dhgate_product314_UK_Purchase 30D_purchase_IAP_Kelsey_IOS_20260424,NmHyz3ZrSwNTmf0j,92.14,5225,552,,,,,,,,,
2026-07-29,ANDROID,dhgate_product148_T1_Purchase 30D_purchase_IAP_Kelsey_AND_20260415,dVlitdxzfmXStKCR,54.21,6864,654,,,,,,,,,
2026-07-29,IOS,dhgate_product138_FR_ACT&Nopay 30D_purchase_IAP_Kelsey_IOS_20260403,zNcB24si9mbzBPed,49.45,19760,580,,,,,,,,,
2026-07-29,IOS,dhgate_product137_US_Purchase 30D_purchase_IAP_Kelsey_IOS_20260402,Eo7scqEETcYxo6WH,50.11,4463,218,,,,,,,,,
2026-07-29,IOS,dhgate_dpa-ios_US_ACT&Nopay 30D_purchase_IAP_Kelsey_IOS_20260515,y55faIMh7doL5RvO,92.64,15467,200,,,,,,,,,
2026-07-29,IOS,dhgate_product319_US_Purchase 30D_purchase_IAP_Kelsey_IOS_20260429,SGOG7us7fBY7c5lH,119.71,16730,778,,,,,,,,,
2026-07-29,ANDROID,dhgate_product384_T1_ACT&Nopay 30D_purchase_IAP_Kelsey_AND_20260627,S76pXwyrVvtdre2B,100.56,32264,2196,,,,,,,,,
2026-07-29,IOS,dhgate_product384_T1_ACT&Nopay 30D_purchase_IAP_Kelsey_IOS_20260627,HgoIpNDJKiz1hrzc,54.52,9954,716,,,,,,,,,
2026-07-29,ANDROID,dhgate_product384_T1_Purchase 30D_purchase_IAP_Kelsey_AND_20260709_D7,funYq3Yvepl5ocKc,150.89,13698,1729,,,,,,,,,
2026-07-29,IOS,dhgate_product423_US_Purchase 30D_purchse_IAP_Kelsey_IOS_20260728,o5eF2SQDR3dXJclO,49.23,1292,569,,,,,,,,,
2026-07-29,ANDROID,dhgate_product423_US_Purchase 30D_purchse_IAP_Kelsey_AND_20260728,Ef9ggfylBoAeE9Ty,38.72,2569,567,,,,,,,,,
2026-07-29,IOS,dhgate_product421_US_Purchase 30D_purchse_IAP_Kelsey_IOS_20260727,H6yJydBMXeBdmAVq,44.1,1036,428,,,,,,,,,
2026-07-29,ANDROID,dhgate_product421_US_Purchase 30D_purchse_IAP_Kelsey_AND_20260727,LnzRoFBVlVp0Azzh,50.16,6323,378,,,,,,,,,
2026-07-29,ANDROID,dhgate_product420_US_Purchase 30D_purchse_IAP_Kelsey_AND_20260723,UxeRwjZMdJsp2uCh,50.05,5456,476,,,,,,,,,
2026-07-29,ANDROID,dhgate_product418_T1_ACT&Nopay 30D_purchse_IAP_Kelsey_AND_20260722,GRTymfTgCFvj9zd3,50.23,9483,2109,,,,,,,,,
2026-07-29,ANDROID,dhgate_product417_T1_ACT&Nopay 30D_purchse_IAP_Kelsey_AND_20260721,pKciwrr10Kcz9O8a,31.75,10089,607,,,,,,,,,
2026-07-29,ANDROID,dhgate_product416_T1_ACT&Nopay 30D_purchse_IAP_Kelsey_AND_20260720,keisiJsWSukJumr6,46.86,4836,1694,,,,,,,,,
2026-07-29,IOS,dhgate_product415_UK_ACT&Nopay 30D_purchse_IAP_Kelsey_IOS_20260720,QsEaAhCMoLrvsawb,46.08,6367,318,,,,,,,,,
2026-07-29,IOS,dhgate_product424_FR_Purchase 30D_purchse_IAP_Kelsey_IOS_20260729,yX9jJXeqNiTwpTR5,5.19,206,104,,,,,,,,,
2026-07-29,ANDROID,dhgate_product414_UK_ACT&Nopay 30D_purchse_IAP_Kelsey_AND_20260717,Sta14UHs9lqoZaRk,44.63,2312,987,,,,,,,,,
2026-07-29,ANDROID,dhgate_product409_US_Purchase 30D_purchse_IAP_Kelsey_AND_20260715,ZGa8bU3V5aZwVzXI,52.22,3428,485,,,,,,,,,
2026-07-29,ANDROID,dhgate_product409_T1_Purchase 30D_purchse_IAP_Kelsey_AND_20260729_D7,hzurSjf5sHyjVyUq,17.42,2056,449,,,,,,,,,
2026-07-29,IOS,dhgate_product405_US_Purchase 30D_purchse_IAP_Kelsey_IOS_20260714,pooV0geOxpxLrTu6,100.56,6240,458,,,,,,,,,
2026-07-29,IOS,dhgate_product403_US_Purchase 30D_purchse_IAP_Kelsey_IOS_20260713,OLvDIbZvBDJIzHMD,64.73,1432,569,,,,,,,,,
2026-07-29,ANDROID,dhgate_product403_US_Purchase 30D_purchse_IAP_Kelsey_AND_20260713,bgYcroQHZYVRMl2B,65.86,8086,1364,,,,,,,,,
2026-07-29,IOS,dhgate_product386_US_Purchase 30D_purchase_IAP_Kelsey_IOS_20260630,kpNA9cC8I3HMEtHY,250.65,14806,1181,,,,,,,,,
2026-07-29,ANDROID,dhgate_product385_UK_ACT&Nopay 30D_purchase_IAP_Kelsey_AND_20260630,VzqTPrFSQDRkzKZj,60.12,6602,834,,,,,,,,,
2026-07-29,IOS,dhgate_product384_T1_Purchase 30D_purchase_IAP_Kelsey_IOS_20260709_D7,a6HoTnERdU9tuFNK,46.74,5986,383,,,,,,,,,
2026-07-29,ANDROID,dhgate_product415_T1_ACT&Nopay 30D_purchse_IAP_Kelsey_AND_20260720,mAKCz6oEkG8RFtXq,50.22,7939,2232,,,,,,,,,
2026-07-30,ANDROID,dhgate_product367_UK_Purchase 30D_purchase_IAP_Kelsey_AND_20260530,AsUotp8z2P369W1o,100.79,7864,959,,,,,,,,,
2026-07-30,ANDROID,dhgate_product368_T1_ACT&Nopay 30D_purchase_IAP_Kelsey_AND_20260727_D7,uucUGDXt8kl9pyWA,36.81,5285,1960,,,,,,,,,
2026-07-30,IOS,dhgate_product372_T1_ACT&Nopay 30D_purchase_IAP_Kelsey_IOS_20260605,U4gzqzcEnoe3yurD,50.2,15757,530,,,,,,,,,
2026-07-30,IOS,dhgate_product384_T1_ACT&Nopay 30D_purchase_IAP_Kelsey_IOS_20260627,HgoIpNDJKiz1hrzc,50.22,10954,659,,,,,,,,,
2026-07-30,IOS,dhgate_product381_US_ACT&Nopay 30D_purchase_IAP_Kelsey_IOS_20260624,koAG4uPwaNuNbSsi,250.31,23680,1972,,,,,,,,,
2026-07-30,ANDROID,dhgate_product384_T1_ACT&Nopay 30D_purchase_IAP_Kelsey_AND_20260627,S76pXwyrVvtdre2B,99.43,31498,2404,,,,,,,,,
2026-07-30,IOS,dhgate_product364_US&FR_Purchase 30D_purchase_IAP_Kelsey_IOS_20260527,qX4oco28gDbrpBri,49.75,8397,188,,,,,,,,,
2026-07-30,ANDROID,dhgate_product374_US_ACT&Nopay 30D_purchase_IAP_Kelsey_AND_20260610,lHtOeUxHZghwmdpM,47.72,13269,751,,,,,,,,,
2026-07-30,IOS,dhgate_product340_US_Purchase 30D_purchase_IAP_Kelsey_IOS_20260516,yznk4uz7IRlNu5TH,108.77,8781,494,,,,,,,,,
2026-07-30,IOS,dhgate_product314_UK_Purchase 30D_purchase_IAP_Kelsey_IOS_20260424,NmHyz3ZrSwNTmf0j,96.43,5026,619,,,,,,,,,
2026-07-30,IOS,dhgate_product319_US_Purchase 30D_purchase_IAP_Kelsey_IOS_20260429,SGOG7us7fBY7c5lH,100.35,12473,716,,,,,,,,,
2026-07-30,IOS,dhgate_product318_T1_Purchase 30D_purchase_IAP_Kelsey_IOS_20260428,mayu0PGeMJEYQhWJ,50.06,9032,297,,,,,,,,,
2026-07-30,ANDROID,dhgate_product317_UK&FR_ACT&Nopay 30D_purchase_IAP_Kelsey_AND_20260427,tDzMEZEldS4Kei0r,50.24,11929,1161,,,,,,,,,
2026-07-30,ANDROID,dhgate_product148_T1_Purchase 30D_purchase_IAP_Kelsey_AND_20260415,dVlitdxzfmXStKCR,50.29,9445,561,,,,,,,,,
2026-07-30,IOS,dhgate_product138_FR_ACT&Nopay 30D_purchase_IAP_Kelsey_IOS_20260403,zNcB24si9mbzBPed,67.17,21213,862,,,,,,,,,
2026-07-30,IOS,dhgate_product137_US_Purchase 30D_purchase_IAP_Kelsey_IOS_20260402,Eo7scqEETcYxo6WH,45.8,4211,207,,,,,,,,,
2026-07-30,IOS,dhgate_dpa-ios_US_ACT&Nopay 30D_purchase_IAP_Kelsey_IOS_20260515,y55faIMh7doL5RvO,98.08,16684,216,,,,,,,,,
2026-07-30,ANDROID,dhgate_dpa-and_US_ACT&Nopay 30D_purchase_IAP_Kelsey_AND_20260511,M0ZXR7rklCeN7J9o,100.02,26374,948,,,,,,,,,
2026-07-30,ANDROID,dhgate_product384_T1_Purchase 30D_purchase_IAP_Kelsey_AND_20260709_D7,funYq3Yvepl5ocKc,150.42,13633,1773,,,,,,,,,
2026-07-30,IOS,dhgate_product340_T1_Purchase 30D_purchase_IAP_Kelsey_IOS_20260729_D7,g5OokwJOrTmd1BeC,44.04,1412,663,,,,,,,,,
2026-07-30,IOS,dhgate_product384_T1_Purchase 30D_purchase_IAP_Kelsey_IOS_20260709_D7,a6HoTnERdU9tuFNK,50.13,5737,463,,,,,,,,,
2026-07-30,ANDROID,dhgate_product385_UK_ACT&Nopay 30D_purchase_IAP_Kelsey_AND_20260630,VzqTPrFSQDRkzKZj,50.16,6351,753,,,,,,,,,
2026-07-30,IOS,dhgate_product386_US_Purchase 30D_purchase_IAP_Kelsey_IOS_20260630,kpNA9cC8I3HMEtHY,249.97,15018,1198,,,,,,,,,
2026-07-30,IOS,dhgate_product425_UK_ACT&Nopay 30D_purchse_IAP_Kelsey_IOS_20260730,aE60NiYtJf0tEF6c,12.5,396,216,,,,,,,,,
2026-07-30,ANDROID,dhgate_product424_UK_Purchase 30D_purchse_IAP_Kelsey_AND_20260729,xbNZUG8GRKBS7Xp6,0.05,8,4,,,,,,,,,
2026-07-30,IOS,dhgate_product424_FR_Purchase 30D_purchse_IAP_Kelsey_IOS_20260729,yX9jJXeqNiTwpTR5,25.72,996,413,,,,,,,,,
2026-07-30,IOS,dhgate_product423_US_Purchase 30D_purchse_IAP_Kelsey_IOS_20260728,o5eF2SQDR3dXJclO,50.83,1321,569,,,,,,,,,
2026-07-30,ANDROID,dhgate_product423_US_Purchase 30D_purchse_IAP_Kelsey_AND_20260728,Ef9ggfylBoAeE9Ty,50.1,4811,667,,,,,,,,,
2026-07-30,IOS,dhgate_product421_US_Purchase 30D_purchse_IAP_Kelsey_IOS_20260727,H6yJydBMXeBdmAVq,51.33,1308,442,,,,,,,,,
2026-07-30,ANDROID,dhgate_product421_US_Purchase 30D_purchse_IAP_Kelsey_AND_20260727,LnzRoFBVlVp0Azzh,46.35,3451,442,,,,,,,,,
2026-07-30,IOS,dhgate_product420_US_Purchase 30D_purchse_IAP_Kelsey_IOS_20260723,PyqKKirYV9Yg6uFd,16.27,341,189,,,,,,,,,
2026-07-30,ANDROID,dhgate_product420_US_Purchase 30D_purchse_IAP_Kelsey_AND_20260723,UxeRwjZMdJsp2uCh,50.09,4841,557,,,,,,,,,
2026-07-30,ANDROID,dhgate_product425_UK_ACT&Nopay 30D_purchse_IAP_Kelsey_AND_20260730,lXN5Czhh4qaoBhxV,11.33,742,358,,,,,,,,,
2026-07-30,ANDROID,dhgate_product416_T1_ACT&Nopay 30D_purchse_IAP_Kelsey_AND_20260720,keisiJsWSukJumr6,50.34,5078,1943,,,,,,,,,
2026-07-30,IOS,dhgate_product415_UK_ACT&Nopay 30D_purchse_IAP_Kelsey_IOS_20260720,QsEaAhCMoLrvsawb,47.47,5415,370,,,,,,,,,
2026-07-30,ANDROID,dhgate_product415_T1_ACT&Nopay 30D_purchse_IAP_Kelsey_AND_20260720,mAKCz6oEkG8RFtXq,50.27,8373,2584,,,,,,,,,
2026-07-30,ANDROID,dhgate_product414_UK_ACT&Nopay 30D_purchse_IAP_Kelsey_AND_20260717,Sta14UHs9lqoZaRk,40.29,2956,857,,,,,,,,,
2026-07-30,ANDROID,dhgate_product409_US_Purchase 30D_purchse_IAP_Kelsey_AND_20260715,ZGa8bU3V5aZwVzXI,50.49,2194,359,,,,,,,,,
2026-07-30,ANDROID,dhgate_product409_T1_Purchase 30D_purchse_IAP_Kelsey_AND_20260729_D7,hzurSjf5sHyjVyUq,48.24,4071,1067,,,,,,,,,
2026-07-30,IOS,dhgate_product405_US_Purchase 30D_purchse_IAP_Kelsey_IOS_20260714,pooV0geOxpxLrTu6,79.16,5106,396,,,,,,,,,
2026-07-30,IOS,dhgate_product403_US_Purchase 30D_purchse_IAP_Kelsey_IOS_20260713,OLvDIbZvBDJIzHMD,83.7,1538,687,,,,,,,,,
2026-07-30,ANDROID,dhgate_product403_US_Purchase 30D_purchse_IAP_Kelsey_AND_20260713,bgYcroQHZYVRMl2B,94.97,11395,1593,,,,,,,,,
2026-07-30,ANDROID,dhgate_product418_T1_ACT&Nopay 30D_purchse_IAP_Kelsey_AND_20260722,GRTymfTgCFvj9zd3,50.29,10793,2078,,,,,,,,,
2026-07-31,ANDROID,dhgate_product367_UK_Purchase 30D_purchase_IAP_Kelsey_AND_20260530,AsUotp8z2P369W1o,100.56,7242,878,,,,,,,,,
2026-07-31,IOS,dhgate_product372_T1_ACT&Nopay 30D_purchase_IAP_Kelsey_IOS_20260605,U4gzqzcEnoe3yurD,50.21,14241,499,,,,,,,,,
2026-07-31,IOS,dhgate_product384_T1_ACT&Nopay 30D_purchase_IAP_Kelsey_IOS_20260627,HgoIpNDJKiz1hrzc,48.97,10490,571,,,,,,,,,
2026-07-31,IOS,dhgate_product381_US_ACT&Nopay 30D_purchase_IAP_Kelsey_IOS_20260624,koAG4uPwaNuNbSsi,250.74,22368,1759,,,,,,,,,
2026-07-31,ANDROID,dhgate_product384_T1_ACT&Nopay 30D_purchase_IAP_Kelsey_AND_20260627,S76pXwyrVvtdre2B,100.43,26994,1638,,,,,,,,,
2026-07-31,IOS,dhgate_product340_US_Purchase 30D_purchase_IAP_Kelsey_IOS_20260516,yznk4uz7IRlNu5TH,150.43,9935,661,,,,,,,,,
2026-07-31,ANDROID,dhgate_product374_US_ACT&Nopay 30D_purchase_IAP_Kelsey_AND_20260610,lHtOeUxHZghwmdpM,49.47,12733,547,,,,,,,,,
2026-07-31,IOS,dhgate_product340_T1_Purchase 30D_purchase_IAP_Kelsey_IOS_20260729_D7,g5OokwJOrTmd1BeC,50.09,1367,664,,,,,,,,,
2026-07-31,IOS,dhgate_product314_UK_Purchase 30D_purchase_IAP_Kelsey_IOS_20260424,NmHyz3ZrSwNTmf0j,100.68,4677,542,,,,,,,,,
2026-07-31,IOS,dhgate_product318_T1_Purchase 30D_purchase_IAP_Kelsey_IOS_20260428,mayu0PGeMJEYQhWJ,50.5,7919,325,,,,,,,,,
2026-07-31,ANDROID,dhgate_product317_UK&FR_ACT&Nopay 30D_purchase_IAP_Kelsey_AND_20260427,tDzMEZEldS4Kei0r,50.26,11704,924,,,,,,,,,
2026-07-31,ANDROID,dhgate_product148_T1_Purchase 30D_purchase_IAP_Kelsey_AND_20260415,dVlitdxzfmXStKCR,50.19,8130,455,,,,,,,,,
2026-07-31,IOS,dhgate_product138_FR_ACT&Nopay 30D_purchase_IAP_Kelsey_IOS_20260403,zNcB24si9mbzBPed,100.26,26973,1099,,,,,,,,,
2026-07-31,IOS,dhgate_product137_US_Purchase 30D_purchase_IAP_Kelsey_IOS_20260402,Eo7scqEETcYxo6WH,49.96,3962,221,,,,,,,,,
2026-07-31,IOS,dhgate_dpa-ios_US_ACT&Nopay 30D_purchase_IAP_Kelsey_IOS_20260515,y55faIMh7doL5RvO,96.52,15053,157,,,,,,,,,
2026-07-31,ANDROID,dhgate_dpa-and_US_ACT&Nopay 30D_purchase_IAP_Kelsey_AND_20260511,M0ZXR7rklCeN7J9o,100.15,24293,796,,,,,,,,,
2026-07-31,ANDROID,dhgate_product384_T1_Purchase 30D_purchase_IAP_Kelsey_AND_20260709_D7,funYq3Yvepl5ocKc,150.58,11940,1374,,,,,,,,,
2026-07-31,IOS,dhgate_product319_US_Purchase 30D_purchase_IAP_Kelsey_IOS_20260429,SGOG7us7fBY7c5lH,100.54,12471,524,,,,,,,,,
2026-07-31,IOS,dhgate_product384_T1_Purchase 30D_purchase_IAP_Kelsey_IOS_20260709_D7,a6HoTnERdU9tuFNK,50.15,5271,420,,,,,,,,,
2026-07-31,IOS,dhgate_product364_US&FR_Purchase 30D_purchase_IAP_Kelsey_IOS_20260527,qX4oco28gDbrpBri,50.41,7957,234,,,,,,,,,
2026-07-31,IOS,dhgate_product386_US_Purchase 30D_purchase_IAP_Kelsey_IOS_20260630,kpNA9cC8I3HMEtHY,250.99,14208,1094,,,,,,,,,
2026-07-31,IOS,dhgate_product425_UK_ACT&Nopay 30D_purchse_IAP_Kelsey_IOS_20260730,aE60NiYtJf0tEF6c,50.46,1282,694,,,,,,,,,
2026-07-31,ANDROID,dhgate_product425_UK_ACT&Nopay 30D_purchse_IAP_Kelsey_AND_20260730,lXN5Czhh4qaoBhxV,40.98,2392,1134,,,,,,,,,
2026-07-31,ANDROID,dhgate_product424_UK_Purchase 30D_purchse_IAP_Kelsey_AND_20260729,xbNZUG8GRKBS7Xp6,24.2,1816,535,,,,,,,,,
2026-07-31,IOS,dhgate_product424_FR_Purchase 30D_purchse_IAP_Kelsey_IOS_20260729,yX9jJXeqNiTwpTR5,29.25,1369,408,,,,,,,,,
2026-07-31,IOS,dhgate_product423_US_Purchase 30D_purchse_IAP_Kelsey_IOS_20260728,o5eF2SQDR3dXJclO,50.54,1230,564,,,,,,,,,
2026-07-31,ANDROID,dhgate_product423_US_Purchase 30D_purchse_IAP_Kelsey_AND_20260728,Ef9ggfylBoAeE9Ty,50.36,6433,609,,,,,,,,,
2026-07-31,IOS,dhgate_product421_US_Purchase 30D_purchse_IAP_Kelsey_IOS_20260727,H6yJydBMXeBdmAVq,50.04,4752,213,,,,,,,,,
2026-07-31,IOS,dhgate_product420_US_Purchase 30D_purchse_IAP_Kelsey_IOS_20260723,PyqKKirYV9Yg6uFd,49.25,1156,530,,,,,,,,,
2026-07-31,ANDROID,dhgate_product420_US_Purchase 30D_purchse_IAP_Kelsey_AND_20260723,UxeRwjZMdJsp2uCh,50.33,3059,571,,,,,,,,,
2026-07-31,ANDROID,dhgate_product385_UK_ACT&Nopay 30D_purchase_IAP_Kelsey_AND_20260630,VzqTPrFSQDRkzKZj,50.2,6060,604,,,,,,,,,
2026-07-31,ANDROID,dhgate_product416_T1_ACT&Nopay 30D_purchse_IAP_Kelsey_AND_20260720,keisiJsWSukJumr6,48.91,6777,2106,,,,,,,,,
2026-07-31,IOS,dhgate_product415_UK_ACT&Nopay 30D_purchse_IAP_Kelsey_IOS_20260720,QsEaAhCMoLrvsawb,48.67,5135,343,,,,,,,,,
2026-07-31,ANDROID,dhgate_product415_T1_ACT&Nopay 30D_purchse_IAP_Kelsey_AND_20260720,mAKCz6oEkG8RFtXq,48.3,11799,2907,,,,,,,,,
2026-07-31,ANDROID,dhgate_product414_UK_ACT&Nopay 30D_purchse_IAP_Kelsey_AND_20260717,Sta14UHs9lqoZaRk,50.32,5991,565,,,,,,,,,
2026-07-31,ANDROID,dhgate_product409_US_Purchase 30D_purchse_IAP_Kelsey_AND_20260715,ZGa8bU3V5aZwVzXI,50.12,5221,813,,,,,,,,,
2026-07-31,ANDROID,dhgate_product409_T1_Purchase 30D_purchse_IAP_Kelsey_AND_20260729_D7,hzurSjf5sHyjVyUq,50.47,4346,1208,,,,,,,,,
2026-07-31,IOS,dhgate_product405_US_Purchase 30D_purchse_IAP_Kelsey_IOS_20260714,pooV0geOxpxLrTu6,50.11,4293,196,,,,,,,,,
2026-07-31,IOS,dhgate_product403_US_Purchase 30D_purchse_IAP_Kelsey_IOS_20260713,OLvDIbZvBDJIzHMD,100.28,1730,803,,,,,,,,,
2026-07-31,ANDROID,dhgate_product403_US_Purchase 30D_purchse_IAP_Kelsey_AND_20260713,bgYcroQHZYVRMl2B,97.38,10740,1259,,,,,,,,,
2026-07-31,ANDROID,dhgate_product418_T1_ACT&Nopay 30D_purchse_IAP_Kelsey_AND_20260722,GRTymfTgCFvj9zd3,50.09,9557,1932,,,,,,,,,
2026-08-01,IOS,dhgate_product364_US&FR_Purchase 30D_purchase_IAP_Kelsey_IOS_20260527,qX4oco28gDbrpBri,50.41,6423,189,,,,,,,,,
2026-08-01,ANDROID,dhgate_product367_UK_Purchase 30D_purchase_IAP_Kelsey_AND_20260530,AsUotp8z2P369W1o,100.3,7373,866,,,,,,,,,
2026-08-01,IOS,dhgate_product372_T1_ACT&Nopay 30D_purchase_IAP_Kelsey_IOS_20260605,U4gzqzcEnoe3yurD,49.38,13608,567,,,,,,,,,
2026-08-01,IOS,dhgate_product384_T1_ACT&Nopay 30D_purchase_IAP_Kelsey_IOS_20260627,HgoIpNDJKiz1hrzc,48.01,9921,620,,,,,,,,,
2026-08-01,IOS,dhgate_product381_US_ACT&Nopay 30D_purchase_IAP_Kelsey_IOS_20260624,koAG4uPwaNuNbSsi,250.84,21183,1956,,,,,,,,,
2026-08-01,ANDROID,dhgate_product384_T1_ACT&Nopay 30D_purchase_IAP_Kelsey_AND_20260627,S76pXwyrVvtdre2B,100.09,25922,1575,,,,,,,,,
2026-08-01,IOS,dhgate_product340_US_Purchase 30D_purchase_IAP_Kelsey_IOS_20260516,yznk4uz7IRlNu5TH,139.56,8224,653,,,,,,,,,
2026-08-01,ANDROID,dhgate_product374_US_ACT&Nopay 30D_purchase_IAP_Kelsey_AND_20260610,lHtOeUxHZghwmdpM,47.88,12466,632,,,,,,,,,
2026-08-01,IOS,dhgate_product340_T1_Purchase 30D_purchase_IAP_Kelsey_IOS_20260729_D7,g5OokwJOrTmd1BeC,50.06,1386,653,,,,,,,,,
2026-08-01,ANDROID,dhgate_product148_T1_Purchase 30D_purchase_IAP_Kelsey_AND_20260415,dVlitdxzfmXStKCR,50.55,8023,469,,,,,,,,,
2026-08-01,IOS,dhgate_product318_T1_Purchase 30D_purchase_IAP_Kelsey_IOS_20260428,mayu0PGeMJEYQhWJ,50.24,7666,285,,,,,,,,,
2026-08-01,ANDROID,dhgate_product317_UK&FR_ACT&Nopay 30D_purchase_IAP_Kelsey_AND_20260427,tDzMEZEldS4Kei0r,49.51,11360,920,,,,,,,,,
2026-08-01,IOS,dhgate_product314_UK_Purchase 30D_purchase_IAP_Kelsey_IOS_20260424,NmHyz3ZrSwNTmf0j,90.54,4510,475,,,,,,,,,
2026-08-01,IOS,dhgate_product138_FR_ACT&Nopay 30D_purchase_IAP_Kelsey_IOS_20260403,zNcB24si9mbzBPed,100.52,26542,1268,,,,,,,,,
2026-08-01,IOS,dhgate_product137_US_Purchase 30D_purchase_IAP_Kelsey_IOS_20260402,Eo7scqEETcYxo6WH,49.25,3237,192,,,,,,,,,
2026-08-01,IOS,dhgate_dpa-ios_US_ACT&Nopay 30D_purchase_IAP_Kelsey_IOS_20260515,y55faIMh7doL5RvO,98.42,14866,148,,,,,,,,,
2026-08-01,ANDROID,dhgate_dpa-and_US_ACT&Nopay 30D_purchase_IAP_Kelsey_AND_20260511,M0ZXR7rklCeN7J9o,98.25,22734,945,,,,,,,,,
2026-08-01,ANDROID,dhgate_product384_T1_Purchase 30D_purchase_IAP_Kelsey_AND_20260709_D7,funYq3Yvepl5ocKc,150.78,11988,1376,,,,,,,,,
2026-08-01,IOS,dhgate_product319_US_Purchase 30D_purchase_IAP_Kelsey_IOS_20260429,SGOG7us7fBY7c5lH,100.37,11674,524,,,,,,,,,
2026-08-01,IOS,dhgate_product384_T1_Purchase 30D_purchase_IAP_Kelsey_IOS_20260709_D7,a6HoTnERdU9tuFNK,48.82,4763,375,,,,,,,,,
2026-08-01,ANDROID,dhgate_product385_UK_ACT&Nopay 30D_purchase_IAP_Kelsey_AND_20260630,VzqTPrFSQDRkzKZj,50.21,6367,626,,,,,,,,,
2026-08-01,IOS,dhgate_product386_US_Purchase 30D_purchase_IAP_Kelsey_IOS_20260630,kpNA9cC8I3HMEtHY,248.07,12867,1113,,,,,,,,,
2026-08-01,ANDROID,dhgate_product425_UK_ACT&Nopay 30D_purchse_IAP_Kelsey_AND_20260730,lXN5Czhh4qaoBhxV,40.24,2068,985,,,,,,,,,
2026-08-01,ANDROID,dhgate_product424_UK_Purchase 30D_purchse_IAP_Kelsey_AND_20260729,xbNZUG8GRKBS7Xp6,50.39,2952,836,,,,,,,,,
2026-08-01,IOS,dhgate_product424_FR_Purchase 30D_purchse_IAP_Kelsey_IOS_20260729,yX9jJXeqNiTwpTR5,32.22,1355,457,,,,,,,,,
2026-08-01,IOS,dhgate_product423_US_Purchase 30D_purchse_IAP_Kelsey_IOS_20260728,o5eF2SQDR3dXJclO,49.03,1577,542,,,,,,,,,
2026-08-01,ANDROID,dhgate_product423_US_Purchase 30D_purchse_IAP_Kelsey_AND_20260728,Ef9ggfylBoAeE9Ty,50.26,9556,405,,,,,,,,,
2026-08-01,IOS,dhgate_product425_UK_ACT&Nopay 30D_purchse_IAP_Kelsey_IOS_20260730,aE60NiYtJf0tEF6c,50.07,1253,695,,,,,,,,,
2026-08-01,IOS,dhgate_product420_US_Purchase 30D_purchse_IAP_Kelsey_IOS_20260723,PyqKKirYV9Yg6uFd,50.04,1173,501,,,,,,,,,
2026-08-01,ANDROID,dhgate_product420_US_Purchase 30D_purchse_IAP_Kelsey_AND_20260723,UxeRwjZMdJsp2uCh,50.35,3015,569,,,,,,,,,
2026-08-01,ANDROID,dhgate_product418_T1_ACT&Nopay 30D_purchse_IAP_Kelsey_AND_20260722,GRTymfTgCFvj9zd3,49.71,18002,676,,,,,,,,,
2026-08-01,IOS,dhgate_product421_US_Purchase 30D_purchse_IAP_Kelsey_IOS_20260727,H6yJydBMXeBdmAVq,48.82,4919,213,,,,,,,,,
2026-08-01,IOS,dhgate_product415_UK_ACT&Nopay 30D_purchse_IAP_Kelsey_IOS_20260720,QsEaAhCMoLrvsawb,47.89,5078,391,,,,,,,,,
2026-08-01,ANDROID,dhgate_product415_T1_ACT&Nopay 30D_purchse_IAP_Kelsey_AND_20260720,mAKCz6oEkG8RFtXq,50.28,11865,3026,,,,,,,,,
2026-08-01,ANDROID,dhgate_product414_UK_ACT&Nopay 30D_purchse_IAP_Kelsey_AND_20260717,Sta14UHs9lqoZaRk,50.3,6596,652,,,,,,,,,
2026-08-01,ANDROID,dhgate_product409_US_Purchase 30D_purchse_IAP_Kelsey_AND_20260715,ZGa8bU3V5aZwVzXI,50.05,4777,741,,,,,,,,,
2026-08-01,ANDROID,dhgate_product409_T1_Purchase 30D_purchse_IAP_Kelsey_AND_20260729_D7,hzurSjf5sHyjVyUq,52.64,3994,1042,,,,,,,,,
2026-08-01,IOS,dhgate_product405_US_Purchase 30D_purchse_IAP_Kelsey_IOS_20260714,pooV0geOxpxLrTu6,50.14,3750,229,,,,,,,,,
2026-08-01,IOS,dhgate_product403_US_Purchase 30D_purchse_IAP_Kelsey_IOS_20260713,OLvDIbZvBDJIzHMD,105.8,1685,843,,,,,,,,,
2026-08-01,ANDROID,dhgate_product403_US_Purchase 30D_purchse_IAP_Kelsey_AND_20260713,bgYcroQHZYVRMl2B,100.19,9909,1285,,,,,,,,,
2026-08-01,ANDROID,dhgate_product416_T1_ACT&Nopay 30D_purchse_IAP_Kelsey_AND_20260720,keisiJsWSukJumr6,50.33,7171,2141,,,,,,,,,
2026-08-02,IOS,dhgate_product364_US&FR_Purchase 30D_purchase_IAP_Kelsey_IOS_20260527,qX4oco28gDbrpBri,50.17,8441,199,,,,,,,,,
2026-08-02,ANDROID,dhgate_product367_UK_Purchase 30D_purchase_IAP_Kelsey_AND_20260530,AsUotp8z2P369W1o,98.67,7471,904,,,,,,,,,
2026-08-02,IOS,dhgate_product372_T1_ACT&Nopay 30D_purchase_IAP_Kelsey_IOS_20260605,U4gzqzcEnoe3yurD,50.16,13845,503,,,,,,,,,
2026-08-02,IOS,dhgate_product384_T1_ACT&Nopay 30D_purchase_IAP_Kelsey_IOS_20260627,HgoIpNDJKiz1hrzc,50.19,10197,627,,,,,,,,,
2026-08-02,IOS,dhgate_product381_US_ACT&Nopay 30D_purchase_IAP_Kelsey_IOS_20260624,koAG4uPwaNuNbSsi,240.49,22227,1828,,,,,,,,,
2026-08-02,ANDROID,dhgate_product384_T1_ACT&Nopay 30D_purchase_IAP_Kelsey_AND_20260627,S76pXwyrVvtdre2B,100.27,27601,1726,,,,,,,,,
2026-08-02,ANDROID,dhgate_product374_US_ACT&Nopay 30D_purchase_IAP_Kelsey_AND_20260610,lHtOeUxHZghwmdpM,47.25,13143,569,,,,,,,,,
2026-08-02,IOS,dhgate_product340_T1_Purchase 30D_purchase_IAP_Kelsey_IOS_20260729_D7,g5OokwJOrTmd1BeC,50.06,1264,707,,,,,,,,,
2026-08-02,ANDROID,dhgate_dpa-and_US_ACT&Nopay 30D_purchase_IAP_Kelsey_AND_20260511,M0ZXR7rklCeN7J9o,95.83,24707,733,,,,,,,,,
2026-08-02,IOS,dhgate_product318_T1_Purchase 30D_purchase_IAP_Kelsey_IOS_20260428,mayu0PGeMJEYQhWJ,50.22,6832,297,,,,,,,,,
2026-08-02,ANDROID,dhgate_product317_UK&FR_ACT&Nopay 30D_purchase_IAP_Kelsey_AND_20260427,tDzMEZEldS4Kei0r,50.33,11312,952,,,,,,,,,
2026-08-02,IOS,dhgate_product314_UK_Purchase 30D_purchase_IAP_Kelsey_IOS_20260424,NmHyz3ZrSwNTmf0j,96.92,4658,545,,,,,,,,,
2026-08-02,ANDROID,dhgate_product148_T1_Purchase 30D_purchase_IAP_Kelsey_AND_20260415,dVlitdxzfmXStKCR,50.35,8529,477,,,,,,,,,
2026-08-02,IOS,dhgate_product138_FR_ACT&Nopay 30D_purchase_IAP_Kelsey_IOS_20260403,zNcB24si9mbzBPed,100.31,22766,1298,,,,,,,,,
2026-08-02,IOS,dhgate_product137_US_Purchase 30D_purchase_IAP_Kelsey_IOS_20260402,Eo7scqEETcYxo6WH,50.43,3860,239,,,,,,,,,
2026-08-02,IOS,dhgate_dpa-ios_US_ACT&Nopay 30D_purchase_IAP_Kelsey_IOS_20260515,y55faIMh7doL5RvO,97.12,16654,158,,,,,,,,,
2026-08-02,ANDROID,dhgate_product384_T1_Purchase 30D_purchase_IAP_Kelsey_AND_20260709_D7,funYq3Yvepl5ocKc,150.44,12588,1508,,,,,,,,,
2026-08-02,IOS,dhgate_product319_US_Purchase 30D_purchase_IAP_Kelsey_IOS_20260429,SGOG7us7fBY7c5lH,100.38,11157,580,,,,,,,,,
2026-08-02,IOS,dhgate_product384_T1_Purchase 30D_purchase_IAP_Kelsey_IOS_20260709_D7,a6HoTnERdU9tuFNK,50.25,4448,412,,,,,,,,,
2026-08-02,IOS,dhgate_product340_US_Purchase 30D_purchase_IAP_Kelsey_IOS_20260516,yznk4uz7IRlNu5TH,150.58,9296,644,,,,,,,,,
2026-08-02,IOS,dhgate_product386_US_Purchase 30D_purchase_IAP_Kelsey_IOS_20260630,kpNA9cC8I3HMEtHY,250.79,15803,1108,,,,,,,,,
2026-08-02,ANDROID,dhgate_product385_UK_ACT&Nopay 30D_purchase_IAP_Kelsey_AND_20260630,VzqTPrFSQDRkzKZj,50.26,6028,573,,,,,,,,,
2026-08-02,IOS,dhgate_product425_UK_ACT&Nopay 30D_purchse_IAP_Kelsey_IOS_20260730,aE60NiYtJf0tEF6c,35.18,927,553,,,,,,,,,
2026-08-02,ANDROID,dhgate_product425_UK_ACT&Nopay 30D_purchse_IAP_Kelsey_AND_20260730,lXN5Czhh4qaoBhxV,36.8,1795,965,,,,,,,,,
2026-08-02,ANDROID,dhgate_product424_UK_Purchase 30D_purchse_IAP_Kelsey_AND_20260729,xbNZUG8GRKBS7Xp6,32.04,1402,493,,,,,,,,,
2026-08-02,IOS,dhgate_product424_FR_Purchase 30D_purchse_IAP_Kelsey_IOS_20260729,yX9jJXeqNiTwpTR5,43.74,4254,471,,,,,,,,,
2026-08-02,IOS,dhgate_product423_US_Purchase 30D_purchse_IAP_Kelsey_IOS_20260728,o5eF2SQDR3dXJclO,45.92,1346,467,,,,,,,,,
2026-08-02,IOS,dhgate_product421_US_Purchase 30D_purchse_IAP_Kelsey_IOS_20260727,H6yJydBMXeBdmAVq,50.1,4781,273,,,,,,,,,
2026-08-02,IOS,dhgate_product420_US_Purchase 30D_purchse_IAP_Kelsey_IOS_20260723,PyqKKirYV9Yg6uFd,46.84,1384,498,,,,,,,,,
2026-08-02,ANDROID,dhgate_product420_US_Purchase 30D_purchse_IAP_Kelsey_AND_20260723,UxeRwjZMdJsp2uCh,50.44,3029,483,,,,,,,,,
2026-08-02,ANDROID,dhgate_product423_US_Purchase 30D_purchse_IAP_Kelsey_AND_20260728,Ef9ggfylBoAeE9Ty,49.99,10056,435,,,,,,,,,
2026-08-02,ANDROID,dhgate_product416_T1_ACT&Nopay 30D_purchse_IAP_Kelsey_AND_20260720,keisiJsWSukJumr6,50.25,6733,1743,,,,,,,,,
2026-08-02,IOS,dhgate_product415_UK_ACT&Nopay 30D_purchse_IAP_Kelsey_IOS_20260720,QsEaAhCMoLrvsawb,50.29,4537,382,,,,,,,,,
2026-08-02,ANDROID,dhgate_product415_T1_ACT&Nopay 30D_purchse_IAP_Kelsey_AND_20260720,mAKCz6oEkG8RFtXq,50.37,8598,2730,,,,,,,,,
2026-08-02,ANDROID,dhgate_product414_UK_ACT&Nopay 30D_purchse_IAP_Kelsey_AND_20260717,Sta14UHs9lqoZaRk,50.23,6149,596,,,,,,,,,
2026-08-02,ANDROID,dhgate_product409_US_Purchase 30D_purchse_IAP_Kelsey_AND_20260715,ZGa8bU3V5aZwVzXI,45.54,5045,635,,,,,,,,,
2026-08-02,ANDROID,dhgate_product409_T1_Purchase 30D_purchse_IAP_Kelsey_AND_20260729_D7,hzurSjf5sHyjVyUq,50.33,2157,474,,,,,,,,,
2026-08-02,IOS,dhgate_product405_US_Purchase 30D_purchse_IAP_Kelsey_IOS_20260714,pooV0geOxpxLrTu6,50.05,4929,221,,,,,,,,,
2026-08-02,IOS,dhgate_product403_US_Purchase 30D_purchse_IAP_Kelsey_IOS_20260713,OLvDIbZvBDJIzHMD,121.35,1811,911,,,,,,,,,
2026-08-02,ANDROID,dhgate_product418_T1_ACT&Nopay 30D_purchse_IAP_Kelsey_AND_20260722,GRTymfTgCFvj9zd3,49.06,19219,856,,,,,,,,,
2026-08-02,ANDROID,dhgate_product403_US_Purchase 30D_purchse_IAP_Kelsey_AND_20260713,bgYcroQHZYVRMl2B,96.86,11947,1349,,,,,,,,,
2026-08-03,ANDROID,dhgate_product367_UK_Purchase 30D_purchase_IAP_Kelsey_AND_20260530,AsUotp8z2P369W1o,100.51,7640,955,,,,,,,,,
2026-08-03,ANDROID,dhgate_product374_US_ACT&Nopay 30D_purchase_IAP_Kelsey_AND_20260610,lHtOeUxHZghwmdpM,37.2,10173,534,,,,,,,,,
2026-08-03,IOS,dhgate_product381_US_ACT&Nopay 30D_purchase_IAP_Kelsey_IOS_20260624,koAG4uPwaNuNbSsi,232.51,24843,1653,,,,,,,,,
2026-08-03,IOS,dhgate_product384_T1_Purchase 30D_purchase_IAP_Kelsey_IOS_20260709_D7,a6HoTnERdU9tuFNK,50.36,5812,448,,,,,,,,,
2026-08-03,IOS,dhgate_product384_T1_ACT&Nopay 30D_purchase_IAP_Kelsey_IOS_20260627,HgoIpNDJKiz1hrzc,60.73,14914,664,,,,,,,,,
2026-08-03,ANDROID,dhgate_product384_T1_Purchase 30D_purchase_IAP_Kelsey_AND_20260709_D7,funYq3Yvepl5ocKc,150.69,12101,1652,,,,,,,,,
2026-08-03,IOS,dhgate_product364_US&FR_Purchase 30D_purchase_IAP_Kelsey_IOS_20260527,qX4oco28gDbrpBri,37.46,5153,154,,,,,,,,,
2026-08-03,ANDROID,dhgate_product384_T1_ACT&Nopay 30D_purchase_IAP_Kelsey_AND_20260627,S76pXwyrVvtdre2B,100.61,28796,2315,,,,,,,,,
2026-08-03,IOS,dhgate_product340_US_Purchase 30D_purchase_IAP_Kelsey_IOS_20260516,yznk4uz7IRlNu5TH,128.86,7539,508,,,,,,,,,
2026-08-03,ANDROID,dhgate_dpa-and_US_ACT&Nopay 30D_purchase_IAP_Kelsey_AND_20260511,M0ZXR7rklCeN7J9o,95.59,27991,865,,,,,,,,,
2026-08-03,IOS,dhgate_product319_US_Purchase 30D_purchase_IAP_Kelsey_IOS_20260429,SGOG7us7fBY7c5lH,99.91,12330,596,,,,,,,,,
2026-08-03,IOS,dhgate_product318_T1_Purchase 30D_purchase_IAP_Kelsey_IOS_20260428,mayu0PGeMJEYQhWJ,63.91,9522,387,,,,,,,,,
2026-08-03,ANDROID,dhgate_product317_UK&FR_ACT&Nopay 30D_purchase_IAP_Kelsey_AND_20260427,tDzMEZEldS4Kei0r,50.24,10791,1227,,,,,,,,,
2026-08-03,IOS,dhgate_product314_UK_Purchase 30D_purchase_IAP_Kelsey_IOS_20260424,NmHyz3ZrSwNTmf0j,93.1,4502,517,,,,,,,,,
2026-08-03,ANDROID,dhgate_product148_T1_Purchase 30D_purchase_IAP_Kelsey_AND_20260415,dVlitdxzfmXStKCR,49.4,7436,543,,,,,,,,,
2026-08-03,IOS,dhgate_product138_FR_ACT&Nopay 30D_purchase_IAP_Kelsey_IOS_20260403,zNcB24si9mbzBPed,100.36,31834,1117,,,,,,,,,
2026-08-03,IOS,dhgate_product137_US_Purchase 30D_purchase_IAP_Kelsey_IOS_20260402,Eo7scqEETcYxo6WH,46.6,3629,184,,,,,,,,,
2026-08-03,IOS,dhgate_dpa-ios_US_ACT&Nopay 30D_purchase_IAP_Kelsey_IOS_20260515,y55faIMh7doL5RvO,94.77,15892,180,,,,,,,,,
2026-08-03,ANDROID,dhgate_product385_UK_ACT&Nopay 30D_purchase_IAP_Kelsey_AND_20260630,VzqTPrFSQDRkzKZj,67.35,7007,863,,,,,,,,,
2026-08-03,IOS,dhgate_product340_T1_Purchase 30D_purchase_IAP_Kelsey_IOS_20260729_D7,g5OokwJOrTmd1BeC,50.82,1960,612,,,,,,,,,
2026-08-03,IOS,dhgate_product386_US_Purchase 30D_purchase_IAP_Kelsey_IOS_20260630,kpNA9cC8I3HMEtHY,250.21,14474,1158,,,,,,,,,
2026-08-03,IOS,dhgate_product372_T1_ACT&Nopay 30D_purchase_IAP_Kelsey_IOS_20260605,U4gzqzcEnoe3yurD,59.16,19344,591,,,,,,,,,
2026-08-03,IOS,dhgate_product403_US_Purchase 30D_purchse_IAP_Kelsey_IOS_20260713,OLvDIbZvBDJIzHMD,99.71,1492,801,,,,,,,,,
2026-08-03,ANDROID,dhgate_product403_US_Purchase 30D_purchse_IAP_Kelsey_AND_20260713,bgYcroQHZYVRMl2B,73.72,7675,979,,,,,,,,,
2026-08-03,IOS,dhgate_product427_UK_ACT&Nopay 30D_purchse_IAP_Kelsey_IOS_20260803,NBVAITWLfT8KZpZu,17.44,529,290,,,,,,,,,
2026-08-03,IOS,dhgate_product425_UK_ACT&Nopay 30D_purchse_IAP_Kelsey_IOS_20260730,aE60NiYtJf0tEF6c,25.57,771,421,,,,,,,,,
2026-08-03,ANDROID,dhgate_product425_UK_ACT&Nopay 30D_purchse_IAP_Kelsey_AND_20260730,lXN5Czhh4qaoBhxV,43.03,2138,1117,,,,,,,,,
2026-08-03,ANDROID,dhgate_product424_UK_Purchase 30D_purchse_IAP_Kelsey_AND_20260729,xbNZUG8GRKBS7Xp6,29.09,1087,532,,,,,,,,,
2026-08-03,IOS,dhgate_product424_FR_Purchase 30D_purchse_IAP_Kelsey_IOS_20260729,yX9jJXeqNiTwpTR5,29.05,5158,245,,,,,,,,,
2026-08-03,IOS,dhgate_product423_US_Purchase 30D_purchse_IAP_Kelsey_IOS_20260728,o5eF2SQDR3dXJclO,31.89,999,341,,,,,,,,,
2026-08-03,ANDROID,dhgate_product423_US_Purchase 30D_purchse_IAP_Kelsey_AND_20260728,Ef9ggfylBoAeE9Ty,39.94,7817,302,,,,,,,,,
2026-08-03,IOS,dhgate_product421_US_Purchase 30D_purchse_IAP_Kelsey_IOS_20260727,H6yJydBMXeBdmAVq,49.24,4746,242,,,,,,,,,
2026-08-03,IOS,dhgate_product420_US_Purchase 30D_purchse_IAP_Kelsey_IOS_20260723,PyqKKirYV9Yg6uFd,35.75,968,340,,,,,,,,,
2026-08-03,ANDROID,dhgate_product427_UK_ACT&Nopay 30D_purchse_IAP_Kelsey_AND_20260803,bz5W3qSPZnbQLbdk,15.05,1008,500,,,,,,,,,
2026-08-03,ANDROID,dhgate_product418_T1_ACT&Nopay 30D_purchse_IAP_Kelsey_AND_20260722,GRTymfTgCFvj9zd3,50.28,19994,1095,,,,,,,,,
2026-08-03,ANDROID,dhgate_product420_US_Purchase 30D_purchse_IAP_Kelsey_AND_20260723,UxeRwjZMdJsp2uCh,50.11,4235,417,,,,,,,,,
2026-08-03,ANDROID,dhgate_product409_US_Purchase 30D_purchse_IAP_Kelsey_AND_20260715,ZGa8bU3V5aZwVzXI,46.65,4788,881,,,,,,,,,
2026-08-03,ANDROID,dhgate_product414_UK_ACT&Nopay 30D_purchse_IAP_Kelsey_AND_20260717,Sta14UHs9lqoZaRk,70.14,7297,878,,,,,,,,,
2026-08-03,ANDROID,dhgate_product409_T1_Purchase 30D_purchse_IAP_Kelsey_AND_20260729_D7,hzurSjf5sHyjVyUq,50.19,6356,677,,,,,,,,,
2026-08-03,IOS,dhgate_product415_UK_ACT&Nopay 30D_purchse_IAP_Kelsey_IOS_20260720,QsEaAhCMoLrvsawb,45.95,5306,318,,,,,,,,,
2026-08-03,IOS,dhgate_product415_US_ACT&Nopay 30D_purchse_IAP_Kelsey_IOS_20260803,skjMlYo6gIpWsdzl,7.39,315,189,,,,,,,,,
2026-08-03,ANDROID,dhgate_product416_T1_ACT&Nopay 30D_purchse_IAP_Kelsey_AND_20260720,keisiJsWSukJumr6,50.18,5547,2056,,,,,,,,,
2026-08-03,ANDROID,dhgate_product415_T1_ACT&Nopay 30D_purchse_IAP_Kelsey_AND_20260720,mAKCz6oEkG8RFtXq,50.21,7800,2743,,,,,,,,,
2026-08-03,IOS,dhgate_product405_US_Purchase 30D_purchse_IAP_Kelsey_IOS_20260714,pooV0geOxpxLrTu6,62.82,5308,257,,,,,,,,,
2026-08-04,ANDROID,dhgate_product384_T1_Purchase 30D_purchase_IAP_Kelsey_AND_20260709_D7,funYq3Yvepl5ocKc,150.25,12203,1675,,,,,,,,,
2026-08-04,IOS,dhgate_product340_T1_Purchase 30D_purchase_IAP_Kelsey_IOS_20260729_D7,g5OokwJOrTmd1BeC,50.3,5990,428,,,,,,,,,
2026-08-04,IOS,dhgate_product384_T1_ACT&Nopay 30D_purchase_IAP_Kelsey_IOS_20260627,HgoIpNDJKiz1hrzc,99.28,17789,1308,,,,,,,,,
2026-08-04,ANDROID,dhgate_product384_T1_ACT&Nopay 30D_purchase_IAP_Kelsey_AND_20260627,S76pXwyrVvtdre2B,100.58,28421,2638,,,,,,,,,
2026-08-04,IOS,dhgate_product381_US_ACT&Nopay 30D_purchase_IAP_Kelsey_IOS_20260624,koAG4uPwaNuNbSsi,250.26,29200,1886,,,,,,,,,
2026-08-04,IOS,dhgate_product372_T1_ACT&Nopay 30D_purchase_IAP_Kelsey_IOS_20260605,U4gzqzcEnoe3yurD,106.2,23941,1354,,,,,,,,,
2026-08-04,ANDROID,dhgate_product367_UK_Purchase 30D_purchase_IAP_Kelsey_AND_20260530,AsUotp8z2P369W1o,100.82,8528,1157,,,,,,,,,
2026-08-04,IOS,dhgate_product314_UK_Purchase 30D_purchase_IAP_Kelsey_IOS_20260424,NmHyz3ZrSwNTmf0j,94.28,5138,627,,,,,,,,,
2026-08-04,IOS,dhgate_product318_T1_Purchase 30D_purchase_IAP_Kelsey_IOS_20260428,mayu0PGeMJEYQhWJ,94.39,13290,721,,,,,,,,,
2026-08-04,ANDROID,dhgate_product317_UK&FR_ACT&Nopay 30D_purchase_IAP_Kelsey_AND_20260427,tDzMEZEldS4Kei0r,61.95,13033,1553,,,,,,,,,
2026-08-04,ANDROID,dhgate_product148_T1_Purchase 30D_purchase_IAP_Kelsey_AND_20260415,dVlitdxzfmXStKCR,50.45,8130,635,,,,,,,,,
2026-08-04,IOS,dhgate_product138_FR_ACT&Nopay 30D_purchase_IAP_Kelsey_IOS_20260403,zNcB24si9mbzBPed,97.05,27895,1284,,,,,,,,,
2026-08-04,IOS,dhgate_product137_US_Purchase 30D_purchase_IAP_Kelsey_IOS_20260402,Eo7scqEETcYxo6WH,42.28,4168,190,,,,,,,,,
2026-08-04,IOS,dhgate_dpa-ios_US_ACT&Nopay 30D_purchase_IAP_Kelsey_IOS_20260515,y55faIMh7doL5RvO,97.05,18062,156,,,,,,,,,
2026-08-04,IOS,dhgate_product384_T1_Purchase 30D_purchase_IAP_Kelsey_IOS_20260709_D7,a6HoTnERdU9tuFNK,48.69,5362,467,,,,,,,,,
2026-08-04,IOS,dhgate_product319_US_Purchase 30D_purchase_IAP_Kelsey_IOS_20260429,SGOG7us7fBY7c5lH,99.5,12858,726,,,,,,,,,
2026-08-04,ANDROID,dhgate_product385_UK_ACT&Nopay 30D_purchase_IAP_Kelsey_AND_20260630,VzqTPrFSQDRkzKZj,100.23,9977,1399,,,,,,,,,
2026-08-04,ANDROID,dhgate_product416_T1_ACT&Nopay 30D_purchse_IAP_Kelsey_AND_20260720,keisiJsWSukJumr6,50.39,5725,2188,,,,,,,,,
2026-08-04,ANDROID,dhgate_product403_US_Purchase 30D_purchse_IAP_Kelsey_AND_20260713,bgYcroQHZYVRMl2B,47.57,7221,799,,,,,,,,,
2026-08-04,ANDROID,dhgate_product429_T1_ACT&Nopay 30D_purchse_IAP_Kelsey_AND_20260804,Nm8fytNKvlRfha9h,1.3,513,205,,,,,,,,,
2026-08-04,IOS,dhgate_product427_UK_ACT&Nopay 30D_purchse_IAP_Kelsey_IOS_20260803,NBVAITWLfT8KZpZu,50.71,1368,767,,,,,,,,,
2026-08-04,ANDROID,dhgate_product427_UK_ACT&Nopay 30D_purchse_IAP_Kelsey_AND_20260803,bz5W3qSPZnbQLbdk,41.32,2515,1163,,,,,,,,,
2026-08-04,ANDROID,dhgate_product425_UK_ACT&Nopay 30D_purchse_IAP_Kelsey_AND_20260730,lXN5Czhh4qaoBhxV,35.49,1936,956,,,,,,,,,
2026-08-04,ANDROID,dhgate_product424_UK_Purchase 30D_purchse_IAP_Kelsey_AND_20260729,xbNZUG8GRKBS7Xp6,37.62,1777,696,,,,,,,,,
2026-08-04,IOS,dhgate_product421_US_Purchase 30D_purchse_IAP_Kelsey_IOS_20260727,H6yJydBMXeBdmAVq,50.28,5788,246,,,,,,,,,
2026-08-04,ANDROID,dhgate_product420_US_Purchase 30D_purchse_IAP_Kelsey_AND_20260723,UxeRwjZMdJsp2uCh,50.19,7324,739,,,,,,,,,
2026-08-04,IOS,dhgate_product386_US_Purchase 30D_purchase_IAP_Kelsey_IOS_20260630,kpNA9cC8I3HMEtHY,214.45,14948,1148,,,,,,,,,
2026-08-04,ANDROID,dhgate_product418_T1_ACT&Nopay 30D_purchse_IAP_Kelsey_AND_20260722,GRTymfTgCFvj9zd3,50.29,19469,1195,,,,,,,,,
2026-08-04,IOS,dhgate_product415_UK_ACT&Nopay 30D_purchse_IAP_Kelsey_IOS_20260720,QsEaAhCMoLrvsawb,46.93,4749,410,,,,,,,,,
2026-08-04,ANDROID,dhgate_product415_T1_ACT&Nopay 30D_purchse_IAP_Kelsey_AND_20260720,mAKCz6oEkG8RFtXq,50.35,9876,2886,,,,,,,,,
2026-08-04,ANDROID,dhgate_product414_UK_ACT&Nopay 30D_purchse_IAP_Kelsey_AND_20260717,Sta14UHs9lqoZaRk,100.45,10303,1435,,,,,,,,,
2026-08-04,ANDROID,dhgate_product409_US_Purchase 30D_purchse_IAP_Kelsey_AND_20260715,ZGa8bU3V5aZwVzXI,47.48,5628,925,,,,,,,,,
2026-08-04,ANDROID,dhgate_product409_T1_Purchase 30D_purchse_IAP_Kelsey_AND_20260729_D7,hzurSjf5sHyjVyUq,50.3,6070,673,,,,,,,,,
2026-08-04,IOS,dhgate_product405_US_Purchase 30D_purchse_IAP_Kelsey_IOS_20260714,pooV0geOxpxLrTu6,100.15,8850,515,,,,,,,,,
2026-08-04,IOS,dhgate_product403_US_Purchase 30D_purchse_IAP_Kelsey_IOS_20260713,OLvDIbZvBDJIzHMD,110.47,2125,1021,,,,,,,,,
2026-08-04,IOS,dhgate_product415_US_ACT&Nopay 30D_purchse_IAP_Kelsey_IOS_20260803,skjMlYo6gIpWsdzl,36.09,1543,836,,,,,,,,,
2026-08-04,ANDROID,dhgate_dpa-and_US_ACT&Nopay 30D_purchase_IAP_Kelsey_AND_20260511,M0ZXR7rklCeN7J9o,100.26,25060,873,,,,,,,,,
